id,2000-01-01T00:00:00,2000-02-01T00:00:00,2000-03-01T00:00:00,2000-04-01T00:00:00,2000-05-01T00:00:00,2000-06-01T00:00:00,2000-07-01T00:00:00,2000-08-01T00:00:00,2000-09-01T00:00:00,2000-10-01T00:00:00,2000-11-01T00:00:00,2000-12-01T00:00:00,2001-01-01T00:00:00,2001-02-01T00:00:00,2001-03-01T00:00:00,2001-04-01T00:00:00,2001-05-01T00:00:00,2001-06-01T00:00:00,2001-07-01T00:00:00,2001-08-01T00:00:00,2001-09-01T00:00:00,2001-10-01T00:00:00,2001-11-01T00:00:00,2001-12-01T00:00:00,2002-01-01T00:00:00,2002-02-01T00:00:00,2002-03-01T00:00:00,2002-04-01T00:00:00,2002-05-01T00:00:00,2002-06-01T00:00:00,2002-07-01T00:00:00,2002-08-01T00:00:00,2002-09-01T00:00:00,2002-10-01T00:00:00,2002-11-01T00:00:00,2002-12-01T00:00:00,2003-01-01T00:00:00,2003-02-01T00:00:00,2003-03-01T00:00:00,2003-04-01T00:00:00,2003-05-01T00:00:00,2003-06-01T00:00:00,2003-07-01T00:00:00,2003-08-01T00:00:00,2003-09-01T00:00:00,2003-10-01T00:00:00,2003-11-01T00:00:00,2003-12-01T00:00:00,2004-01-01T00:00:00,2004-02-01T00:00:00,2004-03-01T00:00:00,2004-04-01T00:00:00,2004-05-01T00:00:00,2004-06-01T00:00:00,2004-07-01T00:00:00,2004-08-01T00:00:00,2004-09-01T00:00:00,2004-10-01T00:00:00,2004-11-01T00:00:00,2004-12-01T00:00:00,2005-01-01T00:00:00,2005-02-01T00:00:00,2005-03-01T00:00:00,2005-04-01T00:00:00,2005-05-01T00:00:00,2005-06-01T00:00:00,2005-07-01T00:00:00,2005-08-01T00:00:00,2005-09-01T00:00:00,2005-10-01T00:00:00,2005-11-01T00:00:00,2005-12-01T00:00:00,2006-01-01T00:00:00,2006-02-01T00:00:00,2006-03-01T00:00:00,2006-04-01T00:00:00,2006-05-01T00:00:00,2006-06-01T00:00:00,2006-07-01T00:00:00,2006-08-01T00:00:00,2006-09-01T00:00:00,2006-10-01T00:00:00,2006-11-01T00:00:00,2006-12-01T00:00:00,2007-01-01T00:00:00,2007-02-01T00:00:00,2007-03-01T00:00:00,2007-04-01T00:00:00,2007-05-01T00:00:00,2007-06-01T00:00:00,2007-07-01T00:00:00,2007-08-01T00:00:00,2007-09-01T00:00:00,2007-10-01T00:00:00,2007-11-01T00:00:00,2007-12-01T00:00:00,2008-01-01T00:00:00,2008-02-01T00:00:00,2008-03-01T00:00:00,2008-04-01T00:00:00,2008-05-01T00:00:00,2008-06-01T00:00:00,2008-07-01T00:00:00,2008-08-01T00:00:00,2008-09-01T00:00:00,2008-10-01T00:00:00,2008-11-01T00:00:00,2008-12-01T00:00:00,2009-01-01T00:00:00,2009-02-01T00:00:00,2009-03-01T00:00:00,2009-04-01T00:00:00,2009-05-01T00:00:00,2009-06-01T00:00:00,2009-07-01T00:00:00,2009-08-01T00:00:00,2009-09-01T00:00:00,2009-10-01T00:00:00,2009-11-01T00:00:00,2009-12-01T00:00:00,2010-01-01T00:00:00,2010-02-01T00:00:00,2010-03-01T00:00:00,2010-04-01T00:00:00,2010-05-01T00:00:00,2010-06-01T00:00:00,2010-07-01T00:00:00,2010-08-01T00:00:00,2010-09-01T00:00:00,2010-10-01T00:00:00,2010-11-01T00:00:00,2010-12-01T00:00:00,2011-01-01T00:00:00,2011-02-01T00:00:00,2011-03-01T00:00:00,2011-04-01T00:00:00,2011-05-01T00:00:00,2011-06-01T00:00:00,2011-07-01T00:00:00,2011-08-01T00:00:00,2011-09-01T00:00:00,2011-10-01T00:00:00,2011-11-01T00:00:00,2011-12-01T00:00:00,2012-01-01T00:00:00,2012-02-01T00:00:00,2012-03-01T00:00:00,2012-04-01T00:00:00,2012-05-01T00:00:00,2012-06-01T00:00:00,2012-07-01T00:00:00,2012-08-01T00:00:00,2012-09-01T00:00:00,2012-10-01T00:00:00,2012-11-01T00:00:00,2012-12-01T00:00:00,2013-01-01T00:00:00,2013-02-01T00:00:00,2013-03-01T00:00:00,2013-04-01T00:00:00,2013-05-01T00:00:00,2013-06-01T00:00:00,2013-07-01T00:00:00,2013-08-01T00:00:00,2013-09-01T00:00:00,2013-10-01T00:00:00,2013-11-01T00:00:00,2013-12-01T00:00:00,2014-01-01T00:00:00,2014-02-01T00:00:00,2014-03-01T00:00:00,2014-04-01T00:00:00,2014-05-01T00:00:00,2014-06-01T00:00:00,2014-07-01T00:00:00,2014-08-01T00:00:00,2014-09-01T00:00:00,2014-10-01T00:00:00,2014-11-01T00:00:00,2014-12-01T00:00:00,2015-01-01T00:00:00,2015-02-01T00:00:00,2015-03-01T00:00:00,2015-04-01T00:00:00,2015-05-01T00:00:00,2015-06-01T00:00:00,2015-07-01T00:00:00,2015-08-01T00:00:00,2015-09-01T00:00:00,2015-10-01T00:00:00,2015-11-01T00:00:00,2015-12-01T00:00:00,2016-01-01T00:00:00,2016-02-01T00:00:00,2016-03-01T00:00:00,2016-04-01T00:00:00,2016-05-01T00:00:00,2016-06-01T00:00:00,2016-07-01T00:00:00,2016-08-01T00:00:00,2016-09-01T00:00:00,2016-10-01T00:00:00,2016-11-01T00:00:00,2016-12-01T00:00:00,2017-01-01T00:00:00,2017-02-01T00:00:00,2017-03-01T00:00:00,2017-04-01T00:00:00,2017-05-01T00:00:00,2017-06-01T00:00:00,2017-07-01T00:00:00,2017-08-01T00:00:00,2017-09-01T00:00:00,2017-10-01T00:00:00,2017-11-01T00:00:00,2017-12-01T00:00:00,2018-01-01T00:00:00,2018-02-01T00:00:00,2018-03-01T00:00:00,2018-04-01T00:00:00,2018-05-01T00:00:00,2018-06-01T00:00:00,2018-07-01T00:00:00,2018-08-01T00:00:00,2018-09-01T00:00:00,2018-10-01T00:00:00,2018-11-01T00:00:00,2018-12-01T00:00:00,2019-01-01T00:00:00,2019-02-01T00:00:00,2019-03-01T00:00:00,2019-04-01T00:00:00,2019-05-01T00:00:00,2019-06-01T00:00:00,2019-07-01T00:00:00,2019-08-01T00:00:00,2019-09-01T00:00:00,2019-10-01T00:00:00,2019-11-01T00:00:00,2019-12-01T00:00:00,2020-01-01T00:00:00,2020-02-01T00:00:00,2020-03-01T00:00:00,2020-04-01T00:00:00,2020-05-01T00:00:00,2020-06-01T00:00:00,2020-07-01T00:00:00,2020-08-01T00:00:00,2020-09-01T00:00:00,2020-10-01T00:00:00,2020-11-01T00:00:00,2020-12-01T00:00:00
AF_1040,1.8544921875,1.8349609375,1.7802734375,1.771484375,1.7587890625,1.7744140625,1.78515625,1.7509765625,1.76953125,1.7626953125,1.79296875,1.8291015625,1.806640625,1.7861328125,1.7216796875,1.7080078125,1.76953125,1.7900390625,1.7705078125,1.7626953125,1.7783203125,1.771484375,1.7587890625,1.8408203125,1.95703125,1.95703125,1.9033203125,1.9619140625,2.0185546875,2.736328125,2.4443359375,2.1923828125,2.1650390625,1.9951171875,1.9990234375,1.939453125,1.9736328125,1.9921875,1.8935546875,2.00390625,2.005859375,2.365234375,3.140625,2.92578125,2.0986328125,2.005859375,2.0146484375,2.0185546875,1.9033203125,1.9912109375,2.001953125,1.9775390625,2.1259765625,2.8740234375,2.9580078125,2.3056640625,2.1220703125,2.0009765625,1.958984375,1.966796875,2.0087890625,1.8935546875,1.9404296875,2.01171875,2.060546875,2.2587890625,3.44140625,2.3173828125,2.0927734375,1.9853515625,2.0576171875,1.935546875,1.94140625,1.982421875,1.89453125,1.923828125,2.1328125,2.494140625,3.0146484375,2.2958984375,2.2724609375,2.0068359375,1.998046875,1.9453125,1.9541015625,1.9306640625,1.912109375,1.9619140625,2.0712890625,2.8349609375,3.505859375,2.564453125,2.0712890625,2.0234375,1.9560546875,1.943359375,1.9833984375,2.0078125,1.986328125,2.017578125,2.1298828125,2.7607421875,2.599609375,2.189453125,2.10546875,1.9697265625,1.98046875,1.9033203125,1.9111328125,1.89453125,1.9814453125,1.95703125,2.015625,2.1669921875,2.4794921875,2.1318359375,1.9755859375,1.9755859375,1.962890625,1.9052734375,1.9091796875,1.8935546875,1.853515625,1.8642578125,1.9189453125,2.0234375,2.0400390625,2.0498046875,1.9853515625,1.9033203125,1.8896484375,1.8828125,1.9111328125,1.9072265625,1.8486328125,1.8583984375,1.91015625,1.994140625,2.0751953125,1.96484375,1.9208984375,1.892578125,1.8935546875,1.9384765625,2.0029296875,1.8857421875,1.873046875,1.8818359375,1.859375,1.9267578125,1.927734375,1.8994140625,1.8681640625,1.8564453125,1.90625,1.84375,1.9013671875,2.041015625,1.8154296875,1.830078125,1.8662109375,1.9345703125,1.92578125,1.908203125,1.841796875,1.912109375,1.83984375,1.853515625,1.896484375,1.845703125,1.822265625,1.828125,1.8779296875,1.8779296875,1.8798828125,1.880859375,1.84375,1.9150390625,1.85546875,1.8427734375,1.8701171875,1.8896484375,1.81640625,1.7978515625,1.810546875,1.83203125,1.8408203125,1.8359375,1.8330078125,1.8017578125,1.8515625,1.8251953125,1.8193359375,1.826171875,1.8076171875,1.77734375,1.8427734375,1.8359375,1.787109375,1.8076171875,1.787109375,1.84375,1.8125,1.80859375,1.8134765625,1.8349609375,1.7939453125,1.775390625,1.7490234375,1.7626953125,1.783203125,1.794921875,1.7724609375,1.8056640625,1.8125,1.82421875,1.7939453125,1.783203125,1.77734375,1.78515625,1.7685546875,1.7763671875,1.8037109375,1.7490234375,1.75,1.8515625,1.791015625,1.82421875,1.8544921875,1.80859375,1.771484375,1.71484375,1.7666015625,1.7705078125,1.806640625,1.7431640625,1.8076171875,1.7294921875,1.787109375,1.779296875,1.796875,1.7880859375,1.7509765625,1.7294921875,1.765625,1.7548828125,1.8076171875,1.7294921875,1.7470703125,1.7373046875,1.7666015625,1.7890625
AF_1059,5.2109375,5.1591796875,5.189453125,5.240234375,5.25,5.2353515625,5.25,5.25,5.25,5.2490234375,5.1650390625,5.1435546875,5.2099609375,5.2138671875,5.25,5.234375,5.1708984375,5.23828125,5.25,5.25,5.25,5.212890625,5.2060546875,5.1689453125,5.13671875,5.224609375,5.25,5.25,5.240234375,5.25,5.25,5.25,5.2412109375,5.19921875,5.130859375,5.13671875,5.1884765625,5.2412109375,5.2431640625,5.25,5.25,5.236328125,5.25,5.25,5.2314453125,5.1875,5.1279296875,5.0908203125,5.205078125,5.21484375,5.2451171875,5.2421875,5.2333984375,5.232421875,5.25,5.25,5.2294921875,5.1806640625,5.1435546875,5.2177734375,5.15234375,5.25,5.25,5.25,5.23828125,5.208984375,5.25,5.25,5.25,5.23046875,5.1875,5.0986328125,5.25,5.25,5.25,5.25,5.1826171875,5.181640625,5.25,5.25,5.2412109375,5.16796875,5.037109375,5.1513671875,5.205078125,5.23046875,5.2314453125,5.23046875,5.220703125,5.25,5.25,5.25,5.2177734375,5.189453125,5.166015625,5.1640625,5.1591796875,5.1572265625,5.25,5.232421875,5.1806640625,5.2109375,5.25,5.25,5.2294921875,5.2158203125,5.1796875,5.1376953125,5.1943359375,5.25,5.25,5.2421875,5.205078125,5.2265625,5.25,5.25,5.25,5.20703125,5.1552734375,5.19921875,5.21875,5.2431640625,5.234375,5.23828125,5.23828125,5.2197265625,5.25,5.21484375,5.25,5.212890625,5.201171875,5.14453125,5.1845703125,5.2138671875,5.25,5.244140625,5.23046875,5.2353515625,5.25,5.25,5.24609375,5.1904296875,5.2431640625,5.1630859375,5.1953125,5.25,5.25,5.25,5.21484375,5.23828125,5.25,5.25,5.236328125,5.205078125,5.216796875,5.1181640625,5.1708984375,5.212890625,5.25,5.2431640625,5.2119140625,5.25,5.25,5.25,5.25,5.23046875,5.2265625,5.2216796875,5.2138671875,5.1865234375,5.25,5.205078125,5.193359375,5.2236328125,5.25,5.25,5.25,5.23828125,5.234375,5.16796875,5.2001953125,5.2138671875,5.2412109375,5.2314453125,5.2275390625,5.25,5.25,5.25,5.2412109375,5.2421875,5.2216796875,5.0986328125,5.173828125,5.216796875,5.2412109375,5.25,5.216796875,5.2490234375,5.25,5.25,5.2294921875,5.19921875,5.1884765625,5.1845703125,5.2236328125,5.2158203125,5.24609375,5.25,5.25,5.2373046875,5.25,5.25,5.25,5.25,5.205078125,5.130859375,5.162109375,5.25,5.25,5.25,5.244140625,5.2431640625,5.25,5.25,5.236328125,5.1572265625,5.2197265625,5.0595703125,5.1689453125,5.2041015625,5.2451171875,5.25,5.220703125,5.25,5.25,5.25,5.236328125,5.1708984375,5.15234375,5.01953125,5.1318359375,5.140625,5.25,5.2431640625,5.2470703125,5.25,5.25,5.25,5.25,5.1982421875,5.1484375,5.1923828125
AF_1418,2.9853515625,2.3359375,2.4638671875,3.189453125,4.384765625,5.1484375,5.4033203125,4.2275390625,4.30859375,3.3310546875,2.9052734375,2.5087890625,2.7578125,2.3896484375,2.208984375,2.400390625,3.6513671875,4.8369140625,6.4873046875,3.8564453125,3.564453125,2.7900390625,2.6162109375,2.4697265625,2.609375,2.419921875,2.416015625,2.623046875,3.08984375,6.6240234375,8.2939453125,4.404296875,3.408203125,3.4697265625,3.45703125,2.72265625,2.4814453125,2.244140625,2.390625,2.625,3.2802734375,6.1904296875,7.4345703125,5.830078125,4.4775390625,3.4677734375,2.8046875,2.8212890625,2.470703125,2.3798828125,2.388671875,2.669921875,3.51171875,6.267578125,8.224609375,4.60546875,4.31640625,3.369140625,2.5263671875,2.5556640625,2.4453125,2.369140625,2.369140625,2.8701171875,3.8251953125,5.212890625,7.3447265625,5.8369140625,4.4599609375,4.1552734375,3.34765625,3.4111328125,2.7490234375,2.3896484375,3.068359375,3.59765625,5.72265625,7.458984375,6.3994140625,5.0556640625,4.2333984375,3.181640625,2.783203125,2.3994140625,2.4462890625,2.30078125,2.46875,2.75,4.24609375,7.9794921875,7.427734375,6.517578125,3.396484375,3.4677734375,2.9970703125,2.65625,2.509765625,2.447265625,2.56640625,3.087890625,3.5322265625,5.4931640625,6.86328125,4.7958984375,4.65625,3.92578125,3.203125,2.8720703125,2.4892578125,2.5068359375,2.6455078125,3.5595703125,3.7265625,5.9443359375,8.546875,5.0810546875,3.4189453125,3.076171875,2.9873046875,2.701171875,2.517578125,2.4248046875,2.2685546875,2.80859375,3.0166015625,7.1103515625,6.8134765625,5.9208984375,4.0400390625,3.3642578125,2.8447265625,2.6083984375,2.5458984375,2.40234375,2.283203125,2.8720703125,3.828125,6.88671875,9.0205078125,6.6123046875,3.509765625,3.23828125,2.7607421875,2.62890625,2.5966796875,2.267578125,2.4873046875,3.013671875,3.2060546875,6.2333984375,6.6650390625,6.7666015625,4.1044921875,3.1787109375,3.0849609375,2.3818359375,2.7080078125,2.4853515625,2.689453125,3.244140625,4.1748046875,7.6083984375,5.794921875,6.072265625,4.8154296875,4.380859375,3.2412109375,2.744140625,2.541015625,2.4677734375,2.5029296875,3.4033203125,4.9384765625,7.861328125,7.4931640625,3.658203125,3.91015625,4.0146484375,3.2919921875,2.734375,2.62890625,2.56640625,2.462890625,3.138671875,3.6015625,5.2919921875,5.908203125,5.0078125,3.9501953125,3.1875,3.4306640625,2.615234375,2.5556640625,2.65234375,2.4140625,2.75,3.8466796875,5.828125,7.53125,5.390625,4.2333984375,4.06640625,3.1103515625,2.849609375,2.8466796875,2.609375,2.6455078125,3.1162109375,4.533203125,5.982421875,5.8544921875,5.419921875,4.4326171875,3.478515625,3.1455078125,2.82421875,2.6943359375,2.3583984375,2.494140625,2.794921875,4.0322265625,5.8935546875,7.1025390625,5.6826171875,3.6015625,3.80859375,3.5419921875,2.61328125,2.7666015625,2.4833984375,2.3193359375,2.7578125,3.2333984375,5.88671875,6.9765625,4.2255859375,3.810546875,3.3505859375,2.8642578125,2.8388671875,2.47265625,2.5478515625,2.634765625,2.9951171875,3.5478515625,7.626953125,8.2255859375,6.0908203125,4.6357421875,3.78515625,3.0673828125,2.7451171875
AF_314,5.8203125,6.3056640625,3.5390625,3.833984375,3.796875,5.0986328125,7.3623046875,8.234375,5.189453125,3.5029296875,2.9306640625,3.49609375,3.6806640625,4.8359375,4.1787109375,4.244140625,4.248046875,7.6728515625,9.1376953125,8.392578125,4.6591796875,3.01953125,2.970703125,3.130859375,3.900390625,3.17578125,3.63671875,3.6279296875,3.572265625,5.3291015625,7.3037109375,8.9072265625,6.9921875,4.38671875,3.73828125,5.572265625,5.1787109375,4.3447265625,3.5849609375,4.4443359375,4.9404296875,8.3955078125,9.0703125,8.7060546875,4.5546875,3.24609375,2.7724609375,3.21875,3.6064453125,4.642578125,3.9248046875,3.47265625,4.4970703125,6.619140625,8.1552734375,7.900390625,4.2587890625,3.3330078125,3.0859375,3.4384765625,5.8720703125,3.0791015625,3.3232421875,4.1240234375,4.0244140625,5.5654296875,8.6533203125,8.9013671875,4.4296875,2.9833984375,2.892578125,3.515625,3.48046875,3.287109375,3.8876953125,3.6220703125,4.1318359375,4.4072265625,8.146484375,9.2001953125,6.3955078125,3.5029296875,3.216796875,4.068359375,6.0380859375,3.349609375,3.3671875,3.5439453125,3.2412109375,5.2119140625,6.9482421875,9.08203125,5.6806640625,3.3427734375,3.3818359375,4.0947265625,7.26171875,3.6220703125,2.779296875,3.109375,3.2255859375,4.08203125,5.4833984375,7.49609375,5.0390625,3.2314453125,3.107421875,3.5693359375,4.7138671875,3.2548828125,3.12109375,3.27734375,3.2802734375,4.205078125,6.931640625,8.9765625,5.9560546875,3.8408203125,3.7822265625,4.427734375,4.0390625,3.837890625,4.2138671875,4.0595703125,3.88671875,5.833984375,8.8955078125,8.291015625,6.640625,3.8916015625,3.2392578125,3.642578125,4.21484375,4.1630859375,3.3076171875,3.888671875,3.83984375,6.0009765625,8.7919921875,8.3046875,4.6591796875,3.30078125,3.380859375,3.74609375,6.1669921875,5.6171875,4.056640625,4.154296875,5.173828125,8.169921875,9.2890625,8.564453125,4.0966796875,2.8203125,2.6845703125,3.203125,5.943359375,4.08203125,3.8720703125,3.9814453125,4.3056640625,6.6015625,9.14453125,8.107421875,4.080078125,2.919921875,3.138671875,4.166015625,3.328125,3.189453125,3.708984375,3.4638671875,3.3232421875,4.12109375,7.421875,8.4150390625,4.5009765625,3.43359375,3.2177734375,3.7353515625,5.9443359375,3.6826171875,3.4658203125,3.40625,4.078125,5.822265625,6.5283203125,8.4130859375,4.66015625,3.1455078125,2.853515625,6.1845703125,6.005859375,4.115234375,3.2939453125,3.482421875,3.8642578125,5.189453125,6.8447265625,8.4560546875,5.3330078125,3.310546875,3.0947265625,3.4111328125,3.4482421875,3.6943359375,4.0830078125,3.701171875,3.982421875,5.837890625,9.0830078125,8.6416015625,6.5283203125,3.9013671875,3.9345703125,4.8955078125,6.0390625,4.5087890625,4.8662109375,5.138671875,6.2392578125,8.828125,8.9150390625,9.1123046875,6.68359375,3.443359375,3.1181640625,3.2822265625,3.6748046875,3.974609375,3.7392578125,3.765625,4.240234375,8.328125,8.8623046875,9.146484375,4.376953125,3.9677734375,2.8291015625,2.931640625,4.150390625,3.357421875,3.91015625,3.90625,3.9560546875,5.55859375,9.25,7.6376953125,4.9296875,3.2001953125,2.984375,3.171875
AF_373,20.373046875,20.0947265625,20.5849609375,20.61328125,20.5,20.763671875,20.8564453125,20.8837890625,20.837890625,20.654296875,20.1171875,19.8095703125,20.283203125,20.4052734375,20.6806640625,20.5576171875,20.3759765625,20.7294921875,20.8125,20.8525390625,20.7802734375,20.4423828125,20.5537109375,20.44140625,20.0361328125,20.7548828125,20.8330078125,20.6748046875,20.625,20.6904296875,20.849609375,20.880859375,20.7392578125,20.2978515625,20.013671875,19.0927734375,19.9873046875,20.5712890625,20.5263671875,20.4013671875,20.5380859375,20.322265625,20.8310546875,20.86328125,20.61328125,20.580078125,19.8017578125,19.546875,20.3271484375,20.587890625,20.5986328125,20.73046875,20.7626953125,20.8017578125,20.84375,20.7841796875,20.6181640625,20.240234375,19.94140625,20.1845703125,20.0654296875,20.40625,20.5654296875,20.591796875,20.4873046875,20.7177734375,20.8291015625,20.853515625,20.7431640625,20.396484375,19.859375,20.1865234375,20.630859375,20.8134765625,20.8486328125,20.6787109375,20.623046875,20.59375,20.85546875,20.888671875,20.7724609375,20.2802734375,19.7451171875,19.9306640625,20.34765625,20.798828125,20.8125,20.7490234375,20.517578125,20.779296875,20.8798828125,20.8623046875,20.7021484375,20.44921875,20.091796875,19.7802734375,20.2451171875,19.9775390625,19.0810546875,18.2509765625,18.6640625,20.4423828125,20.7890625,20.853515625,20.705078125,19.53125,17.166015625,16.2294921875,18.046875,20.80078125,20.8193359375,20.646484375,20.427734375,20.580078125,20.8017578125,20.8779296875,20.8203125,20.71484375,20.05859375,20.1396484375,20.3076171875,20.5966796875,20.408203125,20.25,20.4326171875,20.6689453125,20.8447265625,20.8427734375,20.666015625,20.28515625,18.111328125,17.56640625,18.1923828125,18.64453125,18.2890625,17.6650390625,17.6181640625,20.275390625,20.8427734375,20.8779296875,20.8056640625,20.412109375,20.3681640625,20.2158203125,20.3408203125,20.7890625,20.74609375,20.7587890625,20.767578125,20.7626953125,20.8857421875,20.8779296875,20.7666015625,20.3662109375,20.0244140625,19.8876953125,19.1318359375,19.26953125,19.00390625,18.62890625,19.6708984375,20.779296875,20.8623046875,20.8896484375,20.8369140625,20.4755859375,20.14453125,20.1796875,20.4736328125,20.509765625,20.658203125,20.525390625,19.919921875,20.609375,20.8583984375,20.85546875,20.8564453125,20.6484375,20.32421875,20.1396484375,20.423828125,20.7900390625,20.71484375,20.7841796875,20.5380859375,20.78125,20.8095703125,20.859375,20.8642578125,20.6220703125,20.0732421875,19.7763671875,20.0830078125,20.7138671875,20.7177734375,20.5439453125,20.64453125,20.6904296875,20.884765625,20.8662109375,20.7607421875,20.5107421875,19.99609375,20.0146484375,20.4189453125,20.5146484375,20.732421875,20.455078125,20.2880859375,20.5419921875,20.8828125,20.8583984375,20.7734375,20.5478515625,20.3271484375,20.0341796875,20.486328125,20.8349609375,20.7998046875,20.8203125,20.7021484375,20.7001953125,20.8564453125,20.8896484375,20.712890625,20.2255859375,20.2412109375,20.0078125,20.58984375,20.7763671875,19.7392578125,20.0068359375,20.3818359375,20.7607421875,20.8271484375,20.8544921875,20.7490234375,20.646484375,14.2236328125,11.791015625,17.4921875,16.984375,17.7998046875,17.8818359375,17.7802734375,20.15625,20.8896484375,20.8720703125,20.845703125,20.3935546875,19.3681640625,20.2099609375
AF_4,2.615234375,2.9619140625,3.1162109375,3.3076171875,3.0224609375,4.5654296875,4.4462890625,3.1484375,3.208984375,2.9775390625,2.94140625,2.6875,2.9765625,2.7392578125,2.900390625,3.5263671875,3.7705078125,4.001953125,4.7314453125,3.591796875,2.845703125,2.9072265625,2.6162109375,2.6064453125,2.7236328125,2.6474609375,2.568359375,3.1767578125,3.4892578125,4.392578125,3.90625,3.3466796875,3.04296875,2.5498046875,2.4384765625,2.5908203125,2.4052734375,2.5703125,2.658203125,2.7958984375,3.953125,3.3427734375,4.1279296875,3.484375,2.509765625,2.4619140625,2.3779296875,2.4404296875,2.54296875,2.8564453125,2.5107421875,3.04296875,3.1591796875,4.263671875,4.2890625,2.6728515625,2.7216796875,2.6630859375,2.4169921875,2.306640625,2.494140625,2.767578125,2.6591796875,2.9365234375,2.75,2.9306640625,3.9912109375,3.1484375,2.5751953125,2.4365234375,2.251953125,2.462890625,2.697265625,2.572265625,2.763671875,3.3115234375,2.92578125,3.7041015625,3.861328125,3.0517578125,3.0615234375,2.705078125,2.791015625,2.771484375,2.45703125,2.4384765625,2.7939453125,2.6279296875,3.2509765625,4.03125,3.4453125,2.75390625,2.6630859375,2.5791015625,2.41796875,2.591796875,2.6591796875,2.76953125,3.2294921875,3.4150390625,3.0615234375,4.3798828125,3.57421875,2.4482421875,2.568359375,2.6904296875,2.466796875,2.4560546875,2.4775390625,2.7001953125,2.7646484375,3.2548828125,2.7216796875,3.693359375,5.150390625,3.2041015625,2.5068359375,2.6396484375,2.6142578125,2.5712890625,2.298828125,2.8740234375,2.853515625,2.896484375,3.1337890625,3.56640625,4.4931640625,3.388671875,2.9326171875,2.6240234375,2.3720703125,2.58984375,2.4140625,2.734375,3.0009765625,3.0439453125,2.8466796875,2.970703125,3.421875,2.962890625,2.580078125,3.00390625,2.849609375,2.5126953125,2.529296875,2.984375,2.923828125,3.2197265625,3.2119140625,3.42578125,2.6435546875,2.9404296875,2.650390625,2.654296875,2.5732421875,2.5859375,2.3564453125,2.71875,3.130859375,3.265625,3.4443359375,4.193359375,3.4208984375,3.314453125,2.5673828125,2.7568359375,2.5537109375,2.830078125,2.6123046875,2.6826171875,3.125,2.6630859375,3.056640625,3.3544921875,3.5283203125,2.9794921875,2.8212890625,2.84765625,2.677734375,2.3251953125,2.9267578125,2.71484375,3.072265625,3.4521484375,2.96484375,2.6552734375,3.611328125,3.509765625,2.533203125,2.755859375,2.7626953125,2.302734375,2.6572265625,2.5,2.5029296875,3.1572265625,3.056640625,4.49609375,4.06640625,3.7763671875,2.7275390625,2.5478515625,2.373046875,2.548828125,2.75390625,2.701171875,3.0478515625,3.1787109375,3.2890625,3.392578125,2.9736328125,3.03125,2.75390625,2.6943359375,2.548828125,2.498046875,2.751953125,2.6328125,2.82421875,3.673828125,3.8193359375,3.7470703125,5.8408203125,3.431640625,2.66015625,3.13671875,2.5478515625,2.7138671875,2.59765625,2.78515625,2.71484375,2.931640625,3.4404296875,2.7265625,3.2060546875,3.0341796875,2.7841796875,2.7763671875,2.8310546875,2.595703125,2.94921875,2.5341796875,3.2109375,3.3759765625,3.7119140625,4.0537109375,4.3857421875,3.2822265625,2.853515625,2.6015625,2.830078125,2.572265625
AF_443,3.9892578125,4.0,3.90234375,2.919921875,2.3701171875,1.89453125,2.388671875,2.6982421875,2.4853515625,3.271484375,3.986328125,3.9814453125,3.943359375,3.9755859375,3.85546875,2.5947265625,2.5830078125,3.7451171875,3.9521484375,3.974609375,3.7568359375,3.8447265625,3.984375,3.9970703125,4.0,3.9609375,3.66015625,2.72265625,2.693359375,2.5078125,2.6767578125,3.2685546875,3.177734375,3.4404296875,3.927734375,4.0,3.822265625,3.908203125,3.927734375,2.443359375,2.8603515625,2.1484375,2.9365234375,2.9580078125,2.634765625,2.94921875,3.939453125,3.7099609375,3.9638671875,3.9794921875,3.818359375,2.8857421875,1.8916015625,2.0400390625,2.5,2.365234375,1.83203125,3.181640625,3.904296875,3.9599609375,3.9482421875,3.990234375,3.9248046875,3.2216796875,2.931640625,2.8037109375,3.1201171875,3.7529296875,3.8037109375,3.7578125,3.97265625,4.0,3.9736328125,3.873046875,3.9521484375,3.6015625,2.11328125,2.48828125,2.7509765625,3.025390625,2.7587890625,2.8818359375,4.0,3.99609375,4.0,3.958984375,3.9453125,2.91015625,1.853515625,1.931640625,2.4296875,2.330078125,2.072265625,3.69140625,4.0,4.0,3.9814453125,4.0,3.97265625,3.4404296875,2.33984375,2.3115234375,3.3349609375,3.4375,3.2626953125,3.6806640625,3.9560546875,3.8486328125,3.951171875,4.0,3.85546875,2.0966796875,1.9931640625,1.6513671875,1.96875,1.9765625,1.658203125,1.75390625,3.9013671875,4.0,3.9287109375,3.978515625,3.857421875,3.2880859375,2.69921875,3.0966796875,3.3603515625,3.310546875,2.826171875,2.9892578125,3.9931640625,4.0,4.0,3.978515625,3.9794921875,3.5283203125,2.4541015625,2.07421875,2.513671875,3.3603515625,3.826171875,3.685546875,4.0,4.0,3.9345703125,3.9990234375,3.98046875,3.2587890625,2.7177734375,3.5673828125,3.99609375,3.9892578125,3.814453125,3.6025390625,3.9306640625,3.966796875,3.9853515625,3.9638671875,3.76953125,3.298828125,3.2802734375,3.830078125,3.880859375,3.9775390625,3.765625,3.76171875,3.849609375,3.8115234375,3.9755859375,3.9619140625,3.22265625,3.61328125,3.34375,3.3134765625,3.927734375,3.97265625,3.7919921875,3.1240234375,3.939453125,3.9814453125,3.9677734375,3.919921875,3.9755859375,3.98046875,2.43359375,1.9697265625,2.7763671875,2.7060546875,2.5302734375,2.693359375,3.9921875,4.0,4.0,3.8662109375,3.66015625,3.591796875,1.9150390625,2.0673828125,2.359375,2.3369140625,1.8408203125,3.5927734375,3.99609375,4.0,3.943359375,4.0,3.939453125,3.423828125,1.880859375,1.8974609375,2.388671875,2.2451171875,1.8701171875,3.3017578125,3.9697265625,3.9111328125,4.0,3.275390625,3.607421875,2.57421875,1.62890625,1.939453125,2.2578125,2.330078125,1.82421875,2.443359375,4.0,4.0,3.9384765625,3.798828125,3.6240234375,3.2314453125,3.0771484375,3.833984375,3.904296875,3.9560546875,3.7734375,3.6689453125,3.9140625,4.0,3.982421875,4.0,3.6220703125,3.099609375,3.208984375,3.5283203125,3.9755859375,3.953125,3.88671875,3.7255859375,3.96484375,3.9912109375
AF_482,10.83203125,10.60546875,10.982421875,10.9296875,10.92578125,10.9619140625,10.9873046875,10.998046875,11.0,10.912109375,10.716796875,10.2626953125,10.8505859375,10.7685546875,10.982421875,10.9619140625,10.841796875,10.8876953125,10.9931640625,10.99609375,10.9765625,10.833984375,10.859375,10.7958984375,10.4326171875,10.923828125,10.998046875,10.9755859375,10.9013671875,10.8681640625,10.986328125,10.9990234375,10.9306640625,10.744140625,10.5986328125,9.8642578125,9.9912109375,10.931640625,10.8662109375,10.845703125,10.890625,10.8427734375,10.998046875,11.0,10.9384765625,10.833984375,10.4814453125,10.08203125,10.5078125,10.9091796875,10.794921875,10.896484375,10.939453125,10.955078125,10.98828125,10.9755859375,10.94140625,10.79296875,10.634765625,10.689453125,8.958984375,7.3818359375,7.349609375,7.7685546875,9.455078125,10.9541015625,10.9990234375,10.99609375,10.9228515625,10.6650390625,10.5908203125,10.4833984375,10.7783203125,10.98828125,10.98046875,10.9345703125,10.8681640625,10.8544921875,10.9658203125,10.9951171875,10.98046875,10.689453125,9.810546875,10.529296875,10.546875,10.904296875,10.9736328125,10.9580078125,10.572265625,10.9462890625,10.99609375,10.9921875,10.923828125,10.7255859375,10.5126953125,10.4423828125,10.3291015625,10.6650390625,10.8623046875,10.8037109375,10.7216796875,10.7978515625,10.9638671875,10.9755859375,10.89453125,10.46875,10.328125,9.9052734375,10.5966796875,10.79296875,10.7841796875,10.5869140625,10.63671875,10.748046875,10.9892578125,11.0,10.98828125,10.8427734375,9.9697265625,9.96484375,10.650390625,10.8984375,10.8662109375,10.7685546875,10.810546875,10.8173828125,10.9970703125,10.9970703125,10.865234375,10.3515625,10.3818359375,10.501953125,10.3447265625,10.8076171875,10.9482421875,10.7939453125,10.8037109375,10.9443359375,10.9873046875,11.0,10.951171875,10.7177734375,10.822265625,10.5498046875,10.5107421875,10.9521484375,10.9384765625,10.9423828125,10.9033203125,10.9287109375,10.998046875,10.994140625,10.9736328125,10.76171875,10.669921875,10.3173828125,10.099609375,10.884765625,10.998046875,10.908203125,10.8818359375,10.9072265625,10.99609375,11.0,10.9990234375,9.6650390625,8.041015625,7.861328125,8.4140625,8.443359375,8.716796875,8.2509765625,8.03515625,10.546875,10.9765625,10.978515625,10.9619140625,10.93359375,10.84765625,10.546875,10.62109375,10.96484375,10.912109375,10.966796875,10.9169921875,10.970703125,10.9970703125,10.9775390625,11.0,10.87890625,10.6591796875,9.958984375,8.6474609375,8.8271484375,8.4072265625,8.126953125,8.794921875,10.2880859375,10.99609375,10.9892578125,10.9130859375,10.7626953125,10.7314453125,10.6318359375,10.708984375,10.916015625,10.9990234375,10.779296875,10.720703125,10.8330078125,10.986328125,10.9931640625,10.87890625,10.8369140625,10.658203125,10.251953125,10.7421875,10.9521484375,10.96484375,10.9501953125,10.86328125,10.90625,10.9716796875,10.9990234375,10.931640625,10.5869140625,10.7529296875,10.578125,10.76953125,10.9501953125,10.7041015625,10.9052734375,10.775390625,10.970703125,10.9755859375,11.0,10.9296875,10.7265625,7.076171875,5.9609375,7.97265625,7.2490234375,9.1513671875,10.9541015625,10.859375,10.9296875,10.998046875,10.9970703125,11.0,10.7626953125,9.013671875,10.806640625
AF_599,23.314453125,21.287109375,22.90234375,23.3701171875,24.0615234375,25.2119140625,26.18359375,26.283203125,25.8896484375,24.87890625,24.1328125,23.6982421875,23.5068359375,23.234375,23.091796875,22.994140625,24.158203125,25.6357421875,27.3447265625,25.88671875,25.109375,24.01171875,23.6708984375,23.3974609375,23.708984375,23.5,22.9228515625,23.52734375,24.0302734375,26.5849609375,27.3125,25.84765625,24.7734375,24.7734375,24.62890625,23.9033203125,23.51171875,23.1171875,22.9384765625,23.2001953125,23.7333984375,26.6376953125,27.259765625,27.2353515625,25.7783203125,24.572265625,23.8349609375,23.8212890625,23.298828125,23.1396484375,23.1044921875,23.2509765625,23.708984375,26.470703125,27.0498046875,25.3857421875,25.142578125,24.3701171875,23.6220703125,23.3974609375,23.267578125,23.0986328125,22.9794921875,23.6953125,24.1123046875,24.4755859375,27.283203125,27.158203125,25.4697265625,24.8935546875,24.4365234375,24.02734375,19.3427734375,17.5,23.18359375,23.8427734375,26.3837890625,26.4462890625,26.21875,26.375,25.79296875,24.3798828125,23.7001953125,23.384765625,23.3642578125,23.0615234375,23.0810546875,23.125,24.5712890625,26.4716796875,27.083984375,27.3984375,24.8173828125,24.4619140625,23.9794921875,23.2294921875,23.283203125,22.1279296875,21.1572265625,23.80078125,24.2255859375,26.0703125,26.841796875,26.0302734375,26.2900390625,25.404296875,24.0595703125,23.73046875,23.2978515625,23.2041015625,23.35546875,24.00390625,24.6865234375,26.6328125,27.4443359375,26.47265625,25.0517578125,24.4697265625,24.0185546875,23.4794921875,23.2705078125,23.3505859375,23.130859375,23.5703125,23.5234375,26.3828125,26.8447265625,26.8544921875,25.46484375,24.4248046875,23.775390625,23.5517578125,23.0283203125,22.8203125,23.267578125,23.4248046875,24.177734375,27.4541015625,27.201171875,26.7568359375,24.455078125,24.1904296875,23.466796875,23.326171875,23.388671875,23.2138671875,23.1455078125,23.708984375,23.7529296875,25.9599609375,27.21484375,26.841796875,24.9072265625,24.146484375,23.9404296875,23.16015625,23.630859375,23.22265625,23.498046875,23.96484375,24.5078125,26.5166015625,27.1279296875,27.36328125,25.7802734375,25.0458984375,24.2255859375,23.376953125,23.3349609375,23.126953125,23.1875,23.859375,24.791015625,26.802734375,27.451171875,25.076171875,25.9091796875,24.853515625,24.3173828125,23.41015625,23.443359375,23.435546875,23.068359375,22.9921875,24.07421875,25.8173828125,27.1064453125,26.154296875,24.9541015625,24.16015625,24.1044921875,23.509765625,23.2607421875,23.6826171875,22.9775390625,23.6376953125,24.02734375,26.056640625,27.28125,26.6552734375,24.84765625,24.5517578125,23.6240234375,23.689453125,23.4716796875,23.1162109375,23.1220703125,23.7177734375,24.0595703125,26.720703125,27.2841796875,27.169921875,25.95703125,24.6845703125,24.166015625,24.08203125,23.759765625,23.1552734375,23.388671875,23.623046875,24.1259765625,26.5263671875,27.318359375,26.8232421875,24.8740234375,24.84765625,24.8798828125,23.75390625,23.5390625,23.5048828125,22.9296875,23.50390625,23.68359375,26.2431640625,27.390625,25.876953125,25.189453125,24.6865234375,24.033203125,23.8310546875,23.17578125,23.353515625,23.3271484375,23.658203125,24.0048828125,26.5166015625,27.265625,27.3076171875,25.6650390625,24.634765625,23.83203125,23.5625
AF_644,5.82421875,6.1572265625,5.1357421875,5.833984375,9.7568359375,13.5087890625,36.84765625,23.6650390625,15.892578125,6.8916015625,8.6298828125,5.6259765625,5.5625,5.6005859375,5.4833984375,7.87890625,8.4267578125,11.7802734375,41.21875,26.662109375,13.64453125,7.1748046875,7.1064453125,5.7578125,5.4326171875,5.197265625,4.8212890625,5.638671875,9.73828125,17.419921875,42.5947265625,22.2578125,11.00390625,8.412109375,7.4853515625,5.7001953125,5.037109375,3.921875,5.392578125,5.2373046875,9.10546875,13.04296875,36.9306640625,37.0458984375,18.337890625,10.4267578125,6.3701171875,7.3076171875,5.32421875,4.5087890625,5.0537109375,6.802734375,7.0888671875,14.6083984375,38.9765625,28.6220703125,13.0302734375,8.9013671875,5.8466796875,5.1474609375,5.4404296875,4.4990234375,5.6142578125,6.7177734375,8.46484375,14.93359375,20.482421875,21.919921875,11.08984375,9.3046875,8.6962890625,7.9140625,4.560546875,4.814453125,6.05859375,6.853515625,15.9921875,39.3681640625,37.62109375,36.9921875,14.580078125,7.349609375,6.0390625,6.1044921875,4.681640625,5.98046875,6.703125,6.74609375,11.4326171875,34.478515625,40.974609375,33.0166015625,11.1669921875,7.458984375,7.9560546875,5.83203125,5.0419921875,4.7060546875,5.177734375,7.4560546875,8.791015625,13.0244140625,30.390625,20.6279296875,16.6015625,9.71484375,7.53515625,5.4716796875,4.9794921875,5.3671875,5.224609375,6.63671875,9.4306640625,18.748046875,40.765625,24.5498046875,11.48828125,8.5068359375,7.5068359375,6.9296875,4.4462890625,4.4990234375,4.62109375,6.212890625,7.9541015625,19.69140625,34.7177734375,27.7216796875,11.482421875,9.73046875,7.3798828125,6.5380859375,4.5869140625,4.201171875,4.390625,7.1396484375,9.787109375,27.9912109375,41.0859375,34.35546875,13.1162109375,9.4365234375,8.6318359375,5.4892578125,4.7607421875,4.1474609375,5.0771484375,7.3740234375,7.5703125,16.865234375,31.4423828125,32.876953125,15.21875,9.18359375,7.76953125,5.326171875,5.3408203125,5.0712890625,4.9990234375,6.3359375,7.7822265625,15.7255859375,21.4521484375,28.62109375,18.591796875,8.482421875,7.580078125,6.078125,4.6884765625,5.107421875,6.2666015625,7.0166015625,8.4384765625,20.412109375,37.39453125,26.35546875,13.4599609375,8.6875,8.1708984375,4.783203125,4.2939453125,6.1220703125,5.94921875,7.248046875,8.1513671875,16.857421875,31.8583984375,25.927734375,12.5908203125,9.0576171875,10.171875,6.5751953125,5.1572265625,5.3486328125,5.28125,6.7763671875,8.7529296875,13.5361328125,38.3154296875,29.5341796875,13.7099609375,10.12890625,6.9833984375,5.24609375,5.16796875,5.2880859375,5.4267578125,5.904296875,7.5693359375,17.328125,32.455078125,36.060546875,13.1064453125,10.8564453125,7.1259765625,7.6318359375,4.8564453125,4.7626953125,5.6337890625,6.3515625,10.212890625,22.783203125,39.3037109375,34.9150390625,18.6259765625,7.568359375,7.84765625,7.1708984375,5.3642578125,5.8203125,5.4951171875,6.9130859375,5.5908203125,15.1201171875,39.84765625,20.578125,10.3935546875,10.470703125,8.2509765625,7.5517578125,5.0439453125,5.087890625,5.8681640625,7.458984375,8.466796875,29.5341796875,41.630859375,37.19921875,13.1669921875,7.814453125,6.6162109375,5.2294921875
AF_754,6.423828125,5.83203125,7.623046875,7.412109375,8.9111328125,16.1015625,17.3291015625,17.138671875,13.79296875,11.22265625,7.3037109375,5.28125,4.1669921875,5.0888671875,6.33984375,6.763671875,9.7734375,15.4384765625,15.9951171875,13.693359375,9.5439453125,8.216796875,7.3466796875,4.21484375,4.95703125,3.767578125,6.078125,6.212890625,8.4345703125,14.8623046875,12.9228515625,17.287109375,12.7734375,9.267578125,6.4150390625,4.4345703125,3.9248046875,5.3046875,4.849609375,5.1884765625,7.099609375,12.517578125,16.6435546875,14.0302734375,9.861328125,6.83984375,5.6083984375,4.763671875,4.712890625,5.4609375,6.740234375,5.9853515625,8.4443359375,16.826171875,13.4345703125,13.8427734375,11.62109375,9.7451171875,8.0595703125,5.33984375,5.1904296875,3.2763671875,4.4755859375,5.0537109375,11.1279296875,14.2646484375,16.068359375,16.794921875,15.1630859375,9.1005859375,6.3720703125,4.5302734375,5.3740234375,5.3818359375,5.7109375,6.1943359375,5.7861328125,11.0244140625,17.0537109375,15.3388671875,12.375,12.2294921875,8.05859375,7.05078125,4.537109375,5.767578125,6.740234375,8.1611328125,10.41015625,14.4873046875,15.8505859375,14.34765625,12.9375,10.95703125,6.6572265625,4.9091796875,5.14453125,6.861328125,6.01953125,6.0439453125,9.1962890625,13.677734375,15.1455078125,14.2734375,10.30859375,8.6181640625,4.6904296875,4.4794921875,4.134765625,5.400390625,4.3818359375,6.796875,7.267578125,11.083984375,16.28515625,13.732421875,10.19921875,7.421875,6.173828125,4.7001953125,5.107421875,5.392578125,4.3955078125,6.7744140625,7.10546875,12.1474609375,16.546875,15.8125,9.875,7.048828125,6.3828125,4.6298828125,5.7607421875,5.642578125,5.1201171875,5.109375,5.6845703125,8.787109375,12.6787109375,11.7236328125,13.6083984375,9.138671875,6.12109375,5.0859375,5.052734375,4.3359375,4.900390625,6.4443359375,10.798828125,15.466796875,14.7666015625,13.708984375,15.037109375,8.7216796875,5.4931640625,5.74609375,5.4267578125,4.8369140625,5.5341796875,6.8759765625,8.462890625,15.84765625,15.4580078125,14.708984375,11.259765625,8.080078125,5.2900390625,4.1220703125,5.009765625,4.267578125,5.7490234375,7.33203125,8.8994140625,13.8505859375,16.869140625,14.455078125,11.216796875,5.5556640625,5.029296875,3.650390625,4.7509765625,3.9091796875,5.4501953125,5.0390625,7.609375,11.576171875,16.1318359375,13.49609375,12.9912109375,9.6513671875,6.646484375,4.005859375,4.3427734375,4.7841796875,4.5849609375,7.0830078125,11.69140625,16.2685546875,16.0830078125,10.37890625,13.271484375,8.0087890625,6.0068359375,5.5732421875,5.8447265625,4.4921875,5.6572265625,6.21875,9.8759765625,12.693359375,15.4248046875,15.03125,10.8271484375,7.66796875,5.3798828125,4.958984375,5.8349609375,3.828125,6.1328125,6.8408203125,9.36328125,13.4521484375,17.376953125,11.212890625,9.759765625,6.3017578125,5.09375,4.755859375,4.5546875,3.9091796875,3.7548828125,5.181640625,6.7841796875,12.931640625,15.01953125,15.49609375,12.8662109375,8.5302734375,5.796875,5.3359375,4.9453125,5.126953125,5.61328125,7.76171875,10.52734375,17.087890625,16.787109375,14.7734375,12.45703125,7.296875,6.330078125,5.3818359375
AF_865,0.97265625,1.025390625,1.009765625,0.98828125,0.9970703125,0.9970703125,0.98828125,0.9990234375,0.9833984375,0.9619140625,1.0068359375,0.9990234375,0.9921875,1.017578125,0.98828125,1.0087890625,1.0126953125,1.0419921875,0.9951171875,0.9990234375,0.962890625,0.9775390625,1.013671875,0.9560546875,1.181640625,1.171875,1.154296875,1.16015625,1.1416015625,1.23046875,1.1796875,1.1630859375,1.1669921875,1.1484375,1.140625,1.142578125,1.1669921875,1.1171875,1.13671875,1.13671875,1.15625,1.1240234375,1.162109375,1.134765625,1.123046875,1.0849609375,1.1240234375,1.1259765625,1.12109375,1.119140625,1.1171875,1.0859375,1.1376953125,1.1611328125,1.0751953125,1.087890625,1.0810546875,1.091796875,1.103515625,1.09765625,1.103515625,1.0869140625,1.099609375,1.0966796875,1.142578125,1.0908203125,1.0693359375,1.0849609375,0.8837890625,0.9111328125,0.9228515625,1.0380859375,1.0654296875,1.078125,1.0595703125,1.0771484375,1.1015625,1.0966796875,1.10546875,1.048828125,1.05078125,1.0205078125,1.0302734375,1.01171875,1.0302734375,1.068359375,1.0205078125,1.068359375,1.02734375,1.150390625,1.0791015625,1.0634765625,1.0634765625,1.04296875,1.04296875,1.0556640625,1.05859375,1.0244140625,1.04296875,1.0546875,1.056640625,1.0673828125,1.029296875,0.990234375,0.9755859375,1.0068359375,1.0263671875,1.0478515625,1.0185546875,1.0625,1.0068359375,1.0166015625,1.0263671875,1.072265625,1.013671875,0.970703125,0.96484375,1.0,1.0068359375,1.0380859375,1.0048828125,1.03125,1.02734375,1.03515625,1.037109375,0.984375,0.9990234375,0.974609375,1.0078125,0.9755859375,0.94140625,0.9736328125,0.9599609375,1.0126953125,0.9912109375,0.974609375,1.0419921875,0.9990234375,0.9775390625,0.9619140625,0.953125,0.9755859375,0.98828125,1.0302734375,1.025390625,0.9765625,1.009765625,1.00390625,0.95703125,1.052734375,1.0087890625,1.01171875,0.9912109375,0.9609375,0.9716796875,0.9970703125,0.9951171875,0.9638671875,1.01953125,0.9892578125,1.005859375,1.04296875,0.9775390625,0.9765625,0.9375,0.9365234375,1.00390625,0.962890625,0.990234375,1.0166015625,0.9755859375,1.02734375,0.9765625,1.025390625,0.982421875,0.9755859375,0.9736328125,0.9580078125,0.939453125,0.9970703125,0.97265625,0.9873046875,0.998046875,0.9892578125,1.0126953125,1.0361328125,0.9404296875,0.9267578125,0.931640625,0.96484375,0.990234375,0.9580078125,0.958984375,0.955078125,0.98046875,0.9345703125,1.0244140625,0.994140625,0.9970703125,0.962890625,0.931640625,0.9228515625,0.9716796875,0.9130859375,0.951171875,1.025390625,0.9921875,0.994140625,1.0,1.0185546875,0.93359375,0.9560546875,0.9443359375,0.98046875,0.974609375,0.9912109375,0.994140625,1.0126953125,1.0224609375,0.994140625,0.970703125,0.9931640625,0.9482421875,0.9423828125,0.943359375,0.9501953125,0.990234375,0.994140625,0.9560546875,0.994140625,0.9912109375,1.00390625,0.9970703125,1.0263671875,0.9404296875,0.9755859375,0.994140625,0.962890625,0.9619140625,0.9755859375,0.96875,0.9970703125,0.9794921875,0.958984375,0.9921875,1.0546875,1.001953125,0.998046875,1.0146484375,0.9580078125,0.931640625,0.9931640625
AF_936,11.3447265625,6.171875,4.5078125,3.0751953125,2.66015625,2.51171875,2.2236328125,2.271484375,2.236328125,2.78125,3.462890625,4.7861328125,7.3583984375,7.48046875,3.828125,3.28125,3.263671875,2.6142578125,2.0908203125,2.091796875,2.208984375,2.2890625,3.4482421875,8.0341796875,10.3125,5.833984375,4.3125,3.90625,2.51953125,2.3662109375,2.017578125,2.13671875,2.1845703125,2.552734375,2.7060546875,5.7626953125,6.9580078125,9.7783203125,5.8740234375,3.8984375,2.818359375,2.3984375,2.10546875,2.1298828125,2.44921875,2.458984375,3.2890625,7.107421875,11.3330078125,7.8564453125,4.59765625,3.3017578125,2.724609375,2.4306640625,2.23828125,2.0966796875,2.443359375,2.2529296875,3.2744140625,7.30078125,10.2939453125,8.662109375,4.212890625,3.4677734375,2.740234375,2.474609375,1.994140625,2.064453125,2.2197265625,2.818359375,3.1796875,5.24609375,8.6689453125,7.7158203125,4.0625,3.310546875,2.880859375,2.8203125,2.0615234375,1.9423828125,2.2060546875,2.3623046875,3.6611328125,7.71484375,10.884765625,7.48828125,4.40625,3.5205078125,2.529296875,2.43359375,1.978515625,2.064453125,2.373046875,2.2353515625,3.103515625,6.0830078125,11.5498046875,8.0927734375,3.267578125,3.0,2.646484375,2.3203125,1.94921875,1.9501953125,2.0751953125,2.5078125,2.6962890625,4.8095703125,7.2392578125,7.46484375,5.2109375,3.041015625,2.9287109375,2.4951171875,2.0361328125,1.9384765625,2.3271484375,2.2431640625,3.3974609375,6.4208984375,6.88671875,5.708984375,4.0830078125,2.80859375,2.54296875,2.2099609375,2.4052734375,2.001953125,2.2919921875,2.380859375,2.49609375,6.1298828125,7.4267578125,7.7841796875,6.359375,3.341796875,2.8271484375,2.609375,2.279296875,2.0908203125,1.986328125,2.54296875,4.53515625,7.6650390625,11.046875,8.3037109375,7.021484375,3.0166015625,2.3291015625,2.244140625,1.9755859375,1.853515625,2.1279296875,1.990234375,2.533203125,4.5927734375,7.7158203125,5.875,4.208984375,3.83984375,2.7158203125,2.3671875,2.2900390625,1.939453125,2.3701171875,3.0712890625,2.755859375,8.810546875,5.876953125,5.0,4.27734375,2.767578125,2.443359375,2.3125,2.1201171875,1.9228515625,2.0556640625,2.2998046875,3.3896484375,3.9638671875,9.48046875,7.12890625,3.6904296875,3.615234375,2.564453125,2.296875,2.02734375,2.0439453125,2.1015625,2.244140625,2.9052734375,5.248046875,11.0771484375,5.458984375,3.91015625,2.865234375,2.591796875,2.1767578125,1.951171875,2.0517578125,2.3408203125,2.4130859375,2.95703125,7.884765625,9.1875,7.7822265625,3.8837890625,3.365234375,2.4892578125,2.4384765625,2.0126953125,1.9248046875,2.38671875,2.455078125,2.927734375,4.287109375,9.5322265625,4.263671875,2.947265625,2.9423828125,2.5439453125,2.255859375,1.951171875,2.0751953125,2.1376953125,2.43359375,2.3984375,6.68359375,10.265625,5.951171875,5.28515625,3.5126953125,2.6123046875,2.48828125,1.939453125,1.90625,2.208984375,2.2900390625,2.6171875,5.7421875,10.203125,6.06640625,4.275390625,3.4140625,2.6083984375,2.4189453125,2.060546875,2.001953125,2.29296875,2.1513671875,2.8115234375,3.525390625
AF_953,6.4345703125,7.068359375,6.4619140625,7.943359375,11.185546875,20.291015625,39.5244140625,24.3603515625,19.029296875,10.4267578125,10.376953125,8.49609375,7.6318359375,6.6005859375,6.19921875,7.9912109375,8.9384765625,13.28515625,43.673828125,32.16796875,18.2998046875,9.638671875,7.7998046875,6.3876953125,8.154296875,6.017578125,5.91015625,8.099609375,11.5283203125,22.1240234375,43.9755859375,27.6689453125,14.5673828125,11.068359375,9.8017578125,6.45703125,6.3408203125,5.0927734375,6.962890625,5.9892578125,9.591796875,15.2587890625,39.22265625,42.638671875,21.1435546875,12.1171875,8.6806640625,9.591796875,7.0751953125,6.2158203125,6.841796875,7.6513671875,7.39453125,22.4423828125,42.0849609375,37.1533203125,19.3623046875,12.7138671875,8.853515625,7.470703125,7.0703125,5.61328125,7.0302734375,9.1669921875,10.9453125,18.8671875,31.2802734375,38.2802734375,14.6005859375,12.7421875,11.5361328125,10.107421875,5.265625,4.779296875,7.2490234375,8.5732421875,20.1875,42.15625,43.3359375,40.076171875,18.1845703125,10.83984375,8.44921875,9.0078125,6.65625,7.826171875,7.669921875,7.921875,12.130859375,34.205078125,42.8798828125,43.5625,17.572265625,10.2646484375,10.1884765625,6.9521484375,6.4384765625,6.0078125,5.615234375,8.7998046875,11.248046875,15.2724609375,39.2060546875,36.8349609375,24.33984375,12.5859375,9.306640625,7.7578125,7.8779296875,6.9111328125,6.4853515625,9.1806640625,12.380859375,23.9833984375,43.533203125,31.845703125,17.2802734375,10.4892578125,9.66796875,9.7373046875,6.2265625,5.9306640625,5.8349609375,7.787109375,9.8056640625,28.1279296875,40.015625,34.5908203125,17.7763671875,12.40625,10.2607421875,10.02734375,5.62109375,4.8017578125,5.04296875,8.216796875,11.27734375,35.2685546875,43.2978515625,39.939453125,16.9296875,11.2080078125,10.470703125,6.978515625,5.783203125,5.630859375,6.7568359375,8.54296875,10.3974609375,23.7587890625,43.0751953125,39.7685546875,17.8193359375,11.177734375,9.9150390625,6.740234375,7.017578125,6.861328125,6.94140625,9.1025390625,9.8134765625,22.9482421875,36.751953125,41.099609375,19.7275390625,10.8935546875,9.951171875,7.5986328125,6.8857421875,5.275390625,6.83984375,7.5263671875,10.50390625,28.970703125,44.0078125,34.8876953125,15.0859375,12.4306640625,11.01171875,7.375,6.3427734375,7.48046875,7.787109375,9.3515625,10.251953125,22.3046875,43.5771484375,32.486328125,15.4931640625,10.7998046875,11.529296875,8.271484375,6.3427734375,7.4013671875,7.732421875,7.86328125,9.642578125,15.216796875,42.0908203125,32.0341796875,17.0947265625,11.7197265625,10.4921875,7.8994140625,5.8408203125,6.28125,6.208984375,6.248046875,9.2880859375,20.44140625,31.69921875,41.7158203125,18.2373046875,11.96875,11.109375,10.5400390625,7.3974609375,6.2099609375,7.748046875,7.57421875,11.5205078125,24.5205078125,43.001953125,40.537109375,29.9990234375,10.8046875,11.1474609375,9.419921875,8.2646484375,8.1533203125,7.6650390625,9.0283203125,7.60546875,22.2275390625,42.6025390625,27.03125,13.404296875,11.646484375,9.763671875,9.185546875,6.2470703125,4.9189453125,6.9892578125,8.4072265625,8.578125,31.2509765625,42.3828125,39.8134765625,16.658203125,11.150390625,9.634765625,7.3896484375
AS_1005,-7.10543413386458e-15,-7.10543413386458e-15,-7.10543413386458e-15,-7.10543413386458e-15,0.6845703125,1.0673828125,1.0556640625,1.1640625,1.736328125,1.1279296875,-7.10543413386458e-15,-7.10543413386458e-15,-7.10543413386458e-15,-7.10543413386458e-15,-7.10543413386458e-15,-7.10543413386458e-15,0.732421875,1.1279296875,1.0830078125,1.2392578125,1.8095703125,1.7353515625,1.4208984375,1.3642578125,1.3642578125,1.3642578125,1.3642578125,1.3642578125,1.4697265625,1.09375,1.0791015625,1.30859375,1.7822265625,1.10546875,0.052734375,0.052734375,0.052734375,0.052734375,0.052734375,0.052734375,0.625,1.0791015625,1.09765625,1.0283203125,1.6943359375,1.8828125,1.3515625,1.3515625,1.3515625,1.3515625,1.3515625,1.3515625,1.408203125,1.046875,1.09765625,1.4970703125,1.7607421875,1.3154296875,-7.10543413386458e-15,-7.10543413386458e-15,-7.10543413386458e-15,-7.10543413386458e-15,-7.10543413386458e-15,-7.10543413386458e-15,0.7548828125,1.0625,1.0654296875,1.2958984375,1.80859375,1.92578125,0.1455078125,-7.10543413386458e-15,-7.10543413386458e-15,-7.10543413386458e-15,-7.10543413386458e-15,-7.10543413386458e-15,0.4306640625,0.978515625,1.0849609375,1.4150390625,1.7734375,1.4814453125,0.2724609375,-7.10543413386458e-15,-7.10543413386458e-15,-7.10543413386458e-15,-7.10543413386458e-15,0.021484375,1.287109375,1.337890625,1.091796875,1.4560546875,1.76171875,1.9150390625,0.28515625,-7.10543413386458e-15,-7.10543413386458e-15,-7.10543413386458e-15,-7.10543413386458e-15,-7.10543413386458e-15,0.8828125,1.099609375,1.0576171875,1.3603515625,1.9013671875,1.712890625,0.5634765625,-7.10543413386458e-15,-7.10543413386458e-15,-7.10543413386458e-15,-7.10543413386458e-15,-7.10543413386458e-15,0.939453125,1.2197265625,1.0224609375,1.154296875,1.8212890625,1.607421875,-7.10543413386458e-15,-7.10543413386458e-15,-7.10543413386458e-15,-7.10543413386458e-15,-7.10543413386458e-15,-7.10543413386458e-15,0.4248046875,1.060546875,1.048828125,1.0625,1.701171875,1.80078125,0.6689453125,-7.10543413386458e-15,-7.10543413386458e-15,-7.10543413386458e-15,-7.10543413386458e-15,-7.10543413386458e-15,0.791015625,1.0458984375,1.091796875,1.287109375,1.8076171875,1.8935546875,0.0302734375,-7.10543413386458e-15,-7.10543413386458e-15,-7.10543413386458e-15,-7.10543413386458e-15,-7.10543413386458e-15,0.919921875,1.0380859375,0.9677734375,1.3115234375,1.771484375,1.623046875,-7.10543413386458e-15,-7.10543413386458e-15,-7.10543413386458e-15,-7.10543413386458e-15,-7.10543413386458e-15,-7.10543413386458e-15,1.1455078125,1.400390625,1.279296875,1.5498046875,1.8642578125,1.4453125,0.4970703125,-7.10543413386458e-15,-7.10543413386458e-15,-7.10543413386458e-15,-7.10543413386458e-15,0.005859375,1.0966796875,1.083984375,1.0654296875,1.083984375,1.8701171875,1.1806640625,-7.10543413386458e-15,-7.10543413386458e-15,-7.10543413386458e-15,-7.10543413386458e-15,-7.10543413386458e-15,-7.10543413386458e-15,0.9609375,1.0341796875,1.060546875,1.181640625,1.66796875,1.76953125,1.365234375,1.365234375,1.365234375,1.365234375,1.365234375,1.396484375,1.568359375,1.2724609375,1.1669921875,1.4736328125,1.81640625,1.1669921875,0.1865234375,0.1865234375,0.1865234375,0.1865234375,0.1865234375,0.1865234375,1.0654296875,1.072265625,1.0986328125,1.177734375,1.8828125,1.6572265625,-7.10543413386458e-15,-7.10543413386458e-15,-7.10543413386458e-15,-7.10543413386458e-15,-7.10543413386458e-15,-7.10543413386458e-15,0.666015625,1.3369140625,1.4345703125,1.671875,1.8251953125,1.9033203125,-7.10543413386458e-15,-7.10543413386458e-15,-7.10543413386458e-15,-7.10543413386458e-15,-7.10543413386458e-15,-7.10543413386458e-15,0.6904296875,1.1767578125,1.0791015625,1.208984375,1.8857421875,1.8046875,0.22265625,-7.10543413386458e-15,-7.10543413386458e-15,-7.10543413386458e-15,-7.10543413386458e-15,0.0693359375,1.0751953125,1.162109375,1.06640625,1.3427734375,1.86328125,1.9423828125,0.283203125,0.0830078125
AS_1013,5.927734375,5.9404296875,4.283203125,3.1337890625,2.5224609375,2.43359375,2.0771484375,2.0966796875,2.955078125,4.0166015625,5.638671875,5.7919921875,5.9814453125,5.8251953125,4.9072265625,3.8994140625,2.205078125,2.2353515625,2.0908203125,2.2587890625,3.16015625,3.828125,5.4560546875,6.0,5.560546875,5.5302734375,4.751953125,4.4189453125,3.4091796875,1.9267578125,2.0380859375,2.30859375,3.5361328125,4.2861328125,5.5947265625,5.875,5.84765625,5.9091796875,5.46875,3.2568359375,2.443359375,2.00390625,1.9833984375,2.1611328125,2.2392578125,3.33984375,5.2978515625,5.962890625,5.990234375,5.306640625,5.22265625,3.6728515625,2.5537109375,2.2626953125,2.21875,2.494140625,2.73046875,4.2001953125,5.248046875,5.921875,5.9990234375,5.990234375,5.505859375,2.7158203125,2.171875,1.9052734375,2.2236328125,2.291015625,2.654296875,3.4970703125,4.6259765625,5.923828125,5.9306640625,5.953125,4.814453125,3.791015625,2.5947265625,2.1279296875,2.470703125,1.8291015625,2.5966796875,2.90625,5.216796875,5.890625,5.98046875,4.6298828125,5.044921875,3.28125,2.43359375,1.9111328125,2.12890625,2.2109375,2.73046875,3.4658203125,5.8134765625,5.9541015625,5.58984375,5.759765625,4.3857421875,3.330078125,2.3974609375,2.2978515625,2.111328125,1.822265625,2.375,3.396484375,5.19140625,5.8701171875,5.9765625,5.7080078125,4.55859375,2.92578125,2.3291015625,1.7822265625,2.0419921875,2.2392578125,2.4072265625,2.5810546875,5.5830078125,5.927734375,5.99609375,5.9345703125,5.6337890625,5.314453125,2.9443359375,2.283203125,2.0068359375,2.037109375,2.7353515625,4.43359375,5.5185546875,5.671875,5.921875,5.669921875,5.57421875,3.5458984375,3.1591796875,2.1669921875,2.2763671875,2.482421875,3.037109375,4.0517578125,5.1708984375,5.9873046875,5.9990234375,5.986328125,5.1826171875,2.7470703125,2.2021484375,1.7900390625,2.017578125,2.2216796875,2.419921875,2.62109375,5.5029296875,5.986328125,5.8212890625,5.7998046875,5.5654296875,4.732421875,2.5556640625,2.3369140625,2.6064453125,2.68359375,3.3056640625,5.181640625,5.5263671875,5.9443359375,5.9287109375,5.8466796875,4.27734375,2.6572265625,2.404296875,1.91796875,1.552734375,1.796875,2.169921875,2.5517578125,4.84765625,5.9677734375,5.939453125,5.6025390625,5.1357421875,3.8984375,2.4521484375,2.2216796875,2.349609375,2.28125,2.5478515625,3.265625,5.744140625,5.9736328125,5.9599609375,5.9619140625,4.8154296875,2.6669921875,2.6396484375,2.1923828125,1.90234375,1.81640625,2.3330078125,3.77734375,5.1796875,5.8125,5.861328125,5.6640625,4.0693359375,2.9404296875,2.3916015625,1.9345703125,2.189453125,1.9443359375,1.9267578125,3.6005859375,4.462890625,5.955078125,5.990234375,5.931640625,5.0546875,3.734375,2.57421875,2.169921875,1.775390625,2.2783203125,2.5283203125,4.0380859375,5.1865234375,5.6923828125,5.998046875,5.9697265625,4.41796875,2.880859375,2.1787109375,1.9033203125,1.8662109375,1.87890625,2.337890625,2.6142578125,4.3037109375,5.90234375,5.958984375,5.5517578125,4.4375,3.8203125,2.2900390625,2.076171875,1.8115234375,2.0068359375,2.28515625,4.6396484375,4.994140625,5.97265625
AS_1019,3.6318359375,3.6318359375,3.6318359375,4.0146484375,2.2265625,1.4765625,1.578125,1.36328125,1.98046875,5.6904296875,4.2119140625,3.23046875,3.23046875,3.23046875,3.23046875,3.23046875,2.970703125,1.4287109375,1.4130859375,1.2998046875,1.82421875,4.2275390625,6.7880859375,3.083984375,3.0791015625,3.0791015625,3.0791015625,3.19921875,2.9990234375,1.5087890625,1.5830078125,1.498046875,1.822265625,3.71484375,6.330078125,1.90625,1.90625,1.90625,1.90625,1.90625,2.9169921875,1.73828125,1.560546875,1.6337890625,2.162109375,5.2890625,4.7412109375,2.462890625,2.462890625,2.462890625,2.462890625,2.744140625,2.9921875,1.953125,1.5009765625,1.3671875,2.080078125,5.09765625,3.5166015625,1.1689453125,1.1689453125,1.1689453125,1.1689453125,1.6435546875,2.9580078125,1.6708984375,1.3564453125,1.3330078125,1.8515625,3.62109375,5.76953125,2.2314453125,2.2314453125,2.2314453125,2.2314453125,2.2861328125,3.8330078125,1.705078125,1.458984375,1.630859375,1.875,3.3505859375,6.001953125,1.5703125,1.556640625,1.556640625,1.556640625,2.8173828125,2.076171875,1.69140625,1.4765625,1.4658203125,1.6884765625,4.4892578125,5.033203125,1.017578125,1.017578125,1.017578125,1.017578125,2.1650390625,2.8916015625,1.89453125,1.4970703125,1.5185546875,2.109375,4.0625,5.0986328125,1.21484375,1.21484375,1.21484375,1.21484375,2.689453125,2.365234375,1.8671875,1.5087890625,1.5146484375,1.73046875,3.90625,4.482421875,1.5556640625,1.5556640625,1.5556640625,1.5556640625,1.5556640625,3.3154296875,2.1748046875,1.4462890625,1.7373046875,2.3583984375,3.921875,6.0478515625,1.39453125,1.39453125,1.39453125,1.39453125,1.5810546875,3.373046875,1.5185546875,1.6865234375,1.537109375,2.2724609375,3.826171875,5.38671875,1.1796875,1.1796875,1.1796875,1.1796875,2.3056640625,2.5244140625,1.44140625,1.462890625,1.642578125,1.822265625,4.6865234375,4.0419921875,2.1640625,2.1640625,2.1640625,2.1640625,2.8662109375,3.4443359375,1.876953125,1.3876953125,1.478515625,2.6396484375,4.00390625,5.796875,1.3759765625,1.3759765625,1.3759765625,1.3759765625,2.142578125,3.376953125,1.728515625,1.373046875,1.658203125,1.8564453125,3.7421875,5.1826171875,0.927734375,0.927734375,0.927734375,0.927734375,1.1298828125,3.1376953125,1.52734375,1.5185546875,1.544921875,2.4169921875,4.7900390625,5.61328125,1.337890625,1.337890625,1.337890625,1.337890625,2.7744140625,2.4541015625,1.533203125,1.330078125,1.6962890625,1.6728515625,5.1611328125,5.3583984375,3.69140625,3.69140625,3.69140625,3.69140625,3.9599609375,3.2080078125,1.4697265625,1.375,1.638671875,1.986328125,4.4296875,5.4287109375,1.12109375,1.12109375,1.12109375,1.12109375,2.373046875,2.96875,1.5849609375,1.60546875,1.4833984375,1.96875,4.8232421875,4.5361328125,1.8740234375,1.8740234375,1.8740234375,1.8740234375,2.5615234375,3.3935546875,1.6669921875,1.6015625,1.3623046875,1.7197265625,4.146484375,5.87109375,4.24609375,4.24609375,4.24609375,4.24609375,4.7431640625,2.951171875,1.6298828125,1.3154296875,1.3544921875,2.1826171875,5.048828125,5.6962890625,1.43359375
AS_102,2.2490234375,2.2490234375,2.2490234375,2.2490234375,2.2490234375,4.7109375,1.775390625,1.8134765625,2.7177734375,8.6884765625,14.251953125,6.1962890625,6.1064453125,6.1064453125,6.1064453125,6.1064453125,6.1064453125,6.576171875,1.857421875,1.78515625,2.5234375,7.69921875,14.626953125,7.0166015625,6.4404296875,6.4404296875,6.4404296875,6.4404296875,6.4404296875,6.490234375,1.7109375,1.68359375,2.71875,9.076171875,13.9697265625,5.28125,3.435546875,3.435546875,3.435546875,3.435546875,3.435546875,5.365234375,1.9814453125,1.7236328125,2.302734375,7.10546875,14.697265625,4.7236328125,3.751953125,3.751953125,3.751953125,3.751953125,3.751953125,6.6455078125,1.9091796875,1.7333984375,2.5751953125,9.3486328125,11.814453125,4.01171875,4.01171875,4.01171875,4.01171875,4.01171875,4.01171875,5.216796875,1.8388671875,1.8583984375,2.482421875,8.431640625,13.5361328125,5.3076171875,5.0771484375,5.0771484375,5.0771484375,5.0771484375,5.0771484375,6.5849609375,1.7607421875,1.75,2.37109375,7.88671875,14.916015625,6.759765625,5.984375,5.984375,5.984375,5.984375,5.984375,7.10546875,1.947265625,1.77734375,2.3154296875,7.4404296875,14.572265625,4.6484375,4.111328125,4.111328125,4.111328125,4.111328125,4.103515625,4.361328125,1.828125,1.8759765625,2.3466796875,9.2412109375,14.15625,1.4736328125,1.0849609375,1.0849609375,1.0849609375,1.0849609375,1.0849609375,5.20703125,1.9111328125,1.896484375,2.21875,9.4345703125,14.537109375,6.0361328125,5.8896484375,5.8896484375,5.8896484375,5.8896484375,5.8896484375,6.375,1.8759765625,1.693359375,2.6142578125,7.1611328125,15.1669921875,4.3212890625,3.0,3.0,3.0,3.0,3.0,5.7470703125,1.7392578125,2.0634765625,2.4501953125,8.3603515625,12.9111328125,4.3837890625,2.6220703125,2.6220703125,2.6220703125,2.6220703125,2.6220703125,4.607421875,1.8388671875,1.7060546875,2.9794921875,11.009765625,13.76171875,3.337890625,3.244140625,3.244140625,3.244140625,3.244140625,3.244140625,6.2900390625,2.0009765625,1.857421875,2.380859375,7.2177734375,12.619140625,1.9736328125,1.9287109375,1.9287109375,1.9287109375,1.9287109375,1.9287109375,5.140625,1.8662109375,1.822265625,2.615234375,8.982421875,14.8974609375,2.6044921875,1.966796875,1.966796875,1.966796875,1.966796875,1.966796875,5.8212890625,2.1435546875,1.88671875,2.826171875,7.5859375,13.048828125,3.9296875,3.57421875,3.57421875,3.57421875,3.57421875,3.57421875,5.1357421875,1.9833984375,1.689453125,2.232421875,7.498046875,15.283203125,4.720703125,3.6484375,3.6484375,3.6484375,3.6484375,3.6484375,5.9970703125,1.8408203125,1.720703125,2.583984375,6.900390625,14.197265625,4.857421875,4.181640625,4.181640625,4.181640625,4.181640625,4.181640625,5.3125,1.7939453125,1.73828125,2.32421875,9.66796875,12.494140625,3.8662109375,3.7373046875,3.7373046875,3.7373046875,3.7373046875,3.7373046875,5.666015625,1.94140625,1.748046875,2.236328125,7.875,15.828125,5.0615234375,3.80859375,3.80859375,3.80859375,3.80859375,3.80859375,7.1904296875,1.93359375,1.8759765625,2.513671875,6.3544921875,15.3544921875,6.126953125
AS_1063,1.07421875,1.07421875,1.07421875,1.07421875,1.24609375,1.119140625,0.9755859375,0.970703125,1.1455078125,1.2607421875,-7.10543413386458e-15,-7.10543413386458e-15,-7.10543413386458e-15,-7.10543413386458e-15,-7.10543413386458e-15,-7.10543413386458e-15,0.048828125,1.1171875,1.0166015625,1.0341796875,1.458984375,1.662109375,-7.10543413386458e-15,-7.10543413386458e-15,-7.10543413386458e-15,-7.10543413386458e-15,-7.10543413386458e-15,-7.10543413386458e-15,0.36328125,1.0625,1.046875,1.0751953125,1.2841796875,1.701171875,0.72265625,0.72265625,0.72265625,0.72265625,0.72265625,0.72265625,0.8349609375,1.083984375,1.0751953125,1.1015625,1.453125,1.86328125,1.1748046875,1.1708984375,1.1708984375,1.1708984375,1.1708984375,1.1708984375,1.1923828125,1.1826171875,1.0244140625,1.03125,1.1318359375,1.744140625,1.109375,1.109375,1.109375,1.109375,1.109375,1.109375,1.1240234375,1.15625,1.046875,1.0908203125,1.1708984375,1.568359375,0.5419921875,0.5419921875,0.5419921875,0.5419921875,0.5419921875,0.5419921875,0.607421875,1.052734375,0.9462890625,1.0185546875,1.142578125,1.4384765625,-7.10543413386458e-15,-7.10543413386458e-15,-7.10543413386458e-15,-7.10543413386458e-15,-7.10543413386458e-15,-7.10543413386458e-15,0.083984375,1.0625,1.0546875,1.0244140625,1.2451171875,1.7587890625,0.7626953125,0.7626953125,0.7626953125,0.7626953125,0.7626953125,0.7626953125,0.880859375,1.037109375,1.0361328125,1.0439453125,1.36328125,1.8515625,1.0849609375,1.083984375,1.083984375,1.083984375,1.083984375,1.083984375,1.2392578125,1.0693359375,1.0087890625,1.0908203125,1.30859375,1.8056640625,-7.10543413386458e-15,-7.10543413386458e-15,-7.10543413386458e-15,-7.10543413386458e-15,-7.10543413386458e-15,-7.10543413386458e-15,0.0302734375,0.986328125,1.0498046875,1.0166015625,1.3876953125,1.669921875,0.966796875,0.966796875,0.966796875,0.966796875,0.966796875,0.966796875,1.0166015625,1.078125,0.978515625,1.0654296875,1.431640625,1.7626953125,0.9677734375,0.884765625,0.884765625,0.884765625,0.884765625,0.884765625,1.080078125,0.9306640625,1.0029296875,1.0087890625,1.341796875,1.6318359375,0.7138671875,0.7138671875,0.7138671875,0.7138671875,0.7138671875,0.7138671875,0.75,1.048828125,1.068359375,1.0537109375,1.345703125,1.7158203125,0.7744140625,0.7744140625,0.7744140625,0.7744140625,0.7744140625,0.7744140625,1.04296875,1.037109375,1.0068359375,1.0380859375,1.3154296875,1.58984375,-7.10543413386458e-15,-7.10543413386458e-15,-7.10543413386458e-15,-7.10543413386458e-15,-7.10543413386458e-15,-7.10543413386458e-15,0.072265625,1.115234375,1.044921875,1.009765625,1.322265625,1.5732421875,1.0810546875,1.0810546875,1.0810546875,1.0810546875,1.0810546875,1.0810546875,1.26953125,0.970703125,0.951171875,1.0498046875,1.1494140625,1.623046875,1.1005859375,1.1005859375,1.1005859375,1.1005859375,1.1005859375,1.1005859375,1.25,1.0966796875,0.974609375,1.0634765625,1.1943359375,1.66015625,0.5517578125,0.5517578125,0.5517578125,0.5517578125,0.5517578125,0.5517578125,0.6640625,1.046875,0.9404296875,1.083984375,1.5029296875,1.8935546875,0.32421875,-7.10543413386458e-15,-7.10543413386458e-15,-7.10543413386458e-15,-7.10543413386458e-15,-7.10543413386458e-15,0.259765625,1.130859375,0.9765625,1.0517578125,1.2099609375,1.8486328125,0.67578125,0.48828125,0.48828125,0.48828125,0.48828125,0.48828125,0.6591796875,1.2236328125,0.9130859375,1.0859375,1.1279296875,1.78515625,1.197265625,1.193359375
AS_1089,8.3525390625,8.3525390625,8.3525390625,8.3525390625,17.0830078125,4.34375,3.42578125,3.4169921875,4.505859375,14.732421875,25.4140625,8.2744140625,7.8427734375,7.8427734375,7.8427734375,7.8427734375,16.1064453125,4.388671875,3.7666015625,3.4091796875,6.00390625,10.3125,29.4130859375,12.63671875,9.3056640625,9.3056640625,9.3056640625,9.5830078125,16.396484375,5.3515625,3.0654296875,3.8251953125,4.8896484375,14.673828125,24.8408203125,8.861328125,8.7109375,8.7109375,8.7109375,8.75390625,17.9091796875,4.5498046875,3.541015625,4.53515625,5.431640625,11.32421875,27.337890625,7.9560546875,6.7568359375,6.7568359375,6.7568359375,7.0009765625,18.427734375,4.9453125,3.6318359375,3.7734375,6.2421875,10.4697265625,28.2470703125,13.1171875,7.548828125,7.548828125,7.548828125,7.55859375,17.2158203125,4.5107421875,3.23828125,3.1171875,5.3759765625,13.77734375,27.876953125,13.4365234375,10.0498046875,10.0498046875,10.0498046875,10.0498046875,15.3046875,5.2646484375,2.9541015625,3.3740234375,5.2900390625,10.72265625,27.3828125,11.62890625,10.0478515625,10.0478515625,10.0478515625,10.0478515625,17.064453125,5.564453125,3.1298828125,3.8583984375,5.064453125,12.560546875,27.4765625,11.587890625,9.6982421875,9.6982421875,9.6982421875,10.4296875,16.6181640625,3.6474609375,3.123046875,3.755859375,6.8466796875,9.9658203125,27.2099609375,17.2265625,14.412109375,14.412109375,14.412109375,14.4072265625,17.724609375,5.572265625,3.421875,3.998046875,6.62890625,10.0341796875,27.607421875,10.1865234375,9.7333984375,9.7333984375,9.7333984375,9.7333984375,16.32421875,6.9296875,3.3798828125,4.0869140625,5.966796875,12.923828125,28.744140625,12.99609375,12.2275390625,12.2275390625,12.2275390625,12.2275390625,17.5263671875,5.115234375,3.158203125,3.0205078125,6.0009765625,9.923828125,24.443359375,10.845703125,8.529296875,8.529296875,8.529296875,8.537109375,16.2470703125,3.8857421875,3.4716796875,3.8642578125,4.8505859375,12.4267578125,28.1669921875,8.9501953125,7.3515625,7.3515625,7.3515625,7.3515625,15.353515625,5.8359375,3.419921875,4.1513671875,6.619140625,12.033203125,28.2646484375,10.353515625,4.6767578125,4.6767578125,4.6767578125,5.369140625,17.966796875,3.662109375,4.208984375,2.8359375,5.375,11.767578125,29.23046875,15.939453125,13.29296875,13.29296875,13.29296875,13.212890625,19.9541015625,5.037109375,3.27734375,3.61328125,4.8642578125,12.599609375,27.59765625,11.333984375,9.728515625,9.728515625,9.728515625,9.6650390625,18.2099609375,4.263671875,3.2060546875,3.6064453125,5.1748046875,13.943359375,25.2060546875,8.14453125,7.630859375,7.630859375,7.630859375,7.8115234375,17.63671875,4.83984375,3.21875,4.3828125,6.40234375,12.26953125,28.0810546875,12.576171875,12.18359375,12.18359375,12.18359375,11.8544921875,17.7646484375,4.7333984375,3.328125,3.4013671875,5.576171875,11.2265625,28.1982421875,12.4169921875,7.44140625,7.44140625,7.44140625,7.7763671875,19.0595703125,5.513671875,2.8017578125,3.9853515625,5.298828125,11.626953125,28.732421875,14.0048828125,12.23828125,12.23828125,12.23828125,12.2099609375,17.0537109375,5.5107421875,2.880859375,3.8466796875,5.4453125,12.4853515625,29.12109375,11.91796875
AS_1119,3.48046875,3.693359375,3.12109375,2.734375,2.59375,2.6220703125,2.552734375,2.5146484375,2.5625,2.5908203125,2.7373046875,3.4130859375,3.96875,3.61328125,3.0244140625,2.7373046875,2.638671875,2.4130859375,2.416015625,2.5458984375,2.5419921875,2.5703125,2.6474609375,3.4892578125,3.6962890625,3.35546875,2.849609375,2.7373046875,2.609375,2.599609375,2.484375,2.4658203125,2.556640625,2.666015625,2.921875,3.6142578125,3.9384765625,3.36328125,3.0126953125,2.8037109375,2.6005859375,2.5751953125,2.55859375,2.384765625,2.5517578125,2.640625,2.6728515625,3.255859375,3.7744140625,3.3740234375,3.1220703125,2.6748046875,2.6572265625,2.6015625,2.4833984375,2.5771484375,2.57421875,2.6318359375,2.611328125,3.234375,3.8349609375,3.466796875,2.9501953125,2.7001953125,2.6845703125,2.4111328125,2.322265625,2.525390625,2.4990234375,2.5732421875,2.6591796875,3.5888671875,3.83203125,3.4365234375,2.982421875,2.7646484375,2.638671875,2.4833984375,2.50390625,2.34765625,2.58984375,2.607421875,2.6572265625,3.00390625,3.50390625,3.30859375,3.287109375,2.8662109375,2.63671875,2.5615234375,2.5380859375,2.521484375,2.6123046875,2.625,2.99609375,3.6630859375,3.7822265625,3.814453125,2.9130859375,2.775390625,2.646484375,2.5615234375,2.208984375,2.48046875,2.478515625,2.5673828125,2.7373046875,3.0458984375,3.6123046875,3.5556640625,3.17578125,2.6005859375,2.640625,2.544921875,2.5771484375,2.5556640625,2.572265625,2.6484375,2.7822265625,3.3701171875,3.6806640625,3.4853515625,2.970703125,2.7890625,2.623046875,2.068359375,2.1728515625,2.4404296875,2.541015625,2.654296875,2.638671875,3.21484375,3.9345703125,3.2958984375,3.0048828125,2.7705078125,2.6591796875,2.49609375,2.4921875,2.501953125,2.580078125,2.5732421875,2.6103515625,3.31640625,3.9775390625,3.71484375,3.080078125,2.7724609375,2.6103515625,2.6005859375,2.390625,2.416015625,2.5693359375,2.6337890625,2.771484375,3.55078125,3.9267578125,3.7587890625,3.0224609375,2.8583984375,2.6357421875,2.5166015625,2.4443359375,2.4541015625,2.560546875,2.625,2.7666015625,3.54296875,3.837890625,3.6513671875,3.166015625,2.7158203125,2.580078125,2.5361328125,2.45703125,2.50390625,2.572265625,2.5869140625,2.6630859375,3.7001953125,3.8125,3.666015625,3.005859375,2.7705078125,2.6025390625,2.5283203125,2.4189453125,2.4716796875,2.57421875,2.6142578125,2.6826171875,3.009765625,3.673828125,3.40234375,2.9111328125,2.72265625,2.6240234375,2.5625,2.521484375,2.568359375,2.3701171875,2.568359375,2.673828125,3.279296875,3.8046875,3.7197265625,3.130859375,2.8349609375,2.6005859375,2.4921875,2.0361328125,2.0146484375,2.583984375,2.6728515625,3.01171875,3.7587890625,3.6162109375,3.609375,3.0048828125,2.7041015625,2.6123046875,2.576171875,2.5791015625,2.494140625,2.5986328125,2.6044921875,2.630859375,3.4404296875,3.8349609375,3.400390625,2.8603515625,2.7578125,2.580078125,2.583984375,2.49609375,2.5009765625,2.4931640625,2.630859375,2.67578125,3.009765625,3.6572265625,3.2666015625,2.8779296875,2.8408203125,2.6142578125,2.5234375,2.568359375,2.5009765625,2.62109375,2.626953125,2.701171875,3.306640625
AS_115,1.6005859375,1.140625,1.7080078125,1.548828125,1.2099609375,1.1044921875,1.04296875,1.7431640625,1.6611328125,1.4609375,1.861328125,1.91015625,1.9892578125,1.8603515625,1.6767578125,1.6015625,0.9541015625,1.001953125,0.8115234375,1.1845703125,1.771484375,1.73828125,1.83984375,1.9833984375,1.8349609375,1.875,1.2177734375,1.00390625,0.8076171875,0.779296875,0.7705078125,0.8310546875,1.068359375,1.7802734375,1.79296875,1.8037109375,1.091796875,1.68359375,1.47265625,1.4052734375,1.2236328125,1.0048828125,0.875,1.263671875,1.74609375,1.6181640625,1.859375,1.9853515625,1.884765625,1.703125,1.556640625,1.224609375,1.267578125,1.0654296875,0.8896484375,1.2294921875,1.3916015625,1.55859375,1.80859375,1.912109375,0.39453125,1.978515625,1.685546875,0.9619140625,1.021484375,0.7548828125,0.796875,0.908203125,1.1708984375,1.7236328125,1.634765625,1.5771484375,1.759765625,1.9287109375,1.5,1.58203125,1.4921875,0.951171875,1.03125,1.314453125,1.5654296875,1.3583984375,1.8056640625,1.943359375,1.9716796875,1.5400390625,1.4833984375,1.3291015625,1.353515625,1.669921875,1.3427734375,1.578125,1.5595703125,1.6142578125,1.8525390625,1.9296875,1.9755859375,1.9375,1.583984375,1.4033203125,1.1650390625,1.32421875,1.5673828125,1.509765625,1.755859375,1.5595703125,1.69140625,1.9609375,1.974609375,1.65625,1.654296875,1.0712890625,0.8359375,0.7568359375,0.796875,0.9208984375,1.537109375,1.5087890625,1.767578125,1.90234375,1.5849609375,1.82421875,1.884765625,1.8134765625,1.037109375,0.837890625,0.806640625,0.84765625,1.34765625,1.7255859375,1.814453125,1.9013671875,-7.10543413386458e-15,0.736328125,1.7587890625,1.1953125,0.9619140625,0.865234375,0.908203125,1.177734375,1.517578125,1.703125,1.609375,1.98828125,1.9541015625,1.94921875,1.7607421875,1.4892578125,1.1494140625,1.2021484375,1.2158203125,1.33203125,1.58203125,1.671875,1.9609375,1.9951171875,0.61328125,1.8017578125,1.828125,1.52734375,0.9462890625,0.8515625,0.8486328125,0.8544921875,1.15234375,1.6943359375,1.9150390625,1.9267578125,1.962890625,1.873046875,1.6298828125,1.5673828125,1.31640625,1.30078125,1.0615234375,1.34765625,1.4990234375,1.779296875,1.794921875,1.9873046875,1.966796875,1.876953125,1.5244140625,1.39453125,1.390625,1.744140625,1.271484375,1.375,1.7685546875,1.6240234375,1.80078125,1.9423828125,1.44140625,1.3720703125,1.5078125,1.1669921875,1.349609375,1.18359375,0.998046875,1.0693359375,1.6630859375,1.6806640625,1.7119140625,1.9091796875,1.9794921875,1.748046875,1.720703125,1.19140625,0.921875,0.8447265625,0.7666015625,0.9384765625,1.46875,1.63671875,1.8388671875,1.9384765625,1.9091796875,1.6455078125,1.3916015625,1.431640625,1.2861328125,0.93359375,0.876953125,1.041015625,1.572265625,1.744140625,1.8310546875,1.810546875,1.9892578125,1.8291015625,1.091796875,0.8701171875,0.7587890625,0.732421875,0.734375,0.828125,0.8896484375,1.3525390625,1.7890625,1.9228515625,1.978515625,1.6826171875,1.8173828125,1.2939453125,0.890625,0.8095703125,0.8251953125,0.775390625,1.0244140625,1.724609375,1.8994140625,1.9150390625
AS_1152,3.228515625,3.228515625,3.228515625,3.228515625,4.453125,4.8408203125,2.748046875,2.494140625,4.248046875,9.71875,2.81640625,2.802734375,2.802734375,2.802734375,2.802734375,2.802734375,2.904296875,6.208984375,2.78515625,2.6337890625,4.4091796875,12.677734375,4.9892578125,3.9599609375,3.9609375,3.9609375,3.9609375,3.9609375,4.5712890625,5.919921875,2.3544921875,2.376953125,3.77734375,12.3046875,3.556640625,3.4150390625,3.4150390625,3.4150390625,3.4150390625,3.4150390625,3.84375,5.5234375,2.5947265625,3.4208984375,4.18359375,12.2626953125,6.408203125,5.2421875,5.2421875,5.2421875,5.2421875,5.2421875,5.490234375,5.798828125,2.6220703125,3.34765625,4.8515625,10.8896484375,5.533203125,4.326171875,4.326171875,4.326171875,4.326171875,4.326171875,4.337890625,6.8212890625,2.7177734375,2.6748046875,4.5068359375,11.470703125,5.0625,2.3857421875,2.3857421875,2.3857421875,2.3857421875,2.3857421875,2.3857421875,6.3564453125,2.38671875,2.7587890625,4.5498046875,11.3427734375,4.955078125,2.2587890625,2.2587890625,2.2587890625,2.2587890625,2.2587890625,5.9765625,4.65625,2.6376953125,2.541015625,3.7294921875,11.44140625,4.5791015625,4.24609375,4.24609375,4.24609375,4.24609375,4.24609375,4.986328125,5.98828125,2.4541015625,2.970703125,4.6611328125,11.6064453125,4.404296875,2.484375,2.484375,2.484375,2.484375,2.484375,5.3720703125,5.1298828125,2.7255859375,2.865234375,4.9345703125,9.802734375,5.21875,5.10546875,5.10546875,5.10546875,5.10546875,5.10546875,5.10546875,7.5888671875,2.548828125,3.0478515625,5.0439453125,12.181640625,6.67578125,5.5166015625,5.5166015625,5.5166015625,5.5166015625,5.5166015625,5.67578125,5.1630859375,3.1103515625,2.44140625,4.8310546875,9.775390625,6.373046875,3.037109375,3.037109375,3.037109375,3.037109375,3.037109375,3.326171875,6.8662109375,2.53125,3.1298828125,3.884765625,10.6220703125,3.326171875,2.587890625,2.587890625,2.587890625,2.587890625,2.587890625,2.6982421875,6.6103515625,2.5673828125,2.9990234375,5.9775390625,11.8056640625,6.1455078125,5.4833984375,5.4833984375,5.4833984375,5.4833984375,5.4833984375,6.306640625,5.4443359375,2.505859375,2.76953125,5.5537109375,11.60546875,4.0751953125,4.021484375,4.021484375,4.021484375,4.021484375,4.021484375,5.435546875,6.201171875,2.8564453125,3.0703125,4.65234375,12.4599609375,3.6328125,1.5615234375,1.5615234375,1.5615234375,1.5615234375,1.5615234375,2.279296875,6.1611328125,2.203125,2.5048828125,3.818359375,11.2490234375,3.5244140625,3.5244140625,3.5244140625,3.5244140625,3.5244140625,3.5244140625,4.8271484375,5.1669921875,2.720703125,3.376953125,5.4140625,12.8427734375,4.7734375,4.0869140625,4.0869140625,4.0869140625,4.0869140625,4.0869140625,5.64453125,5.474609375,3.1376953125,2.37890625,6.005859375,12.685546875,5.130859375,3.2880859375,3.2880859375,3.2880859375,3.2880859375,3.2880859375,3.7978515625,6.08984375,2.5498046875,2.5283203125,3.9072265625,11.3447265625,6.4423828125,5.66796875,5.66796875,5.66796875,5.66796875,5.66796875,7.216796875,5.171875,2.6611328125,3.2265625,4.119140625,13.271484375,4.169921875,3.548828125
AS_1155,2.251953125,2.251953125,2.251953125,2.251953125,6.35546875,3.60546875,2.2783203125,2.8134765625,3.212890625,7.1337890625,12.1943359375,2.130859375,2.1005859375,2.1005859375,2.1005859375,2.1005859375,7.2705078125,3.759765625,2.7099609375,2.162109375,3.140625,5.5673828125,14.396484375,3.4560546875,2.3583984375,2.3583984375,2.3583984375,2.3583984375,8.1845703125,3.1611328125,2.2724609375,2.3642578125,2.7685546875,8.5078125,12.1708984375,1.7734375,1.5126953125,1.5126953125,1.5126953125,1.5126953125,8.27734375,3.140625,2.8525390625,3.0712890625,3.171875,5.693359375,13.8876953125,1.869140625,1.716796875,1.716796875,1.716796875,1.716796875,8.4853515625,3.5146484375,2.6787109375,3.0908203125,3.91796875,7.3056640625,11.8291015625,1.0576171875,1.01171875,1.01171875,1.01171875,1.01171875,8.2158203125,3.02734375,2.185546875,2.6240234375,2.9677734375,7.564453125,12.908203125,1.865234375,1.7509765625,1.7509765625,1.7509765625,1.7509765625,7.375,3.056640625,2.1552734375,2.3798828125,3.693359375,5.4619140625,14.9462890625,1.7998046875,0.7802734375,0.7802734375,0.7802734375,0.7802734375,7.8994140625,2.8310546875,2.8310546875,2.1025390625,2.9501953125,6.1982421875,12.6171875,1.3486328125,1.09765625,1.09765625,1.09765625,1.09765625,6.3212890625,2.9609375,2.58203125,2.8935546875,3.0556640625,6.0078125,14.072265625,5.3720703125,4.8837890625,4.8837890625,4.8837890625,4.91796875,9.583984375,2.9892578125,2.44921875,2.4765625,2.908203125,7.0908203125,11.65234375,1.89453125,1.8369140625,1.8369140625,1.8369140625,1.8369140625,7.9560546875,2.64453125,2.37109375,2.869140625,3.201171875,6.5166015625,12.45703125,0.923828125,0.732421875,0.732421875,0.732421875,0.732421875,7.591796875,3.08203125,2.7646484375,2.4951171875,3.904296875,6.1943359375,14.8125,2.619140625,1.18359375,1.18359375,1.18359375,1.18359375,6.703125,2.7841796875,2.279296875,2.1142578125,3.8037109375,8.86328125,11.0283203125,2.0751953125,2.0380859375,2.0380859375,2.0380859375,2.0380859375,7.1064453125,3.7978515625,2.470703125,2.6865234375,3.54296875,5.7412109375,11.7958984375,1.201171875,1.06640625,1.06640625,1.06640625,1.06640625,8.3837890625,3.138671875,2.6123046875,2.91796875,2.9970703125,5.451171875,14.3046875,2.671875,2.3017578125,2.3017578125,2.3017578125,2.3017578125,7.955078125,3.5126953125,2.4931640625,2.580078125,3.330078125,5.9501953125,14.2880859375,1.9990234375,0.9677734375,0.9677734375,0.9677734375,0.9677734375,8.892578125,3.501953125,2.6337890625,2.0283203125,2.5546875,6.228515625,14.2109375,1.306640625,0.97265625,0.97265625,0.97265625,0.97265625,8.1845703125,3.298828125,1.9892578125,2.5478515625,2.9453125,5.375,13.3896484375,1.1513671875,0.919921875,0.919921875,0.919921875,0.919921875,8.435546875,2.6953125,2.359375,1.79296875,3.4462890625,6.5947265625,11.1337890625,1.890625,1.8515625,1.8515625,1.8515625,1.8515625,7.849609375,2.896484375,2.85546875,2.40234375,2.5380859375,6.3173828125,13.7314453125,2.173828125,1.8359375,1.8359375,1.8359375,1.8359375,8.6005859375,3.015625,2.07421875,2.8828125,3.419921875,6.3740234375,13.544921875,3.095703125
AS_1160,0.837890625,0.837890625,0.837890625,0.837890625,1.859375,1.8837890625,1.7998046875,1.876953125,2.4091796875,2.6259765625,0.6015625,0.5830078125,0.5830078125,0.5830078125,0.5830078125,0.5830078125,1.65625,1.9130859375,1.84765625,1.8447265625,1.9951171875,2.0419921875,0.748046875,0.748046875,0.748046875,0.748046875,0.748046875,0.748046875,1.2978515625,2.0927734375,1.736328125,1.921875,2.0654296875,2.056640625,1.0556640625,1.0126953125,1.0126953125,1.0126953125,1.0126953125,1.0126953125,1.7099609375,2.103515625,1.798828125,1.763671875,2.046875,2.4228515625,1.08984375,1.0263671875,1.0263671875,1.0263671875,1.0263671875,1.0263671875,1.4990234375,2.283203125,1.6279296875,1.892578125,2.1435546875,2.271484375,0.8251953125,0.8251953125,0.8251953125,0.8251953125,0.8251953125,0.8251953125,1.828125,1.943359375,1.60546875,1.83984375,2.009765625,2.427734375,1.0654296875,0.779296875,0.779296875,0.779296875,0.779296875,0.779296875,1.0078125,2.0732421875,1.8955078125,1.8486328125,2.1005859375,2.6279296875,0.8701171875,0.7529296875,0.7529296875,0.7529296875,0.7529296875,0.7529296875,2.10546875,2.1201171875,1.818359375,1.771484375,1.9921875,3.0517578125,1.2509765625,0.7138671875,0.7138671875,0.7138671875,0.7138671875,0.7138671875,1.4814453125,2.203125,1.810546875,1.8623046875,2.2548828125,3.103515625,1.0947265625,0.556640625,0.556640625,0.556640625,0.556640625,0.556640625,1.4150390625,2.0478515625,1.8154296875,1.7734375,1.94921875,2.5947265625,0.7421875,0.6630859375,0.6630859375,0.6630859375,0.6630859375,0.6630859375,1.572265625,2.0830078125,1.8203125,1.845703125,2.0849609375,3.1787109375,1.6318359375,1.1669921875,1.1669921875,1.1669921875,1.1669921875,1.1669921875,2.4384765625,1.9970703125,1.8046875,1.87890625,1.9560546875,2.5009765625,0.4384765625,-7.10543413386458e-15,-7.10543413386458e-15,-7.10543413386458e-15,-7.10543413386458e-15,-7.10543413386458e-15,1.5869140625,1.744140625,1.724609375,1.810546875,1.9677734375,2.865234375,0.865234375,0.7548828125,0.7548828125,0.7548828125,0.7548828125,0.7548828125,1.4150390625,2.0888671875,1.7587890625,1.83203125,1.9560546875,2.1220703125,1.36328125,0.802734375,0.802734375,0.802734375,0.802734375,0.802734375,1.8076171875,2.0546875,1.8720703125,1.7880859375,2.1591796875,1.8798828125,0.705078125,0.705078125,0.705078125,0.705078125,0.705078125,0.705078125,1.9150390625,1.744140625,1.8955078125,1.9130859375,2.0771484375,1.6787109375,0.345703125,0.345703125,0.345703125,0.345703125,0.345703125,0.345703125,1.84375,1.8193359375,1.7861328125,1.7998046875,1.9228515625,2.0302734375,0.775390625,0.7646484375,0.7646484375,0.7646484375,0.7646484375,0.7646484375,1.8544921875,2.0185546875,1.7861328125,1.814453125,2.130859375,2.5849609375,0.8876953125,0.8603515625,0.8603515625,0.8603515625,0.8603515625,0.8603515625,1.2509765625,2.162109375,1.7890625,1.845703125,1.9072265625,2.623046875,1.1328125,0.892578125,0.892578125,0.892578125,0.892578125,0.892578125,1.76953125,2.193359375,1.8125,1.8642578125,2.1923828125,2.58984375,0.78125,0.7314453125,0.7314453125,0.7314453125,0.7314453125,0.9638671875,2.423828125,1.8671875,1.7666015625,1.796875,1.966796875,2.6767578125,1.3125,1.013671875
AS_1176,1.97265625,1.837890625,1.7412109375,1.19921875,1.197265625,1.201171875,1.150390625,1.3564453125,1.55078125,1.6484375,1.623046875,1.89453125,1.708984375,1.8203125,1.53515625,1.3486328125,1.2216796875,1.2685546875,1.2685546875,1.3291015625,1.5458984375,1.828125,1.779296875,1.9921875,1.5732421875,1.52734375,1.708984375,1.5029296875,1.333984375,1.298828125,1.255859375,1.453125,1.705078125,1.7265625,1.8330078125,1.9013671875,1.8994140625,1.966796875,1.822265625,1.3544921875,1.185546875,1.220703125,1.2333984375,1.275390625,1.681640625,1.7724609375,1.6640625,1.9072265625,1.8994140625,1.7958984375,1.716796875,1.4326171875,1.279296875,1.2001953125,1.3271484375,1.2275390625,1.6376953125,1.5595703125,1.7392578125,1.724609375,1.8896484375,1.7421875,1.513671875,1.4306640625,1.23828125,1.2998046875,1.244140625,1.25390625,1.7841796875,1.8291015625,1.873046875,1.7900390625,1.80078125,1.6962890625,1.564453125,1.3251953125,1.2958984375,1.2158203125,1.3642578125,1.1962890625,1.58203125,1.5615234375,1.701171875,1.892578125,1.705078125,1.7158203125,1.6083984375,1.6005859375,1.2783203125,1.2568359375,1.38671875,1.6708984375,1.7294921875,1.6962890625,1.888671875,1.921875,1.927734375,1.75,1.3125,1.17578125,1.1337890625,1.140625,1.2548828125,1.2802734375,1.443359375,1.759765625,1.771484375,1.716796875,1.83984375,1.6220703125,1.3642578125,1.2685546875,1.12109375,1.169921875,1.2646484375,1.3515625,1.4736328125,1.61328125,1.6845703125,1.9150390625,1.8740234375,1.5771484375,1.373046875,1.265625,1.150390625,1.181640625,1.2578125,1.205078125,1.3408203125,1.49609375,1.55859375,1.7734375,1.7041015625,1.732421875,1.5771484375,1.4287109375,1.1162109375,1.1123046875,1.2109375,1.3193359375,1.3544921875,1.783203125,1.955078125,1.7763671875,1.9775390625,1.6953125,1.5859375,1.25390625,1.1572265625,1.22265625,1.2607421875,1.2958984375,1.38671875,1.7353515625,1.845703125,1.8623046875,1.8740234375,1.73828125,1.4404296875,1.216796875,1.046875,1.248046875,1.3291015625,1.3349609375,1.4013671875,1.6337890625,1.7822265625,1.9228515625,1.3896484375,1.4521484375,1.37109375,1.203125,1.2041015625,1.1826171875,1.2255859375,1.2333984375,1.3896484375,1.8251953125,1.5869140625,1.6669921875,1.7265625,1.775390625,1.310546875,1.2373046875,1.1396484375,1.2236328125,1.23828125,1.2626953125,1.2021484375,1.802734375,1.78515625,1.9169921875,1.9248046875,1.4833984375,1.4296875,1.126953125,1.2294921875,1.107421875,1.3056640625,1.353515625,1.546875,1.7490234375,1.7412109375,1.966796875,1.96484375,1.73828125,1.322265625,1.197265625,1.1494140625,1.1640625,1.2314453125,1.30859375,1.232421875,1.7529296875,1.78125,1.8681640625,1.8271484375,1.4912109375,1.4970703125,1.2197265625,1.19140625,1.19140625,1.263671875,1.3818359375,1.623046875,1.8359375,1.86328125,1.8310546875,1.7939453125,1.630859375,1.66796875,1.3955078125,1.142578125,1.2734375,1.29296875,1.40234375,1.541015625,1.7001953125,1.705078125,1.890625,1.8994140625,1.783203125,1.697265625,1.5712890625,1.2255859375,1.126953125,1.359375,1.3642578125,1.6484375,1.62109375,1.9423828125,1.7041015625
AS_1182,2.544921875,2.544921875,2.544921875,2.544921875,2.544921875,3.9794921875,24.724609375,23.2568359375,22.908203125,17.4853515625,16.8818359375,16.8818359375,16.8818359375,16.8818359375,16.8818359375,16.8818359375,16.8818359375,16.8818359375,22.205078125,15.9072265625,21.9091796875,13.419921875,13.01953125,13.01953125,13.01953125,13.01953125,13.01953125,13.01953125,13.01953125,13.01953125,22.48046875,14.9609375,24.134765625,7.09765625,6.005859375,6.005859375,6.005859375,6.005859375,6.005859375,6.005859375,6.005859375,6.005859375,18.2919921875,16.802734375,23.9228515625,15.4443359375,9.658203125,9.658203125,9.658203125,9.658203125,9.658203125,9.658203125,9.658203125,9.658203125,17.5673828125,24.875,24.65625,8.505859375,6.689453125,6.689453125,6.689453125,6.689453125,6.689453125,6.689453125,6.689453125,9.7939453125,18.8212890625,13.759765625,21.2236328125,16.935546875,17.986328125,17.986328125,17.986328125,17.986328125,17.986328125,17.986328125,17.986328125,17.986328125,23.6279296875,24.6875,24.8115234375,15.7724609375,15.0107421875,15.0107421875,15.0107421875,15.0107421875,15.0107421875,15.0107421875,15.0107421875,17.626953125,22.6357421875,13.33984375,20.876953125,12.1923828125,3.8896484375,3.8896484375,3.8896484375,3.8896484375,3.8896484375,3.8896484375,3.8896484375,3.8896484375,18.064453125,12.6083984375,20.505859375,13.23828125,8.423828125,8.423828125,8.423828125,8.423828125,8.423828125,8.423828125,8.423828125,8.423828125,21.728515625,19.52734375,22.4404296875,14.076171875,11.5302734375,11.5302734375,11.5302734375,11.5302734375,11.5302734375,11.5302734375,11.5302734375,11.54296875,18.9033203125,15.1318359375,18.1630859375,15.509765625,13.875,13.875,13.875,13.875,13.875,13.875,13.875,15.458984375,18.9599609375,15.7626953125,23.1142578125,12.0908203125,8.2919921875,8.2919921875,8.2919921875,8.2919921875,8.2919921875,8.2919921875,8.2919921875,10.322265625,22.7900390625,17.62890625,24.634765625,14.55859375,11.3125,11.3125,11.3125,11.3125,11.3125,11.3125,11.3125,11.3125,22.41015625,20.1025390625,23.9267578125,10.072265625,8.5341796875,8.5341796875,8.5341796875,8.5341796875,8.5341796875,8.5341796875,8.5341796875,8.5341796875,19.982421875,12.31640625,17.416015625,15.287109375,7.8515625,7.8515625,7.8515625,7.8515625,7.8515625,7.8515625,7.8515625,7.8515625,22.345703125,24.7021484375,24.767578125,15.6923828125,15.0693359375,15.0693359375,15.0693359375,15.0693359375,15.0693359375,15.0693359375,15.0693359375,15.28125,23.5068359375,15.80078125,20.201171875,17.39453125,11.8828125,11.8828125,11.8828125,11.8828125,11.8828125,11.8828125,11.8828125,11.8828125,22.8583984375,21.6572265625,23.7099609375,9.900390625,4.90234375,4.90234375,4.90234375,4.90234375,4.90234375,4.90234375,4.90234375,4.90234375,22.302734375,23.546875,24.1513671875,20.099609375,15.103515625,15.103515625,15.103515625,15.103515625,15.103515625,15.103515625,15.103515625,16.7900390625,22.2255859375,12.662109375,17.1240234375,13.580078125,11.5517578125,11.5517578125,11.5517578125,11.5517578125,11.5517578125,11.5517578125,11.5517578125,16.4970703125,22.62109375,19.3671875,24.8583984375,17.3701171875,12.4482421875,12.4482421875
AS_1207,2.1474609375,2.111328125,2.0830078125,2.05859375,2.12109375,2.1484375,2.15234375,2.154296875,2.0869140625,2.1376953125,2.1533203125,2.146484375,2.1083984375,2.0126953125,2.119140625,2.0625,2.146484375,2.13671875,2.1533203125,2.1552734375,2.1328125,2.1171875,2.1474609375,2.138671875,2.1552734375,2.15234375,2.12109375,2.1279296875,2.1484375,2.150390625,2.1552734375,2.1513671875,2.1259765625,2.0625,2.0927734375,2.1455078125,2.1259765625,2.1474609375,2.1357421875,2.087890625,2.1474609375,2.111328125,2.123046875,2.1484375,2.1552734375,2.1064453125,2.119140625,2.150390625,2.154296875,2.1337890625,2.1123046875,2.1005859375,2.1220703125,2.14453125,2.134765625,2.1552734375,2.12109375,2.1181640625,2.1533203125,2.154296875,2.125,2.1123046875,2.099609375,2.10546875,2.140625,2.1552734375,2.140625,2.1328125,2.1328125,2.09375,2.0556640625,2.1484375,2.1220703125,2.1435546875,2.119140625,2.0810546875,2.087890625,2.14453125,2.1552734375,2.1552734375,2.1181640625,2.0771484375,2.1396484375,2.1552734375,2.1298828125,2.1484375,2.0888671875,2.0908203125,2.1513671875,2.09375,2.1240234375,2.1494140625,2.1123046875,2.0908203125,2.099609375,2.1298828125,2.1328125,2.15234375,2.091796875,2.0986328125,2.150390625,2.150390625,2.1552734375,2.150390625,2.1484375,2.0810546875,2.13671875,2.1552734375,2.119140625,2.0361328125,1.9716796875,2.017578125,1.9912109375,2.0576171875,2.0517578125,2.05859375,2.064453125,2.0439453125,2.1103515625,2.1533203125,2.1357421875,2.1083984375,2.1005859375,2.107421875,2.0888671875,2.1376953125,2.1416015625,2.146484375,2.103515625,2.1318359375,2.0849609375,2.1123046875,2.125,2.0966796875,2.1279296875,1.6953125,1.9697265625,2.0517578125,2.0517578125,2.03515625,2.0625,2.1416015625,2.140625,2.1484375,2.0810546875,2.0185546875,1.962890625,2.0078125,2.1064453125,2.1533203125,2.1484375,2.1484375,2.1103515625,2.1162109375,2.1162109375,2.1318359375,2.111328125,2.142578125,2.0537109375,2.033203125,2.0732421875,2.1435546875,2.1494140625,2.1494140625,2.1259765625,2.1484375,2.1015625,2.154296875,2.1201171875,2.0078125,2.1376953125,2.0576171875,2.0732421875,2.1513671875,2.1552734375,2.126953125,1.94921875,1.943359375,2.08984375,2.134765625,2.0693359375,2.1455078125,2.115234375,2.083984375,2.1396484375,2.123046875,2.0751953125,2.0732421875,2.1103515625,2.109375,2.1435546875,2.1357421875,2.1357421875,2.1416015625,2.140625,2.0615234375,2.12109375,2.111328125,2.11328125,2.1552734375,2.150390625,2.1083984375,2.140625,2.142578125,2.07421875,2.1025390625,2.052734375,2.109375,2.087890625,2.1279296875,2.1513671875,2.15234375,2.150390625,2.009765625,2.1181640625,2.1357421875,2.1181640625,2.103515625,2.12109375,2.115234375,2.033203125,2.1494140625,2.1552734375,2.1552734375,1.990234375,1.98046875,2.142578125,2.109375,2.130859375,2.1220703125,2.068359375,2.08203125,2.1396484375,2.134765625,2.1298828125,2.138671875,2.1298828125,2.1103515625,2.1201171875,2.1552734375,2.1337890625,2.15234375,2.1318359375,2.1376953125,2.08203125,2.1171875,2.0478515625,2.109375,2.07421875,2.072265625,2.1396484375,2.13671875
AS_1256,2.65625,2.517578125,3.642578125,2.6826171875,2.4453125,2.294921875,2.2734375,2.44140625,2.353515625,2.466796875,2.4345703125,3.2412109375,3.74609375,3.7646484375,3.30078125,2.7060546875,2.4189453125,2.453125,2.41796875,2.40234375,2.3828125,2.552734375,2.955078125,3.5009765625,1.880859375,3.6279296875,3.3359375,2.8291015625,2.49609375,2.3720703125,2.2900390625,2.3291015625,2.2919921875,2.330078125,2.4619140625,2.7783203125,3.7548828125,3.080078125,3.05859375,3.416015625,2.3857421875,2.4345703125,2.4072265625,2.4423828125,2.4287109375,2.5400390625,2.509765625,3.4072265625,3.08984375,2.404296875,3.6220703125,2.853515625,2.5302734375,2.34765625,2.44921875,2.3359375,2.447265625,2.3974609375,2.5390625,3.533203125,3.7587890625,3.5771484375,3.662109375,3.0595703125,2.4482421875,2.4443359375,2.30859375,2.3544921875,2.3896484375,2.5302734375,2.9541015625,3.140625,3.1064453125,1.509765625,3.6572265625,2.806640625,2.5615234375,2.4140625,2.541015625,2.345703125,2.392578125,2.388671875,2.689453125,3.2109375,3.73046875,3.732421875,3.732421875,3.201171875,2.3662109375,2.2939453125,2.4638671875,2.41796875,2.4296875,2.4111328125,2.8994140625,3.7314453125,2.90234375,2.5927734375,3.705078125,2.927734375,2.42578125,2.4208984375,2.4404296875,2.47265625,2.40234375,2.533203125,2.6025390625,3.236328125,3.6748046875,3.765625,3.470703125,2.666015625,2.4580078125,2.3544921875,2.4189453125,2.5068359375,2.4091796875,2.34375,2.44140625,3.1318359375,3.3525390625,3.4931640625,3.14453125,2.638671875,2.35546875,2.2646484375,2.3525390625,2.3388671875,2.3857421875,2.349609375,2.494140625,3.02734375,3.7392578125,3.748046875,3.583984375,3.150390625,2.52734375,2.357421875,2.3525390625,2.484375,2.466796875,2.58203125,3.318359375,3.7509765625,3.0546875,1.0615234375,3.025390625,3.0830078125,2.3603515625,2.3701171875,2.4326171875,2.4345703125,2.3701171875,2.3974609375,2.541015625,3.40234375,3.431640625,3.568359375,3.2880859375,2.6337890625,2.365234375,2.369140625,2.517578125,2.4892578125,2.427734375,2.421875,2.5458984375,2.55078125,3.736328125,3.54296875,3.1171875,2.5634765625,2.462890625,2.306640625,2.3388671875,2.349609375,2.3115234375,2.4287109375,2.54296875,2.9052734375,2.8837890625,3.5146484375,3.216796875,2.916015625,2.3935546875,2.373046875,2.408203125,2.369140625,2.2373046875,2.34375,2.5986328125,3.2548828125,2.875,3.50390625,3.0751953125,2.5087890625,2.451171875,2.328125,2.4677734375,2.4267578125,2.4404296875,2.4853515625,2.7880859375,3.5419921875,1.2509765625,2.6787109375,3.4912109375,2.7060546875,2.478515625,2.259765625,2.3447265625,2.4521484375,2.3359375,2.4091796875,2.5830078125,3.310546875,3.7001953125,3.7177734375,3.2158203125,2.43359375,2.3359375,2.2880859375,2.30859375,2.4384765625,2.3720703125,2.4482421875,2.6044921875,3.5458984375,3.6953125,3.76953125,3.48046875,2.7841796875,2.3525390625,2.3740234375,2.4033203125,2.462890625,2.458984375,2.38671875,2.3955078125,3.0361328125,3.7373046875,3.7275390625,3.357421875,2.8369140625,2.361328125,2.2841796875,2.4521484375,2.419921875,2.3974609375,2.2578125,2.70703125,3.0810546875
AS_1261,26.41015625,17.0703125,11.1611328125,7.056640625,10.29296875,8.23046875,14.015625,14.68359375,13.9912109375,12.0625,12.841796875,16.5224609375,19.85546875,20.67578125,13.0078125,7.8603515625,9.7744140625,12.068359375,19.822265625,23.4072265625,15.4033203125,15.9638671875,20.859375,36.9970703125,28.4755859375,31.9072265625,22.5703125,10.3662109375,10.6015625,9.2451171875,17.724609375,17.845703125,17.8701171875,12.9677734375,13.13671875,16.6513671875,30.173828125,37.8603515625,24.974609375,10.7578125,11.427734375,10.46875,12.1455078125,13.6875,17.974609375,17.306640625,13.3466796875,32.05859375,27.0556640625,25.970703125,17.8203125,11.3212890625,10.65234375,18.1552734375,11.583984375,23.5537109375,11.0283203125,21.98828125,14.30078125,18.9609375,33.404296875,28.3798828125,18.830078125,11.87109375,7.3857421875,8.9169921875,13.08984375,15.7265625,16.7587890625,12.298828125,11.607421875,16.7265625,23.4189453125,24.4423828125,13.5068359375,9.5859375,8.25390625,9.640625,18.8369140625,21.2041015625,17.4462890625,28.2236328125,11.2763671875,14.6298828125,31.705078125,26.8583984375,16.869140625,10.978515625,9.4228515625,6.4423828125,10.5322265625,13.783203125,16.0,14.1689453125,17.3076171875,18.2109375,24.208984375,19.7265625,13.3828125,9.302734375,15.0673828125,9.7958984375,12.9833984375,13.8203125,17.2275390625,11.736328125,12.541015625,16.61328125,23.7099609375,19.169921875,11.5634765625,9.5546875,10.6044921875,12.1025390625,16.5048828125,16.7314453125,19.6923828125,17.5185546875,16.1650390625,29.091796875,33.4072265625,25.4990234375,18.80078125,12.619140625,7.654296875,8.119140625,8.1337890625,11.21875,8.525390625,12.083984375,10.1533203125,13.4443359375,22.734375,23.068359375,16.66796875,15.607421875,10.9443359375,10.220703125,15.4169921875,17.9052734375,18.1513671875,10.662109375,11.646484375,13.548828125,18.9677734375,24.701171875,18.1875,8.953125,10.150390625,15.9833984375,15.5732421875,19.32421875,24.50390625,30.3896484375,17.806640625,23.83203125,33.7138671875,26.5556640625,20.79296875,8.0673828125,6.7841796875,10.3876953125,12.2236328125,14.607421875,18.337890625,29.91796875,21.0361328125,13.6865234375,35.857421875,25.849609375,22.251953125,11.2626953125,5.65234375,9.7744140625,15.7099609375,12.4794921875,14.9765625,14.4677734375,11.2255859375,15.029296875,25.888671875,30.92578125,24.11328125,12.0654296875,8.1923828125,9.4755859375,14.7236328125,15.7265625,18.4404296875,15.2958984375,14.2294921875,16.4189453125,19.5634765625,22.74609375,15.3056640625,9.8662109375,7.689453125,9.087890625,11.5732421875,18.2958984375,14.1044921875,14.62109375,18.1708984375,16.4375,26.7294921875,31.3857421875,17.5595703125,9.4345703125,7.0048828125,7.55078125,11.759765625,11.8232421875,11.208984375,14.853515625,10.9462890625,14.2314453125,13.25390625,16.4931640625,17.23828125,10.068359375,6.205078125,12.5791015625,18.3974609375,18.1826171875,20.5234375,11.42578125,15.830078125,19.236328125,36.150390625,37.150390625,25.41796875,12.876953125,10.0595703125,10.3994140625,14.109375,19.16796875,17.6279296875,11.0830078125,17.6826171875,18.013671875,19.9189453125,36.107421875,19.5966796875,12.134765625,7.798828125,7.73046875,9.1865234375,13.1162109375,10.498046875,12.265625,14.3916015625,11.54296875
AS_1265,3.88671875,4.0546875,3.126953125,2.5380859375,2.9296875,3.5576171875,3.84765625,3.7021484375,3.2021484375,2.5751953125,5.546875,5.85546875,3.822265625,3.6923828125,3.060546875,2.76171875,3.73828125,4.154296875,4.4775390625,4.3212890625,2.7822265625,3.369140625,7.15625,6.2158203125,5.724609375,3.19140625,3.259765625,2.9267578125,3.767578125,4.1669921875,4.880859375,4.3759765625,3.640625,3.42578125,6.2734375,6.052734375,8.2578125,3.7900390625,3.5322265625,2.9560546875,3.55078125,4.2783203125,3.890625,4.4814453125,3.8974609375,5.2080078125,6.546875,9.576171875,6.125,6.1669921875,3.982421875,3.2138671875,3.65625,4.0927734375,4.009765625,4.681640625,3.5341796875,5.017578125,6.517578125,7.6201171875,6.5654296875,3.6298828125,4.4580078125,3.1298828125,3.888671875,5.1689453125,4.931640625,5.216796875,3.5087890625,5.1015625,5.62109375,8.0234375,4.162109375,3.7275390625,3.001953125,2.5830078125,2.947265625,3.3486328125,4.4765625,4.1015625,2.5517578125,3.3916015625,3.6171875,6.8408203125,7.8037109375,4.34375,3.08203125,2.80859375,2.9375,3.2958984375,3.9453125,3.9423828125,2.943359375,4.6328125,9.03125,6.72265625,6.5234375,6.947265625,5.626953125,3.0634765625,4.3369140625,4.740234375,5.451171875,4.7724609375,4.3310546875,4.0537109375,8.2216796875,9.0625,7.087890625,2.87890625,2.75,2.708984375,3.0126953125,4.353515625,4.373046875,3.1669921875,3.0380859375,2.3447265625,5.396484375,4.3955078125,4.8779296875,3.4697265625,4.3564453125,3.5087890625,3.5,3.8671875,4.0546875,4.3740234375,3.2724609375,4.6435546875,8.8193359375,7.869140625,9.7734375,4.2001953125,5.2265625,2.720703125,2.8701171875,4.3271484375,4.048828125,3.7724609375,3.9814453125,3.98046875,5.212890625,9.283203125,5.701171875,3.390625,3.439453125,3.1220703125,3.6416015625,5.03125,4.9140625,5.0869140625,3.2119140625,3.26953125,3.1259765625,4.8173828125,6.66015625,4.1396484375,4.099609375,3.2861328125,3.6689453125,4.1396484375,5.296875,4.87109375,4.1650390625,5.1796875,8.13671875,9.5771484375,6.59375,3.0166015625,3.02734375,2.7041015625,2.77734375,4.185546875,4.109375,3.5029296875,3.1298828125,3.4501953125,3.681640625,8.0126953125,6.396484375,3.873046875,2.9609375,3.1123046875,3.525390625,3.921875,4.388671875,3.8740234375,3.0615234375,3.24609375,4.0419921875,5.298828125,4.6123046875,5.3203125,3.7607421875,3.6103515625,3.32421875,3.7236328125,3.54296875,3.8876953125,3.15234375,2.6455078125,4.30859375,8.193359375,7.3232421875,7.1025390625,3.77734375,3.548828125,3.0185546875,4.4326171875,5.19140625,4.0771484375,3.259765625,3.8984375,7.8671875,8.58203125,5.5263671875,4.7587890625,3.232421875,2.9345703125,2.5234375,4.4189453125,4.96875,5.08984375,3.041015625,3.537109375,4.5927734375,5.8369140625,7.314453125,3.3173828125,3.8134765625,3.2880859375,3.7431640625,4.8291015625,5.458984375,6.24609375,5.185546875,4.00390625,8.189453125,6.8564453125,3.634765625,4.6337890625,3.4013671875,2.9736328125,3.1396484375,3.7958984375,3.3916015625,4.18359375,3.0537109375,4.9794921875,6.91015625,7.99609375
AS_1275,1.6181640625,1.6181640625,1.6181640625,1.6181640625,1.6181640625,1.6181640625,19.955078125,13.1328125,20.564453125,12.8740234375,1.1513671875,1.1513671875,1.1513671875,1.1513671875,1.1513671875,1.1513671875,1.1513671875,1.1513671875,24.322265625,11.212890625,15.009765625,21.212890625,0.748046875,0.748046875,0.748046875,0.748046875,0.748046875,0.748046875,0.748046875,0.748046875,25.6708984375,12.65234375,22.48828125,10.189453125,1.7236328125,1.7236328125,1.7236328125,1.7236328125,1.7236328125,1.7236328125,1.7236328125,1.7236328125,15.0478515625,19.4287109375,14.564453125,15.443359375,1.7822265625,1.7822265625,1.7822265625,1.7822265625,1.7822265625,1.7822265625,1.7822265625,1.7822265625,18.9609375,18.28515625,19.837890625,16.3671875,2.689453125,2.689453125,2.689453125,2.689453125,2.689453125,2.689453125,2.689453125,2.689453125,22.8359375,10.658203125,11.759765625,26.232421875,0.76171875,0.625,0.625,0.625,0.625,0.625,0.625,0.625,17.38671875,11.1650390625,15.6416015625,19.4755859375,0.7939453125,0.7939453125,0.7939453125,0.7939453125,0.7939453125,0.7939453125,0.7939453125,0.7939453125,22.24609375,12.1337890625,17.587890625,19.1337890625,3.017578125,2.62109375,2.62109375,2.62109375,2.62109375,2.62109375,2.62109375,2.62109375,24.5361328125,14.794921875,15.6982421875,19.1572265625,0.51953125,0.5205078125,0.5205078125,0.5205078125,0.5205078125,0.5205078125,0.5205078125,0.5205078125,18.380859375,9.923828125,16.17578125,22.93359375,1.4091796875,1.3505859375,1.3505859375,1.3505859375,1.3505859375,1.3505859375,1.3505859375,1.3505859375,8.94921875,26.408203125,30.283203125,3.546875,0.6904296875,0.6904296875,0.6904296875,0.6904296875,0.6904296875,0.6904296875,0.6904296875,4.7109375,24.978515625,9.939453125,12.005859375,28.7119140625,0.955078125,0.8046875,0.8046875,0.8046875,0.8046875,0.8046875,0.8046875,0.8046875,20.7392578125,12.0048828125,10.814453125,24.4423828125,1.9345703125,1.9345703125,1.9345703125,1.9345703125,1.9345703125,1.9345703125,1.9345703125,1.9697265625,17.7802734375,8.01953125,16.9130859375,24.1787109375,1.720703125,1.720703125,1.720703125,1.720703125,1.720703125,1.720703125,1.720703125,1.720703125,22.626953125,15.60546875,22.8994140625,17.162109375,0.3271484375,0.3271484375,0.3271484375,0.3271484375,0.3271484375,0.3271484375,0.3271484375,2.2255859375,26.23046875,11.263671875,17.2421875,18.0498046875,0.13671875,0.13671875,0.13671875,0.13671875,0.13671875,0.13671875,0.13671875,0.2978515625,20.953125,10.2734375,10.068359375,24.126953125,0.8076171875,0.8076171875,0.8076171875,0.8076171875,0.8076171875,0.8076171875,0.8076171875,0.8076171875,18.5673828125,14.1748046875,18.0712890625,15.4306640625,0.5,0.5,0.5,0.5,0.5,0.5,0.5,0.5205078125,23.5341796875,10.3466796875,14.8974609375,28.9306640625,2.5908203125,2.5283203125,2.5283203125,2.5283203125,2.5283203125,2.5283203125,2.5283203125,2.5283203125,20.41796875,7.9013671875,14.3251953125,30.322265625,0.73046875,0.3828125,0.3828125,0.3828125,0.3828125,0.3828125,0.3828125,7.7509765625,23.9677734375,6.19140625,10.8564453125,30.4072265625,0.505859375,0.302734375
AS_1279,8.849609375,2.9111328125,2.888671875,2.888671875,15.501953125,8.48828125,2.75,3.33203125,4.1357421875,7.3447265625,36.7177734375,28.4423828125,3.51953125,1.5263671875,1.5263671875,1.5263671875,10.15234375,11.662109375,3.29296875,2.8994140625,4.423828125,6.2041015625,27.68359375,34.1142578125,7.0693359375,2.5654296875,2.5625,3.1767578125,20.0654296875,5.529296875,2.853515625,3.458984375,3.8505859375,7.5107421875,35.7041015625,33.173828125,7.15625,2.822265625,2.626953125,3.2685546875,19.3896484375,6.2578125,3.9921875,3.4609375,3.630859375,5.8984375,32.017578125,31.1640625,6.49609375,1.6748046875,1.62109375,2.3408203125,18.4677734375,6.927734375,3.7626953125,3.4111328125,5.044921875,6.986328125,37.8828125,28.4248046875,6.59765625,1.7666015625,1.5966796875,2.13671875,18.3740234375,5.2998046875,3.1611328125,3.3056640625,4.1259765625,6.849609375,32.2802734375,30.8095703125,6.0439453125,2.7255859375,4.1923828125,15.5478515625,12.9267578125,6.3525390625,3.5205078125,2.9990234375,4.1337890625,5.9384765625,25.3984375,35.8310546875,4.5126953125,2.328125,2.328125,2.65625,18.9912109375,5.8701171875,3.7861328125,3.1201171875,4.2626953125,6.8701171875,31.2880859375,29.2548828125,8.060546875,1.7548828125,1.7548828125,1.7548828125,13.5205078125,8.0,3.3486328125,3.806640625,4.0263671875,6.1357421875,27.6806640625,34.271484375,8.0859375,3.2392578125,1.875,11.2861328125,17.2255859375,4.48046875,3.41796875,3.8466796875,3.826171875,6.267578125,32.759765625,29.5947265625,4.6591796875,2.1572265625,2.130859375,2.6787109375,20.6865234375,5.9912109375,2.654296875,3.3369140625,4.751953125,6.4833984375,34.0380859375,35.958984375,3.494140625,1.2587890625,1.2587890625,1.2587890625,16.2978515625,7.35546875,2.953125,3.3046875,4.4951171875,5.6865234375,26.46484375,37.0556640625,6.966796875,1.2412109375,1.1484375,1.1728515625,17.1796875,5.8701171875,2.966796875,3.4462890625,4.2001953125,7.43359375,39.6982421875,23.4970703125,1.3291015625,0.669921875,0.669921875,0.669921875,16.55078125,6.7890625,3.7607421875,3.1982421875,4.3935546875,6.06640625,33.0517578125,30.2294921875,4.6845703125,1.6396484375,1.6162109375,1.7109375,17.4423828125,7.853515625,3.291015625,3.517578125,3.6962890625,6.3154296875,32.1025390625,30.69921875,5.6669921875,2.3076171875,2.2783203125,2.8935546875,18.5849609375,7.2919921875,3.3330078125,3.224609375,3.869140625,6.642578125,25.0126953125,34.791015625,9.798828125,2.1044921875,2.013671875,2.9814453125,21.9150390625,5.4794921875,2.931640625,2.7783203125,3.7568359375,6.6474609375,36.484375,38.1728515625,10.869140625,3.8486328125,5.4267578125,14.03515625,16.0322265625,5.875,2.779296875,3.1484375,3.6591796875,5.8779296875,29.341796875,36.2509765625,7.904296875,1.58203125,1.4951171875,3.19140625,20.1484375,4.44140625,3.119140625,2.642578125,4.21484375,6.3486328125,36.08203125,29.9580078125,4.603515625,2.490234375,2.490234375,2.490234375,19.509765625,6.2958984375,3.853515625,3.0166015625,3.482421875,6.2392578125,31.6962890625,36.3935546875,5.73828125,0.7041015625,0.5966796875,1.111328125,21.82421875,5.4130859375,2.85546875,3.17578125,4.0537109375,6.6201171875,36.1689453125,36.6923828125
AS_1324,1.6650390625,1.73046875,1.9462890625,1.8935546875,1.8125,1.7724609375,1.80078125,1.796875,1.8173828125,1.8876953125,1.9296875,1.9609375,1.9853515625,1.9482421875,1.8837890625,1.8203125,1.703125,1.7841796875,1.77734375,1.7919921875,1.810546875,1.935546875,1.958984375,1.9873046875,1.943359375,1.869140625,1.8271484375,1.7841796875,1.7626953125,1.7890625,1.6533203125,1.59375,1.796875,1.8857421875,1.9404296875,1.951171875,1.53125,1.9267578125,1.9150390625,1.794921875,1.7900390625,1.767578125,1.7509765625,1.7451171875,1.7978515625,1.892578125,1.923828125,1.96875,1.5947265625,1.8798828125,1.9384765625,1.8447265625,1.86328125,1.8271484375,1.7412109375,1.8955078125,1.8798828125,1.9296875,1.943359375,1.9375,1.556640625,1.9873046875,1.87890625,1.65625,1.7734375,1.775390625,1.7705078125,1.7333984375,1.755859375,1.931640625,1.7919921875,1.5712890625,1.95703125,1.9423828125,1.8818359375,1.8408203125,1.802734375,1.7626953125,1.7958984375,1.7626953125,1.8984375,1.9423828125,1.9501953125,1.9482421875,1.9814453125,1.8544921875,1.8798828125,1.8115234375,1.7841796875,1.7783203125,1.7412109375,1.7705078125,1.810546875,1.919921875,1.9453125,1.9697265625,1.95703125,1.9775390625,1.884765625,1.8037109375,1.751953125,1.7724609375,1.791015625,1.7529296875,1.78515625,1.896484375,1.9375,1.962890625,1.677734375,1.888671875,1.8916015625,1.8505859375,1.7880859375,1.7470703125,1.7861328125,1.7412109375,1.8095703125,1.943359375,1.890625,1.953125,1.9423828125,1.9111328125,1.87890625,1.8076171875,1.7470703125,1.7265625,1.779296875,1.79296875,1.810546875,1.8974609375,1.916015625,1.94921875,0.357421875,1.7255859375,1.8447265625,1.78515625,1.7626953125,1.7353515625,1.6865234375,1.787109375,1.765625,1.9228515625,1.9052734375,1.9716796875,1.9814453125,1.9697265625,1.8994140625,1.8115234375,1.779296875,1.7373046875,1.7880859375,1.775390625,1.8671875,1.908203125,1.9736328125,1.9892578125,1.927734375,1.935546875,1.8564453125,1.8466796875,1.7900390625,1.7900390625,1.775390625,1.7685546875,1.857421875,1.94921875,1.9375,1.9521484375,1.978515625,1.951171875,1.8837890625,1.8046875,1.7978515625,1.763671875,1.6904296875,1.716796875,1.8154296875,1.91015625,1.921875,1.984375,1.9638671875,1.9375,1.87109375,1.8037109375,1.78515625,1.73046875,1.7509765625,1.7919921875,1.8037109375,1.888671875,1.943359375,1.9501953125,1.53515625,1.662109375,1.865234375,1.8193359375,1.8037109375,1.76171875,1.765625,1.7890625,1.787109375,1.8583984375,1.8798828125,1.9248046875,1.9365234375,1.921875,1.8369140625,1.7451171875,1.78515625,1.767578125,1.7470703125,1.724609375,1.7568359375,1.9287109375,1.9072265625,1.9765625,1.9580078125,1.9248046875,1.8115234375,1.76953125,1.666015625,1.779296875,1.759765625,1.794921875,1.6533203125,1.9248046875,1.947265625,1.9228515625,1.9775390625,1.96484375,1.8291015625,1.783203125,1.73046875,1.6875,1.54296875,1.7783203125,1.736328125,1.8701171875,1.9345703125,1.9619140625,1.9658203125,1.8955078125,1.8388671875,1.80859375,1.7451171875,1.6748046875,1.7646484375,1.7880859375,1.7724609375,1.93359375,1.9462890625,1.912109375
AS_1330,2.248046875,1.966796875,2.3310546875,2.3349609375,2.3662109375,2.634765625,2.5908203125,2.6142578125,1.6806640625,1.5546875,1.4248046875,1.4599609375,1.8349609375,2.17578125,2.306640625,2.0830078125,2.251953125,2.4345703125,2.408203125,2.3544921875,1.9990234375,1.6796875,1.5439453125,2.2529296875,2.138671875,2.39453125,2.4453125,2.2705078125,2.3994140625,2.603515625,2.1943359375,2.4970703125,2.2392578125,2.0771484375,2.3740234375,2.2724609375,2.33984375,2.2763671875,2.3564453125,2.392578125,2.30859375,2.591796875,2.984375,2.4677734375,2.6865234375,1.6005859375,1.529296875,1.767578125,1.9833984375,2.1279296875,2.05078125,2.30859375,2.28515625,2.63671875,2.71875,2.337890625,2.5458984375,2.068359375,2.0166015625,2.3115234375,2.4150390625,2.30859375,2.3095703125,2.408203125,1.9130859375,2.642578125,3.1337890625,2.5859375,2.18359375,2.26171875,2.1005859375,2.4287109375,2.4609375,2.19140625,2.5380859375,2.3427734375,2.216796875,2.58203125,2.7666015625,2.28125,2.3037109375,1.57421875,1.4619140625,1.4423828125,1.76953125,2.30078125,2.212890625,2.302734375,2.216796875,2.390625,2.61328125,2.802734375,2.3818359375,1.9228515625,2.1669921875,2.3349609375,2.52734375,2.5556640625,2.4404296875,2.259765625,2.3681640625,2.626953125,2.7490234375,2.8759765625,2.2333984375,2.044921875,2.080078125,2.25,2.1005859375,2.4306640625,2.2060546875,1.9345703125,1.9375,2.3935546875,2.796875,1.7509765625,1.5498046875,1.703125,1.65625,2.25390625,2.33984375,1.7763671875,2.1416015625,2.1083984375,2.3935546875,2.38671875,2.2041015625,2.4755859375,2.158203125,2.0576171875,2.365234375,2.337890625,2.6142578125,2.6298828125,2.6796875,2.498046875,2.3837890625,3.060546875,2.7421875,2.57421875,2.5908203125,2.080078125,1.60546875,1.943359375,2.435546875,2.375,2.3994140625,2.111328125,2.3203125,2.4951171875,2.744140625,2.5830078125,2.248046875,1.453125,1.6103515625,1.9453125,2.283203125,2.2314453125,1.9453125,2.1904296875,2.171875,2.2763671875,2.701171875,2.328125,2.083984375,1.80078125,1.7392578125,2.01953125,2.4482421875,2.048828125,2.091796875,2.1201171875,2.23046875,2.291015625,2.197265625,2.478515625,2.5361328125,1.5263671875,1.4208984375,1.59375,2.166015625,2.58984375,2.33203125,2.3310546875,1.9970703125,2.7294921875,2.16015625,2.078125,2.0927734375,1.7197265625,2.2978515625,2.3251953125,2.3896484375,2.1806640625,1.712890625,2.1015625,2.041015625,2.515625,2.88671875,2.0810546875,2.0625,2.158203125,2.1142578125,2.2021484375,2.416015625,2.43359375,2.44921875,2.7509765625,2.275390625,2.68359375,2.99609375,2.4296875,1.6923828125,1.4140625,1.357421875,1.482421875,1.7421875,2.0341796875,2.2939453125,2.2939453125,2.28125,2.5693359375,2.6611328125,2.384765625,2.5224609375,1.607421875,1.4755859375,1.6357421875,2.08203125,2.2822265625,2.2177734375,2.2001953125,1.8984375,2.41796875,2.763671875,2.2314453125,1.7578125,1.6015625,1.5380859375,1.4921875,1.48046875,1.6396484375,1.9462890625,2.2666015625,2.1708984375,2.2890625,2.7021484375,2.0322265625,2.2958984375,2.12109375,2.1484375,2.1708984375
AS_1341,6.974609375,6.974609375,5.0478515625,3.2509765625,2.6435546875,1.8291015625,1.9140625,1.8740234375,2.3447265625,3.0810546875,5.9931640625,6.8642578125,6.98828125,6.927734375,5.6494140625,3.619140625,1.884765625,2.1630859375,1.81640625,2.0419921875,2.7978515625,3.3583984375,6.205078125,6.966796875,6.9248046875,6.9248046875,4.919921875,3.359375,2.6962890625,2.18359375,1.548828125,1.9931640625,2.6044921875,3.80078125,6.5556640625,6.95703125,6.92578125,6.9873046875,6.9345703125,4.5107421875,2.677734375,2.171875,1.6396484375,1.9140625,2.1396484375,5.27734375,6.5595703125,6.9775390625,6.962890625,6.82421875,6.3671875,3.7578125,2.6396484375,2.0390625,1.5908203125,1.9892578125,2.38671875,3.2333984375,5.9287109375,6.9326171875,6.919921875,6.9677734375,6.5048828125,3.1650390625,2.7021484375,1.732421875,1.9970703125,2.181640625,2.2177734375,3.412109375,5.2080078125,6.984375,6.896484375,6.9677734375,5.34375,3.4853515625,2.7548828125,2.0859375,1.9814453125,1.654296875,2.427734375,2.32421875,5.623046875,6.98046875,6.9775390625,6.5771484375,5.7958984375,3.287109375,2.4150390625,2.1552734375,1.712890625,1.716796875,2.16796875,3.1513671875,6.5947265625,6.9248046875,6.7802734375,6.7060546875,5.2763671875,3.33984375,2.080078125,2.162109375,1.7919921875,1.681640625,2.171875,2.4619140625,5.3037109375,6.951171875,6.9248046875,6.978515625,5.677734375,3.1298828125,2.4609375,1.705078125,1.751953125,1.912109375,2.28515625,2.6201171875,6.474609375,6.9404296875,6.9609375,6.7001953125,6.6591796875,5.8603515625,3.4638671875,2.3271484375,1.884765625,1.880859375,2.763671875,5.4716796875,6.7802734375,6.9599609375,6.7431640625,6.921875,6.791015625,4.521484375,2.7373046875,2.0771484375,1.7705078125,1.798828125,2.43359375,3.880859375,6.486328125,6.9794921875,6.95703125,6.9443359375,6.6064453125,3.125,2.525390625,2.271484375,1.7197265625,2.2412109375,2.3798828125,3.24609375,6.794921875,7.0,6.92578125,6.8291015625,6.8056640625,4.359375,2.48828125,2.4248046875,2.0078125,1.8525390625,2.3447265625,3.55859375,6.0576171875,6.9052734375,6.990234375,6.919921875,5.46484375,3.1845703125,2.6201171875,1.9365234375,1.740234375,1.671875,2.3193359375,2.7666015625,6.08984375,6.9931640625,6.9892578125,6.96875,5.357421875,3.5185546875,2.357421875,2.0498046875,1.87890625,1.9638671875,2.283203125,2.9921875,6.0908203125,6.8642578125,6.9609375,6.951171875,5.7294921875,2.931640625,2.6435546875,1.8955078125,1.8359375,1.908203125,2.5537109375,3.716796875,5.9326171875,6.9736328125,6.998046875,6.990234375,6.8203125,4.41015625,2.5224609375,2.3037109375,1.8251953125,1.76171875,2.4599609375,5.5146484375,6.63671875,6.9501953125,6.8037109375,6.8486328125,5.0205078125,3.1123046875,2.244140625,1.9677734375,1.5693359375,2.0654296875,2.203125,3.3232421875,6.2578125,6.8466796875,6.978515625,6.9892578125,4.8876953125,2.9052734375,2.3125,1.8896484375,1.7607421875,2.00390625,2.2900390625,2.7900390625,5.0556640625,6.9462890625,6.9970703125,6.73046875,5.1083984375,3.5185546875,2.2236328125,1.9267578125,1.7412109375,1.62890625,1.8583984375,3.21484375,5.416015625,6.9541015625
AS_1378,5.9375,5.71875,2.86328125,2.34375,1.8056640625,1.8408203125,1.7060546875,1.5341796875,2.099609375,2.79296875,5.0009765625,5.599609375,5.9052734375,5.537109375,4.25390625,2.65625,1.5576171875,1.603515625,1.7900390625,1.677734375,2.203125,2.2265625,4.744140625,5.9853515625,5.236328125,3.9951171875,3.375,2.73046875,1.9736328125,1.5302734375,1.4892578125,1.658203125,1.9423828125,2.7685546875,4.5439453125,5.7861328125,5.9482421875,5.5673828125,4.5517578125,2.8779296875,1.8984375,1.7099609375,1.8037109375,1.71484375,1.7216796875,2.2265625,4.865234375,5.7451171875,5.970703125,4.6025390625,3.7578125,2.5439453125,1.9169921875,1.6123046875,1.8330078125,2.0859375,1.7978515625,2.447265625,3.9677734375,5.7119140625,5.9814453125,5.9794921875,4.8671875,2.37890625,1.8671875,1.5361328125,2.0830078125,2.083984375,2.2802734375,2.7841796875,4.162109375,5.8408203125,5.947265625,5.908203125,4.1484375,2.76171875,2.1962890625,1.8330078125,2.15625,1.6337890625,2.02734375,2.037109375,4.33984375,5.6962890625,5.9443359375,4.1494140625,3.7578125,2.3310546875,1.9931640625,1.4462890625,1.9150390625,1.69921875,1.9091796875,2.2509765625,3.98046875,5.8759765625,5.7041015625,5.740234375,2.8974609375,2.376953125,2.0830078125,1.78125,1.6494140625,1.369140625,1.6708984375,1.9453125,3.5380859375,5.7607421875,5.970703125,4.94140625,4.498046875,2.4921875,2.0,1.5546875,1.75,1.84375,1.8076171875,1.841796875,5.298828125,5.9189453125,5.9453125,5.83203125,4.849609375,3.9052734375,2.0859375,1.9033203125,1.7509765625,1.962890625,2.1376953125,3.435546875,5.0263671875,5.5888671875,5.8349609375,5.7998046875,4.2802734375,2.4375,2.2578125,1.6806640625,1.765625,1.7607421875,1.966796875,2.134765625,3.2724609375,5.833984375,5.982421875,5.890625,4.296875,2.2431640625,1.7939453125,1.3896484375,1.880859375,1.69140625,1.74609375,1.97265625,4.36328125,5.9716796875,5.7333984375,5.408203125,3.4306640625,2.4794921875,1.904296875,1.6982421875,2.125,1.873046875,1.720703125,2.37109375,3.52734375,5.841796875,5.9013671875,5.68359375,5.1787109375,2.697265625,2.0703125,1.6572265625,1.59375,1.697265625,2.181640625,2.7421875,5.724609375,5.9453125,5.7724609375,4.978515625,4.228515625,2.8095703125,1.88671875,1.5966796875,1.78515625,1.724609375,1.810546875,2.3271484375,5.3486328125,5.8759765625,5.9853515625,5.7080078125,3.365234375,2.103515625,2.2490234375,1.8681640625,1.7060546875,1.4150390625,1.9951171875,2.904296875,4.373046875,5.78515625,5.6982421875,5.44140625,3.259765625,2.56640625,1.875,1.61328125,1.939453125,1.6826171875,1.56640625,2.8623046875,3.8779296875,5.9638671875,5.8916015625,5.82421875,4.765625,3.7333984375,2.357421875,1.82421875,1.6884765625,1.8662109375,2.1845703125,4.0302734375,5.359375,5.703125,5.9931640625,5.943359375,3.22265625,2.3857421875,1.6845703125,1.501953125,1.5361328125,1.3505859375,1.7470703125,2.1533203125,3.2685546875,5.81640625,5.859375,5.1591796875,3.3134765625,2.671875,1.9150390625,1.541015625,1.3935546875,1.7783203125,1.509765625,2.59765625,3.82421875,5.857421875
AS_1406,9.95703125,9.95703125,9.95703125,9.95703125,9.95703125,10.9013671875,9.3642578125,4.5654296875,11.5869140625,11.220703125,5.896484375,5.896484375,5.896484375,5.896484375,5.896484375,5.896484375,5.896484375,9.2265625,8.37109375,4.7255859375,11.837890625,11.0830078125,6.3388671875,6.3388671875,6.42578125,6.42578125,6.42578125,6.42578125,6.42578125,10.962890625,7.04296875,4.626953125,11.2392578125,12.8349609375,9.216796875,9.216796875,9.216796875,9.216796875,9.216796875,9.216796875,9.216796875,9.8818359375,8.658203125,6.884765625,11.955078125,14.0244140625,9.970703125,9.970703125,9.970703125,9.970703125,9.970703125,9.970703125,9.970703125,10.9599609375,10.7646484375,6.40234375,10.330078125,13.4443359375,9.4345703125,9.4345703125,9.4345703125,9.4345703125,9.4345703125,9.4345703125,9.4345703125,10.8203125,7.8564453125,5.974609375,10.140625,13.9697265625,8.44140625,8.44140625,8.44140625,8.44140625,8.44140625,8.44140625,8.44140625,8.8056640625,10.7060546875,6.8095703125,12.662109375,10.767578125,7.248046875,7.248046875,7.248046875,7.248046875,7.248046875,7.248046875,7.248046875,8.197265625,9.419921875,5.2919921875,9.1640625,12.1435546875,6.5693359375,6.5693359375,6.5693359375,6.5693359375,6.5693359375,6.5693359375,6.5693359375,9.0087890625,7.76953125,6.65234375,12.5986328125,12.525390625,9.5859375,9.5859375,9.5859375,9.5859375,9.5859375,9.5859375,9.5859375,10.3427734375,8.2607421875,5.439453125,13.0390625,14.080078125,7.5537109375,7.5537109375,7.5537109375,7.5537109375,7.5537109375,7.5537109375,7.5537109375,9.712890625,8.5205078125,5.361328125,11.6923828125,11.720703125,7.71875,7.71875,7.71875,7.71875,7.71875,7.71875,7.71875,10.8203125,6.458984375,4.923828125,13.609375,13.8310546875,6.595703125,6.5810546875,6.5810546875,6.5810546875,6.5810546875,6.5810546875,6.5810546875,7.70703125,9.4794921875,7.84375,9.390625,14.4921875,11.01953125,11.01953125,11.01953125,11.01953125,11.01953125,11.01953125,11.01953125,12.2158203125,10.0078125,4.5087890625,12.181640625,10.6884765625,8.248046875,8.248046875,8.248046875,8.248046875,8.248046875,8.248046875,8.248046875,10.03515625,8.15625,5.5751953125,11.642578125,11.5146484375,8.0263671875,8.0263671875,8.0263671875,8.0263671875,8.0263671875,8.0263671875,8.0263671875,9.8193359375,7.0654296875,4.3974609375,10.9189453125,13.796875,6.5361328125,6.5361328125,6.5361328125,6.5361328125,6.5361328125,6.5361328125,6.5361328125,8.58984375,9.7431640625,5.6005859375,7.9951171875,10.25,6.3046875,6.3046875,6.3046875,6.3046875,6.3046875,6.3046875,6.3046875,9.0283203125,7.873046875,5.8017578125,12.669921875,8.6357421875,6.041015625,6.041015625,6.041015625,6.041015625,6.041015625,6.041015625,6.041015625,8.7109375,8.9765625,5.125,11.33203125,13.33203125,6.5361328125,6.5361328125,6.5361328125,6.5361328125,6.5361328125,6.5361328125,6.5361328125,7.1708984375,7.6533203125,5.037109375,11.0478515625,10.8583984375,1.66015625,1.66015625,1.66015625,1.66015625,1.66015625,1.66015625,1.66015625,7.1513671875,7.9873046875,5.0029296875,8.4453125,12.7265625,6.4443359375,6.4443359375
AS_1417,1.8203125,1.8818359375,1.8291015625,1.5771484375,1.6064453125,1.66796875,1.8505859375,1.77734375,1.599609375,1.4560546875,1.9169921875,1.98046875,2.1337890625,2.1630859375,1.84765625,1.833984375,1.7197265625,2.0693359375,2.044921875,1.962890625,1.7734375,1.724609375,2.5869140625,2.287109375,2.701171875,2.1181640625,2.1279296875,1.96875,1.9013671875,2.150390625,2.3046875,2.0419921875,1.7744140625,1.8818359375,2.595703125,2.771484375,3.06640625,2.603515625,3.0986328125,3.126953125,3.0869140625,3.1875,3.1630859375,3.15234375,3.0322265625,3.18359375,2.9677734375,3.140625,3.0712890625,3.166015625,3.0732421875,3.1103515625,3.1513671875,3.1259765625,3.1728515625,3.1572265625,2.9208984375,3.1669921875,2.958984375,3.107421875,2.9384765625,2.8095703125,2.5146484375,1.912109375,1.91796875,2.220703125,2.232421875,2.3115234375,1.806640625,2.1171875,2.28125,2.8369140625,2.2138671875,2.0380859375,1.9306640625,1.7861328125,1.8037109375,1.8818359375,1.990234375,1.9326171875,1.6201171875,1.724609375,2.0,2.623046875,3.0498046875,2.5703125,2.3017578125,1.9599609375,1.9765625,1.9765625,2.0859375,2.08203125,1.7958984375,2.0791015625,3.083984375,2.4736328125,2.5595703125,2.45703125,2.5283203125,2.3564453125,2.529296875,2.546875,2.64453125,2.5234375,2.41796875,2.3564453125,2.67578125,3.1064453125,2.73046875,1.81640625,1.86328125,1.859375,1.66015625,2.0224609375,2.0615234375,1.740234375,1.6416015625,1.4892578125,2.2841796875,2.8056640625,2.62890625,3.0048828125,2.8642578125,3.1044921875,3.1298828125,3.130859375,3.09765625,2.9990234375,2.8505859375,2.8544921875,3.0986328125,2.9091796875,3.0078125,2.607421875,2.443359375,1.6669921875,1.74609375,2.1103515625,2.1142578125,2.0224609375,1.9580078125,1.8818359375,2.572265625,3.1201171875,2.6015625,2.6513671875,2.8564453125,3.0849609375,3.1220703125,3.1279296875,3.1328125,3.10546875,3.052734375,2.568359375,2.9619140625,2.88671875,2.8271484375,1.9228515625,2.6552734375,3.1162109375,3.1142578125,3.060546875,3.1298828125,3.0869140625,2.9482421875,2.95703125,2.96875,3.083984375,2.6181640625,2.703125,2.9775390625,3.072265625,3.107421875,3.1357421875,3.119140625,3.08984375,2.943359375,2.8466796875,2.94921875,3.0078125,2.6806640625,2.6015625,2.416015625,2.9560546875,3.1318359375,3.142578125,3.1328125,2.83203125,2.6337890625,2.263671875,2.146484375,2.6748046875,2.96875,2.3955078125,2.033203125,2.06640625,1.8896484375,1.876953125,1.8505859375,1.943359375,1.65625,1.6396484375,1.916015625,2.8857421875,2.8251953125,3.068359375,3.0703125,3.083984375,2.962890625,3.1337890625,3.1240234375,3.0498046875,2.9580078125,3.0361328125,2.578125,2.9130859375,2.2216796875,2.357421875,2.1650390625,1.751953125,1.77734375,2.16796875,2.3125,2.3388671875,1.8447265625,1.8671875,2.373046875,2.6796875,2.4814453125,2.6328125,2.955078125,3.0439453125,3.1201171875,3.1279296875,3.1337890625,3.0888671875,2.7509765625,2.7626953125,3.0810546875,2.6533203125,2.2138671875,3.0869140625,3.056640625,3.083984375,2.53515625,3.1318359375,3.0947265625,3.0966796875,2.80078125,3.0615234375,2.8330078125,2.779296875
AS_1423,4.857421875,5.708984375,3.392578125,2.3115234375,1.9658203125,2.185546875,1.939453125,1.716796875,2.275390625,2.4970703125,4.3525390625,4.86328125,5.7421875,4.96875,2.94921875,2.2744140625,1.84765625,1.9990234375,2.0478515625,1.486328125,2.2470703125,2.13671875,3.4755859375,5.482421875,4.806640625,4.408203125,2.9140625,2.8671875,2.1787109375,1.9541015625,1.828125,1.8505859375,2.111328125,2.5107421875,4.0322265625,5.5224609375,5.068359375,4.072265625,3.2431640625,2.6015625,2.0400390625,1.955078125,2.41015625,1.8369140625,1.7880859375,2.703125,3.474609375,5.3974609375,5.6767578125,4.91796875,3.412109375,2.556640625,2.2763671875,1.9267578125,2.19921875,1.873046875,2.125,2.9716796875,3.818359375,5.28125,5.861328125,5.642578125,4.5458984375,2.7431640625,2.1669921875,1.9677734375,2.3349609375,2.2265625,2.1943359375,2.92578125,3.962890625,5.4111328125,5.240234375,4.0869140625,3.181640625,2.5283203125,2.2705078125,1.9013671875,2.1103515625,1.7568359375,2.0009765625,2.224609375,3.119140625,5.7890625,5.935546875,4.2880859375,4.552734375,2.9951171875,2.255859375,1.94921875,2.47265625,2.0849609375,2.361328125,3.0400390625,5.2060546875,5.88671875,5.5888671875,5.6513671875,3.048828125,2.439453125,2.1767578125,1.8212890625,2.0693359375,1.9248046875,2.0927734375,2.2119140625,3.7353515625,5.5927734375,5.736328125,3.48046875,4.4501953125,2.8017578125,2.123046875,1.986328125,2.1875,1.7587890625,1.9658203125,2.54296875,4.6494140625,4.9169921875,5.330078125,4.9931640625,4.4501953125,3.025390625,2.2275390625,2.0556640625,2.283203125,1.87109375,2.1630859375,3.4013671875,5.4150390625,5.5498046875,5.84375,5.1708984375,3.748046875,2.5166015625,2.30859375,2.0029296875,1.9326171875,1.8759765625,1.9970703125,2.3857421875,2.4814453125,5.7685546875,5.8388671875,5.8720703125,4.060546875,2.498046875,1.9521484375,1.7353515625,2.2666015625,2.0009765625,2.1376953125,2.4365234375,3.5068359375,5.890625,5.787109375,5.3017578125,3.337890625,2.763671875,2.0205078125,2.072265625,2.560546875,2.21875,2.0302734375,3.0576171875,4.419921875,5.7900390625,5.5634765625,4.9541015625,3.48046875,2.2734375,1.98046875,1.6552734375,1.7685546875,1.5224609375,1.9091796875,2.427734375,3.21484375,5.5107421875,5.5390625,4.671875,3.759765625,2.93359375,2.0400390625,2.201171875,2.21875,2.0234375,2.0087890625,2.5341796875,3.7705078125,5.84375,5.3916015625,5.6962890625,3.283203125,2.4384765625,2.2001953125,1.9306640625,2.0634765625,1.8076171875,2.119140625,2.4619140625,3.5576171875,5.2900390625,4.8427734375,4.8349609375,5.0263671875,3.154296875,2.2607421875,2.0078125,2.2578125,2.08203125,2.125,3.9130859375,5.361328125,5.7373046875,5.337890625,5.6171875,3.7548828125,2.9521484375,2.361328125,2.0087890625,1.9912109375,1.8486328125,2.205078125,3.2197265625,4.5341796875,5.1171875,5.759765625,5.68359375,3.822265625,2.5078125,2.125,1.99609375,1.873046875,1.85546875,2.26171875,2.5126953125,3.95703125,5.515625,5.341796875,4.751953125,2.775390625,2.7802734375,2.1435546875,2.2353515625,2.1630859375,2.0419921875,1.80078125,3.0234375,3.6240234375,5.6845703125
AS_1430,17.501953125,17.90234375,6.5693359375,2.966796875,2.5634765625,2.43359375,2.2900390625,2.376953125,2.4306640625,3.423828125,3.7333984375,5.828125,6.595703125,8.0205078125,3.404296875,2.98046875,3.0283203125,2.5263671875,1.9873046875,2.25,2.4306640625,2.6845703125,3.7021484375,5.4111328125,36.318359375,18.74609375,5.755859375,4.3876953125,2.8056640625,2.376953125,2.1220703125,2.3623046875,2.662109375,2.814453125,3.900390625,8.76171875,22.25,27.6591796875,11.6552734375,4.095703125,2.4951171875,2.31640625,2.1201171875,2.5791015625,2.6728515625,2.880859375,3.791015625,7.27734375,27.943359375,23.71484375,5.521484375,3.7353515625,2.970703125,2.4580078125,2.369140625,2.4580078125,2.7333984375,2.6162109375,4.5595703125,16.7568359375,33.1796875,25.3837890625,5.3896484375,3.6279296875,3.068359375,2.525390625,2.14453125,2.365234375,2.6630859375,3.2744140625,4.2392578125,6.4208984375,25.0419921875,21.962890625,5.73828125,3.943359375,3.0302734375,2.7490234375,2.2236328125,2.169921875,2.59375,2.9912109375,4.7607421875,16.2265625,36.001953125,18.9482421875,5.9912109375,3.7119140625,2.4921875,2.330078125,2.072265625,2.2626953125,2.55859375,2.6201171875,4.00390625,5.625,31.0888671875,25.0947265625,5.16796875,3.111328125,2.890625,2.3408203125,2.078125,2.201171875,2.66015625,3.029296875,3.615234375,10.451171875,30.806640625,20.4970703125,11.8427734375,3.9033203125,2.9150390625,2.568359375,2.2119140625,2.4365234375,2.57421875,2.669921875,4.3642578125,6.2978515625,11.41015625,15.5791015625,5.353515625,3.1591796875,2.83203125,2.318359375,2.33984375,2.1376953125,2.56640625,2.732421875,3.2548828125,7.19921875,29.7880859375,25.6044921875,8.8154296875,4.046875,3.0732421875,2.7568359375,2.27734375,2.35546875,2.4755859375,2.8994140625,5.1181640625,20.0888671875,39.7763671875,32.173828125,15.197265625,3.458984375,2.740234375,2.365234375,2.1279296875,2.353515625,2.6474609375,2.576171875,3.7900390625,7.166015625,25.08203125,18.2529296875,5.2734375,4.587890625,2.787109375,2.3603515625,2.3251953125,2.2763671875,2.7392578125,3.359375,3.23046875,19.021484375,26.2158203125,14.88671875,4.8232421875,2.8251953125,2.6513671875,2.3984375,2.2080078125,2.169921875,2.4814453125,3.013671875,4.978515625,4.5859375,25.662109375,22.2353515625,6.2353515625,4.865234375,2.6689453125,2.513671875,2.3408203125,2.3193359375,2.58203125,2.87890625,4.1220703125,12.6494140625,39.0654296875,18.5791015625,5.2275390625,2.8916015625,2.94921875,2.1591796875,2.279296875,2.4208984375,2.748046875,2.87109375,5.0087890625,19.994140625,36.537109375,29.658203125,5.875,3.5556640625,2.6875,2.517578125,2.4326171875,2.3701171875,2.65234375,2.9912109375,3.9169921875,5.75,32.60546875,11.904296875,4.1474609375,3.2548828125,2.654296875,2.4326171875,2.0888671875,2.255859375,2.5146484375,3.0869140625,3.94140625,8.7919921875,34.619140625,25.76171875,14.8291015625,5.0693359375,2.783203125,2.44921875,2.32421875,2.2197265625,2.63671875,2.71875,3.953125,8.2626953125,40.0390625,22.2099609375,6.4541015625,3.7919921875,3.0380859375,2.7109375,2.3203125,2.2392578125,2.359375,2.462890625,3.7509765625,5.4619140625
AS_1447,1.9248046875,1.9248046875,1.9248046875,1.9248046875,2.2939453125,1.6943359375,1.5537109375,1.63671875,2.3515625,2.5703125,-7.10543413386458e-15,-7.10543413386458e-15,-7.10543413386458e-15,-7.10543413386458e-15,-7.10543413386458e-15,-7.10543413386458e-15,1.5361328125,1.724609375,1.64453125,1.6455078125,2.0859375,3.328125,0.1640625,-7.10543413386458e-15,-7.10543413386458e-15,-7.10543413386458e-15,-7.10543413386458e-15,0.009765625,1.9736328125,1.7138671875,1.6748046875,1.693359375,2.0283203125,3.287109375,0.6416015625,-7.10543413386458e-15,-7.10543413386458e-15,-7.10543413386458e-15,-7.10543413386458e-15,-7.10543413386458e-15,1.3330078125,1.61328125,1.6015625,1.2626953125,2.0380859375,3.3095703125,0.3408203125,-7.10543413386458e-15,-7.10543413386458e-15,-7.10543413386458e-15,-7.10543413386458e-15,-7.10543413386458e-15,1.16796875,1.4580078125,1.330078125,1.603515625,2.1552734375,3.3154296875,0.5771484375,-7.10543413386458e-15,-7.10543413386458e-15,-7.10543413386458e-15,-7.10543413386458e-15,-7.10543413386458e-15,1.6611328125,1.646484375,1.5537109375,1.5888671875,1.9755859375,3.3037109375,1.1162109375,-7.10543413386458e-15,-7.10543413386458e-15,-7.10543413386458e-15,-7.10543413386458e-15,-7.10543413386458e-15,1.27734375,1.32421875,1.5234375,1.7890625,2.37109375,3.5244140625,2.8671875,2.02734375,2.02734375,2.02734375,2.02734375,2.130859375,2.669921875,1.8017578125,1.587890625,1.7041015625,2.1318359375,3.595703125,1.0859375,-7.10543413386458e-15,-7.10543413386458e-15,-7.10543413386458e-15,-7.10543413386458e-15,0.0634765625,1.634765625,1.564453125,1.4697265625,1.7080078125,2.259765625,3.3349609375,1.8212890625,-7.10543413386458e-15,-7.10543413386458e-15,-7.10543413386458e-15,-7.10543413386458e-15,0.029296875,1.8740234375,1.7392578125,1.3779296875,1.630859375,1.90625,2.9228515625,0.4580078125,-7.10543413386458e-15,-7.10543413386458e-15,-7.10543413386458e-15,-7.10543413386458e-15,-7.10543413386458e-15,1.126953125,1.61328125,1.662109375,1.6123046875,2.0458984375,3.23828125,2.3466796875,-7.10543413386458e-15,-7.10543413386458e-15,-7.10543413386458e-15,-7.10543413386458e-15,0.04296875,1.787109375,1.576171875,1.6787109375,1.783203125,1.9794921875,2.751953125,2.666015625,2.6357421875,2.6357421875,2.6357421875,2.6357421875,2.693359375,2.58984375,1.5263671875,1.32421875,1.587890625,1.94140625,3.18359375,1.431640625,1.35546875,1.35546875,1.35546875,1.35546875,1.37109375,2.6875,1.7431640625,1.521484375,1.5712890625,2.1435546875,3.5419921875,2.55859375,2.1240234375,2.1240234375,2.1240234375,2.1240234375,2.3017578125,2.5087890625,1.58203125,1.60546875,1.513671875,2.4560546875,3.15234375,-7.10543413386458e-15,-7.10543413386458e-15,-7.10543413386458e-15,-7.10543413386458e-15,-7.10543413386458e-15,0.029296875,1.896484375,1.5751953125,1.6240234375,1.7314453125,2.2587890625,3.3935546875,1.3876953125,1.2314453125,1.2314453125,1.2314453125,1.2314453125,1.4873046875,2.55078125,1.615234375,1.5810546875,1.662109375,1.9677734375,3.076171875,2.232421875,2.232421875,2.232421875,2.232421875,2.232421875,2.26171875,2.41796875,1.6416015625,1.5966796875,1.5439453125,2.3369140625,3.5537109375,2.3076171875,1.732421875,1.732421875,1.732421875,1.732421875,1.7412109375,2.7724609375,1.693359375,1.666015625,1.615234375,2.1474609375,3.3603515625,0.4951171875,-7.10543413386458e-15,-7.10543413386458e-15,-7.10543413386458e-15,-7.10543413386458e-15,-7.10543413386458e-15,1.666015625,1.771484375,1.640625,1.71484375,2.1591796875,3.2138671875,1.0869140625,-7.10543413386458e-15,-7.10543413386458e-15,-7.10543413386458e-15,-7.10543413386458e-15,0.3837890625,2.0146484375,1.7763671875,1.60546875,1.658203125,2.3349609375,3.671875,1.419921875,-7.10543413386458e-15
AS_1494,3.3125,3.17578125,3.17578125,3.17578125,11.080078125,9.091796875,5.3876953125,5.4169921875,6.7998046875,11.2802734375,14.9052734375,7.345703125,1.984375,1.8623046875,1.8623046875,4.087890625,14.0439453125,8.6669921875,4.837890625,5.525390625,7.07421875,12.5986328125,15.861328125,4.6796875,2.32421875,2.32421875,2.32421875,2.32421875,9.283203125,9.650390625,4.8671875,4.9599609375,5.6669921875,8.8935546875,17.4443359375,8.888671875,4.8740234375,4.8740234375,4.8740234375,4.8740234375,9.1728515625,9.5732421875,5.013671875,4.8798828125,6.4609375,10.0615234375,15.2939453125,6.0224609375,1.4921875,1.48046875,1.48046875,1.48046875,10.4833984375,9.1787109375,5.6904296875,4.828125,6.3525390625,10.9814453125,16.921875,6.001953125,3.56640625,3.56640625,3.56640625,3.56640625,9.6533203125,8.640625,4.7841796875,4.369140625,6.3427734375,12.1708984375,14.4892578125,8.0048828125,2.5751953125,2.4931640625,2.4931640625,2.884765625,11.236328125,6.24609375,5.095703125,4.326171875,6.830078125,8.7509765625,15.380859375,5.5771484375,2.5966796875,2.5966796875,2.5966796875,2.5966796875,5.83203125,9.2216796875,5.2373046875,4.8330078125,5.8466796875,8.7041015625,14.5048828125,6.712890625,2.8134765625,2.8134765625,2.8134765625,2.927734375,13.142578125,8.2890625,5.09765625,5.1142578125,6.65234375,10.5126953125,16.0498046875,6.6923828125,2.7236328125,2.7041015625,2.7041015625,2.7041015625,7.6689453125,9.0498046875,5.359375,5.896484375,7.365234375,8.7158203125,16.3896484375,6.92578125,2.373046875,2.173828125,2.201171875,6.3994140625,12.80859375,6.1435546875,4.3583984375,5.0498046875,5.7060546875,11.22265625,16.673828125,13.5693359375,4.3251953125,3.306640625,3.306640625,3.6650390625,10.6435546875,6.859375,4.88671875,5.248046875,6.86328125,12.7734375,13.048828125,3.193359375,2.328125,2.328125,2.328125,2.328125,8.416015625,7.9775390625,5.115234375,4.810546875,5.521484375,8.763671875,16.890625,11.9697265625,4.068359375,4.0380859375,4.0380859375,5.689453125,11.7763671875,7.3203125,5.322265625,5.3330078125,7.638671875,13.8544921875,17.046875,7.5693359375,3.9111328125,3.9111328125,3.9111328125,4.173828125,11.6533203125,7.6240234375,4.6162109375,4.4951171875,6.32421875,11.501953125,16.01171875,8.1513671875,2.7021484375,2.291015625,2.291015625,2.8173828125,10.27734375,6.4853515625,5.0068359375,4.7021484375,5.5517578125,9.390625,15.0849609375,10.3212890625,6.3173828125,6.26953125,6.26953125,7.3125,13.1689453125,8.71484375,5.3134765625,4.5556640625,7.8916015625,13.6025390625,15.0400390625,3.154296875,0.5361328125,0.5361328125,0.5361328125,0.5361328125,9.5908203125,8.4111328125,5.015625,5.1884765625,5.3603515625,12.4072265625,18.0791015625,7.7099609375,2.32421875,1.7509765625,1.9658203125,7.912109375,10.8759765625,5.4619140625,4.65234375,4.5029296875,6.0546875,8.6669921875,16.068359375,9.5224609375,3.7421875,3.6181640625,3.6181640625,3.630859375,10.185546875,5.90625,5.67578125,5.486328125,7.0517578125,8.095703125,17.5361328125,8.8349609375,2.2958984375,1.892578125,1.892578125,3.85546875,12.3173828125,7.63671875,5.0927734375,5.3876953125,5.845703125,8.5751953125,16.01953125,8.2880859375
AS_15,-7.10543413386458e-15,-7.10543413386458e-15,-7.10543413386458e-15,0.91015625,1.29296875,1.015625,0.8740234375,0.9296875,1.634765625,3.3662109375,0.6787109375,-7.10543413386458e-15,-7.10543413386458e-15,-7.10543413386458e-15,-7.10543413386458e-15,0.927734375,1.201171875,0.9150390625,1.1005859375,1.013671875,1.40234375,3.3203125,3.3310546875,-7.10543413386458e-15,-7.10543413386458e-15,-7.10543413386458e-15,-7.10543413386458e-15,1.921875,1.4453125,1.2294921875,1.052734375,0.953125,1.4111328125,2.6484375,3.3857421875,1.728515625,1.728515625,1.728515625,1.728515625,1.755859375,1.5107421875,0.896484375,0.962890625,0.859375,1.6298828125,2.8935546875,1.458984375,-7.10543413386458e-15,-7.10543413386458e-15,-7.10543413386458e-15,-7.10543413386458e-15,1.3271484375,1.3701171875,1.046875,0.958984375,1.0380859375,1.2783203125,3.10546875,3.2978515625,0.259765625,0.048828125,0.048828125,0.048828125,0.8271484375,1.2724609375,1.0322265625,0.9677734375,0.896484375,1.1748046875,2.5986328125,3.365234375,1.109375,1.109375,1.109375,1.109375,1.5888671875,1.2412109375,0.8505859375,0.837890625,0.9716796875,1.4150390625,2.587890625,2.900390625,-7.10543413386458e-15,-7.10543413386458e-15,-7.10543413386458e-15,-7.10543413386458e-15,1.234375,1.2431640625,0.943359375,0.8291015625,0.9609375,1.1923828125,2.197265625,3.234375,2.6435546875,2.6435546875,2.6435546875,2.6435546875,2.7744140625,1.2138671875,1.0205078125,0.9716796875,1.0078125,1.78515625,2.9755859375,3.478515625,1.8193359375,1.8193359375,1.8193359375,1.8193359375,2.1171875,1.3701171875,1.1630859375,0.8759765625,1.0068359375,1.19140625,2.1728515625,1.5478515625,-7.10543413386458e-15,-7.10543413386458e-15,-7.10543413386458e-15,-7.10543413386458e-15,0.6826171875,1.2548828125,0.939453125,1.0498046875,0.96875,1.3095703125,2.255859375,3.3662109375,0.892578125,0.892578125,0.892578125,0.892578125,1.4267578125,1.47265625,1.0166015625,0.927734375,1.0556640625,1.3076171875,2.3212890625,3.4990234375,3.455078125,3.455078125,3.455078125,3.455078125,3.076171875,1.193359375,0.857421875,0.8681640625,1.02734375,1.26953125,2.7373046875,2.2529296875,-7.10543413386458e-15,-7.10543413386458e-15,-7.10543413386458e-15,-7.10543413386458e-15,1.484375,1.3427734375,1.0390625,1.1025390625,1.1708984375,1.8740234375,3.025390625,3.5439453125,0.7646484375,0.123046875,0.123046875,0.123046875,1.4677734375,1.37109375,0.9482421875,1.107421875,0.9619140625,1.5185546875,2.828125,2.56640625,-7.10543413386458e-15,-7.10543413386458e-15,-7.10543413386458e-15,-7.10543413386458e-15,0.806640625,1.21484375,0.822265625,0.9873046875,1.02734375,1.7109375,3.40625,2.802734375,0.140625,0.140625,0.140625,0.140625,1.6767578125,1.443359375,0.9423828125,0.9677734375,1.181640625,1.2529296875,2.9736328125,1.873046875,-7.10543413386458e-15,-7.10543413386458e-15,-7.10543413386458e-15,-7.10543413386458e-15,0.8720703125,1.2236328125,0.8515625,0.8203125,0.900390625,1.4765625,3.2763671875,3.2734375,3.044921875,3.044921875,3.044921875,3.044921875,2.38671875,1.494140625,0.91015625,0.94140625,0.904296875,1.4033203125,2.86328125,2.3037109375,1.5419921875,1.5419921875,1.5419921875,1.5419921875,2.052734375,1.2841796875,0.998046875,0.83203125,0.900390625,1.2109375,2.3837890625,1.81640625,-7.10543413386458e-15,-7.10543413386458e-15,-7.10543413386458e-15,-7.10543413386458e-15,1.376953125,1.28125,1.0849609375,1.0078125,1.064453125,1.80078125,3.07421875,2.06640625,-7.10543413386458e-15
AS_1545,4.9609375,4.4990234375,4.4990234375,4.4990234375,14.8291015625,13.068359375,4.66796875,3.6455078125,4.9267578125,11.6279296875,46.26953125,15.8505859375,3.2822265625,3.2822265625,3.2822265625,3.2822265625,8.970703125,15.9228515625,4.0380859375,3.7666015625,4.712890625,8.466796875,37.4482421875,25.560546875,3.0693359375,3.041015625,3.041015625,3.041015625,20.037109375,6.666015625,4.1962890625,3.6513671875,5.0654296875,10.0537109375,44.9169921875,22.673828125,2.8388671875,2.7841796875,2.7841796875,2.7841796875,17.4921875,7.755859375,4.5625,4.1767578125,4.490234375,9.1259765625,41.087890625,22.0986328125,3.2158203125,3.2119140625,3.2119140625,3.2119140625,16.3076171875,9.4013671875,4.029296875,3.998046875,5.767578125,9.5048828125,43.5791015625,18.486328125,2.1181640625,2.1181640625,2.1181640625,2.1181640625,18.0322265625,8.3427734375,4.04296875,3.8828125,4.8388671875,9.3203125,44.0478515625,16.8662109375,2.943359375,2.943359375,2.943359375,2.943359375,11.923828125,13.595703125,4.0361328125,3.8251953125,4.734375,8.1357421875,34.3759765625,27.564453125,3.869140625,3.8642578125,3.8642578125,3.8642578125,20.0927734375,6.794921875,4.029296875,3.5009765625,4.783203125,9.8134765625,45.2216796875,25.9814453125,2.9326171875,2.802734375,2.802734375,2.802734375,15.9091796875,8.9052734375,4.1064453125,4.08984375,4.56640625,8.2744140625,41.0361328125,25.78515625,3.8330078125,3.7939453125,3.7939453125,3.7939453125,21.6318359375,6.8955078125,4.08984375,4.298828125,4.8349609375,8.5537109375,39.330078125,19.7333984375,2.4345703125,2.4345703125,2.4345703125,2.4345703125,16.966796875,9.5517578125,3.701171875,3.3427734375,5.21484375,9.2236328125,42.91796875,21.833984375,2.9365234375,2.9365234375,2.9365234375,2.9365234375,14.2451171875,9.87109375,4.111328125,3.8427734375,5.283203125,8.626953125,38.013671875,31.943359375,2.91015625,2.7734375,2.7734375,2.7734375,13.37890625,11.5166015625,4.3125,3.9208984375,4.97265625,11.26171875,47.2568359375,12.6298828125,2.109375,2.109375,2.109375,2.109375,15.8525390625,9.072265625,4.7490234375,4.0078125,5.6025390625,7.498046875,40.5498046875,21.1220703125,2.2109375,2.2109375,2.2109375,2.2109375,13.8876953125,11.5849609375,4.185546875,3.98828125,5.3662109375,7.9453125,37.65234375,21.0693359375,3.8603515625,3.8603515625,3.8603515625,3.8603515625,19.0908203125,8.314453125,3.408203125,3.40234375,5.6953125,8.16015625,35.193359375,29.6845703125,2.5029296875,2.283203125,2.283203125,2.283203125,22.60546875,6.0673828125,3.6474609375,4.07421875,4.7294921875,10.2109375,43.150390625,31.8037109375,3.6767578125,3.2314453125,3.2314453125,3.2314453125,19.5732421875,6.9091796875,4.1650390625,4.212890625,4.740234375,8.87890625,37.8837890625,26.5576171875,2.2431640625,2.1162109375,2.1162109375,2.1162109375,20.896484375,6.1220703125,3.884765625,3.53125,5.3857421875,10.1123046875,43.4365234375,17.51171875,2.6298828125,2.6298828125,2.6298828125,2.6298828125,20.09375,7.15625,4.35546875,4.0830078125,4.6044921875,8.0625,36.5791015625,26.61328125,3.5673828125,3.5537109375,3.5537109375,3.5537109375,19.5302734375,7.7412109375,3.810546875,4.1005859375,4.7333984375,8.1103515625,42.841796875,24.189453125
AS_164,0.5107421875,0.5107421875,0.5107421875,0.6357421875,0.8017578125,0.84375,0.8251953125,0.853515625,1.0439453125,1.7978515625,1.3134765625,0.208984375,0.208984375,0.208984375,0.208984375,0.4228515625,0.8232421875,0.810546875,0.8505859375,0.8505859375,1.015625,1.72265625,1.890625,1.005859375,0.9375,0.9375,0.9375,1.01171875,0.818359375,0.8330078125,0.828125,0.833984375,1.142578125,1.65234375,1.880859375,1.779296875,1.7626953125,1.7626953125,1.7626953125,1.5498046875,0.83984375,0.78515625,0.884765625,0.8681640625,1.0771484375,1.69921875,1.7265625,1.310546875,1.310546875,1.310546875,1.310546875,1.1103515625,0.8447265625,0.822265625,0.84765625,0.873046875,1.0478515625,1.697265625,1.8369140625,0.1298828125,0.1298828125,0.1298828125,0.1298828125,0.546875,0.8642578125,0.8251953125,0.8203125,0.8525390625,1.0029296875,1.64453125,1.578125,0.2734375,0.2734375,0.2734375,0.2734375,0.48046875,0.841796875,0.828125,0.8369140625,0.853515625,0.9921875,1.6376953125,1.7880859375,1.1025390625,1.1025390625,1.1025390625,1.1025390625,1.03515625,0.849609375,0.8134765625,0.8125,0.8486328125,1.0185546875,1.7900390625,1.8486328125,0.1142578125,0.033203125,0.033203125,0.033203125,0.568359375,0.830078125,0.8525390625,0.8681640625,0.896484375,1.24609375,1.6982421875,1.830078125,0.3994140625,0.1787109375,0.1787109375,0.1787109375,0.609375,0.8359375,0.86328125,0.8447265625,0.8740234375,0.9970703125,1.578125,1.7119140625,1.400390625,1.400390625,1.400390625,1.400390625,1.2568359375,0.8427734375,0.7939453125,0.8125,0.837890625,1.02734375,1.6201171875,1.91015625,0.8720703125,0.712890625,0.712890625,0.712890625,0.849609375,0.826171875,0.8173828125,0.82421875,0.8779296875,1.28125,1.8076171875,1.9169921875,1.1318359375,0.9033203125,0.9033203125,0.9033203125,0.9736328125,0.8408203125,0.8115234375,0.8330078125,0.8759765625,1.1279296875,1.7421875,1.666015625,1.623046875,1.623046875,1.623046875,1.623046875,1.328125,0.8310546875,0.83203125,0.8427734375,0.83984375,1.044921875,1.525390625,1.7373046875,0.873046875,0.873046875,0.873046875,0.873046875,0.978515625,0.90625,0.8486328125,0.865234375,0.880859375,1.2646484375,1.736328125,1.8134765625,0.0732421875,0.0732421875,0.0732421875,0.0732421875,0.423828125,0.818359375,0.8203125,0.7841796875,0.8388671875,1.240234375,1.697265625,1.9306640625,0.7890625,0.634765625,0.634765625,0.634765625,0.798828125,0.83984375,0.8291015625,0.80859375,0.83984375,0.923828125,1.7734375,1.685546875,0.82421875,0.82421875,0.82421875,0.82421875,0.9189453125,0.841796875,0.806640625,0.794921875,0.8486328125,1.0966796875,1.5224609375,1.7978515625,0.705078125,0.7109375,0.7109375,0.7109375,0.8076171875,0.85546875,0.80859375,0.8359375,0.8291015625,1.2099609375,1.78515625,1.662109375,1.1728515625,1.1728515625,1.1728515625,1.1728515625,1.1171875,0.865234375,0.8291015625,0.8076171875,0.8359375,0.923828125,1.7333984375,1.798828125,0.765625,0.765625,0.765625,0.765625,0.876953125,0.865234375,0.8251953125,0.87109375,0.880859375,1.17578125,1.8056640625,1.6904296875,1.021484375
AS_1654,1.4013671875,1.203125,1.203125,1.203125,1.203125,16.80078125,5.0771484375,4.2265625,7.236328125,20.375,35.314453125,4.5634765625,1.81640625,1.7333984375,1.7333984375,1.7333984375,1.7333984375,13.875,7.5712890625,4.24609375,9.0654296875,16.3134765625,36.6875,9.126953125,5.541015625,5.4912109375,5.4912109375,5.4912109375,5.4912109375,14.6142578125,10.7568359375,3.6923828125,6.9638671875,17.40234375,30.662109375,7.466796875,4.1357421875,4.048828125,4.048828125,4.048828125,4.048828125,6.751953125,16.1533203125,4.40625,6.060546875,20.5634765625,32.662109375,4.7119140625,1.3603515625,1.2744140625,1.2744140625,1.2744140625,1.2744140625,15.8701171875,7.3642578125,5.0009765625,8.123046875,20.298828125,28.021484375,5.7197265625,2.7275390625,2.6337890625,2.6337890625,2.6337890625,2.6337890625,5.72265625,16.732421875,5.34375,6.75,16.6474609375,29.59765625,4.2236328125,1.861328125,1.7607421875,1.7607421875,1.7607421875,1.7607421875,17.54296875,7.38671875,3.8232421875,6.8720703125,15.4541015625,35.23828125,5.7353515625,2.8388671875,2.66796875,2.66796875,2.66796875,2.66796875,18.947265625,6.9755859375,3.8505859375,6.01171875,20.6796875,35.1982421875,6.41015625,3.1240234375,3.0166015625,3.0166015625,3.0166015625,3.0166015625,14.607421875,7.4228515625,4.4443359375,7.2470703125,20.6806640625,32.8818359375,5.771484375,2.1484375,2.00390625,2.00390625,2.00390625,2.00390625,12.259765625,16.6787109375,4.9755859375,7.994140625,19.7333984375,23.515625,4.3203125,2.3359375,2.29296875,2.29296875,2.29296875,2.29296875,14.478515625,12.404296875,3.1806640625,6.4619140625,15.0068359375,38.0615234375,5.1748046875,1.275390625,1.138671875,1.138671875,1.138671875,1.138671875,14.001953125,8.62109375,4.4697265625,6.30859375,17.6162109375,36.2958984375,10.2421875,5.5224609375,5.3857421875,5.3857421875,5.3857421875,5.3857421875,9.9609375,16.271484375,3.76171875,7.201171875,24.294921875,28.8642578125,2.7998046875,0.8251953125,0.7763671875,0.7763671875,0.7763671875,0.7763671875,13.9189453125,9.8154296875,3.5263671875,6.052734375,12.681640625,29.9638671875,6.0380859375,3.1162109375,3.0185546875,3.0185546875,3.0185546875,3.0185546875,8.7841796875,14.4951171875,4.5595703125,7.19921875,20.8642578125,22.09375,4.908203125,3.412109375,3.4091796875,3.4091796875,3.4091796875,3.4091796875,8.8369140625,15.966796875,4.8623046875,9.982421875,15.2138671875,34.4052734375,6.44921875,2.341796875,2.17578125,2.17578125,2.17578125,2.17578125,16.595703125,6.5244140625,3.5087890625,6.4912109375,17.0361328125,37.6650390625,8.1875,3.697265625,3.40234375,3.40234375,3.40234375,3.4052734375,20.001953125,4.48828125,4.4912109375,7.47265625,15.4775390625,35.4541015625,7.0498046875,2.9638671875,2.6494140625,2.6494140625,2.6494140625,2.6494140625,17.90234375,6.4296875,3.76171875,6.6806640625,22.888671875,28.6796875,4.6044921875,1.7900390625,1.75,1.75,1.75,1.75,11.1611328125,11.326171875,4.2373046875,6.033203125,17.814453125,39.1748046875,5.0126953125,1.783203125,1.732421875,1.732421875,1.732421875,1.732421875,13.7001953125,11.751953125,4.0966796875,7.6875,15.3828125,33.3154296875,5.9306640625
AS_1699,6.1240234375,4.875,4.875,7.748046875,15.3642578125,5.380859375,3.552734375,4.5595703125,5.48046875,7.4111328125,13.0009765625,22.4443359375,3.421875,1.505859375,4.775390625,19.513671875,8.8662109375,5.20703125,3.7138671875,4.2001953125,5.40625,7.6455078125,13.95703125,18.0478515625,3.322265625,2.5400390625,2.826171875,14.8896484375,9.90234375,5.73046875,3.546875,4.25390625,4.68359375,5.9423828125,8.73828125,18.466796875,3.951171875,3.9130859375,3.9130859375,10.328125,11.2880859375,4.8095703125,3.6181640625,3.7724609375,4.7880859375,7.2119140625,11.6904296875,20.396484375,3.5390625,2.947265625,3.3857421875,18.482421875,9.3798828125,4.701171875,3.6416015625,3.462890625,4.931640625,6.2119140625,11.4287109375,13.4609375,2.97265625,2.873046875,2.873046875,8.4619140625,11.8994140625,4.986328125,3.337890625,3.6943359375,5.0458984375,7.6103515625,15.744140625,27.5341796875,5.2080078125,3.50390625,3.6611328125,15.4716796875,8.1181640625,3.8291015625,3.814453125,3.0732421875,5.0927734375,6.4814453125,16.443359375,17.0234375,3.7890625,3.7744140625,3.7744140625,8.6201171875,12.6083984375,4.755859375,3.5380859375,3.3876953125,4.134765625,5.7802734375,14.3212890625,19.69140625,3.60546875,3.5107421875,3.5107421875,10.478515625,14.0224609375,5.6416015625,3.990234375,3.771484375,6.0703125,6.134765625,14.3701171875,19.849609375,3.5,3.09375,3.6533203125,15.9072265625,11.25390625,4.6796875,3.541015625,4.2509765625,5.0810546875,5.2412109375,12.64453125,20.671875,6.1845703125,3.501953125,16.115234375,18.5380859375,7.8330078125,4.08984375,3.931640625,3.7412109375,4.2373046875,6.787109375,7.794921875,23.109375,9.37109375,2.1474609375,2.53125,20.9462890625,8.1591796875,4.7607421875,3.642578125,3.80078125,4.693359375,7.201171875,22.06640625,6.7392578125,3.021484375,2.9375,2.9375,3.5400390625,15.9794921875,4.5400390625,3.58203125,3.75,4.57421875,5.3994140625,9.849609375,22.958984375,5.5673828125,4.6572265625,10.6611328125,17.6953125,7.111328125,4.5966796875,3.806640625,3.7294921875,6.1298828125,7.896484375,12.5107421875,17.5302734375,0.9140625,0.880859375,1.673828125,17.1787109375,7.3876953125,4.7626953125,3.7685546875,3.4755859375,5.662109375,6.578125,12.7421875,23.9072265625,4.875,2.931640625,5.1904296875,19.783203125,8.3115234375,4.4677734375,4.1552734375,3.7353515625,4.0576171875,6.4111328125,11.63671875,14.625,2.921875,2.6357421875,4.7109375,19.001953125,9.0283203125,6.091796875,3.8115234375,3.939453125,6.1953125,6.583984375,14.7080078125,14.3017578125,3.4013671875,3.4013671875,3.4013671875,9.466796875,13.5869140625,5.4443359375,4.12109375,3.53515625,4.6494140625,8.0146484375,11.107421875,22.8076171875,6.9619140625,4.9033203125,20.0283203125,14.5888671875,5.625,4.1220703125,3.7412109375,3.5087890625,4.3232421875,6.365234375,12.6572265625,26.1611328125,5.6728515625,3.3818359375,8.9521484375,15.7939453125,8.6123046875,4.1044921875,4.5390625,4.2216796875,5.3857421875,5.625,10.0224609375,23.587890625,5.869140625,3.9951171875,7.1005859375,21.40625,8.482421875,4.697265625,3.84375,3.6884765625,4.5439453125,5.1181640625,9.46875,25.197265625
AS_173,5.9521484375,5.845703125,3.568359375,2.203125,1.9775390625,2.041015625,1.78515625,1.6552734375,2.2568359375,3.037109375,4.978515625,5.705078125,5.85546875,5.484375,4.259765625,2.7060546875,1.6923828125,1.822265625,1.9052734375,1.8037109375,2.5068359375,2.3076171875,4.91015625,5.9990234375,4.78515625,4.6875,3.654296875,3.2041015625,2.123046875,1.595703125,1.64453125,1.8720703125,2.138671875,2.666015625,4.669921875,5.80078125,5.6044921875,5.8388671875,4.7890625,2.9072265625,2.052734375,1.80078125,2.0107421875,1.9765625,2.0107421875,2.9306640625,5.0576171875,5.93359375,5.8583984375,4.59765625,3.865234375,2.669921875,2.0771484375,1.7685546875,1.9814453125,2.0927734375,2.078125,2.7958984375,3.708984375,5.7314453125,5.97265625,5.970703125,5.5419921875,2.4833984375,1.857421875,1.662109375,2.1943359375,2.2109375,2.24609375,2.90625,4.275390625,5.7041015625,5.7998046875,5.6025390625,4.3271484375,2.8515625,2.1767578125,1.845703125,2.2373046875,1.7666015625,2.189453125,2.2578125,4.5859375,5.615234375,5.8916015625,4.8076171875,4.6025390625,2.728515625,2.259765625,1.7294921875,2.0234375,1.9091796875,2.287109375,2.884765625,5.6103515625,5.921875,5.939453125,5.72265625,3.5751953125,2.5126953125,2.1689453125,1.9443359375,1.9345703125,1.53515625,1.9267578125,2.515625,4.3779296875,5.8486328125,5.90234375,4.6455078125,4.4189453125,2.611328125,2.0087890625,1.6865234375,2.0244140625,2.0830078125,1.939453125,2.2373046875,5.279296875,5.771484375,5.9833984375,5.8037109375,5.0830078125,4.224609375,2.146484375,1.951171875,1.9287109375,1.8193359375,2.2236328125,3.5419921875,5.1796875,5.6005859375,5.9384765625,5.3330078125,4.169921875,2.650390625,2.673828125,1.7939453125,2.068359375,2.12890625,2.158203125,2.3916015625,3.125,5.9140625,5.9990234375,5.833984375,4.3681640625,2.103515625,1.7646484375,1.412109375,1.833984375,1.8642578125,1.93359375,1.9921875,4.6708984375,5.9658203125,5.6953125,5.4384765625,3.3203125,2.7255859375,1.892578125,1.8486328125,2.3515625,2.2373046875,2.15234375,2.93359375,3.6728515625,5.845703125,5.837890625,5.63671875,3.6884765625,2.23046875,2.005859375,1.5869140625,1.4990234375,1.6201171875,1.89453125,2.333984375,3.6455078125,5.8818359375,5.3017578125,5.0556640625,4.0166015625,2.7177734375,1.8125,1.7734375,1.97265625,1.8232421875,1.8828125,2.115234375,4.248046875,5.8349609375,5.9404296875,5.7041015625,3.978515625,2.240234375,2.3466796875,2.021484375,1.8779296875,1.505859375,2.1005859375,3.2041015625,4.8330078125,5.6826171875,5.7119140625,4.9755859375,3.3994140625,2.62890625,1.9541015625,1.75,2.126953125,1.6953125,1.7548828125,3.2626953125,3.966796875,5.7197265625,5.8623046875,5.6650390625,3.6533203125,2.810546875,2.2373046875,1.7822265625,1.5810546875,1.9951171875,2.083984375,2.7578125,4.607421875,5.6591796875,5.94921875,5.9228515625,3.650390625,2.33984375,1.8662109375,1.685546875,1.6806640625,1.6474609375,2.0576171875,2.2529296875,3.673828125,5.6708984375,5.80859375,4.6474609375,3.31640625,2.9365234375,1.771484375,1.8544921875,1.61328125,1.80078125,1.806640625,3.10546875,3.91015625,5.830078125
AS_174,4.6328125,4.6328125,4.6328125,4.6328125,6.1044921875,2.4765625,2.3818359375,2.3466796875,4.2236328125,8.13671875,0.8095703125,-7.10543413386458e-15,-7.10543413386458e-15,-7.10543413386458e-15,-7.10543413386458e-15,-7.10543413386458e-15,3.6103515625,2.5009765625,2.4619140625,2.5400390625,3.7119140625,7.7275390625,4.8193359375,3.720703125,3.720703125,3.720703125,3.720703125,3.720703125,5.498046875,2.951171875,2.9208984375,2.9599609375,3.9248046875,8.0712890625,3.419921875,2.685546875,2.685546875,2.685546875,2.685546875,2.685546875,4.703125,2.6943359375,2.8515625,3.0322265625,3.8447265625,7.6669921875,4.359375,3.59765625,3.59765625,3.59765625,3.59765625,3.59765625,5.443359375,2.302734375,2.12890625,2.48828125,3.9130859375,7.1328125,5.0693359375,4.3935546875,4.3935546875,4.3935546875,4.3935546875,4.3935546875,6.341796875,2.52734375,1.9765625,2.474609375,3.9228515625,7.375,4.48828125,2.09375,2.09375,2.09375,2.09375,2.09375,3.861328125,2.3388671875,2.21484375,2.9638671875,4.0634765625,8.0126953125,5.712890625,3.142578125,3.142578125,3.142578125,3.142578125,3.4580078125,5.5556640625,3.150390625,2.1943359375,3.0068359375,3.5673828125,7.490234375,3.9501953125,2.08203125,2.08203125,2.08203125,2.08203125,2.4443359375,4.693359375,2.8173828125,2.3740234375,3.0302734375,4.126953125,7.12109375,6.55859375,4.4345703125,4.4345703125,4.4345703125,4.4345703125,4.4912109375,5.9833984375,3.3408203125,2.6767578125,3.2294921875,3.8115234375,6.1279296875,3.212890625,3.05078125,3.05078125,3.05078125,3.05078125,3.05078125,4.7587890625,3.279296875,2.38671875,2.6650390625,3.8916015625,7.060546875,6.9208984375,4.0625,4.0625,4.0625,4.0625,4.31640625,5.8271484375,2.32421875,3.025390625,3.3515625,3.59375,5.6015625,5.3984375,4.181640625,4.181640625,4.181640625,4.181640625,4.2431640625,6.021484375,2.1357421875,2.0703125,2.4013671875,3.6083984375,7.4814453125,3.23828125,2.3388671875,2.3388671875,2.3388671875,2.3388671875,2.3955078125,5.724609375,3.419921875,2.2900390625,2.5703125,3.9853515625,8.3408203125,5.431640625,3.82421875,3.82421875,3.82421875,3.82421875,4.7158203125,5.900390625,2.99609375,2.2509765625,2.53515625,4.2255859375,7.69140625,2.5400390625,2.4755859375,2.4755859375,2.4755859375,2.4755859375,2.9931640625,4.990234375,2.6064453125,2.3740234375,2.84375,4.0751953125,7.748046875,5.212890625,4.3994140625,4.3994140625,4.3994140625,4.3994140625,4.9375,5.9482421875,2.4404296875,1.9423828125,2.4462890625,2.845703125,7.4873046875,3.7802734375,3.705078125,3.705078125,3.705078125,3.705078125,4.037109375,5.9921875,2.5947265625,2.814453125,3.01953125,4.212890625,8.447265625,5.6220703125,4.1044921875,4.1044921875,4.1044921875,4.1044921875,4.3701171875,7.0234375,3.1318359375,2.5966796875,2.46875,4.03125,7.35546875,4.0712890625,2.8642578125,2.8642578125,2.8642578125,2.8642578125,2.9208984375,5.6806640625,3.06640625,2.46875,2.4814453125,3.9169921875,6.677734375,5.9775390625,4.4033203125,4.4033203125,4.4033203125,4.4033203125,4.9892578125,4.6298828125,2.654296875,2.08984375,2.3037109375,3.77734375,8.154296875,6.5341796875,4.3701171875
AS_1751,2.56640625,2.830078125,3.0048828125,2.9580078125,2.98046875,2.9482421875,2.974609375,2.919921875,2.2841796875,2.9619140625,2.919921875,2.9453125,2.537109375,2.6669921875,2.623046875,2.5,2.2568359375,2.830078125,2.7197265625,2.9736328125,2.904296875,2.970703125,2.8935546875,2.9140625,3.3271484375,2.8125,2.96484375,3.0224609375,2.798828125,3.0029296875,3.2255859375,3.1630859375,3.0751953125,2.666015625,2.8916015625,3.140625,3.0859375,3.1591796875,3.0224609375,2.7958984375,2.869140625,2.8974609375,3.2998046875,3.33984375,3.1396484375,3.056640625,3.2138671875,3.16796875,2.7265625,3.2001953125,2.9248046875,2.8505859375,3.2744140625,3.3193359375,3.1923828125,3.2822265625,3.294921875,3.3623046875,3.0908203125,3.296875,3.271484375,2.9306640625,3.0556640625,2.931640625,2.9755859375,3.1650390625,3.3193359375,3.2958984375,3.12109375,3.310546875,3.33203125,3.3837890625,3.392578125,2.599609375,2.9267578125,3.1611328125,2.61328125,3.064453125,3.201171875,3.1611328125,3.251953125,3.205078125,3.1708984375,3.2626953125,3.2353515625,2.91796875,3.1181640625,3.0732421875,2.6103515625,2.982421875,3.322265625,3.228515625,3.05859375,3.197265625,3.083984375,3.13671875,2.7763671875,2.802734375,3.2568359375,3.142578125,2.736328125,3.1650390625,3.2900390625,2.7705078125,3.0244140625,3.052734375,3.20703125,3.2998046875,3.1533203125,3.15625,3.1162109375,2.8671875,2.7900390625,2.9169921875,3.2265625,3.2421875,3.0361328125,3.2333984375,3.267578125,3.2685546875,3.0771484375,2.5078125,2.62109375,2.5185546875,2.29296875,2.6533203125,3.1943359375,2.98828125,3.08203125,3.3193359375,3.1455078125,3.2216796875,3.298828125,2.892578125,3.033203125,3.2216796875,3.2158203125,3.2197265625,3.01953125,2.7001953125,3.1572265625,3.0400390625,2.955078125,2.9052734375,3.166015625,3.14453125,2.9150390625,2.5205078125,2.4609375,2.7822265625,3.17578125,3.07421875,3.173828125,3.189453125,3.1611328125,3.134765625,3.1318359375,3.2529296875,2.6640625,2.744140625,2.6767578125,3.0263671875,3.23046875,3.14453125,3.10546875,3.1884765625,3.2822265625,3.216796875,3.130859375,3.072265625,3.07421875,3.1171875,2.9443359375,3.0927734375,3.24609375,3.2431640625,2.873046875,2.896484375,3.2314453125,3.115234375,3.126953125,2.921875,3.083984375,3.021484375,2.498046875,2.7060546875,3.1064453125,3.123046875,3.158203125,2.7255859375,3.1796875,2.82421875,2.525390625,2.7939453125,2.865234375,2.9619140625,2.9931640625,3.1826171875,3.0947265625,3.162109375,3.0615234375,3.2412109375,2.84765625,3.1787109375,3.1181640625,3.173828125,2.5927734375,2.6064453125,2.291015625,2.416015625,2.888671875,3.076171875,3.052734375,2.9775390625,3.244140625,3.1240234375,3.1796875,3.04296875,2.98828125,2.978515625,2.619140625,2.8251953125,3.140625,3.1513671875,3.0908203125,3.064453125,2.8994140625,2.7900390625,2.9267578125,2.791015625,2.93359375,2.865234375,2.7998046875,3.0595703125,3.060546875,3.1328125,3.099609375,3.05078125,2.9619140625,3.068359375,2.83203125,2.7802734375,2.5439453125,2.8271484375,2.7529296875,2.978515625,3.052734375,2.9736328125,3.1259765625,2.87890625,2.970703125,2.9619140625
AS_186,0.2353515625,0.2353515625,0.2353515625,0.578125,0.7216796875,0.6982421875,0.6796875,0.685546875,1.02734375,1.8037109375,1.501953125,1.2744140625,1.2744140625,1.2744140625,1.2744140625,1.2451171875,0.7421875,0.720703125,0.7509765625,0.7080078125,1.232421875,1.787109375,1.818359375,0.2978515625,0.2978515625,0.2978515625,0.2978515625,0.6728515625,0.73046875,0.6904296875,0.7021484375,0.67578125,0.896484375,1.4716796875,1.8515625,0.822265625,0.822265625,0.822265625,0.822265625,0.8564453125,0.779296875,0.650390625,0.7060546875,0.7099609375,1.076171875,1.46484375,1.498046875,1.0556640625,1.0556640625,1.0556640625,1.0556640625,1.0712890625,0.78125,0.7431640625,0.7138671875,0.7861328125,1.1533203125,1.705078125,1.619140625,1.2265625,1.2265625,1.2265625,1.2265625,1.0703125,0.7978515625,0.6943359375,0.6533203125,0.7587890625,0.9013671875,1.69921875,1.6435546875,0.06640625,0.06640625,0.06640625,0.06640625,0.392578125,0.76953125,0.6796875,0.6767578125,0.71875,0.9306640625,1.5458984375,1.763671875,0.8134765625,0.8134765625,0.8134765625,0.8134765625,0.9189453125,0.7744140625,0.701171875,0.671875,0.7265625,1.02734375,1.796875,1.6591796875,0.5478515625,0.5478515625,0.5478515625,0.5478515625,0.8212890625,0.697265625,0.6875,0.6474609375,0.7294921875,1.0673828125,1.4814453125,1.572265625,0.0654296875,0.0654296875,0.0654296875,0.0654296875,0.58984375,0.814453125,0.7412109375,0.6953125,0.7216796875,1.0400390625,1.677734375,1.4833984375,1.1494140625,1.1494140625,1.1494140625,1.1494140625,1.115234375,0.767578125,0.72265625,0.7021484375,0.7265625,0.939453125,1.603515625,1.65625,0.31640625,0.31640625,0.31640625,0.31640625,0.455078125,0.7744140625,0.6748046875,0.685546875,0.744140625,0.9345703125,1.642578125,1.74609375,0.71484375,0.5927734375,0.5927734375,0.5927734375,0.7685546875,0.775390625,0.6953125,0.6796875,0.7685546875,1.0966796875,1.80859375,0.974609375,0.396484375,0.396484375,0.396484375,0.396484375,0.71484375,0.7841796875,0.68359375,0.640625,0.712890625,0.990234375,1.50390625,1.541015625,0.271484375,0.271484375,0.271484375,0.271484375,0.7822265625,0.935546875,0.79296875,0.796875,0.8818359375,1.412109375,1.5830078125,1.6943359375,0.8427734375,0.8427734375,0.8427734375,0.8427734375,0.8505859375,0.712890625,0.658203125,0.646484375,0.732421875,1.1630859375,1.552734375,1.8662109375,0.6875,0.669921875,0.669921875,0.669921875,0.8642578125,0.802734375,0.6650390625,0.67578125,0.7333984375,0.84765625,1.8662109375,1.248046875,-7.10543413386458e-15,-7.10543413386458e-15,-7.10543413386458e-15,-7.10543413386458e-15,0.3837890625,0.7783203125,0.669921875,0.638671875,0.7197265625,1.0205078125,1.5439453125,1.4521484375,0.3505859375,0.3505859375,0.3505859375,0.3505859375,0.654296875,0.826171875,0.671875,0.6923828125,0.7197265625,1.18359375,1.6806640625,1.3818359375,0.8759765625,0.8759765625,0.8759765625,0.8759765625,0.919921875,0.8017578125,0.6708984375,0.63671875,0.6796875,0.8212890625,1.65234375,1.330078125,0.6220703125,0.6220703125,0.6220703125,0.6220703125,0.6953125,0.7158203125,0.70703125,0.6953125,0.6923828125,1.0869140625,1.779296875,1.5849609375,0.892578125
AS_215,2.0,1.9560546875,1.9873046875,1.9892578125,1.974609375,1.9951171875,1.98828125,1.986328125,2.0,1.98828125,1.9921875,1.998046875,1.9921875,1.970703125,1.9921875,2.0,1.9033203125,1.9677734375,1.9951171875,1.994140625,1.98046875,1.9638671875,1.98046875,2.0,1.9892578125,2.0,1.984375,2.0,1.9873046875,1.986328125,1.9052734375,1.9375,1.9765625,1.9521484375,1.939453125,1.9951171875,1.986328125,2.0,1.9892578125,1.98828125,1.9921875,1.966796875,1.9306640625,1.986328125,1.9794921875,1.9404296875,1.96484375,2.0,2.0,1.99609375,1.9765625,1.99609375,1.9853515625,1.982421875,1.984375,2.0,1.9755859375,1.98828125,1.9951171875,1.96875,1.9921875,1.990234375,1.9990234375,2.0,1.9560546875,1.9853515625,1.97265625,1.7685546875,1.873046875,1.9814453125,1.9443359375,2.0,2.0,2.0,1.986328125,2.0,2.0,1.9921875,1.8896484375,1.990234375,1.9794921875,1.94140625,1.9970703125,1.9990234375,1.9990234375,2.0,2.0,1.9970703125,2.0,1.990234375,1.9912109375,1.9921875,1.9794921875,1.9853515625,1.9794921875,1.994140625,1.9990234375,2.0,1.9931640625,2.0,1.99609375,1.9853515625,1.8740234375,1.921875,1.9619140625,1.98828125,2.0,1.9482421875,1.982421875,2.0,2.0,1.9560546875,1.990234375,1.9990234375,1.9052734375,1.9951171875,1.9365234375,1.966796875,1.9853515625,1.9931640625,1.9931640625,2.0,1.9931640625,2.0,2.0,1.9912109375,1.966796875,1.9921875,1.970703125,1.990234375,1.99609375,1.9892578125,1.97265625,1.931640625,1.9990234375,1.9921875,1.9169921875,1.9150390625,1.9921875,2.0,2.0,1.9462890625,2.0,1.9990234375,2.0,1.98828125,1.9892578125,1.9794921875,1.9794921875,1.9853515625,1.962890625,1.9794921875,1.984375,1.982421875,1.9990234375,1.990234375,1.9931640625,2.0,2.0,1.9912109375,1.9892578125,1.9892578125,1.9609375,1.9814453125,1.9873046875,1.8984375,2.0,1.98046875,1.9775390625,1.9921875,1.9990234375,1.9921875,2.0,1.98828125,1.95703125,1.9833984375,1.9208984375,2.0,1.9736328125,2.0,1.916015625,1.9638671875,2.0,1.9892578125,1.955078125,1.986328125,1.986328125,1.9814453125,1.9482421875,1.9921875,1.9990234375,2.0,1.9794921875,1.96875,1.931640625,2.0,1.9765625,2.0,1.974609375,1.986328125,1.9853515625,1.984375,2.0,1.9970703125,1.9951171875,2.0,1.9912109375,1.9638671875,1.9921875,1.982421875,1.9873046875,1.896484375,1.9951171875,1.9599609375,2.0,1.9794921875,1.990234375,1.94140625,1.9619140625,2.0,2.0,1.9892578125,1.98828125,1.982421875,1.84375,1.970703125,2.0,1.9931640625,2.0,2.0,1.9599609375,2.0,2.0,2.0,1.978515625,2.0,1.9111328125,1.9853515625,1.9814453125,1.982421875,1.9150390625,2.0,1.9794921875,1.994140625,1.970703125,1.974609375,1.974609375,1.958984375,1.9736328125,1.9892578125,1.978515625,1.9970703125
AS_219,3.7646484375,3.7646484375,3.7646484375,4.2412109375,2.197265625,1.30859375,1.34765625,1.2275390625,1.7890625,6.2490234375,6.3095703125,5.8974609375,5.8974609375,5.8974609375,5.8974609375,5.8974609375,3.4921875,1.259765625,1.2978515625,1.162109375,1.681640625,5.7197265625,7.5419921875,5.4453125,5.4453125,5.4453125,5.4453125,5.45703125,2.90625,1.3134765625,1.4052734375,1.3134765625,1.6728515625,3.443359375,7.0126953125,2.9375,2.9375,2.9375,2.9375,2.9375,2.8203125,1.6650390625,1.4462890625,1.474609375,2.001953125,5.5185546875,6.171875,4.7451171875,4.7451171875,4.7451171875,4.7451171875,4.7451171875,3.130859375,1.69921875,1.33203125,1.197265625,1.9833984375,4.9033203125,4.51953125,1.810546875,1.810546875,1.810546875,1.810546875,2.189453125,2.9443359375,1.4716796875,1.025390625,1.19921875,1.708984375,3.201171875,6.1923828125,2.3505859375,2.3505859375,2.3505859375,2.3505859375,2.3486328125,3.4169921875,1.4609375,1.3076171875,1.3916015625,1.685546875,2.9892578125,6.7236328125,4.01171875,3.8115234375,3.8115234375,3.8115234375,4.400390625,2.1982421875,1.5498046875,1.2724609375,1.244140625,1.548828125,3.837890625,6.4384765625,2.142578125,2.142578125,2.142578125,2.142578125,2.97265625,2.833984375,1.60546875,1.26171875,1.28515625,1.6728515625,4.4296875,6.3056640625,2.7431640625,2.7431640625,2.7431640625,2.7431640625,3.6806640625,2.3466796875,1.66796875,1.333984375,1.310546875,1.4453125,3.8583984375,5.73828125,3.5439453125,3.5439453125,3.5439453125,3.5439453125,3.5439453125,3.89453125,2.0712890625,1.2802734375,1.6513671875,2.27734375,4.2763671875,7.1435546875,4.8994140625,4.8994140625,4.8994140625,4.8994140625,4.8994140625,3.4755859375,1.37109375,1.5,1.3681640625,2.0673828125,3.869140625,6.638671875,2.0517578125,2.0263671875,2.0263671875,2.0263671875,2.84765625,2.5361328125,1.203125,1.296875,1.5234375,1.572265625,5.2412109375,6.1328125,3.451171875,3.451171875,3.451171875,3.451171875,3.9765625,3.4697265625,1.7275390625,1.255859375,1.388671875,2.1044921875,3.640625,6.708984375,2.4833984375,2.4716796875,2.4716796875,2.4716796875,2.8720703125,3.3349609375,1.439453125,1.1630859375,1.533203125,1.6337890625,3.4912109375,7.2451171875,6.294921875,6.294921875,6.294921875,6.294921875,6.326171875,3.65625,1.3037109375,1.2451171875,1.4765625,2.53125,5.8681640625,7.060546875,3.3349609375,3.3349609375,3.3349609375,3.3349609375,3.970703125,2.36328125,1.3916015625,1.1416015625,1.5126953125,1.37109375,6.0498046875,4.3564453125,-7.10543413386458e-15,-7.10543413386458e-15,-7.10543413386458e-15,-7.10543413386458e-15,0.5869140625,3.3232421875,1.333984375,1.19140625,1.3642578125,1.853515625,5.1171875,6.5322265625,1.7353515625,1.7353515625,1.7353515625,1.7353515625,2.828125,2.9189453125,1.283203125,1.4931640625,1.302734375,1.9150390625,4.947265625,5.673828125,3.8291015625,3.8291015625,3.8291015625,3.8291015625,4.1005859375,3.3798828125,1.419921875,1.3955078125,1.1904296875,1.41796875,4.2724609375,6.96484375,6.59375,6.59375,6.59375,6.59375,6.412109375,3.3779296875,1.5458984375,1.201171875,1.2001953125,1.9072265625,6.4111328125,6.40625,2.49609375
AS_226,1.962890625,1.9501953125,1.7587890625,1.4169921875,0.9677734375,0.8330078125,0.8291015625,0.9111328125,1.4658203125,1.521484375,1.759765625,1.8466796875,1.978515625,1.783203125,1.4921875,0.9619140625,0.7314453125,0.7119140625,0.7216796875,0.80859375,0.98046875,1.6357421875,1.7880859375,1.9892578125,1.7412109375,1.7451171875,1.1044921875,0.8486328125,0.728515625,0.744140625,0.7275390625,0.791015625,0.9111328125,1.5703125,1.712890625,1.8173828125,1.9248046875,1.654296875,1.4033203125,0.9013671875,0.76171875,0.7802734375,0.6162109375,0.7705078125,0.7578125,1.517578125,1.705078125,1.9482421875,1.86328125,1.4287109375,1.6806640625,1.296875,1.2490234375,1.19921875,0.96875,1.37890625,1.6171875,1.6533203125,1.79296875,1.90234375,1.9716796875,1.974609375,1.3583984375,0.7802734375,0.818359375,0.7119140625,0.7265625,0.7421875,0.7978515625,1.65234375,1.6103515625,1.9765625,1.88671875,1.87109375,1.5703125,1.58203125,1.271484375,0.9228515625,0.90625,0.99609375,1.615234375,1.404296875,1.7880859375,1.83984375,1.9716796875,1.455078125,1.3369140625,0.9697265625,0.767578125,0.728515625,0.689453125,0.783203125,0.9482421875,1.564453125,1.830078125,1.8515625,1.912109375,1.8984375,1.3271484375,1.05078125,0.857421875,0.8701171875,0.8037109375,0.90625,1.17578125,1.5478515625,1.7119140625,1.931640625,1.974609375,1.5595703125,1.564453125,1.021484375,0.8134765625,0.74609375,0.7421875,0.8310546875,1.4462890625,1.61328125,1.7138671875,1.81640625,1.953125,1.677734375,1.6416015625,1.572265625,0.9951171875,0.8330078125,0.7724609375,0.8095703125,1.146484375,1.748046875,1.755859375,1.9267578125,1.56640625,1.8466796875,1.7783203125,1.1884765625,1.001953125,0.830078125,0.755859375,0.9619140625,1.3671875,1.6796875,1.525390625,1.927734375,1.982421875,1.916015625,1.64453125,0.9521484375,0.822265625,0.748046875,0.7314453125,0.802734375,1.416015625,1.6484375,1.94921875,1.984375,1.9443359375,1.755859375,1.7685546875,1.4677734375,0.876953125,0.779296875,0.8046875,0.8125,1.2255859375,1.7255859375,1.81640625,1.8896484375,1.9306640625,1.791015625,1.6435546875,1.5947265625,1.2353515625,1.310546875,1.0869140625,1.36328125,1.6123046875,1.7529296875,1.716796875,1.986328125,1.923828125,1.8818359375,1.3447265625,1.2958984375,1.365234375,1.591796875,1.2744140625,1.28125,1.705078125,1.6513671875,1.70703125,1.828125,1.44921875,1.396484375,1.390625,1.189453125,1.37890625,0.982421875,0.7880859375,1.009765625,1.6328125,1.541015625,1.580078125,1.818359375,1.7265625,1.681640625,1.6455078125,1.10546875,0.8515625,0.8115234375,0.7578125,0.8486328125,1.369140625,1.7119140625,1.7822265625,1.869140625,1.9501953125,1.912109375,1.2783203125,1.041015625,0.810546875,0.779296875,0.7236328125,0.8427734375,1.0595703125,1.748046875,1.8515625,1.7099609375,1.9775390625,1.80859375,1.0107421875,0.76953125,0.7177734375,0.728515625,0.7197265625,0.765625,0.8388671875,1.4248046875,1.734375,1.8818359375,1.8720703125,1.427734375,0.99609375,0.859375,0.73046875,0.681640625,0.66015625,0.701171875,0.8115234375,1.6416015625,1.7470703125,1.8916015625
AS_235,6.3447265625,5.0830078125,2.236328125,1.5009765625,1.23828125,1.310546875,1.1806640625,1.1337890625,1.36328125,1.6376953125,2.9404296875,3.447265625,4.4814453125,3.8759765625,2.1708984375,1.728515625,1.1845703125,1.2685546875,1.232421875,1.3359375,1.83203125,1.6474609375,2.3740234375,5.81640625,3.9169921875,2.5078125,2.2080078125,1.724609375,1.3427734375,1.1875,1.13671875,1.2509765625,1.6064453125,1.6201171875,2.421875,4.91015625,5.1298828125,3.6064453125,2.6240234375,1.5390625,1.3671875,1.18359375,1.1748046875,1.26953125,1.2314453125,1.3505859375,2.4228515625,4.2578125,5.2900390625,2.5703125,2.712890625,1.6591796875,1.294921875,1.1220703125,1.2646484375,1.3837890625,1.32421875,1.6240234375,1.708984375,3.7421875,7.1875,6.787109375,2.7294921875,1.388671875,1.248046875,1.1884765625,1.404296875,1.38671875,1.392578125,1.6962890625,2.2255859375,5.2197265625,5.28125,5.5693359375,2.228515625,1.6259765625,1.5,1.1748046875,1.345703125,1.158203125,1.5390625,1.3896484375,2.3232421875,5.84375,7.060546875,2.4248046875,2.326171875,1.6708984375,1.205078125,1.2548828125,1.2236328125,1.189453125,1.50390625,1.7529296875,2.6904296875,4.2587890625,6.83203125,6.0302734375,1.9248046875,1.4287109375,1.2470703125,1.23046875,1.2138671875,1.0283203125,1.3134765625,1.3486328125,2.0517578125,4.109375,5.9169921875,3.4404296875,2.8515625,1.5947265625,1.240234375,1.1025390625,1.203125,1.3330078125,1.3759765625,1.490234375,3.388671875,5.1162109375,6.115234375,4.572265625,2.841796875,1.6474609375,1.1884765625,1.2939453125,1.12109375,1.109375,1.3408203125,2.025390625,1.8681640625,4.5751953125,7.8955078125,4.33203125,2.2392578125,1.6748046875,1.611328125,1.15625,1.208984375,1.2373046875,1.4453125,1.6552734375,1.810546875,4.4697265625,6.24609375,6.947265625,3.7392578125,1.42578125,1.37109375,1.138671875,1.1826171875,1.3310546875,1.3896484375,1.4501953125,2.498046875,6.4228515625,5.482421875,4.3017578125,2.37890625,1.638671875,1.1650390625,1.228515625,1.4599609375,1.3115234375,1.5693359375,1.888671875,2.0947265625,5.4423828125,5.3251953125,5.4736328125,2.5087890625,1.537109375,1.232421875,1.177734375,0.9814453125,1.1923828125,1.2607421875,1.6591796875,2.248046875,5.212890625,4.8974609375,4.5234375,2.59375,1.7119140625,1.3330078125,1.142578125,1.3974609375,1.2255859375,1.4443359375,1.607421875,2.4033203125,4.244140625,6.1748046875,4.0078125,1.927734375,1.3515625,1.2607421875,1.162109375,1.181640625,1.107421875,1.5341796875,1.8740234375,2.3994140625,3.654296875,4.994140625,4.8408203125,2.5849609375,1.392578125,1.1962890625,1.251953125,1.2431640625,1.1552734375,1.2744140625,2.296875,2.3798828125,5.2421875,6.2685546875,4.771484375,1.689453125,1.333984375,1.3115234375,1.0859375,1.0478515625,1.333984375,1.423828125,1.638671875,2.0419921875,4.6689453125,6.3251953125,5.7900390625,2.5166015625,1.474609375,1.2578125,1.1376953125,1.1337890625,1.2109375,1.533203125,1.59375,2.376953125,3.515625,5.59765625,2.8330078125,2.1005859375,1.7080078125,1.138671875,1.1328125,1.099609375,1.12109375,1.2958984375,1.9541015625,2.5673828125,5.70703125
AS_250,6.0185546875,4.9072265625,1.8701171875,1.294921875,1.1376953125,1.1142578125,1.1513671875,1.052734375,1.2060546875,1.31640625,2.12109375,2.658203125,5.1904296875,3.7822265625,1.9111328125,1.505859375,1.013671875,1.1171875,1.140625,1.029296875,1.1220703125,1.3505859375,1.76953125,5.55078125,3.3125,2.478515625,1.8271484375,1.6279296875,1.1650390625,1.06640625,0.970703125,1.0146484375,1.203125,1.3232421875,1.9521484375,4.1337890625,6.076171875,3.7685546875,2.5712890625,1.4892578125,1.1083984375,1.09375,0.96875,1.07421875,0.966796875,1.25390625,2.1826171875,4.080078125,5.0576171875,2.5322265625,2.484375,1.4404296875,1.1533203125,1.1357421875,1.125,1.1171875,1.1865234375,1.166015625,1.4296875,3.568359375,6.7919921875,6.4228515625,2.248046875,1.3330078125,1.322265625,0.9970703125,1.208984375,1.173828125,1.125,1.314453125,1.412109375,5.7099609375,4.677734375,4.869140625,1.6044921875,1.427734375,1.3828125,1.087890625,1.17578125,1.017578125,1.181640625,1.04296875,1.5947265625,4.2412109375,6.046875,2.8046875,1.9482421875,1.4912109375,1.1611328125,1.12890625,1.0966796875,1.0185546875,1.0556640625,1.318359375,1.7626953125,3.515625,6.0244140625,5.404296875,1.7734375,1.48828125,1.2265625,1.1357421875,1.091796875,1.064453125,1.1103515625,1.08203125,1.6220703125,3.8037109375,5.5341796875,3.1865234375,2.099609375,1.3154296875,1.1474609375,0.98046875,0.994140625,1.091796875,1.0048828125,1.078125,2.4853515625,4.28515625,5.79296875,4.14453125,3.1494140625,1.6728515625,1.1416015625,1.1064453125,0.970703125,1.005859375,1.109375,1.4482421875,1.513671875,4.6826171875,6.830078125,3.7998046875,1.955078125,1.421875,1.2939453125,0.998046875,0.974609375,1.0654296875,1.0595703125,1.3359375,1.408203125,4.5361328125,6.3662109375,6.1494140625,2.9853515625,1.3212890625,1.2099609375,1.0693359375,1.05078125,1.1181640625,1.150390625,1.2109375,2.404296875,6.11328125,6.0263671875,4.7861328125,2.3046875,1.640625,1.1767578125,1.09765625,1.373046875,1.0859375,1.1484375,1.3017578125,1.9111328125,5.1015625,5.1728515625,4.7958984375,2.2041015625,1.40234375,1.3134765625,1.0380859375,0.93359375,0.99609375,1.099609375,1.234375,1.634765625,5.7021484375,4.6455078125,4.103515625,2.162109375,1.6826171875,1.1904296875,1.060546875,1.1005859375,1.1171875,1.111328125,1.3369140625,2.052734375,4.9853515625,6.146484375,4.4150390625,1.876953125,1.2578125,1.3115234375,1.1025390625,1.033203125,1.0048828125,1.173828125,1.4501953125,2.271484375,3.986328125,5.4072265625,4.134765625,2.0107421875,1.294921875,1.1123046875,1.1767578125,1.13671875,1.01953125,1.0634765625,1.5078125,1.927734375,5.001953125,5.912109375,5.2353515625,1.8076171875,1.4462890625,1.19140625,1.01171875,0.9609375,1.0576171875,1.0791015625,1.3037109375,1.740234375,4.345703125,6.1005859375,5.80078125,1.9208984375,1.2861328125,1.1689453125,1.05078125,0.9658203125,1.05859375,1.0615234375,1.1357421875,1.8916015625,2.73046875,5.8564453125,2.7646484375,1.85546875,1.4892578125,1.05859375,0.99609375,0.9462890625,1.0126953125,1.0654296875,1.259765625,1.9501953125,4.85546875
AS_275,34.1796875,45.8076171875,25.2041015625,9.7978515625,4.2783203125,2.8876953125,2.7958984375,2.8720703125,4.1982421875,4.9755859375,6.205078125,11.8154296875,44.3828125,39.4228515625,24.5126953125,8.3134765625,4.466796875,2.908203125,2.369140625,3.3076171875,3.9912109375,5.2998046875,7.26953125,21.8447265625,43.6259765625,37.53125,17.6142578125,7.5625,4.4697265625,3.4833984375,2.513671875,3.869140625,4.2255859375,5.2236328125,9.337890625,24.9873046875,46.666015625,41.2890625,31.9169921875,8.609375,5.5810546875,3.4228515625,3.1689453125,2.5185546875,4.2734375,5.6640625,6.31640625,25.13671875,45.4775390625,37.3037109375,25.546875,7.9296875,4.4306640625,3.1240234375,2.8798828125,3.705078125,3.4775390625,5.55859375,6.6162109375,13.1123046875,46.310546875,45.0625,26.3955078125,9.3271484375,5.4521484375,3.1025390625,2.705078125,3.001953125,3.857421875,5.0302734375,6.892578125,31.43359375,47.01171875,39.048828125,22.96484375,11.6455078125,5.3134765625,2.8974609375,2.6474609375,2.7763671875,4.0732421875,4.71875,6.2607421875,10.853515625,24.7587890625,33.2099609375,24.1787109375,8.591796875,5.3564453125,3.708984375,2.9296875,2.9638671875,3.5400390625,4.73046875,6.798828125,11.4677734375,35.888671875,44.5263671875,19.9228515625,8.509765625,4.451171875,3.134765625,2.2021484375,2.9580078125,3.8642578125,4.5703125,7.318359375,16.2138671875,43.4638671875,40.7294921875,26.8837890625,9.2060546875,4.130859375,3.28125,2.6103515625,3.0078125,4.45703125,5.1396484375,7.83203125,26.26953125,45.810546875,37.3037109375,20.1884765625,10.607421875,5.56640625,2.765625,2.3701171875,2.6826171875,3.66015625,4.830078125,6.2646484375,13.978515625,46.2236328125,35.2392578125,22.37109375,11.1474609375,4.87109375,2.841796875,2.9365234375,2.7080078125,4.1611328125,4.4775390625,5.6943359375,12.9150390625,37.6748046875,41.583984375,19.9150390625,10.806640625,5.19921875,3.6640625,2.4248046875,3.2099609375,3.662109375,5.5517578125,8.1220703125,18.66015625,46.232421875,42.4794921875,20.416015625,10.2841796875,5.67578125,2.953125,2.521484375,2.701171875,3.6376953125,5.34375,8.0751953125,25.11328125,45.7021484375,42.84375,24.1005859375,8.3466796875,5.0869140625,3.267578125,2.4921875,2.74609375,4.509765625,5.2255859375,6.9873046875,34.6826171875,47.392578125,41.669921875,26.4072265625,9.037109375,4.49609375,4.041015625,2.7236328125,2.6982421875,4.4150390625,5.6943359375,6.6826171875,24.2978515625,44.21484375,42.6259765625,22.5361328125,8.6083984375,4.8251953125,3.669921875,2.46484375,3.1376953125,3.283203125,5.1787109375,7.0185546875,17.44921875,45.8837890625,44.1875,26.25390625,9.7998046875,3.900390625,4.0283203125,2.26171875,3.0751953125,4.466796875,5.0986328125,8.1171875,31.8828125,46.8525390625,42.0830078125,19.8427734375,7.54296875,4.2265625,3.2900390625,2.8173828125,3.63671875,4.255859375,5.3896484375,6.23046875,19.2568359375,45.9970703125,40.240234375,19.22265625,9.6787109375,4.763671875,3.5,2.658203125,3.244140625,3.94140625,4.748046875,6.5419921875,10.6328125,32.724609375,36.1435546875,19.8544921875,10.4658203125,4.1904296875,2.9541015625,2.86328125,2.3173828125,3.8623046875,5.666015625,6.8671875,22.974609375
AS_289,1.6865234375,1.6865234375,1.6865234375,1.6865234375,1.6865234375,2.6533203125,4.109375,2.490234375,3.55859375,11.287109375,8.865234375,6.201171875,6.201171875,6.201171875,6.201171875,6.201171875,6.201171875,6.201171875,5.306640625,2.3427734375,2.6591796875,9.9794921875,9.6474609375,3.8310546875,3.8310546875,3.8310546875,3.8310546875,3.8310546875,3.8310546875,3.767578125,4.9931640625,2.416015625,3.3291015625,12.623046875,8.0615234375,4.6591796875,4.6591796875,4.6591796875,4.6591796875,4.6591796875,4.6591796875,4.841796875,5.234375,2.208984375,3.46484375,8.5009765625,11.849609375,2.419921875,2.419921875,2.419921875,2.419921875,2.419921875,2.419921875,2.98046875,7.171875,2.140625,3.4853515625,11.330078125,8.8779296875,5.123046875,5.123046875,5.123046875,5.123046875,5.123046875,5.123046875,6.5205078125,3.03515625,2.4375,2.9033203125,9.7138671875,9.560546875,5.9931640625,5.9931640625,5.9931640625,5.9931640625,5.9931640625,5.9931640625,5.80859375,5.4736328125,2.26171875,3.40234375,10.0078125,9.583984375,2.6962890625,2.6962890625,2.6962890625,2.6962890625,2.6962890625,2.6962890625,3.291015625,5.400390625,2.298828125,3.5048828125,8.1337890625,7.2919921875,1.5810546875,1.5810546875,1.5810546875,1.5810546875,1.5810546875,1.5810546875,1.8173828125,5.01953125,2.3046875,2.90625,10.69140625,6.34765625,1.4287109375,1.4287109375,1.4287109375,1.4287109375,1.4287109375,1.4287109375,4.0947265625,2.5498046875,2.7138671875,2.6640625,9.458984375,11.0791015625,6.2861328125,6.2861328125,6.2861328125,6.2861328125,6.2861328125,6.2861328125,6.71875,4.5205078125,2.08984375,2.720703125,10.9658203125,6.8193359375,1.009765625,1.009765625,1.009765625,1.009765625,1.009765625,1.009765625,1.427734375,4.8798828125,2.3623046875,2.7626953125,11.7568359375,9.3447265625,6.453125,6.453125,6.453125,6.453125,6.453125,6.453125,6.0830078125,4.7314453125,1.9072265625,3.3173828125,10.8115234375,7.44140625,4.0068359375,4.0068359375,4.0068359375,4.0068359375,4.0068359375,4.0068359375,6.0615234375,3.1748046875,1.927734375,3.8466796875,8.890625,9.638671875,5.1318359375,5.1318359375,5.1318359375,5.1318359375,5.1318359375,5.1318359375,5.0654296875,5.953125,2.560546875,3.2451171875,9.537109375,10.072265625,3.32421875,3.32421875,3.32421875,3.32421875,3.32421875,3.32421875,3.630859375,5.8662109375,2.333984375,2.916015625,8.4267578125,10.5478515625,2.244140625,2.244140625,2.244140625,2.244140625,2.244140625,2.244140625,3.4287109375,3.1572265625,1.5166015625,3.3681640625,9.716796875,9.0068359375,5.07421875,5.07421875,5.07421875,5.07421875,5.07421875,5.07421875,5.033203125,4.7412109375,2.0947265625,3.189453125,9.078125,8.59765625,1.2021484375,1.2021484375,1.2021484375,1.2021484375,1.2021484375,1.2021484375,2.7880859375,3.294921875,2.021484375,2.880859375,12.4482421875,6.3212890625,2.4326171875,2.4326171875,2.4326171875,2.4326171875,2.4326171875,2.4326171875,4.294921875,4.6806640625,2.22265625,2.8740234375,8.681640625,9.5400390625,3.3984375,3.3984375,3.3984375,3.3984375,3.3984375,3.3984375,3.6328125,4.447265625,2.255859375,2.541015625,8.36328125,12.3291015625,6.23046875
AS_307,3.55859375,3.55859375,3.55859375,3.55859375,3.7802734375,1.091796875,1.3017578125,1.3349609375,1.7333984375,5.0341796875,4.447265625,4.447265625,4.447265625,4.447265625,4.447265625,4.447265625,4.5908203125,1.1640625,1.173828125,1.16015625,2.2841796875,4.955078125,1.904296875,-7.10543413386458e-15,-7.10543413386458e-15,-7.10543413386458e-15,-7.10543413386458e-15,-7.10543413386458e-15,1.7158203125,1.3232421875,1.0380859375,1.25,1.986328125,4.6767578125,2.353515625,2.353515625,2.353515625,2.353515625,2.353515625,2.353515625,2.921875,1.57421875,1.1689453125,1.5537109375,1.876953125,5.2998046875,4.583984375,4.416015625,4.416015625,4.416015625,4.416015625,4.416015625,4.5703125,1.34375,1.1962890625,1.373046875,2.0048828125,5.2744140625,3.2861328125,2.6923828125,2.6923828125,2.6923828125,2.6923828125,2.6923828125,3.1240234375,1.5068359375,1.1650390625,1.2138671875,1.779296875,4.7314453125,4.61328125,4.126953125,4.126953125,4.126953125,4.126953125,4.126953125,4.33984375,1.4560546875,1.25390625,1.177734375,2.0087890625,4.806640625,1.521484375,-7.10543413386458e-15,-7.10543413386458e-15,-7.10543413386458e-15,-7.10543413386458e-15,-7.10543413386458e-15,1.6435546875,1.498046875,1.1806640625,1.1220703125,1.8251953125,5.150390625,4.662109375,4.7314453125,4.7314453125,4.7314453125,4.7314453125,4.7314453125,4.884765625,1.205078125,1.072265625,1.28125,2.5859375,5.46484375,2.8564453125,1.9951171875,1.9951171875,1.9951171875,1.9951171875,1.9951171875,2.9794921875,1.771484375,1.240234375,1.4365234375,2.6123046875,4.7421875,1.291015625,-7.10543413386458e-15,-7.10543413386458e-15,-7.10543413386458e-15,-7.10543413386458e-15,-7.10543413386458e-15,0.720703125,1.341796875,1.125,1.3154296875,2.0146484375,4.787109375,3.8544921875,3.6220703125,3.6220703125,3.6220703125,3.6220703125,3.6220703125,3.7314453125,1.326171875,1.091796875,1.1630859375,2.3662109375,5.232421875,3.5283203125,1.955078125,1.955078125,1.955078125,1.955078125,1.955078125,2.60546875,1.326171875,1.138671875,1.4365234375,1.61328125,4.5166015625,5.1162109375,5.0537109375,5.0537109375,5.0537109375,5.0537109375,5.0537109375,5.216796875,1.830078125,1.244140625,1.44140625,2.5595703125,5.8603515625,4.404296875,3.6142578125,3.6142578125,3.6142578125,3.6142578125,3.6142578125,3.6484375,1.14453125,1.1845703125,1.3037109375,2.1708984375,4.7138671875,2.955078125,1.818359375,1.818359375,1.818359375,1.818359375,1.818359375,2.4921875,1.525390625,1.080078125,1.2919921875,2.0029296875,5.599609375,4.619140625,4.2900390625,4.2900390625,4.2900390625,4.2900390625,4.2900390625,4.453125,1.2265625,1.0537109375,1.2666015625,1.62109375,5.4990234375,-7.10543413386458e-15,-7.10543413386458e-15,-7.10543413386458e-15,-7.10543413386458e-15,-7.10543413386458e-15,-7.10543413386458e-15,2.0126953125,1.3837890625,1.2734375,1.650390625,2.4580078125,5.638671875,4.9736328125,4.7490234375,4.7490234375,4.7490234375,4.7490234375,4.7490234375,4.1572265625,1.4423828125,1.2841796875,1.1005859375,2.5029296875,5.4736328125,4.396484375,3.7333984375,3.7333984375,3.7333984375,3.7333984375,3.7333984375,4.275390625,1.5693359375,1.0927734375,1.234375,1.8310546875,5.33203125,5.3095703125,5.0126953125,5.0126953125,5.0126953125,5.0126953125,5.0126953125,4.392578125,1.4111328125,1.27734375,1.1728515625,2.0615234375,5.33203125,1.255859375,-7.10543413386458e-15
AS_319,31.8349609375,39.3642578125,17.1572265625,7.169921875,4.474609375,4.3544921875,3.07421875,3.3662109375,3.74609375,4.3818359375,5.2333984375,10.587890625,29.2421875,39.1240234375,9.8564453125,6.953125,4.787109375,3.630859375,2.81640625,3.283203125,3.7119140625,4.318359375,8.013671875,22.7529296875,40.9951171875,22.2802734375,12.1005859375,7.794921875,3.9345703125,3.9541015625,2.9873046875,3.3515625,3.5869140625,3.7705078125,5.3642578125,19.5537109375,39.482421875,39.24609375,16.2900390625,7.66015625,3.6455078125,3.6669921875,3.6201171875,3.1201171875,3.9697265625,4.693359375,6.2841796875,10.8974609375,37.5,34.5693359375,11.0908203125,7.5673828125,4.3603515625,3.9365234375,3.3349609375,3.3740234375,3.5634765625,3.6748046875,6.5517578125,20.03125,39.5126953125,30.623046875,15.2666015625,6.5185546875,3.7158203125,3.7548828125,2.896484375,2.740234375,3.8330078125,5.0068359375,6.4990234375,7.8330078125,28.453125,31.8515625,11.5302734375,6.0234375,4.076171875,2.9013671875,3.083984375,2.4033203125,4.26171875,3.994140625,7.8505859375,15.7568359375,26.3291015625,13.6298828125,22.5625,7.634765625,3.4482421875,3.20703125,3.33203125,2.7705078125,3.0234375,4.140625,7.69921875,17.4541015625,19.9736328125,4.8115234375,22.966796875,7.734375,4.6689453125,4.3828125,3.4677734375,2.8115234375,4.0751953125,3.923828125,5.5283203125,13.5556640625,39.7158203125,29.8125,14.1953125,6.4951171875,4.255859375,3.0322265625,3.5537109375,3.4287109375,4.3447265625,3.0908203125,6.728515625,9.1318359375,14.42578125,24.8408203125,12.2919921875,5.98046875,3.513671875,3.4765625,2.5703125,2.837890625,3.2197265625,4.43359375,4.2548828125,7.1962890625,23.2294921875,38.7890625,18.548828125,6.9140625,3.79296875,3.25390625,2.8720703125,3.1884765625,3.45703125,5.427734375,9.94921875,17.9189453125,42.2529296875,31.2275390625,24.123046875,5.5908203125,3.517578125,3.322265625,3.1640625,2.8349609375,3.337890625,3.9013671875,4.916015625,16.748046875,40.2509765625,30.0625,19.9912109375,5.4326171875,3.330078125,3.546875,3.7666015625,3.2744140625,4.5537109375,5.8154296875,4.9091796875,31.59375,42.1357421875,34.2626953125,10.953125,6.3564453125,3.9951171875,3.736328125,3.0341796875,2.8623046875,4.015625,4.193359375,6.3271484375,9.18359375,30.9931640625,28.6552734375,11.236328125,7.29296875,3.98828125,3.16796875,2.9833984375,2.94140625,2.9443359375,4.0107421875,6.8837890625,14.2109375,42.1123046875,20.6962890625,11.744140625,5.6171875,4.5546875,3.8076171875,3.486328125,2.705078125,4.1787109375,3.7763671875,6.0107421875,24.22265625,40.298828125,28.0625,14.1552734375,7.1904296875,4.4443359375,3.6259765625,3.0625,3.0224609375,3.1064453125,4.9033203125,6.0751953125,9.0263671875,13.8037109375,7.3623046875,9.3916015625,4.5908203125,3.162109375,2.759765625,2.783203125,3.0556640625,3.27734375,3.921875,5.185546875,9.9130859375,24.5009765625,19.220703125,8.8623046875,5.587890625,3.900390625,2.8935546875,3.5029296875,3.4912109375,3.921875,3.4619140625,4.8056640625,10.267578125,20.095703125,32.7744140625,9.734375,5.3564453125,4.2529296875,3.19921875,2.794921875,3.232421875,3.01171875,3.53515625,5.8193359375,9.35546875
AS_327,4.8203125,3.1318359375,2.5400390625,1.8134765625,1.8984375,2.1767578125,2.39453125,2.2490234375,2.0546875,1.865234375,2.4462890625,5.2197265625,5.162109375,2.9384765625,1.740234375,1.783203125,1.8505859375,2.2568359375,2.4521484375,2.001953125,1.76171875,1.9599609375,2.3486328125,4.205078125,5.630859375,3.6337890625,2.197265625,1.998046875,2.2138671875,2.162109375,2.4423828125,2.4599609375,1.9833984375,2.1572265625,3.359375,5.2431640625,6.5341796875,2.50390625,2.3642578125,1.888671875,1.9248046875,2.15234375,2.00390625,2.2861328125,2.1826171875,2.2333984375,2.3818359375,5.705078125,5.3857421875,4.470703125,2.3642578125,2.1728515625,1.8876953125,2.505859375,2.1806640625,2.6962890625,1.8994140625,2.267578125,2.8408203125,5.7724609375,6.802734375,4.171875,2.2919921875,1.984375,1.84765625,2.095703125,2.375,2.4580078125,2.4912109375,2.263671875,3.31640625,7.52734375,6.734375,3.71484375,2.27734375,2.0556640625,1.875,1.9951171875,2.9990234375,3.134765625,2.3876953125,2.072265625,2.5859375,5.697265625,6.4482421875,3.349609375,2.4111328125,2.0673828125,1.861328125,2.38671875,2.5322265625,2.408203125,2.1728515625,1.9755859375,3.0341796875,6.4755859375,6.1103515625,5.6533203125,2.2880859375,1.908203125,1.859375,2.421875,2.447265625,2.1748046875,2.25,2.1943359375,2.8359375,3.80859375,5.3017578125,3.294921875,2.533203125,2.1259765625,2.017578125,2.0400390625,2.6337890625,2.15625,2.111328125,2.3310546875,3.505859375,5.357421875,6.1123046875,3.4228515625,2.162109375,2.044921875,1.994140625,2.0859375,2.1328125,1.9677734375,1.8642578125,2.23828125,2.201171875,5.44921875,5.982421875,2.640625,2.224609375,1.787109375,1.8125,2.4609375,2.220703125,2.1416015625,2.2919921875,1.96484375,2.46875,4.0517578125,4.97265625,3.3232421875,2.59765625,2.0341796875,1.6279296875,2.3310546875,2.4189453125,2.2939453125,1.9013671875,2.15625,2.87109375,4.068359375,4.568359375,3.1806640625,2.3359375,1.8828125,1.9951171875,2.2578125,2.2841796875,2.126953125,1.845703125,2.3671875,2.84375,5.3369140625,5.46875,4.5322265625,2.326171875,1.8642578125,2.0673828125,2.08203125,2.232421875,2.498046875,2.1103515625,2.1357421875,2.607421875,5.224609375,4.892578125,2.5703125,2.181640625,2.123046875,1.6435546875,2.228515625,2.37890625,2.1416015625,2.0361328125,1.8544921875,2.3525390625,3.28515625,5.318359375,2.681640625,1.9267578125,2.0791015625,1.9892578125,1.9853515625,2.2744140625,2.419921875,2.0703125,2.1171875,3.2275390625,5.40234375,4.755859375,2.8955078125,2.490234375,2.1591796875,1.6572265625,1.9443359375,2.2822265625,2.0068359375,1.6240234375,1.7197265625,2.6552734375,4.51171875,5.494140625,2.873046875,2.1025390625,1.79296875,1.8935546875,1.9990234375,2.1806640625,2.1416015625,2.0185546875,2.0693359375,1.994140625,4.2236328125,5.041015625,2.87109375,2.0419921875,1.7900390625,1.7197265625,1.9375,2.251953125,2.0546875,1.970703125,1.8193359375,2.0556640625,3.55859375,4.51171875,4.0654296875,1.9375,1.783203125,1.7080078125,1.9609375,1.814453125,2.220703125,1.7373046875,2.0615234375,2.744140625,4.0546875
AS_330,-7.10543413386458e-15,-7.10543413386458e-15,-7.10543413386458e-15,-7.10543413386458e-15,1.259765625,2.990234375,2.978515625,2.8212890625,2.9736328125,1.388671875,-7.10543413386458e-15,-7.10543413386458e-15,-7.10543413386458e-15,-7.10543413386458e-15,-7.10543413386458e-15,-7.10543413386458e-15,1.439453125,2.935546875,2.935546875,2.9990234375,2.9990234375,1.59765625,-7.10543413386458e-15,-7.10543413386458e-15,-7.10543413386458e-15,-7.10543413386458e-15,-7.10543413386458e-15,-7.10543413386458e-15,1.2353515625,2.87109375,2.8662109375,2.9814453125,2.998046875,1.5849609375,-7.10543413386458e-15,-7.10543413386458e-15,-7.10543413386458e-15,-7.10543413386458e-15,-7.10543413386458e-15,-7.10543413386458e-15,0.9736328125,2.9521484375,3.0,2.939453125,2.98828125,2.0908203125,-7.10543413386458e-15,-7.10543413386458e-15,-7.10543413386458e-15,-7.10543413386458e-15,-7.10543413386458e-15,-7.10543413386458e-15,1.2216796875,2.98828125,3.0,2.9765625,2.9990234375,2.69140625,1.9130859375,1.9130859375,1.9130859375,1.9130859375,1.9130859375,1.9130859375,2.1826171875,2.970703125,2.6240234375,2.9345703125,2.9970703125,1.8681640625,-7.10543413386458e-15,-7.10543413386458e-15,-7.10543413386458e-15,-7.10543413386458e-15,-7.10543413386458e-15,-7.10543413386458e-15,1.2333984375,2.9345703125,2.8427734375,3.0,2.990234375,2.86328125,2.716796875,2.716796875,2.716796875,2.716796875,2.716796875,2.716796875,2.7158203125,2.9970703125,2.84765625,2.9970703125,2.9775390625,1.2685546875,0.0458984375,0.0458984375,0.0458984375,0.0458984375,0.0458984375,0.0458984375,1.572265625,2.9482421875,2.7646484375,2.9765625,3.0,2.4580078125,-7.10543413386458e-15,-7.10543413386458e-15,-7.10543413386458e-15,-7.10543413386458e-15,-7.10543413386458e-15,-7.10543413386458e-15,1.44140625,2.9365234375,2.3623046875,2.6083984375,3.0,2.4658203125,-7.10543413386458e-15,-7.10543413386458e-15,-7.10543413386458e-15,-7.10543413386458e-15,-7.10543413386458e-15,-7.10543413386458e-15,0.953125,2.6044921875,2.9677734375,2.9501953125,2.9404296875,2.19921875,-7.10543413386458e-15,-7.10543413386458e-15,-7.10543413386458e-15,-7.10543413386458e-15,-7.10543413386458e-15,-7.10543413386458e-15,0.68359375,2.998046875,2.818359375,2.9736328125,2.9990234375,2.1796875,2.44921875,2.4326171875,2.4326171875,2.4326171875,2.4326171875,2.4326171875,2.6484375,2.291015625,2.1376953125,2.8603515625,2.998046875,1.716796875,-7.10543413386458e-15,-7.10543413386458e-15,-7.10543413386458e-15,-7.10543413386458e-15,-7.10543413386458e-15,-7.10543413386458e-15,1.1494140625,2.931640625,2.9853515625,3.0,2.9931640625,1.4951171875,0.1728515625,0.1728515625,0.1728515625,0.1728515625,0.1728515625,0.1728515625,1.611328125,2.8876953125,2.9921875,2.9814453125,2.998046875,1.8388671875,-7.10543413386458e-15,-7.10543413386458e-15,-7.10543413386458e-15,-7.10543413386458e-15,-7.10543413386458e-15,-7.10543413386458e-15,1.46484375,2.689453125,2.630859375,2.9248046875,2.9921875,1.8095703125,-7.10543413386458e-15,-7.10543413386458e-15,-7.10543413386458e-15,-7.10543413386458e-15,-7.10543413386458e-15,-7.10543413386458e-15,1.451171875,2.9921875,2.9619140625,2.978515625,2.982421875,0.8388671875,-7.10543413386458e-15,-7.10543413386458e-15,-7.10543413386458e-15,-7.10543413386458e-15,-7.10543413386458e-15,-7.10543413386458e-15,1.44921875,2.994140625,2.998046875,2.9677734375,2.91796875,1.466796875,0.142578125,0.142578125,0.142578125,0.142578125,0.142578125,0.142578125,1.1328125,2.978515625,2.95703125,2.9716796875,2.9990234375,2.83984375,0.046875,0.046875,0.046875,0.046875,0.046875,0.046875,1.18359375,2.7255859375,2.7880859375,2.9853515625,3.0,1.2783203125,0.0205078125,0.0205078125,0.0205078125,0.0205078125,0.0205078125,0.0205078125,1.3271484375,2.8798828125,1.8671875,2.857421875,2.9921875,1.583984375,0.0517578125,0.0517578125
AS_343,15.0224609375,14.0419921875,6.05078125,2.20703125,2.1435546875,2.189453125,1.984375,2.03515625,2.0849609375,2.87109375,3.767578125,7.05078125,11.583984375,10.837890625,4.6123046875,2.478515625,2.3291015625,1.8154296875,2.123046875,2.14453125,2.345703125,2.998046875,4.4052734375,8.3056640625,17.5341796875,11.5185546875,5.0107421875,3.302734375,2.130859375,2.0537109375,1.947265625,2.060546875,1.80078125,2.4306640625,3.6123046875,14.9306640625,20.81640625,12.7041015625,6.556640625,4.068359375,1.876953125,1.8701171875,1.966796875,1.7958984375,2.4482421875,2.5068359375,3.5615234375,6.357421875,8.3486328125,7.787109375,3.876953125,2.845703125,2.1943359375,1.8447265625,1.8720703125,2.1201171875,1.9423828125,2.4677734375,3.484375,8.2978515625,9.4736328125,14.5439453125,4.9912109375,3.0654296875,1.947265625,2.130859375,1.7783203125,1.9521484375,1.7861328125,2.6650390625,3.1015625,4.61328125,13.626953125,14.7080078125,4.705078125,2.4052734375,2.0126953125,1.98828125,2.095703125,1.62109375,2.2548828125,2.0712890625,3.9599609375,9.2841796875,21.353515625,12.9228515625,5.521484375,3.43359375,1.990234375,1.880859375,1.755859375,1.9169921875,2.20703125,2.1376953125,3.908203125,7.15625,18.900390625,19.8740234375,4.49609375,1.9326171875,2.4990234375,1.9248046875,2.0166015625,2.0546875,2.3759765625,2.458984375,3.3271484375,10.9072265625,20.345703125,6.97265625,4.513671875,3.1728515625,1.98046875,1.880859375,2.1064453125,1.9970703125,2.3447265625,2.0927734375,3.244140625,5.8310546875,8.3388671875,12.1181640625,5.1845703125,2.55078125,1.8408203125,1.6015625,1.94140625,1.9091796875,2.0078125,2.521484375,2.6904296875,3.5322265625,8.2861328125,21.6240234375,8.60546875,3.70703125,1.78125,1.75390625,2.0546875,2.1025390625,2.2353515625,2.85546875,6.7451171875,19.701171875,21.6689453125,19.9404296875,8.412109375,1.927734375,1.849609375,1.958984375,1.8818359375,2.1376953125,1.89453125,2.0693359375,3.4384765625,5.9208984375,14.103515625,6.4169921875,4.001953125,2.9111328125,1.8623046875,1.888671875,1.958984375,2.0478515625,2.14453125,2.2880859375,3.353515625,9.84375,18.951171875,13.119140625,4.2861328125,2.666015625,1.822265625,2.0576171875,2.234375,1.8427734375,2.3046875,2.8740234375,3.359375,6.341796875,8.810546875,7.1884765625,5.1494140625,3.296875,1.921875,2.0283203125,2.1787109375,2.267578125,1.943359375,2.6865234375,4.0244140625,7.3837890625,17.7646484375,11.6201171875,3.796875,2.142578125,2.1162109375,1.771484375,2.0419921875,2.0849609375,2.361328125,3.2275390625,5.5068359375,16.0654296875,20.6298828125,19.05859375,4.2978515625,3.244140625,1.916015625,1.9365234375,1.97265625,2.2744140625,2.1943359375,2.572265625,3.576171875,6.7001953125,12.564453125,9.5869140625,3.9482421875,2.66015625,2.1259765625,1.6533203125,1.947265625,2.0791015625,2.06640625,2.1728515625,4.044921875,6.0556640625,16.380859375,8.5810546875,5.0126953125,2.7646484375,1.6328125,1.88671875,1.828125,2.3515625,2.4052734375,2.16796875,4.16796875,6.3203125,14.328125,14.791015625,4.005859375,2.900390625,1.9189453125,1.8828125,1.8046875,1.958984375,2.0009765625,2.2001953125,3.7578125,8.0732421875
AS_372,0.318359375,0.462890625,1.82421875,1.7490234375,1.732421875,1.728515625,1.6513671875,1.716796875,1.6904296875,1.8984375,1.9287109375,1.9619140625,1.0078125,1.2626953125,1.9208984375,1.876953125,1.6728515625,1.7314453125,1.7490234375,1.6552734375,1.880859375,1.9208984375,1.953125,1.041015625,1.134765625,1.9267578125,1.8095703125,1.78125,1.29296875,1.177734375,0.9453125,1.0361328125,1.6201171875,1.8994140625,1.943359375,1.583984375,0.3447265625,1.0078125,1.845703125,1.7666015625,1.62890625,1.6748046875,1.6162109375,1.73046875,1.7021484375,1.8447265625,1.9638671875,1.91796875,1.658203125,1.56640625,1.9384765625,1.89453125,1.728515625,1.63671875,1.7607421875,1.82421875,1.810546875,1.8291015625,1.9501953125,1.568359375,0.0888671875,0.13671875,1.859375,1.7294921875,1.7412109375,1.6875,1.7060546875,1.7431640625,1.5927734375,1.880859375,1.931640625,0.3876953125,-7.10543413386458e-15,1.05078125,1.83203125,1.732421875,1.75390625,1.7265625,1.7158203125,1.6494140625,1.70703125,1.806640625,1.9326171875,1.7421875,0.6435546875,1.6357421875,1.8447265625,1.71875,1.736328125,1.6767578125,1.7109375,1.6513671875,1.5537109375,1.87890625,1.9599609375,1.9619140625,0.4384765625,0.4296875,1.8623046875,1.837890625,1.7783203125,1.57421875,1.3271484375,1.7333984375,1.8330078125,1.783203125,1.9658203125,1.3271484375,-7.10543413386458e-15,1.228515625,1.9150390625,1.724609375,1.7490234375,1.716796875,1.5498046875,1.724609375,1.76953125,1.8251953125,1.943359375,1.2607421875,-7.10543413386458e-15,0.48828125,1.9423828125,1.8994140625,1.7626953125,1.34765625,1.0537109375,1.26171875,1.521484375,1.9111328125,1.9619140625,1.12890625,-7.10543413386458e-15,-7.10543413386458e-15,1.5029296875,1.7529296875,1.7060546875,1.7314453125,1.6005859375,1.685546875,1.716796875,1.884765625,1.9345703125,1.154296875,0.3583984375,0.8125,1.91796875,1.7646484375,1.623046875,1.6845703125,1.7109375,1.6552734375,1.642578125,1.9287109375,1.96484375,0.7109375,-7.10543413386458e-15,0.8740234375,1.9052734375,1.857421875,1.748046875,1.748046875,1.7314453125,1.7568359375,1.759765625,1.912109375,1.9638671875,1.7587890625,1.43359375,1.5048828125,1.8984375,1.79296875,1.76953125,1.552734375,1.7373046875,1.59765625,1.7763671875,1.947265625,1.955078125,1.099609375,0.99609375,1.9775390625,1.8525390625,1.7529296875,1.6923828125,1.685546875,1.736328125,1.615234375,1.662109375,1.6884765625,1.732421875,1.3603515625,1.7138671875,1.5869140625,1.84375,1.5869140625,1.7568359375,1.6611328125,1.712890625,1.7060546875,1.755859375,1.884765625,1.9248046875,1.98046875,1.8017578125,1.927734375,1.9130859375,1.7431640625,1.736328125,1.232421875,1.078125,1.166015625,1.751953125,1.775390625,1.9638671875,1.6259765625,0.4755859375,0.5439453125,1.8330078125,1.7919921875,1.7392578125,1.689453125,1.7060546875,1.666015625,1.8046875,1.8828125,1.9287109375,0.9130859375,0.15625,0.7255859375,1.77734375,1.7197265625,1.68359375,1.7021484375,1.4052734375,1.6943359375,1.5888671875,1.765625,1.921875,1.9853515625,1.9775390625,1.8818359375,1.7958984375,1.740234375,1.7099609375,1.4853515625,1.6015625,1.576171875,1.595703125,1.7587890625,1.947265625,1.42578125
AS_389,0.87109375,0.87109375,0.87109375,0.87109375,0.87109375,6.482421875,2.375,2.7255859375,5.0693359375,11.5712890625,8.1005859375,0.654296875,0.6455078125,0.6455078125,0.6455078125,0.6455078125,0.6455078125,6.5185546875,2.9638671875,3.0498046875,5.4404296875,11.2158203125,7.17578125,0.955078125,0.884765625,0.884765625,0.884765625,0.884765625,0.884765625,6.5654296875,2.5576171875,2.5185546875,4.291015625,10.8388671875,5.794921875,0.703125,0.552734375,0.552734375,0.552734375,0.552734375,0.552734375,5.681640625,3.53515625,2.7021484375,3.9130859375,11.41796875,8.4189453125,1.400390625,1.330078125,1.330078125,1.330078125,1.330078125,1.330078125,8.365234375,2.6640625,2.7041015625,4.796875,11.2373046875,3.8232421875,0.5478515625,0.53125,0.53125,0.53125,0.53125,0.53125,4.9833984375,3.265625,2.8037109375,4.3642578125,10.724609375,6.271484375,1.046875,0.9951171875,0.9951171875,0.9951171875,0.9951171875,0.9951171875,7.9296875,3.1650390625,2.8359375,4.138671875,11.7626953125,7.90234375,1.861328125,1.8359375,1.8359375,1.8359375,1.8359375,1.8359375,8.6484375,3.3466796875,2.5380859375,4.3447265625,11.3203125,8.3876953125,0.978515625,0.9599609375,0.9599609375,0.9599609375,0.9599609375,0.9599609375,6.66015625,2.9267578125,3.0419921875,4.896484375,11.09765625,7.48046875,2.5859375,2.5859375,2.5859375,2.5859375,2.5859375,2.5859375,6.9150390625,3.8896484375,3.029296875,4.451171875,11.2412109375,8.984375,2.5361328125,2.5068359375,2.5068359375,2.5068359375,2.5068359375,2.5068359375,8.51953125,3.41015625,2.353515625,4.1943359375,10.3857421875,8.703125,1.5595703125,1.455078125,1.455078125,1.455078125,1.455078125,1.455078125,6.9453125,2.9287109375,3.1494140625,4.1513671875,10.970703125,6.53125,0.396484375,0.1689453125,0.1689453125,0.1689453125,0.1689453125,0.1689453125,6.123046875,2.8427734375,2.640625,4.9326171875,13.14453125,4.7548828125,0.2314453125,0.2314453125,0.2314453125,0.2314453125,0.2314453125,0.2314453125,6.2177734375,3.447265625,2.9609375,4.5712890625,9.5302734375,7.1142578125,1.4365234375,1.3876953125,1.3876953125,1.3876953125,1.3876953125,1.3876953125,7.3583984375,3.1025390625,2.4326171875,4.7041015625,12.16015625,6.2861328125,0.48828125,0.4599609375,0.4599609375,0.4599609375,0.4599609375,0.4599609375,8.1064453125,4.27734375,3.06640625,5.966796875,10.548828125,8.185546875,0.978515625,0.9169921875,0.9169921875,0.9169921875,0.9169921875,0.9169921875,6.513671875,3.1826171875,2.9130859375,4.2041015625,10.7626953125,8.6669921875,2.173828125,2.0869140625,2.0869140625,2.0869140625,2.0869140625,2.0869140625,7.4140625,2.943359375,2.6201171875,4.8876953125,10.193359375,10.1240234375,0.740234375,0.703125,0.703125,0.703125,0.703125,0.703125,7.5009765625,2.9453125,2.4375,4.0234375,12.552734375,5.546875,2.283203125,2.267578125,2.267578125,2.267578125,2.267578125,2.267578125,9.6259765625,3.033203125,2.7705078125,4.048828125,11.9873046875,11.6357421875,3.47265625,3.412109375,3.412109375,3.412109375,3.412109375,3.412109375,7.6328125,3.4794921875,2.841796875,4.5419921875,9.63671875,11.29296875,3.1767578125
AS_391,4.5771484375,3.384765625,1.732421875,1.2607421875,1.1396484375,1.1806640625,1.1142578125,1.04296875,1.19921875,1.4208984375,2.23046875,2.3505859375,3.267578125,2.7529296875,1.923828125,1.4345703125,1.046875,1.0908203125,1.1806640625,1.11328125,1.2783203125,1.2412109375,2.025390625,4.7138671875,2.4521484375,1.9755859375,1.66796875,1.65625,1.064453125,1.0234375,1.046875,1.1357421875,1.2294921875,1.4013671875,2.0078125,3.341796875,3.35546875,2.7197265625,2.1240234375,1.4423828125,1.0966796875,1.0947265625,1.2080078125,1.1181640625,1.03125,1.3408203125,2.16015625,2.8095703125,3.33203125,2.0458984375,2.1884765625,1.3779296875,1.21484375,1.0615234375,1.171875,1.177734375,1.134765625,1.3994140625,1.7880859375,3.0126953125,4.0419921875,4.7490234375,2.240234375,1.2958984375,1.087890625,1.048828125,1.3349609375,1.2607421875,1.234375,1.39453125,1.697265625,3.4130859375,4.16796875,3.0576171875,1.7001953125,1.3505859375,1.208984375,1.1123046875,1.3330078125,1.08203125,1.216796875,1.169921875,1.939453125,2.8154296875,4.17578125,1.728515625,2.0244140625,1.4814453125,1.1357421875,1.1025390625,1.2294921875,1.1201171875,1.21484375,1.447265625,2.2060546875,2.7666015625,4.8310546875,4.0380859375,1.4443359375,1.265625,1.2060546875,1.1201171875,1.126953125,1.0068359375,1.1015625,1.1689453125,1.8349609375,2.78125,4.21484375,2.38671875,2.0546875,1.287109375,1.162109375,1.0185546875,1.2119140625,1.1806640625,1.05859375,1.150390625,2.654296875,3.06640625,4.177734375,3.4931640625,2.451171875,1.7138671875,1.13671875,1.125,1.13671875,1.1533203125,1.21484375,1.599609375,1.943359375,3.046875,5.7431640625,2.6171875,2.154296875,1.494140625,1.396484375,1.0244140625,1.1982421875,1.220703125,1.2548828125,1.4326171875,1.8291015625,3.07421875,4.087890625,4.14453125,2.23046875,1.1904296875,1.0869140625,0.962890625,1.158203125,1.12890625,1.1591796875,1.154296875,2.02734375,3.912109375,3.6953125,2.5380859375,1.775390625,1.36328125,1.080078125,1.0693359375,1.3037109375,1.1962890625,1.173828125,1.36328125,1.8388671875,2.8779296875,2.662109375,3.4638671875,1.7275390625,1.169921875,1.087890625,1.0576171875,0.9306640625,1.0380859375,1.0400390625,1.2587890625,1.73828125,3.1640625,2.59375,3.0322265625,2.00390625,1.5302734375,1.142578125,1.064453125,1.1572265625,1.1552734375,1.1708984375,1.3271484375,2.052734375,2.8056640625,3.91015625,2.888671875,1.818359375,1.1591796875,1.244140625,1.1806640625,1.09765625,1.05078125,1.220703125,1.5849609375,2.048828125,2.515625,2.6337890625,2.6611328125,1.6689453125,1.2548828125,1.119140625,1.0615234375,1.1845703125,1.064453125,1.0107421875,1.5498046875,1.7421875,2.7744140625,4.25390625,3.056640625,1.76171875,1.3818359375,1.26953125,1.0810546875,1.0380859375,1.138671875,1.1572265625,1.384765625,2.00390625,3.7919921875,4.5498046875,4.203125,1.591796875,1.2255859375,1.0595703125,1.033203125,1.0205078125,1.048828125,1.0908203125,1.1796875,1.6455078125,2.4443359375,3.1064453125,1.8916015625,1.521484375,1.359375,1.0634765625,1.05859375,0.9560546875,1.08984375,1.08984375,1.291015625,1.875,3.0458984375
AS_410,9.0244140625,6.6630859375,7.8232421875,4.953125,2.8076171875,2.6982421875,2.353515625,2.6689453125,2.689453125,3.72265625,4.1298828125,9.8681640625,10.517578125,10.478515625,6.2060546875,4.6259765625,3.5712890625,2.732421875,2.2470703125,2.265625,2.626953125,3.6123046875,6.935546875,11.65625,5.8408203125,7.6650390625,6.6650390625,4.3173828125,3.13671875,2.9130859375,2.3603515625,2.3818359375,2.740234375,3.2041015625,4.779296875,10.013671875,10.865234375,10.462890625,7.9736328125,6.2294921875,2.6787109375,2.4326171875,2.55078125,2.375,2.9267578125,3.654296875,6.0322265625,10.1513671875,10.4130859375,11.6201171875,8.0810546875,5.48828125,3.423828125,2.6875,2.7802734375,2.439453125,2.8740234375,2.9794921875,5.8251953125,11.08984375,13.158203125,12.5927734375,8.373046875,5.6328125,3.3564453125,2.626953125,2.265625,2.4228515625,2.734375,4.111328125,7.9775390625,9.6669921875,10.623046875,7.205078125,8.2685546875,4.6611328125,3.05859375,2.630859375,2.345703125,2.2431640625,2.6435546875,2.9580078125,7.1162109375,9.6630859375,8.138671875,7.734375,8.0048828125,5.865234375,3.32421875,2.544921875,2.5966796875,2.33984375,2.763671875,3.55078125,6.810546875,10.2041015625,6.3251953125,5.0498046875,7.3203125,5.4462890625,3.26171875,2.9326171875,2.533203125,2.412109375,2.83203125,3.796875,5.525390625,8.783203125,12.4833984375,9.1884765625,8.224609375,4.59375,3.123046875,2.69921875,2.5625,2.34375,2.6474609375,3.1298828125,6.0546875,8.3701171875,9.6279296875,10.630859375,6.9541015625,4.07421875,3.0078125,2.740234375,2.08984375,2.056640625,2.5341796875,3.7822265625,4.40234375,7.6396484375,10.1708984375,10.1767578125,7.7548828125,5.1904296875,3.1962890625,2.3896484375,2.283203125,2.517578125,2.7001953125,4.205078125,8.412109375,12.58203125,9.6748046875,5.2607421875,7.041015625,5.4111328125,3.3017578125,2.4326171875,2.3408203125,2.7919921875,2.5126953125,3.0400390625,4.77734375,8.5869140625,11.765625,9.431640625,7.7978515625,4.3935546875,2.8193359375,2.9482421875,2.5849609375,2.3994140625,2.9814453125,4.4931640625,5.7568359375,10.2822265625,10.04296875,8.4638671875,7.1298828125,4.6513671875,3.45703125,2.67578125,2.3212890625,2.115234375,2.748046875,3.3125,5.79296875,8.072265625,11.3056640625,11.0126953125,7.6884765625,6.1826171875,3.2080078125,2.380859375,2.2138671875,2.2548828125,2.3037109375,3.361328125,6.0078125,10.216796875,12.0107421875,10.0400390625,7.505859375,4.2158203125,3.4091796875,2.8359375,2.1591796875,2.0380859375,2.798828125,3.2685546875,6.4677734375,10.568359375,4.76171875,5.326171875,7.1572265625,4.71875,3.283203125,2.39453125,2.36328125,2.091796875,2.259765625,3.9853515625,5.322265625,8.5048828125,10.9619140625,8.560546875,6.8095703125,3.2607421875,2.4716796875,2.4111328125,2.36328125,2.19921875,2.7138671875,3.07421875,5.919921875,9.099609375,11.828125,9.2470703125,7.3515625,5.3388671875,3.43359375,2.3779296875,2.5322265625,2.611328125,2.6669921875,3.07421875,4.0830078125,8.2099609375,12.7431640625,11.1748046875,7.1591796875,4.2763671875,3.2294921875,2.830078125,2.2158203125,2.1318359375,2.3740234375,2.87890625,5.53125,7.9794921875
AS_413,3.2333984375,1.056640625,1.056640625,1.056640625,12.630859375,2.0185546875,1.58203125,2.0927734375,3.2900390625,7.369140625,39.0107421875,22.9541015625,2.9765625,2.6796875,2.6796875,2.6796875,11.93359375,2.1494140625,1.8232421875,1.935546875,3.3134765625,5.7548828125,22.2099609375,28.826171875,2.6748046875,1.6376953125,1.6376953125,1.6376953125,11.85546875,1.892578125,1.64453125,2.015625,2.9990234375,5.1064453125,23.146484375,37.4541015625,2.587890625,0.8876953125,0.8876953125,0.8876953125,11.17578125,4.52734375,1.845703125,1.947265625,3.11328125,4.896484375,28.8837890625,30.4970703125,1.6748046875,1.484375,1.484375,1.484375,12.5849609375,2.201171875,1.6689453125,2.2646484375,3.0810546875,5.689453125,32.8408203125,42.1416015625,2.578125,2.6650390625,2.6650390625,2.6650390625,14.7880859375,2.404296875,1.697265625,2.1669921875,2.7978515625,5.0830078125,27.91796875,34.4609375,4.0439453125,4.2177734375,4.2177734375,4.2177734375,12.8203125,2.0400390625,1.625,2.1533203125,3.240234375,4.7548828125,17.388671875,48.966796875,5.5712890625,1.5458984375,1.5458984375,2.1865234375,13.1484375,1.8515625,1.6298828125,2.201171875,3.2509765625,5.783203125,27.5654296875,45.376953125,1.7578125,0.6064453125,0.6064453125,0.6064453125,9.8212890625,1.9853515625,1.65234375,2.1640625,3.3291015625,4.935546875,27.1416015625,44.4140625,2.8359375,1.169921875,1.169921875,1.396484375,13.5068359375,2.0810546875,1.9619140625,2.234375,3.1435546875,5.095703125,32.6025390625,41.0478515625,4.7255859375,2.81640625,2.81640625,2.81640625,12.9833984375,2.0078125,1.7626953125,2.150390625,3.2763671875,5.2978515625,24.5986328125,41.75,1.4990234375,1.0859375,1.0859375,1.0859375,8.8583984375,6.11328125,1.712890625,2.1142578125,2.962890625,5.1689453125,28.8603515625,38.2275390625,2.4375,2.3896484375,2.3896484375,2.3896484375,12.8544921875,2.3349609375,1.583984375,2.1630859375,3.158203125,5.6787109375,31.587890625,28.8125,0.974609375,0.8271484375,0.8271484375,0.8271484375,11.8759765625,2.5048828125,1.7392578125,2.03515625,3.1015625,4.4765625,25.66796875,43.6337890625,2.275390625,1.0146484375,1.0146484375,1.0146484375,12.2822265625,4.0283203125,1.9052734375,2.140625,3.224609375,5.6435546875,33.4326171875,24.349609375,1.50390625,0.759765625,0.759765625,0.759765625,10.9609375,2.591796875,1.5859375,2.259765625,4.0263671875,5.3232421875,30.3974609375,40.6552734375,3.25,2.2744140625,2.2744140625,2.9775390625,14.9189453125,1.6611328125,1.626953125,2.021484375,2.6455078125,6.8056640625,33.8564453125,40.0087890625,2.521484375,1.39453125,1.39453125,1.39453125,11.8271484375,1.86328125,1.5283203125,2.2421875,3.37890625,5.46484375,27.8876953125,41.8173828125,2.326171875,1.8525390625,1.8525390625,1.9111328125,14.537109375,1.716796875,1.673828125,2.046875,3.25,5.91796875,38.015625,32.9091796875,2.4482421875,2.3759765625,2.3759765625,2.3759765625,15.130859375,1.9853515625,1.5771484375,2.1396484375,3.0361328125,5.2294921875,27.8388671875,41.5380859375,2.84375,1.4970703125,1.4970703125,1.654296875,13.97265625,2.03515625,1.73828125,2.0947265625,3.564453125,5.67578125,31.755859375,31.7548828125
AS_42,17.9755859375,17.076171875,14.95703125,2.9951171875,2.19140625,1.8427734375,1.4052734375,1.693359375,1.9599609375,2.4111328125,3.1611328125,12.796875,21.2021484375,20.6572265625,4.541015625,2.712890625,2.8447265625,1.9365234375,1.5283203125,1.5556640625,1.90234375,2.8134765625,4.873046875,13.23046875,22.166015625,18.521484375,6.078125,4.3076171875,1.76953125,2.0517578125,1.4609375,1.5654296875,1.5888671875,2.330078125,3.244140625,13.3603515625,22.3984375,23.0791015625,10.736328125,3.642578125,1.84765625,1.68359375,1.5732421875,1.458984375,1.80078125,2.5068359375,3.7802734375,10.4052734375,21.6591796875,21.11328125,6.3525390625,4.5166015625,2.7275390625,1.697265625,1.6376953125,1.44921875,1.8310546875,2.126953125,4.947265625,15.7265625,15.154296875,10.8095703125,12.9150390625,3.3251953125,2.34765625,1.93359375,1.419921875,1.4677734375,1.8095703125,2.896484375,3.5537109375,7.470703125,18.203125,20.857421875,6.4912109375,3.2919921875,2.26171875,1.439453125,1.611328125,1.4365234375,1.7939453125,2.5615234375,4.9541015625,15.0390625,9.95703125,12.7265625,11.1982421875,4.2236328125,1.779296875,1.783203125,1.89453125,1.52734375,1.7255859375,2.0009765625,4.642578125,10.486328125,14.1484375,7.283203125,9.5830078125,2.697265625,2.6552734375,1.8505859375,1.5205078125,1.4794921875,1.84765625,2.3603515625,3.7890625,13.048828125,22.474609375,16.6826171875,8.4423828125,3.5068359375,2.630859375,1.6142578125,1.5810546875,1.548828125,1.912109375,1.9755859375,4.1787109375,7.10546875,12.625,9.5556640625,5.083984375,3.0556640625,2.2138671875,1.5322265625,1.4912109375,1.4921875,1.5166015625,2.48046875,2.5361328125,5.3896484375,17.7529296875,20.2705078125,8.263671875,4.728515625,2.37109375,1.7158203125,1.3466796875,1.64453125,1.703125,2.5625,5.1640625,16.0634765625,22.2958984375,21.55859375,17.6005859375,2.5693359375,2.1162109375,1.7265625,1.5234375,1.4345703125,1.775390625,2.3759765625,3.03125,10.9814453125,22.240234375,10.32421875,6.591796875,2.1513671875,1.87109375,1.67578125,1.6083984375,1.638671875,2.0380859375,3.416015625,3.443359375,15.7880859375,20.3896484375,16.2744140625,5.50390625,2.837890625,1.99609375,1.7353515625,1.5693359375,1.3818359375,1.865234375,2.44140625,3.91015625,6.013671875,19.7216796875,11.591796875,4.373046875,4.5087890625,2.384765625,1.537109375,1.4677734375,1.4912109375,1.5126953125,2.3544921875,3.7607421875,12.22265625,21.6865234375,14.1298828125,5.337890625,2.6923828125,2.4560546875,2.40625,1.6416015625,1.3623046875,2.201171875,2.326171875,4.91015625,17.994140625,13.0673828125,7.41015625,12.4951171875,3.044921875,2.671875,1.87109375,1.427734375,1.4248046875,1.6630859375,2.669921875,3.9619140625,4.8759765625,12.21484375,9.212890625,4.75390625,2.4462890625,1.9326171875,1.474609375,1.39453125,1.484375,1.689453125,2.8349609375,3.57421875,7.7177734375,20.51953125,13.0859375,6.865234375,3.44921875,2.056640625,1.3701171875,1.6865234375,1.5390625,2.0283203125,1.9599609375,3.7802734375,7.208984375,18.7685546875,19.4638671875,6.515625,3.1748046875,2.4384765625,1.7353515625,1.4990234375,1.748046875,1.5693359375,1.9677734375,3.1884765625,6.4072265625
AS_44,-7.10543413386458e-15,-7.10543413386458e-15,-7.10543413386458e-15,-7.10543413386458e-15,1.5126953125,1.1474609375,1.1982421875,0.9765625,1.1201171875,3.125,1.4384765625,-7.10543413386458e-15,-7.10543413386458e-15,-7.10543413386458e-15,-7.10543413386458e-15,-7.10543413386458e-15,2.2431640625,1.3525390625,1.2734375,1.1708984375,2.0576171875,3.341796875,1.841796875,-7.10543413386458e-15,-7.10543413386458e-15,-7.10543413386458e-15,-7.10543413386458e-15,0.3505859375,1.912109375,1.251953125,1.0810546875,1.1962890625,1.3271484375,3.384765625,0.3779296875,-7.10543413386458e-15,-7.10543413386458e-15,-7.10543413386458e-15,-7.10543413386458e-15,-7.10543413386458e-15,2.1591796875,1.4287109375,1.41796875,1.2548828125,1.3359375,3.251953125,2.50390625,0.671875,0.671875,0.671875,0.671875,0.671875,2.283203125,1.279296875,1.14453125,1.046875,1.5615234375,3.310546875,3.3154296875,-7.10543413386458e-15,-7.10543413386458e-15,-7.10543413386458e-15,-7.10543413386458e-15,-7.10543413386458e-15,2.41796875,1.3359375,1.2119140625,1.0361328125,1.4921875,3.7890625,2.0517578125,-7.10543413386458e-15,-7.10543413386458e-15,-7.10543413386458e-15,-7.10543413386458e-15,-7.10543413386458e-15,1.7451171875,1.6455078125,1.138671875,0.9853515625,1.2880859375,3.078125,1.8310546875,-7.10543413386458e-15,-7.10543413386458e-15,-7.10543413386458e-15,-7.10543413386458e-15,-7.10543413386458e-15,1.923828125,1.333984375,1.1240234375,1.2236328125,1.3212890625,3.2314453125,2.212890625,-7.10543413386458e-15,-7.10543413386458e-15,-7.10543413386458e-15,-7.10543413386458e-15,0.98828125,1.67578125,1.029296875,1.015625,1.1044921875,1.8642578125,3.1767578125,2.1591796875,-7.10543413386458e-15,-7.10543413386458e-15,-7.10543413386458e-15,-7.10543413386458e-15,-7.10543413386458e-15,1.865234375,1.51953125,1.2490234375,1.24609375,1.50390625,2.853515625,1.462890625,-7.10543413386458e-15,-7.10543413386458e-15,-7.10543413386458e-15,-7.10543413386458e-15,-7.10543413386458e-15,1.068359375,1.0859375,1.0595703125,1.1181640625,1.373046875,2.9560546875,1.8232421875,-7.10543413386458e-15,-7.10543413386458e-15,-7.10543413386458e-15,-7.10543413386458e-15,-7.10543413386458e-15,1.7373046875,1.3125,1.0185546875,1.052734375,1.6015625,3.033203125,2.501953125,-7.10543413386458e-15,-7.10543413386458e-15,-7.10543413386458e-15,-7.10543413386458e-15,-7.10543413386458e-15,1.39453125,1.26953125,1.029296875,1.1376953125,1.314453125,3.193359375,3.421875,2.4892578125,2.4892578125,2.4892578125,2.4892578125,2.4892578125,2.6943359375,1.2646484375,1.126953125,1.1083984375,1.642578125,3.4755859375,2.423828125,-7.10543413386458e-15,-7.10543413386458e-15,-7.10543413386458e-15,-7.10543413386458e-15,-7.10543413386458e-15,2.1767578125,1.1611328125,1.244140625,0.9384765625,1.3642578125,3.4990234375,1.70703125,-7.10543413386458e-15,-7.10543413386458e-15,-7.10543413386458e-15,-7.10543413386458e-15,0.1240234375,2.248046875,1.267578125,1.0087890625,1.056640625,1.26953125,3.4111328125,2.2236328125,-7.10543413386458e-15,-7.10543413386458e-15,-7.10543413386458e-15,-7.10543413386458e-15,-7.10543413386458e-15,2.017578125,1.4599609375,1.1728515625,1.1201171875,1.3583984375,3.5927734375,0.5751953125,-7.10543413386458e-15,-7.10543413386458e-15,-7.10543413386458e-15,-7.10543413386458e-15,-7.10543413386458e-15,2.228515625,1.484375,1.072265625,1.2744140625,1.6279296875,3.859375,1.99609375,-7.10543413386458e-15,-7.10543413386458e-15,-7.10543413386458e-15,-7.10543413386458e-15,-7.10543413386458e-15,1.5634765625,1.4716796875,1.0361328125,1.060546875,1.384765625,2.5234375,2.72265625,-7.10543413386458e-15,-7.10543413386458e-15,-7.10543413386458e-15,-7.10543413386458e-15,-7.10543413386458e-15,2.0732421875,1.287109375,1.1015625,1.0556640625,1.330078125,2.9130859375,1.8154296875,-7.10543413386458e-15,-7.10543413386458e-15,-7.10543413386458e-15,-7.10543413386458e-15,-7.10543413386458e-15,1.9423828125,1.1689453125,1.0234375,1.060546875,1.451171875,3.130859375,2.4951171875,-7.10543413386458e-15
AS_444,11.111328125,11.111328125,11.111328125,11.1826171875,16.4365234375,6.10546875,4.98046875,4.3681640625,6.271484375,16.5361328125,21.4462890625,10.89453125,10.880859375,10.880859375,10.880859375,10.9833984375,19.3486328125,6.330078125,5.294921875,4.9169921875,8.0888671875,13.365234375,24.3271484375,12.8583984375,12.3759765625,12.3759765625,12.3759765625,12.7978515625,18.927734375,7.748046875,4.40234375,5.2802734375,6.7119140625,15.6337890625,20.6552734375,11.8671875,11.85546875,11.85546875,11.85546875,12.1845703125,20.2509765625,7.0341796875,5.02734375,5.625,6.91796875,14.6650390625,23.5947265625,10.0419921875,10.0146484375,10.0146484375,10.0146484375,10.3037109375,20.8583984375,7.5068359375,5.1611328125,5.1953125,7.40625,14.30859375,24.91015625,16.1591796875,14.7470703125,14.7470703125,14.7470703125,14.869140625,19.6513671875,7.0966796875,4.7607421875,4.2900390625,6.8583984375,15.6103515625,23.1396484375,13.466796875,12.58984375,12.58984375,12.58984375,12.58984375,17.1328125,8.00390625,4.103515625,4.568359375,7.091796875,13.7607421875,22.4130859375,10.9072265625,10.5498046875,10.5498046875,10.5498046875,10.5888671875,16.7275390625,7.53125,4.3505859375,5.1162109375,6.5546875,15.22265625,23.96875,12.783203125,12.169921875,12.169921875,12.169921875,12.62109375,18.8447265625,5.267578125,4.029296875,4.71484375,8.6767578125,13.748046875,23.3642578125,13.5830078125,12.501953125,12.501953125,12.501953125,12.591796875,18.2392578125,7.3984375,4.98046875,5.23828125,8.013671875,13.255859375,22.9423828125,9.9169921875,9.873046875,9.873046875,9.873046875,9.873046875,17.16796875,8.4853515625,4.39453125,5.50390625,7.7802734375,15.314453125,24.2275390625,11.31640625,10.89453125,10.89453125,10.89453125,10.986328125,17.9208984375,6.9365234375,4.345703125,4.3984375,7.33984375,12.470703125,23.197265625,10.486328125,10.044921875,10.044921875,10.044921875,10.345703125,18.9833984375,6.1318359375,4.4853515625,5.658203125,5.6455078125,15.86328125,23.51171875,9.490234375,9.1259765625,9.1259765625,9.1259765625,9.1259765625,16.3623046875,8.7919921875,5.0244140625,5.3408203125,8.73046875,17.654296875,24.7373046875,11.3271484375,9.3154296875,9.3154296875,9.3154296875,10.697265625,20.197265625,5.576171875,5.6650390625,4.0791015625,6.8876953125,15.4580078125,24.0830078125,18.2763671875,17.375,17.375,17.375,17.359375,19.287109375,6.3759765625,4.5927734375,5.0439453125,6.46484375,14.1884765625,22.677734375,10.17578125,9.75,9.75,9.75,10.068359375,18.3740234375,6.1220703125,5.0380859375,4.6337890625,6.626953125,16.9111328125,21.0361328125,12.7998046875,12.6533203125,12.6533203125,12.6533203125,13.00390625,19.03125,6.81640625,4.4921875,4.9326171875,7.7568359375,15.7470703125,22.77734375,10.6806640625,10.62109375,10.62109375,10.62109375,10.83984375,16.5517578125,6.1884765625,4.6572265625,4.484375,7.14453125,13.1865234375,25.5771484375,6.0009765625,1.5439453125,1.5439453125,1.5439453125,1.552734375,22.263671875,8.2626953125,3.8388671875,5.287109375,6.9013671875,16.3994140625,24.6708984375,12.072265625,11.7109375,11.7109375,11.7109375,11.8720703125,21.0185546875,7.7177734375,4.34765625,5.3623046875,6.6640625,15.34765625,24.048828125,11.6083984375
AS_455,1.4072265625,1.4072265625,1.4072265625,1.408203125,3.92578125,1.6103515625,1.466796875,1.3857421875,1.6337890625,5.27734375,4.4150390625,1.546875,1.546875,1.546875,1.546875,1.5576171875,3.890625,1.6640625,1.5263671875,1.34765625,2.21875,4.3525390625,5.5888671875,1.7998046875,1.533203125,1.533203125,1.533203125,1.787109375,3.9384765625,1.896484375,1.380859375,1.44921875,1.7216796875,4.806640625,5.080078125,3.1875,3.1875,3.1875,3.1875,3.31640625,4.5322265625,1.669921875,1.46875,1.75390625,2.029296875,4.6494140625,5.611328125,1.1845703125,1.150390625,1.150390625,1.150390625,1.3564453125,4.41796875,1.7080078125,1.4677734375,1.5048828125,2.2861328125,3.9150390625,6.302734375,2.916015625,2.7119140625,2.7119140625,2.7119140625,2.720703125,4.318359375,1.7470703125,1.3974609375,1.2841796875,2.060546875,5.0771484375,6.572265625,3.8818359375,3.583984375,3.583984375,3.583984375,3.583984375,4.0712890625,1.837890625,1.33203125,1.392578125,1.904296875,4.33203125,6.8564453125,4.7080078125,4.6650390625,4.6650390625,4.6650390625,4.6845703125,4.8154296875,1.96875,1.41015625,1.5908203125,1.8271484375,4.8447265625,5.650390625,1.9072265625,1.865234375,1.865234375,1.865234375,2.4873046875,4.37890625,1.4521484375,1.3740234375,1.54296875,2.3994140625,3.9521484375,5.45703125,2.7646484375,2.6865234375,2.6865234375,2.6865234375,2.685546875,4.384765625,2.0478515625,1.412109375,1.49609375,2.3203125,4.0009765625,5.9453125,3.0244140625,3.0244140625,3.0244140625,3.0244140625,3.0244140625,4.0634765625,1.91796875,1.4306640625,1.515625,2.1796875,4.986328125,5.4755859375,1.634765625,1.5791015625,1.5791015625,1.5791015625,1.5791015625,3.904296875,1.9267578125,1.376953125,1.2587890625,2.203125,4.2392578125,5.732421875,1.232421875,1.0283203125,1.0283203125,1.0283203125,1.1630859375,3.96484375,1.5625,1.458984375,1.4697265625,1.80859375,4.724609375,6.8232421875,4.033203125,3.998046875,3.998046875,3.998046875,3.998046875,4.9169921875,1.8740234375,1.4677734375,1.583984375,2.3115234375,4.349609375,6.0009765625,1.5302734375,0.955078125,0.955078125,0.955078125,1.208984375,4.4677734375,1.509765625,1.615234375,1.1884765625,1.908203125,4.2314453125,6.46484375,4.5244140625,4.3984375,4.3984375,4.3984375,4.3828125,4.91796875,1.8037109375,1.38671875,1.3916015625,1.7783203125,4.5576171875,6.423828125,3.0634765625,3.0634765625,3.0634765625,3.0634765625,3.2392578125,4.625,1.6171875,1.36328125,1.46875,1.7890625,5.037109375,4.1025390625,1.359375,1.359375,1.359375,1.359375,1.431640625,4.474609375,1.7900390625,1.3427734375,1.595703125,2.3251953125,4.9169921875,5.5693359375,2.009765625,2.009765625,2.009765625,2.009765625,2.0458984375,4.08203125,1.677734375,1.4140625,1.435546875,1.9970703125,4.1474609375,6.80078125,4.154296875,3.4052734375,3.4052734375,3.4052734375,3.7919921875,5.7841796875,1.94921875,1.2861328125,1.546875,1.9697265625,4.8115234375,7.0087890625,4.9638671875,4.8623046875,4.8623046875,4.8623046875,4.84765625,5.1767578125,2.01171875,1.302734375,1.517578125,2.0556640625,4.98828125,5.896484375,1.6123046875
AS_459,2.107421875,2.107421875,2.107421875,2.107421875,11.126953125,19.474609375,9.8193359375,7.9658203125,11.0107421875,19.1025390625,6.734375,5.8642578125,5.8642578125,5.8642578125,5.8642578125,5.8642578125,9.5595703125,20.80859375,11.12109375,8.892578125,15.07421875,22.4951171875,6.3583984375,2.55078125,2.5986328125,2.5986328125,2.5986328125,2.5986328125,11.759765625,19.63671875,11.029296875,10.283203125,12.8857421875,22.681640625,17.1923828125,15.296875,15.296875,15.296875,15.296875,15.296875,17.400390625,19.490234375,11.3525390625,10.8486328125,13.494140625,22.763671875,16.9775390625,15.736328125,15.736328125,15.736328125,15.736328125,15.736328125,15.3017578125,20.9013671875,10.361328125,10.0859375,12.7744140625,21.7802734375,6.59765625,3.576171875,3.576171875,3.576171875,3.576171875,3.576171875,4.1396484375,20.2177734375,10.1923828125,9.060546875,12.00390625,21.8896484375,12.70703125,8.36328125,8.36328125,8.36328125,8.36328125,8.36328125,10.6591796875,21.3525390625,10.259765625,7.4951171875,13.1640625,21.78125,11.3349609375,9.8076171875,9.8076171875,9.8076171875,9.8076171875,9.8076171875,11.64453125,20.4658203125,10.5927734375,8.5888671875,13.138671875,22.8974609375,6.6591796875,2.767578125,2.767578125,2.767578125,2.767578125,2.767578125,9.5390625,19.2021484375,9.0234375,9.3984375,14.05078125,24.330078125,8.2529296875,1.0859375,1.0859375,1.0859375,1.0859375,1.0859375,10.943359375,20.1982421875,10.6591796875,10.595703125,13.9033203125,22.8603515625,17.740234375,17.1943359375,17.1943359375,17.1943359375,17.1943359375,17.1943359375,17.2451171875,20.3740234375,11.005859375,9.107421875,13.0419921875,22.4248046875,8.427734375,5.228515625,5.228515625,5.228515625,5.228515625,5.228515625,7.53125,21.3291015625,9.19921875,7.6796875,13.4189453125,24.8525390625,18.9873046875,15.513671875,15.513671875,15.513671875,15.513671875,15.513671875,20.37890625,14.6689453125,8.318359375,10.255859375,11.0048828125,21.662109375,18.166015625,14.7529296875,14.7529296875,14.7529296875,14.7529296875,14.7529296875,16.302734375,19.537109375,11.0546875,7.59765625,14.0478515625,23.6484375,11.7685546875,7.2841796875,7.2841796875,7.2841796875,7.2841796875,7.2841796875,16.0830078125,18.18359375,10.0224609375,7.2041015625,12.0234375,23.1435546875,5.18359375,2.953125,2.953125,2.953125,2.953125,2.953125,7.6884765625,22.1640625,9.5634765625,7.6162109375,11.8798828125,21.564453125,11.171875,11.8916015625,11.8916015625,11.8916015625,11.8916015625,11.8916015625,16.576171875,20.6142578125,10.18359375,8.84765625,12.58984375,23.427734375,1.6015625,1.0390625,1.0390625,1.0390625,1.0390625,1.0390625,9.078125,20.060546875,9.111328125,9.642578125,11.884765625,22.9521484375,8.3291015625,7.779296875,7.779296875,7.779296875,7.779296875,7.779296875,11.9267578125,22.4443359375,10.8388671875,8.9482421875,15.59765625,22.9296875,22.0537109375,19.8544921875,19.8544921875,19.8544921875,19.8544921875,19.8544921875,22.2666015625,22.572265625,10.931640625,10.1943359375,15.025390625,23.32421875,15.1171875,11.09375,11.09375,11.09375,11.09375,11.09375,15.8544921875,22.7548828125,11.3837890625,11.0166015625,9.84375,21.0107421875,13.0302734375,8.91796875
AS_46,2.7998046875,2.7998046875,2.7998046875,2.7998046875,2.8271484375,5.140625,1.63671875,1.8818359375,2.2900390625,5.974609375,14.6064453125,4.0107421875,3.775390625,3.775390625,3.775390625,3.775390625,3.775390625,5.9375,1.705078125,1.826171875,2.3583984375,4.35546875,16.2802734375,4.3779296875,2.41796875,2.41796875,2.41796875,2.41796875,3.84375,3.2353515625,1.763671875,1.6083984375,2.4541015625,8.21875,16.2197265625,6.6962890625,6.5908203125,6.5908203125,6.5908203125,6.5908203125,7.009765625,5.5185546875,1.861328125,1.716796875,2.1474609375,4.53125,16.60546875,6.794921875,5.30859375,5.30859375,5.30859375,5.30859375,5.2353515625,5.74609375,1.8125,1.873046875,2.5,6.8154296875,14.2646484375,1.28125,1.28125,1.28125,1.28125,1.28125,2.7841796875,3.6337890625,1.82421875,1.8779296875,2.0986328125,5.5830078125,15.611328125,8.5634765625,8.2490234375,8.2490234375,8.2490234375,8.2490234375,8.2275390625,6.2490234375,1.6328125,1.734375,2.14453125,4.322265625,16.869140625,7.7119140625,6.0830078125,6.0830078125,6.0830078125,6.0830078125,6.5634765625,4.2509765625,1.7822265625,1.779296875,2.3291015625,5.6904296875,15.72265625,4.29296875,4.064453125,4.064453125,4.064453125,4.064453125,3.9072265625,3.7255859375,2.041015625,2.095703125,2.205078125,5.296875,16.7763671875,9.1044921875,8.4453125,8.4453125,8.4453125,8.4453125,8.3896484375,4.7939453125,1.9453125,1.8486328125,2.28125,5.0224609375,14.9287109375,4.6064453125,3.8701171875,3.8701171875,3.8701171875,3.8701171875,3.921875,5.5029296875,1.6474609375,1.765625,2.1513671875,5.0634765625,15.87109375,4.962890625,4.505859375,4.505859375,4.505859375,4.505859375,4.5341796875,4.568359375,1.787109375,1.7041015625,2.23046875,5.4765625,16.8486328125,6.76171875,4.7333984375,4.7333984375,4.7333984375,4.7333984375,4.427734375,4.7333984375,1.7509765625,1.7265625,2.2724609375,8.1337890625,13.9736328125,4.6455078125,4.6455078125,4.6455078125,4.6455078125,4.6455078125,4.58984375,5.4130859375,2.0498046875,1.607421875,2.3662109375,6.0927734375,15.9326171875,1.953125,1.2275390625,1.2275390625,1.2275390625,1.2275390625,3.1103515625,4.0498046875,1.8740234375,1.8486328125,2.1748046875,3.8466796875,16.244140625,3.1611328125,2.2001953125,2.2001953125,2.2001953125,2.2001953125,3.109375,4.6005859375,1.9013671875,1.7060546875,2.681640625,3.9462890625,14.8349609375,6.0693359375,2.7919921875,2.7919921875,2.7919921875,2.7919921875,5.65234375,3.3408203125,1.7265625,1.6904296875,2.013671875,4.5263671875,16.3681640625,3.0732421875,0.8818359375,0.8818359375,0.8818359375,0.8818359375,3.169921875,2.7705078125,1.72265625,1.8046875,2.0869140625,4.4814453125,16.08203125,3.76171875,2.7314453125,2.7314453125,2.7314453125,2.7314453125,6.1083984375,2.7451171875,1.79296875,1.75,2.39453125,4.8173828125,14.2802734375,7.8330078125,7.0341796875,7.0341796875,7.0341796875,7.0341796875,6.65234375,4.5029296875,1.8857421875,1.7548828125,2.0048828125,5.412109375,15.6669921875,4.7724609375,3.146484375,3.146484375,3.146484375,3.146484375,3.4365234375,3.931640625,1.6982421875,1.822265625,1.9208984375,4.939453125,16.6083984375,7.9716796875
AS_465,5.97265625,5.8759765625,3.5869140625,2.1455078125,1.921875,2.0595703125,1.7646484375,1.642578125,2.3515625,3.015625,5.0693359375,5.65625,5.8369140625,5.5185546875,4.3271484375,2.7607421875,1.58984375,1.9140625,1.87890625,1.8447265625,2.48828125,2.3681640625,5.0400390625,5.9970703125,5.1328125,4.8447265625,3.611328125,3.0615234375,2.1357421875,1.720703125,1.697265625,1.9052734375,2.1201171875,2.5,4.294921875,5.5859375,5.9150390625,5.8486328125,5.0283203125,2.689453125,1.95703125,1.76953125,1.9501953125,1.888671875,1.95703125,2.779296875,5.2265625,5.943359375,5.935546875,4.494140625,3.94921875,2.603515625,1.9404296875,1.75390625,2.0126953125,2.0966796875,1.9228515625,2.626953125,3.6689453125,5.8095703125,5.984375,5.978515625,5.5361328125,2.5693359375,1.8837890625,1.73828125,2.13671875,2.134765625,2.263671875,3.0595703125,4.3515625,5.8037109375,5.8349609375,5.8076171875,4.6474609375,2.8818359375,2.1240234375,1.84765625,2.265625,1.65625,2.037109375,2.22265625,4.6728515625,5.7294921875,5.888671875,5.12890625,4.6328125,2.7841796875,2.2861328125,1.6787109375,1.94921875,1.8603515625,2.34375,2.9306640625,5.7255859375,5.93359375,5.9619140625,5.78515625,3.517578125,2.517578125,2.126953125,1.94921875,1.9140625,1.5244140625,1.921875,2.6142578125,4.3740234375,5.89453125,5.931640625,4.634765625,4.302734375,2.580078125,1.9658203125,1.73046875,1.9501953125,2.0830078125,1.98046875,2.171875,5.2607421875,5.8603515625,5.9384765625,5.7939453125,5.14453125,4.6181640625,2.1787109375,1.9267578125,1.91796875,1.7646484375,2.21484375,3.5732421875,5.11328125,5.5703125,5.93359375,5.369140625,4.806640625,3.259765625,2.791015625,1.9140625,2.134765625,2.25,2.3291015625,2.974609375,4.44921875,5.9619140625,6.0,5.9345703125,4.470703125,2.2587890625,1.7841796875,1.4892578125,1.8896484375,1.88671875,1.93359375,2.1044921875,4.6552734375,5.9765625,5.689453125,5.4580078125,3.771484375,2.65625,1.943359375,1.8818359375,2.3466796875,2.283203125,2.15625,2.8505859375,4.439453125,5.923828125,5.958984375,5.6767578125,3.625,2.2666015625,2.005859375,1.568359375,1.458984375,1.630859375,1.9677734375,2.19140625,3.6220703125,5.919921875,5.837890625,5.546875,4.3720703125,2.845703125,1.923828125,1.826171875,2.0537109375,1.8701171875,1.87109375,2.1572265625,4.9609375,5.912109375,5.892578125,5.833984375,4.05078125,2.2900390625,2.3701171875,2.0390625,1.806640625,1.5263671875,2.080078125,3.2958984375,4.802734375,5.859375,5.7216796875,5.298828125,3.6123046875,2.70703125,2.08203125,1.8125,2.16015625,1.63671875,1.83984375,3.3388671875,4.130859375,5.8720703125,5.970703125,5.8134765625,4.7958984375,3.126953125,2.2861328125,1.83984375,1.6083984375,2.0087890625,2.1865234375,3.400390625,4.9970703125,5.6396484375,5.9951171875,5.876953125,4.2099609375,2.4462890625,1.87890625,1.7626953125,1.681640625,1.7021484375,2.0791015625,2.3486328125,4.0517578125,5.76171875,5.912109375,4.8251953125,3.248046875,2.6943359375,1.7705078125,1.873046875,1.626953125,1.73828125,1.7265625,3.0322265625,3.8525390625,5.87890625
AS_473,5.52734375,1.7607421875,1.7607421875,1.7607421875,1.7607421875,13.041015625,2.3876953125,2.66796875,3.48046875,5.6259765625,25.69140625,34.005859375,3.080078125,2.3564453125,2.3564453125,2.3564453125,2.3564453125,12.1630859375,2.4755859375,2.806640625,4.1162109375,5.8642578125,26.9453125,35.9697265625,2.9267578125,1.5791015625,1.5791015625,1.5791015625,1.5791015625,11.0947265625,3.875,2.3857421875,3.8115234375,4.98046875,28.416015625,30.9072265625,2.939453125,2.1572265625,2.1572265625,2.1572265625,2.1572265625,3.6708984375,11.7138671875,2.5029296875,3.337890625,6.107421875,27.0380859375,29.541015625,2.255859375,1.607421875,1.607421875,1.607421875,1.607421875,12.9677734375,2.7900390625,2.796875,3.470703125,5.87109375,35.6513671875,29.7548828125,3.0576171875,1.880859375,1.880859375,1.880859375,1.880859375,7.6962890625,6.47265625,2.79296875,3.4111328125,5.748046875,30.54296875,28.0224609375,3.57421875,2.5283203125,2.5283203125,2.5283203125,2.5283203125,10.6875,3.2255859375,2.55078125,3.6767578125,5.4345703125,25.521484375,31.8095703125,3.55078125,1.9482421875,1.9482421875,1.9482421875,1.9482421875,12.302734375,2.517578125,2.494140625,3.392578125,5.009765625,26.5986328125,31.150390625,4.484375,3.2548828125,3.2548828125,3.2548828125,3.2548828125,10.91015625,2.736328125,2.6591796875,3.7353515625,5.0634765625,26.1884765625,36.0400390625,5.220703125,2.6845703125,2.6806640625,2.6806640625,2.6806640625,13.1962890625,2.94140625,2.6748046875,3.5,5.2275390625,34.5498046875,28.98828125,3.275390625,2.67578125,2.67578125,2.67578125,2.6826171875,13.0302734375,2.6201171875,2.478515625,3.3720703125,5.8486328125,22.7431640625,38.1640625,3.4853515625,1.8955078125,1.8955078125,1.8955078125,1.8955078125,6.408203125,6.232421875,2.583984375,3.384765625,5.87109375,21.357421875,39.986328125,4.2392578125,1.494140625,1.494140625,1.494140625,1.494140625,9.7763671875,3.57421875,2.470703125,3.1748046875,6.5556640625,31.2783203125,27.4130859375,1.439453125,0.591796875,0.591796875,0.591796875,0.591796875,7.4140625,5.482421875,2.521484375,3.2841796875,5.162109375,27.9326171875,33.583984375,2.5205078125,1.23828125,1.23828125,1.23828125,1.23828125,3.6728515625,8.7392578125,2.759765625,3.55078125,5.34375,31.9248046875,24.578125,1.7353515625,1.302734375,1.302734375,1.302734375,1.302734375,5.7109375,7.9287109375,2.642578125,3.9794921875,5.890625,23.771484375,35.9189453125,3.3154296875,1.61328125,1.61328125,1.61328125,1.642578125,12.56640625,2.4580078125,2.6416015625,3.3544921875,5.8076171875,28.3095703125,42.5888671875,11.9951171875,2.2763671875,2.2724609375,2.2724609375,2.287109375,12.173828125,2.1533203125,2.5478515625,3.68359375,5.4208984375,24.86328125,37.1337890625,3.92578125,2.2666015625,2.2666015625,2.2666015625,2.2666015625,12.2900390625,2.3642578125,2.4111328125,3.65625,6.48828125,31.1923828125,31.6435546875,2.9208984375,2.205078125,2.205078125,2.205078125,2.205078125,12.9111328125,2.572265625,2.51171875,3.146484375,5.783203125,24.044921875,31.9990234375,3.25,2.91015625,2.91015625,2.91015625,2.91015625,11.9375,2.6103515625,2.5,3.4990234375,5.826171875,26.2919921875,31.1298828125
AS_501,-7.10543413386458e-15,-7.10543413386458e-15,-7.10543413386458e-15,-7.10543413386458e-15,19.984375,17.3798828125,9.328125,8.4375,12.5830078125,23.9404296875,14.4345703125,13.2509765625,13.2509765625,13.2509765625,13.2509765625,13.2509765625,19.5029296875,20.044921875,10.9814453125,9.388671875,17.7734375,24.9033203125,3.4775390625,0.7802734375,0.7802734375,0.7802734375,0.7802734375,0.7802734375,17.4208984375,17.0625,10.4609375,11.697265625,14.11328125,23.7431640625,16.828125,15.7109375,15.7109375,15.7109375,15.7109375,15.7080078125,22.052734375,16.072265625,7.451171875,11.8818359375,15.2451171875,24.4970703125,9.1650390625,4.7548828125,4.7548828125,4.7548828125,4.7548828125,4.7548828125,15.3896484375,20.4091796875,11.154296875,10.623046875,14.541015625,24.31640625,15.4833984375,8.9765625,8.9765625,8.9765625,8.9765625,8.9765625,15.8525390625,17.3037109375,9.5380859375,8.4794921875,12.833984375,23.11328125,15.083984375,7.0537109375,7.0537109375,7.0537109375,7.0537109375,7.0537109375,17.2939453125,17.1728515625,9.0146484375,8.0791015625,11.685546875,21.5146484375,16.1005859375,12.6767578125,12.6767578125,12.6767578125,12.6767578125,12.6767578125,18.83984375,18.23828125,10.1845703125,9.12890625,13.4853515625,24.3603515625,14.4306640625,10.7822265625,10.7822265625,10.7822265625,10.7822265625,11.05078125,24.6552734375,16.361328125,8.8486328125,9.333984375,15.001953125,24.4072265625,15.5458984375,13.2666015625,13.2666015625,13.2666015625,13.2666015625,13.2666015625,20.81640625,16.654296875,10.189453125,10.7119140625,13.1552734375,23.4892578125,22.1923828125,21.0166015625,21.0166015625,21.0166015625,21.0166015625,21.0166015625,22.76953125,15.0634765625,9.0224609375,9.1728515625,15.0986328125,24.8857421875,15.3173828125,12.734375,12.734375,12.734375,12.734375,12.734375,19.1240234375,18.376953125,7.7373046875,8.326171875,16.2177734375,24.970703125,17.794921875,11.58203125,11.58203125,11.58203125,11.58203125,11.58203125,20.921875,12.728515625,8.7529296875,10.1396484375,12.794921875,22.1015625,15.6689453125,7.6181640625,7.6181640625,7.6181640625,7.6181640625,7.6181640625,17.9765625,15.8603515625,8.2734375,8.458984375,15.70703125,24.35546875,21.1416015625,19.73046875,19.73046875,19.73046875,19.73046875,19.794921875,23.318359375,14.625,8.87890625,8.8427734375,11.7744140625,23.8359375,13.2392578125,10.3505859375,10.3505859375,10.3505859375,10.3505859375,10.3505859375,19.2880859375,17.2294921875,10.3173828125,9.1767578125,11.3349609375,24.16796875,10.2138671875,4.5859375,4.5859375,4.5859375,4.5859375,4.5859375,18.30078125,17.2431640625,8.298828125,9.330078125,15.4365234375,24.7314453125,14.955078125,14.083984375,14.083984375,14.083984375,14.083984375,14.083984375,22.32421875,18.1865234375,9.6474609375,9.8828125,14.4814453125,24.8662109375,6.83984375,4.3896484375,4.3896484375,4.3896484375,4.3896484375,4.3896484375,18.9833984375,14.4189453125,9.3369140625,8.15234375,15.1884765625,22.669921875,21.5625,21.7763671875,21.7763671875,21.7763671875,21.7763671875,21.7763671875,23.43359375,18.2822265625,8.642578125,9.8134765625,15.1220703125,23.8037109375,13.1123046875,3.921875,3.921875,3.921875,3.921875,3.921875,20.5576171875,24.1611328125,12.1103515625,11.2529296875,14.4638671875,24.9189453125,11.841796875,5.6142578125
AS_502,1.1572265625,0.8173828125,1.5830078125,1.453125,1.3974609375,1.380859375,1.400390625,1.421875,1.4638671875,1.7998046875,1.8330078125,1.9072265625,1.3603515625,1.7392578125,1.8115234375,1.8193359375,1.115234375,1.0693359375,0.9560546875,1.12890625,1.8076171875,1.8359375,1.896484375,1.46484375,1.390625,1.8095703125,1.5556640625,1.474609375,1.13671875,1.099609375,1.3740234375,1.4052734375,1.484375,1.8369140625,1.8720703125,1.65234375,0.75,1.3505859375,1.6650390625,1.47265625,1.3486328125,1.3798828125,1.384765625,1.400390625,1.4052734375,1.7392578125,1.9423828125,1.96875,1.4013671875,1.2060546875,1.7451171875,1.505859375,1.4140625,1.2705078125,1.4189453125,1.4365234375,1.5400390625,1.7587890625,1.8388671875,1.6513671875,-7.10543413386458e-15,0.388671875,1.7421875,1.4619140625,1.44140625,1.375,1.3994140625,1.4580078125,1.513671875,1.7919921875,1.8388671875,0.845703125,0.611328125,1.71484375,1.6328125,1.458984375,1.4228515625,1.24609375,1.2373046875,1.3857421875,1.6025390625,1.7568359375,1.859375,1.98828125,1.5771484375,1.5654296875,1.6435546875,1.47265625,1.4140625,1.2490234375,1.2841796875,1.259765625,1.375,1.7490234375,1.8955078125,1.908203125,0.9677734375,0.8876953125,1.6689453125,1.5048828125,1.3447265625,1.390625,1.3232421875,1.4189453125,1.4912109375,1.6171875,1.8935546875,1.5146484375,0.5,1.5390625,1.7861328125,1.541015625,1.439453125,1.3974609375,1.306640625,1.4423828125,1.6669921875,1.578125,1.8740234375,1.494140625,0.3857421875,1.2568359375,1.90625,1.8916015625,1.36328125,1.1591796875,1.2490234375,1.4404296875,1.58984375,1.841796875,1.8994140625,1.3974609375,-7.10543413386458e-15,0.224609375,1.6201171875,1.4462890625,1.3916015625,1.39453125,1.2373046875,1.37890625,1.470703125,1.7685546875,1.818359375,1.4296875,0.8916015625,1.1982421875,1.826171875,1.4501953125,1.37109375,1.3583984375,1.373046875,1.4287109375,1.5537109375,1.828125,1.9453125,1.3193359375,0.6201171875,1.4404296875,1.833984375,1.6845703125,1.4580078125,1.4287109375,1.3212890625,1.41015625,1.5673828125,1.8310546875,1.9287109375,1.6767578125,1.0341796875,1.6337890625,1.7158203125,1.5048828125,1.478515625,1.2529296875,1.4208984375,1.3564453125,1.5009765625,1.8759765625,1.8916015625,1.412109375,1.51953125,1.943359375,1.6748046875,1.6416015625,1.5185546875,1.509765625,1.47265625,1.4833984375,1.7001953125,1.6142578125,1.7431640625,1.9765625,1.318359375,1.19140625,1.62890625,1.4384765625,1.44140625,1.365234375,1.408203125,1.4169921875,1.4638671875,1.822265625,1.8623046875,1.94921875,1.943359375,1.8173828125,1.80078125,1.4912109375,1.427734375,1.41015625,1.3603515625,1.3642578125,1.5849609375,1.7666015625,1.9091796875,1.7421875,0.9169921875,0.638671875,1.5595703125,1.51953125,1.44140625,1.4111328125,1.326171875,1.40234375,1.673828125,1.8037109375,1.779296875,1.451171875,0.421875,1.5732421875,1.5068359375,1.419921875,1.37109375,1.359375,1.23046875,1.3994140625,1.408203125,1.67578125,1.8427734375,1.962890625,1.970703125,1.6962890625,1.5244140625,1.46484375,1.373046875,1.3193359375,1.3427734375,1.3173828125,1.353515625,1.728515625,1.85546875,1.666015625
AS_506,0.88671875,0.88671875,0.88671875,0.88671875,5.5908203125,2.6328125,2.1787109375,2.0888671875,2.6123046875,3.68359375,12.0556640625,4.0322265625,1.123046875,1.123046875,1.123046875,1.123046875,5.3193359375,2.4765625,2.083984375,2.220703125,2.4443359375,3.205078125,12.68359375,6.7998046875,0.4912109375,0.45703125,0.45703125,1.6396484375,6.27734375,2.4892578125,2.0791015625,2.173828125,2.7001953125,4.72265625,13.07421875,4.9931640625,1.126953125,1.126953125,1.126953125,2.388671875,5.9765625,2.6123046875,2.0341796875,2.15234375,2.3740234375,3.5341796875,11.5791015625,6.4453125,0.6708984375,0.6396484375,0.6396484375,1.4921875,7.349609375,2.7158203125,2.234375,2.2197265625,2.4443359375,3.9697265625,12.0,5.0322265625,0.4384765625,0.3837890625,0.3837890625,1.98828125,5.0546875,2.2734375,2.1162109375,2.0341796875,2.244140625,3.5126953125,11.908203125,4.11328125,0.5859375,0.5859375,0.5859375,0.58984375,6.537109375,2.462890625,1.890625,1.9169921875,2.35546875,2.94921875,11.18359375,7.0830078125,1.3828125,1.380859375,1.380859375,2.1435546875,5.7548828125,2.5087890625,2.09375,2.14453125,2.5302734375,3.7529296875,13.3515625,6.66015625,0.82421875,0.7626953125,0.7626953125,1.951171875,5.478515625,2.2880859375,2.38671875,2.15625,2.4375,3.3193359375,11.2978515625,4.8544921875,0.70703125,0.70703125,0.70703125,2.0361328125,5.705078125,2.3916015625,2.1904296875,2.115234375,2.3408203125,3.3916015625,10.578125,5.623046875,1.326171875,1.326171875,1.326171875,1.58203125,6.5693359375,2.1630859375,1.859375,2.0048828125,2.2763671875,3.123046875,12.8193359375,4.966796875,1.0693359375,1.0693359375,1.0693359375,1.0693359375,6.9873046875,2.130859375,2.1376953125,1.9755859375,2.3173828125,3.330078125,12.0341796875,6.5380859375,0.6455078125,0.5986328125,0.5986328125,0.7265625,5.904296875,2.4443359375,1.98828125,2.0,2.5498046875,3.791015625,14.4404296875,4.265625,1.3486328125,1.3486328125,1.3486328125,1.6201171875,6.4013671875,2.376953125,2.0771484375,1.9091796875,2.42578125,3.5751953125,11.9677734375,4.2685546875,0.685546875,0.685546875,0.685546875,1.7236328125,6.6025390625,2.255859375,2.1240234375,2.2119140625,2.3828125,3.412109375,12.8505859375,6.1630859375,1.12890625,1.12890625,1.12890625,2.064453125,6.88671875,2.716796875,2.189453125,2.26953125,2.498046875,3.2685546875,9.7275390625,8.1220703125,0.8173828125,0.8056640625,0.8056640625,1.2880859375,5.673828125,2.4580078125,2.0693359375,2.0078125,2.0458984375,2.919921875,11.7587890625,7.7314453125,0.7451171875,0.5390625,0.5390625,3.0205078125,5.923828125,2.466796875,2.26953125,2.2373046875,2.16015625,3.0732421875,11.4755859375,5.5244140625,0.5908203125,0.54296875,0.54296875,1.9404296875,5.8447265625,2.2861328125,2.01953125,2.0615234375,2.3876953125,3.1552734375,11.7724609375,3.7080078125,1.4072265625,1.4072265625,1.4072265625,1.4853515625,7.1123046875,2.1513671875,2.1142578125,2.115234375,2.251953125,3.197265625,12.525390625,5.74609375,0.7099609375,0.7099609375,0.7099609375,2.02734375,5.669921875,2.326171875,2.0380859375,2.0205078125,2.1884765625,3.1943359375,10.5068359375,6.6201171875
AS_530,1.4814453125,1.4814453125,1.4814453125,1.4814453125,1.4814453125,0.9423828125,0.7490234375,0.736328125,1.205078125,1.30859375,0.189453125,0.189453125,0.189453125,0.189453125,0.189453125,0.189453125,0.189453125,0.8466796875,0.7529296875,0.7509765625,1.3349609375,1.7138671875,1.212890625,1.212890625,1.212890625,1.212890625,1.212890625,1.212890625,1.1884765625,0.7861328125,0.7734375,0.828125,1.125,1.8408203125,-7.10543413386458e-15,-7.10543413386458e-15,-7.10543413386458e-15,-7.10543413386458e-15,-7.10543413386458e-15,-7.10543413386458e-15,-7.10543413386458e-15,0.7705078125,0.7880859375,0.8330078125,1.22265625,1.939453125,0.33984375,0.291015625,0.291015625,0.291015625,0.291015625,0.291015625,0.291015625,0.763671875,0.75390625,0.7412109375,0.91015625,1.62890625,-7.10543413386458e-15,-7.10543413386458e-15,-7.10543413386458e-15,-7.10543413386458e-15,-7.10543413386458e-15,-7.10543413386458e-15,-7.10543413386458e-15,0.58984375,0.8037109375,0.822265625,0.8974609375,1.53125,-7.10543413386458e-15,-7.10543413386458e-15,-7.10543413386458e-15,-7.10543413386458e-15,-7.10543413386458e-15,-7.10543413386458e-15,-7.10543413386458e-15,0.751953125,0.708984375,0.7470703125,0.9541015625,1.451171875,-7.10543413386458e-15,-7.10543413386458e-15,-7.10543413386458e-15,-7.10543413386458e-15,-7.10543413386458e-15,-7.10543413386458e-15,-7.10543413386458e-15,0.791015625,0.7958984375,0.748046875,1.0966796875,1.82421875,1.150390625,1.150390625,1.150390625,1.150390625,1.150390625,1.150390625,1.150390625,0.78125,0.7646484375,0.7841796875,1.2021484375,1.8779296875,1.0185546875,1.0185546875,1.0185546875,1.0185546875,1.0185546875,1.0185546875,1.0556640625,0.8095703125,0.73046875,0.833984375,1.0029296875,1.7978515625,-7.10543413386458e-15,-7.10543413386458e-15,-7.10543413386458e-15,-7.10543413386458e-15,-7.10543413386458e-15,-7.10543413386458e-15,-7.10543413386458e-15,0.6865234375,0.7822265625,0.751953125,1.1845703125,1.572265625,-7.10543413386458e-15,-7.10543413386458e-15,-7.10543413386458e-15,-7.10543413386458e-15,-7.10543413386458e-15,-7.10543413386458e-15,-7.10543413386458e-15,0.7646484375,0.7392578125,0.806640625,1.3408203125,1.8896484375,1.416015625,1.3291015625,1.3291015625,1.3291015625,1.3291015625,1.3291015625,1.2578125,0.7548828125,0.8095703125,0.7734375,1.1728515625,1.890625,1.275390625,1.275390625,1.275390625,1.275390625,1.275390625,1.275390625,1.275390625,0.8974609375,0.77734375,0.8017578125,1.2666015625,1.83984375,1.0986328125,1.0986328125,1.0986328125,1.0986328125,1.0986328125,1.0986328125,1.177734375,0.7685546875,0.75390625,0.787109375,1.2734375,1.55859375,0.009765625,0.009765625,0.009765625,0.009765625,0.009765625,0.009765625,0.009765625,0.744140625,0.818359375,0.712890625,1.0703125,1.44921875,0.3076171875,0.3076171875,0.3076171875,0.3076171875,0.3076171875,0.3076171875,0.34375,0.77734375,0.7177734375,0.7529296875,0.9189453125,1.607421875,0.9111328125,0.9111328125,0.9111328125,0.9111328125,0.9111328125,0.9111328125,0.9345703125,0.81640625,0.744140625,0.80078125,0.94921875,1.6962890625,1.1298828125,1.1298828125,1.1298828125,1.1298828125,1.1298828125,1.1298828125,1.1435546875,0.7958984375,0.703125,0.8173828125,1.349609375,1.890625,1.017578125,0.888671875,0.888671875,0.888671875,0.888671875,0.888671875,0.9111328125,0.900390625,0.7412109375,0.787109375,1.2001953125,1.9541015625,0.66796875,0.48046875,0.48046875,0.48046875,0.48046875,0.48046875,0.48046875,0.931640625,0.6962890625,0.7783203125,0.818359375,1.76171875,0.5205078125,0.35546875
AS_538,2.24609375,2.08984375,1.8349609375,1.857421875,1.68359375,1.859375,1.8427734375,1.859375,1.8740234375,1.806640625,1.8740234375,1.95703125,2.09765625,2.009765625,1.6474609375,1.876953125,1.5693359375,1.6357421875,1.8271484375,1.7470703125,1.8466796875,1.896484375,1.8798828125,2.216796875,1.9384765625,1.9345703125,1.89453125,1.8037109375,1.6630859375,1.0185546875,1.0302734375,1.3857421875,1.6181640625,1.763671875,1.845703125,2.0380859375,2.146484375,1.9775390625,1.865234375,1.84375,1.5341796875,1.548828125,1.7080078125,1.4501953125,1.71875,1.4365234375,1.7607421875,1.9921875,2.103515625,1.91015625,1.810546875,1.7685546875,1.7470703125,1.5673828125,1.5771484375,1.7958984375,1.7626953125,1.74609375,1.841796875,2.009765625,2.1982421875,2.216796875,1.9384765625,1.8154296875,1.7353515625,1.765625,1.716796875,1.8974609375,1.4345703125,1.7958984375,1.8515625,2.130859375,2.146484375,2.0390625,1.6162109375,1.845703125,1.53125,1.0859375,1.162109375,1.01953125,1.677734375,1.6611328125,1.904296875,1.990234375,2.1728515625,1.8671875,1.78125,1.6259765625,1.7236328125,1.837890625,1.8642578125,1.849609375,1.8603515625,1.78125,1.8837890625,1.994140625,1.990234375,2.0634765625,1.8232421875,1.8603515625,1.7529296875,1.818359375,1.55859375,1.75,1.6455078125,1.7919921875,1.80859375,1.994140625,2.1826171875,1.931640625,1.7900390625,1.2744140625,1.05078125,0.8310546875,1.01953125,0.9951171875,1.67578125,1.70703125,1.8525390625,2.08984375,2.138671875,1.9892578125,1.9541015625,1.83984375,1.74609375,1.330078125,1.08984375,1.1240234375,1.6689453125,1.83984375,1.8056640625,2.0732421875,2.3359375,1.939453125,1.8115234375,1.36328125,1.248046875,1.111328125,1.0791015625,1.3466796875,1.6181640625,1.67578125,1.83984375,2.041015625,2.119140625,2.1943359375,1.9140625,1.814453125,1.625,1.615234375,1.798828125,1.6904296875,1.8359375,1.869140625,1.955078125,2.162109375,2.0751953125,1.939453125,1.8662109375,1.6748046875,1.078125,0.9833984375,1.0712890625,1.25390625,1.591796875,1.8505859375,1.8681640625,2.009765625,2.0400390625,2.0791015625,1.9384765625,1.8544921875,1.791015625,1.8818359375,1.7001953125,1.6611328125,1.7626953125,1.85546875,1.8720703125,2.1044921875,1.9755859375,2.0498046875,1.9365234375,1.6357421875,1.5625,1.82421875,1.802734375,1.705078125,1.8876953125,1.77734375,1.884765625,2.0166015625,2.1591796875,2.0458984375,1.8037109375,1.83984375,1.7255859375,1.7333984375,1.6083984375,1.7568359375,1.7880859375,1.7236328125,1.6650390625,1.96875,1.91015625,1.9814453125,1.91796875,1.548828125,1.6923828125,1.517578125,1.6982421875,1.505859375,1.740234375,1.783203125,1.8076171875,2.0068359375,2.1806640625,2.0654296875,1.8203125,1.7490234375,1.79296875,1.6171875,1.64453125,1.7216796875,1.8740234375,1.7724609375,1.89453125,2.0498046875,2.2041015625,2.158203125,1.84765625,1.8203125,1.388671875,1.5595703125,1.42578125,1.482421875,1.7978515625,1.677734375,1.92578125,1.943359375,2.0625,1.83203125,1.9208984375,1.779296875,1.7236328125,1.794921875,1.822265625,1.8212890625,1.666015625,1.724609375,1.9326171875,2.015625
AS_554,16.54296875,14.99609375,7.9248046875,2.9248046875,2.6748046875,2.7001953125,2.8359375,2.4892578125,2.4833984375,3.2880859375,5.5009765625,12.001953125,16.5693359375,15.6123046875,6.865234375,3.1455078125,2.48046875,2.7373046875,2.9697265625,2.330078125,2.568359375,3.83203125,5.4375,11.8037109375,12.966796875,15.345703125,7.310546875,3.8935546875,2.5224609375,2.55859375,2.58203125,2.5205078125,1.9404296875,2.38671875,4.40625,17.2412109375,17.029296875,16.3427734375,10.7333984375,4.685546875,2.5537109375,2.5087890625,2.4990234375,2.63671875,2.7138671875,2.8701171875,7.1611328125,15.453125,15.9638671875,10.45703125,4.7138671875,4.689453125,2.48046875,2.6103515625,2.7236328125,2.3212890625,2.1796875,4.13671875,5.40234375,13.236328125,17.390625,17.2734375,5.716796875,3.291015625,2.259765625,2.212890625,2.8076171875,2.2900390625,2.13671875,3.900390625,4.9970703125,11.837890625,18.015625,11.0869140625,5.4423828125,3.115234375,2.3310546875,2.671875,2.861328125,2.576171875,2.908203125,2.9697265625,5.5107421875,12.8095703125,16.513671875,8.9853515625,7.423828125,3.1416015625,2.5947265625,2.5126953125,2.751953125,2.1435546875,2.5810546875,2.841796875,5.4521484375,12.330078125,11.125,8.9638671875,7.9443359375,2.810546875,2.2783203125,2.6513671875,2.5283203125,2.5302734375,2.5546875,3.3701171875,6.6875,11.1435546875,16.068359375,11.7314453125,5.7880859375,4.763671875,2.61328125,2.2041015625,2.3583984375,2.3330078125,2.431640625,3.556640625,7.4755859375,11.8779296875,12.728515625,15.0078125,5.7041015625,2.9970703125,2.306640625,1.9462890625,2.4140625,2.1396484375,2.4072265625,2.7978515625,3.7822265625,12.8310546875,17.3408203125,14.310546875,7.3525390625,3.517578125,2.4150390625,2.4892578125,2.5439453125,2.6513671875,2.548828125,3.4970703125,7.0419921875,15.744140625,18.2001953125,18.1123046875,12.73046875,2.3681640625,2.16796875,2.2734375,2.4658203125,2.2294921875,2.609375,3.1240234375,6.2744140625,13.1796875,18.083984375,9.87890625,7.2919921875,2.638671875,2.2705078125,2.4013671875,2.6318359375,2.5771484375,2.2412109375,3.3798828125,4.3310546875,12.2998046875,15.0966796875,16.474609375,8.1318359375,3.6845703125,1.91796875,2.1796875,2.7822265625,2.1923828125,2.375,4.06640625,6.650390625,12.0693359375,14.3212890625,12.689453125,5.931640625,3.53125,2.697265625,2.2177734375,3.2177734375,2.4990234375,2.3544921875,3.7861328125,7.6044921875,14.8896484375,16.5234375,12.5517578125,5.7109375,3.2119140625,2.52734375,2.369140625,2.666015625,2.20703125,2.166015625,3.7626953125,8.5126953125,16.4375,16.4345703125,15.3154296875,6.61328125,3.7998046875,2.1728515625,2.4873046875,2.7216796875,2.302734375,2.298828125,3.666015625,3.8671875,14.3759765625,16.439453125,13.3193359375,5.6796875,3.69921875,2.294921875,2.5615234375,2.6748046875,2.626953125,2.263671875,3.6142578125,5.5341796875,9.9833984375,16.865234375,14.6220703125,6.2001953125,2.8662109375,2.443359375,2.322265625,2.6484375,2.8564453125,2.302734375,2.46875,5.970703125,14.185546875,17.0029296875,14.9375,4.708984375,3.4912109375,2.212890625,2.4345703125,2.384765625,2.6728515625,2.6572265625,2.9521484375,9.453125,17.8037109375
AS_56,31.65234375,14.404296875,21.2607421875,3.900390625,2.328125,1.810546875,1.5068359375,2.12109375,2.486328125,3.4443359375,5.6396484375,32.5068359375,35.267578125,33.8330078125,6.857421875,3.333984375,2.755859375,1.90625,1.6533203125,1.9619140625,2.3759765625,3.5859375,5.447265625,24.9404296875,35.9833984375,27.5244140625,11.7568359375,4.8056640625,2.1083984375,2.025390625,1.6376953125,1.8857421875,2.0947265625,2.86328125,3.771484375,17.4765625,22.0517578125,11.4072265625,24.4931640625,7.1298828125,1.9990234375,1.7763671875,1.740234375,1.8203125,2.55078125,3.6640625,8.529296875,36.779296875,36.0234375,33.82421875,8.091796875,3.962890625,2.576171875,1.9609375,1.7138671875,1.755859375,2.2333984375,2.69140625,4.98046875,24.517578125,25.5302734375,10.015625,26.810546875,4.4091796875,2.1103515625,1.99609375,1.5673828125,1.7919921875,2.4873046875,3.5615234375,5.8115234375,23.8251953125,36.716796875,33.6044921875,8.431640625,3.0751953125,2.244140625,1.6650390625,1.7119140625,1.6826171875,2.275390625,3.064453125,5.708984375,22.9091796875,18.87890625,8.7333984375,25.349609375,5.173828125,1.9111328125,1.7890625,1.8056640625,1.81640625,2.0234375,2.5283203125,5.7294921875,20.5537109375,21.42578125,6.4130859375,18.22265625,3.51953125,3.203125,1.8466796875,1.6513671875,1.822265625,2.7265625,3.08984375,6.4970703125,29.3310546875,35.853515625,32.228515625,17.640625,4.763671875,2.857421875,1.853515625,1.6494140625,1.8427734375,2.419921875,2.337890625,4.76953125,7.9931640625,30.8291015625,23.93359375,7.5205078125,3.1982421875,2.505859375,1.7724609375,1.73046875,1.767578125,1.94921875,3.19921875,3.115234375,5.1611328125,27.2763671875,30.666015625,19.5224609375,4.42578125,2.3330078125,1.8798828125,1.6435546875,1.869140625,2.109375,3.474609375,9.2734375,35.291015625,36.0146484375,15.912109375,19.0556640625,6.1201171875,2.341796875,1.6806640625,1.712890625,1.818359375,2.3974609375,3.140625,5.72265625,32.87890625,35.7685546875,30.171875,14.2197265625,3.2265625,2.1533203125,1.880859375,1.7421875,1.7880859375,2.85546875,3.7353515625,4.71875,30.4521484375,35.7265625,29.9443359375,7.1728515625,3.2587890625,2.1572265625,1.8427734375,1.68359375,1.6982421875,2.505859375,3.0361328125,4.1416015625,7.6240234375,33.2236328125,35.0390625,11.833984375,4.6689453125,2.4736328125,1.849609375,1.732421875,1.8447265625,2.0078125,2.8203125,4.60546875,13.810546875,24.12109375,14.052734375,11.517578125,3.009765625,2.8681640625,2.36328125,1.6845703125,1.728515625,2.787109375,2.818359375,5.3388671875,22.78125,10.56640625,5.8193359375,25.17578125,4.4091796875,2.6181640625,1.9580078125,1.7109375,1.8388671875,2.2587890625,3.869140625,6.697265625,31.0615234375,35.958984375,24.6279296875,7.73046875,2.7861328125,2.1044921875,1.7919921875,1.6982421875,1.80078125,2.1171875,3.04296875,5.0673828125,15.9501953125,35.6884765625,33.4921875,17.509765625,4.076171875,2.0751953125,1.6201171875,1.794921875,1.7939453125,2.375,2.591796875,3.8486328125,7.958984375,33.708984375,25.5068359375,12.0205078125,3.958984375,2.4853515625,1.900390625,1.716796875,1.8447265625,1.9794921875,2.4287109375,4.103515625,13.8037109375
AS_565,17.16015625,13.5517578125,9.423828125,6.6552734375,7.1162109375,8.689453125,9.8857421875,8.80859375,6.845703125,5.4775390625,8.072265625,20.8759765625,15.1630859375,9.4990234375,7.4052734375,5.037109375,8.4794921875,9.6826171875,11.123046875,9.2470703125,5.3095703125,6.78125,9.138671875,15.85546875,23.3876953125,10.3798828125,5.95703125,4.943359375,7.744140625,7.6328125,11.2041015625,10.1796875,7.775390625,6.595703125,8.9033203125,9.7890625,17.6669921875,7.927734375,7.12890625,5.662109375,9.1181640625,9.0185546875,9.1943359375,10.2001953125,9.90234375,7.287109375,8.650390625,18.5419921875,22.4931640625,14.3134765625,6.5712890625,7.4775390625,7.73828125,9.638671875,9.45703125,12.455078125,6.5439453125,6.3994140625,8.5517578125,21.822265625,18.8349609375,12.505859375,7.3828125,5.65234375,7.5048828125,8.537109375,9.8994140625,9.5283203125,7.755859375,5.982421875,11.11328125,20.74609375,19.642578125,11.3896484375,6.7265625,6.4189453125,7.9951171875,7.3212890625,11.85546875,11.85546875,5.552734375,5.6552734375,6.5615234375,11.576171875,18.3876953125,13.53515625,7.4228515625,5.9130859375,7.9443359375,6.935546875,9.318359375,9.853515625,7.28515625,8.1240234375,12.0341796875,17.8515625,18.2265625,15.5732421875,4.6494140625,5.5361328125,9.5361328125,10.3251953125,10.302734375,9.408203125,6.6953125,5.4267578125,7.603515625,8.51953125,11.1484375,7.0712890625,5.7158203125,6.1083984375,7.90234375,8.044921875,11.5283203125,9.2744140625,7.0693359375,6.3681640625,8.8056640625,16.31640625,21.96875,10.2080078125,6.810546875,7.2734375,8.208984375,7.068359375,8.9091796875,8.6904296875,7.076171875,5.44140625,6.7314453125,16.0224609375,20.478515625,9.7158203125,6.1630859375,5.2373046875,8.3046875,10.6396484375,9.33984375,9.208984375,7.486328125,5.8486328125,9.845703125,15.33984375,20.728515625,14.8037109375,9.611328125,5.8984375,8.7978515625,8.84765625,9.341796875,10.2783203125,7.49609375,6.142578125,8.09375,12.056640625,19.57421875,14.2724609375,8.8115234375,6.982421875,9.021484375,8.384765625,11.9599609375,11.2353515625,7.6103515625,6.5537109375,10.6904296875,18.80859375,22.2890625,18.8583984375,7.5458984375,4.3583984375,6.1103515625,8.98828125,11.119140625,8.20703125,8.2099609375,6.3720703125,6.814453125,15.306640625,20.259765625,9.8310546875,6.876953125,5.5615234375,6.60546875,7.419921875,12.3994140625,9.49609375,6.58984375,5.23828125,8.0458984375,9.857421875,20.611328125,10.1259765625,6.0810546875,5.3193359375,7.1875,8.0634765625,9.669921875,10.9609375,8.7314453125,5.8212890625,8.05078125,18.025390625,20.263671875,9.259765625,8.623046875,8.822265625,7.75,7.33984375,12.4052734375,9.9140625,5.421875,4.80859375,7.166015625,16.1845703125,17.3154296875,13.845703125,6.740234375,5.32421875,6.4677734375,8.5908203125,11.650390625,13.244140625,8.4951171875,7.06640625,7.2265625,18.2763671875,20.7392578125,14.5,8.01171875,5.609375,7.6796875,7.244140625,8.84375,9.5986328125,7.5419921875,5.646484375,5.48828125,7.9892578125,15.1064453125,11.59765625,7.654296875,5.0615234375,6.8408203125,6.4228515625,6.642578125,9.8935546875,5.7373046875,5.29296875,7.642578125,15.1552734375
AS_597,10.9765625,10.9765625,10.9765625,10.9765625,30.8984375,19.11328125,10.4072265625,7.5126953125,10.8701171875,27.8408203125,32.046875,5.9609375,5.9609375,5.9609375,5.9609375,7.3330078125,35.9404296875,15.326171875,9.646484375,8.0048828125,13.3359375,21.197265625,43.990234375,20.0166015625,18.1357421875,18.1357421875,18.1357421875,19.298828125,37.056640625,18.1455078125,8.544921875,8.7314453125,12.080078125,28.162109375,31.5087890625,12.11328125,12.11328125,12.11328125,12.11328125,14.185546875,41.9814453125,16.982421875,9.162109375,10.8271484375,14.1181640625,28.4892578125,40.5,8.4951171875,8.3701171875,8.3701171875,8.3701171875,10.5478515625,37.6806640625,16.0322265625,9.478515625,8.8759765625,12.849609375,24.431640625,40.6025390625,17.1572265625,12.3310546875,12.3310546875,12.3310546875,13.654296875,37.556640625,17.810546875,9.806640625,9.2890625,13.29296875,28.1748046875,42.4130859375,11.3828125,7.857421875,7.857421875,7.857421875,7.857421875,29.2138671875,18.7685546875,9.443359375,8.119140625,11.298828125,22.306640625,37.703125,16.640625,16.220703125,16.220703125,16.220703125,16.517578125,29.650390625,20.259765625,8.8798828125,9.5439453125,11.177734375,23.6494140625,38.775390625,14.1650390625,13.7314453125,13.7314453125,13.7314453125,15.3896484375,41.25,13.5478515625,8.6279296875,7.7626953125,12.9189453125,23.0537109375,38.373046875,22.828125,22.03125,22.03125,22.03125,22.1806640625,38.896484375,23.4619140625,9.3115234375,8.1494140625,15.0595703125,23.953125,36.841796875,12.326171875,12.326171875,12.326171875,12.326171875,12.326171875,26.01171875,15.4990234375,7.9013671875,9.009765625,11.4453125,24.0927734375,40.34375,10.2666015625,10.2666015625,10.2666015625,10.2666015625,10.2666015625,33.80859375,21.8046875,8.9189453125,7.046875,14.384765625,26.1318359375,39.1376953125,4.767578125,4.7705078125,4.7705078125,4.7705078125,5.0107421875,34.423828125,15.7998046875,9.970703125,8.23046875,11.63671875,25.96875,39.841796875,10.2158203125,10.2158203125,10.2158203125,10.2158203125,10.2158203125,23.560546875,21.09765625,10.5927734375,9.9892578125,14.6865234375,25.1103515625,43.5517578125,10.1494140625,8.9716796875,8.9716796875,8.9716796875,11.90234375,40.5830078125,13.70703125,10.0263671875,7.9384765625,12.3486328125,26.2646484375,39.0966796875,12.642578125,7.03125,7.03125,7.03125,8.796875,44.0947265625,17.99609375,8.3486328125,8.923828125,11.74609375,28.1953125,40.98046875,7.9501953125,7.9501953125,7.9501953125,7.9501953125,10.84375,39.0087890625,14.74609375,7.8037109375,8.443359375,11.73828125,26.59765625,37.353515625,13.3447265625,13.3447265625,13.3447265625,13.3447265625,14.1875,38.865234375,17.4638671875,8.47265625,9.4833984375,14.623046875,26.34765625,39.8359375,22.6923828125,22.6923828125,22.6923828125,22.6923828125,23.947265625,34.978515625,16.73046875,8.685546875,8.306640625,13.0458984375,27.06640625,44.54296875,26.298828125,26.0576171875,26.0576171875,26.0576171875,25.53515625,37.5234375,20.564453125,9.59765625,8.392578125,12.7724609375,24.9267578125,41.55078125,19.83203125,19.4482421875,19.4482421875,19.4482421875,19.4482421875,34.3837890625,24.576171875,8.8359375,8.49609375,11.693359375,30.49609375,43.3857421875,16.583984375
AS_611,4.9453125,4.7685546875,3.646484375,2.8818359375,2.9111328125,3.564453125,3.7978515625,3.5048828125,3.439453125,3.337890625,5.4521484375,6.0576171875,4.3759765625,4.4951171875,3.6904296875,3.427734375,3.44140625,3.720703125,4.6533203125,3.6865234375,2.912109375,4.29296875,9.890625,9.5283203125,9.125,4.373046875,3.642578125,3.166015625,3.859375,3.923828125,5.7841796875,4.048828125,3.6767578125,3.9619140625,5.5615234375,5.26171875,11.7890625,4.6435546875,4.3515625,3.65625,3.8271484375,4.62890625,3.658203125,4.171875,3.3916015625,5.244140625,5.8154296875,14.611328125,8.041015625,8.3681640625,4.5869140625,3.6416015625,3.6748046875,4.78515625,3.9130859375,4.3583984375,3.755859375,6.291015625,8.5888671875,12.30078125,10.31640625,4.7158203125,5.9794921875,4.0810546875,4.0087890625,5.1337890625,4.3271484375,5.0791015625,3.5908203125,5.8505859375,7.662109375,13.2939453125,6.0712890625,5.23828125,3.6376953125,3.28125,3.4677734375,4.005859375,4.7734375,4.0322265625,3.068359375,4.2705078125,4.1259765625,10.4736328125,11.0,6.072265625,3.537109375,4.03515625,3.9990234375,3.671875,3.94921875,3.9775390625,3.091796875,5.486328125,10.404296875,8.8623046875,9.0966796875,13.1767578125,6.4443359375,3.259765625,4.2255859375,4.361328125,4.6884765625,3.9609375,3.8193359375,4.556640625,11.3916015625,14.8544921875,11.45703125,3.703125,3.4072265625,3.5673828125,2.990234375,4.4677734375,4.5751953125,3.1982421875,2.876953125,3.30859375,6.16796875,5.26953125,5.759765625,3.7900390625,4.8974609375,3.818359375,3.7158203125,3.5537109375,3.6630859375,3.5869140625,2.970703125,5.4208984375,10.203125,9.142578125,15.5673828125,5.8349609375,7.67578125,3.5986328125,3.3828125,4.580078125,4.2470703125,3.861328125,3.84375,4.9833984375,6.06640625,14.0771484375,6.755859375,4.01953125,3.9716796875,3.60546875,3.501953125,5.05078125,4.7275390625,4.6181640625,3.4033203125,3.744140625,3.537109375,5.4765625,11.3759765625,5.1328125,4.3642578125,4.0029296875,3.849609375,4.3046875,4.4794921875,4.8447265625,3.8408203125,5.37109375,7.2314453125,15.478515625,9.9609375,4.109375,3.6513671875,2.90234375,3.404296875,4.775390625,3.8857421875,3.8779296875,2.94140625,3.87109375,4.033203125,10.255859375,10.365234375,4.8046875,3.41015625,4.0146484375,4.1201171875,4.306640625,4.990234375,3.67578125,3.4248046875,3.4326171875,4.4482421875,5.478515625,6.146484375,9.046875,4.498046875,4.3876953125,3.423828125,3.53515625,3.6640625,4.3095703125,3.572265625,3.400390625,4.8017578125,8.8056640625,9.748046875,9.5478515625,4.33984375,4.38671875,3.2265625,4.1865234375,4.8505859375,4.0654296875,3.0859375,4.6982421875,9.4609375,13.318359375,7.47265625,7.3076171875,4.125,3.4892578125,2.9384765625,4.3173828125,5.1552734375,5.1103515625,3.1650390625,4.4375,5.2392578125,7.091796875,9.515625,3.6474609375,4.244140625,3.6552734375,3.5,4.494140625,5.2705078125,5.5625,4.892578125,4.818359375,7.7548828125,10.6572265625,4.8701171875,6.6728515625,3.44921875,3.810546875,3.2314453125,3.7470703125,3.546875,4.1689453125,2.8095703125,5.9990234375,7.369140625,12.109375
AS_622,1.6455078125,1.6455078125,1.6455078125,1.6455078125,1.986328125,1.97265625,1.9609375,1.9521484375,1.953125,1.9775390625,0.3642578125,-7.10543413386458e-15,-7.10543413386458e-15,-7.10543413386458e-15,-7.10543413386458e-15,0.1484375,1.994140625,1.9921875,1.9462890625,1.9501953125,1.974609375,1.9921875,0.7666015625,-7.10543413386458e-15,-7.10543413386458e-15,-7.10543413386458e-15,-7.10543413386458e-15,0.255859375,1.98046875,1.9287109375,1.9638671875,1.9521484375,1.958984375,1.8994140625,-7.10543413386458e-15,-7.10543413386458e-15,-7.10543413386458e-15,-7.10543413386458e-15,-7.10543413386458e-15,0.29296875,1.962890625,1.73828125,1.6279296875,1.8984375,1.9716796875,1.994140625,0.3828125,-7.10543413386458e-15,-7.10543413386458e-15,-7.10543413386458e-15,-7.10543413386458e-15,0.3544921875,1.9892578125,1.9140625,1.9755859375,1.9853515625,1.994140625,2.0,0.705078125,-7.10543413386458e-15,-7.10543413386458e-15,-7.10543413386458e-15,-7.10543413386458e-15,0.09375,1.9951171875,1.9501953125,1.8994140625,1.9697265625,1.982421875,1.9990234375,1.21484375,0.6943359375,0.6943359375,0.6943359375,0.6943359375,0.84765625,1.9814453125,1.9345703125,1.99609375,1.9755859375,1.9755859375,1.9873046875,1.7421875,1.595703125,1.595703125,1.595703125,1.595703125,1.6591796875,1.984375,1.9609375,1.97265625,1.943359375,1.9833984375,1.9931640625,0.884765625,0.5859375,0.5859375,0.5859375,0.5859375,0.8857421875,1.9921875,1.91015625,1.94140625,1.8251953125,1.970703125,1.9921875,0.9609375,-7.10543413386458e-15,-7.10543413386458e-15,-7.10543413386458e-15,-7.10543413386458e-15,0.4990234375,1.99609375,1.9951171875,1.9775390625,1.9345703125,1.994140625,1.9951171875,0.1123046875,-7.10543413386458e-15,-7.10543413386458e-15,-7.10543413386458e-15,-7.10543413386458e-15,-7.10543413386458e-15,1.560546875,1.9638671875,1.984375,1.908203125,1.9921875,1.998046875,0.8603515625,0.1455078125,0.1455078125,0.1455078125,0.1455078125,0.1455078125,1.806640625,1.9794921875,1.8955078125,1.98046875,1.955078125,1.9970703125,1.720703125,1.4169921875,1.4169921875,1.4169921875,1.4169921875,1.41796875,1.9482421875,1.9931640625,1.9580078125,1.98828125,1.9794921875,1.9921875,0.181640625,-7.10543413386458e-15,-7.10543413386458e-15,-7.10543413386458e-15,-7.10543413386458e-15,0.1904296875,1.998046875,1.98046875,1.9912109375,1.984375,1.9873046875,1.982421875,0.8125,0.3134765625,0.3134765625,0.3134765625,0.3134765625,0.8388671875,1.998046875,1.978515625,1.9697265625,1.974609375,1.9912109375,1.9912109375,0.9169921875,0.240234375,0.240234375,0.240234375,0.240234375,0.384765625,1.9580078125,1.974609375,1.9765625,1.93359375,1.990234375,1.9716796875,1.4365234375,-7.10543413386458e-15,-7.10543413386458e-15,-7.10543413386458e-15,-7.10543413386458e-15,0.4296875,1.9794921875,1.982421875,1.9482421875,1.974609375,1.953125,1.9814453125,0.947265625,0.96875,0.96875,0.96875,0.96875,1.25,1.970703125,1.8056640625,1.8642578125,1.9638671875,1.9990234375,2.0,0.7236328125,-7.10543413386458e-15,-7.10543413386458e-15,-7.10543413386458e-15,-7.10543413386458e-15,0.8935546875,1.99609375,1.9599609375,2.0,1.90625,1.974609375,2.0,0.927734375,-7.10543413386458e-15,-7.10543413386458e-15,-7.10543413386458e-15,-7.10543413386458e-15,0.470703125,1.9921875,1.9765625,1.9560546875,1.9482421875,1.9560546875,1.9990234375,1.3564453125,0.7626953125,0.7626953125,0.7626953125,0.7626953125,0.857421875,1.9873046875,1.978515625,1.962890625,1.9638671875,1.9794921875,2.0,1.3193359375,-7.10543413386458e-15
AS_66,6.017578125,4.9111328125,1.8447265625,1.3564453125,1.103515625,1.23828125,1.18359375,1.123046875,1.4013671875,1.5341796875,2.65625,2.6611328125,4.2744140625,4.4482421875,1.9365234375,1.388671875,1.15234375,1.232421875,1.1943359375,1.185546875,1.5439453125,1.5185546875,1.96484375,6.1259765625,3.48828125,2.037109375,1.8544921875,1.6328125,1.224609375,1.2373046875,1.099609375,1.1787109375,1.4912109375,1.5166015625,1.8427734375,4.5908203125,4.3154296875,3.2333984375,2.2431640625,1.548828125,1.2880859375,1.1474609375,1.2841796875,1.1669921875,1.1064453125,1.478515625,2.3388671875,4.8857421875,5.6513671875,2.451171875,2.4208984375,1.4287109375,1.177734375,1.115234375,1.2353515625,1.2509765625,1.2294921875,1.5537109375,1.5556640625,3.4375,6.7578125,6.6279296875,2.349609375,1.3681640625,1.1982421875,1.1123046875,1.44140625,1.3828125,1.28515625,1.7578125,1.8974609375,5.3974609375,4.9599609375,4.3623046875,1.9052734375,1.478515625,1.37109375,1.0927734375,1.375,1.111328125,1.4033203125,1.2861328125,2.0458984375,5.015625,6.8203125,2.142578125,2.0478515625,1.5478515625,1.1962890625,1.1640625,1.224609375,1.1845703125,1.38671875,1.7412109375,2.3720703125,4.173828125,6.5615234375,5.6181640625,1.4814453125,1.3349609375,1.28125,1.1630859375,1.2421875,1.0634765625,1.2626953125,1.4287109375,2.015625,3.783203125,5.84765625,2.728515625,2.4580078125,1.5166015625,1.2119140625,1.0947265625,1.24609375,1.291015625,1.2021484375,1.3017578125,3.359375,4.73828125,5.5732421875,4.2685546875,2.6943359375,1.6279296875,1.1015625,1.1728515625,1.181640625,1.1162109375,1.2138671875,2.02734375,1.7744140625,4.1962890625,7.9072265625,3.2060546875,2.029296875,1.416015625,1.359375,1.0380859375,1.1513671875,1.2294921875,1.35546875,1.5048828125,1.4130859375,4.5263671875,5.8408203125,5.693359375,2.7412109375,1.2451171875,1.2373046875,1.06640625,1.2900390625,1.34375,1.30859375,1.3603515625,2.0625,5.4462890625,5.2236328125,3.1630859375,1.7734375,1.5087890625,1.1435546875,1.236328125,1.419921875,1.2451171875,1.2333984375,1.7568359375,1.8662109375,4.91015625,3.9404296875,4.7705078125,2.0078125,1.33984375,1.1884765625,1.09765625,0.9384765625,1.1025390625,1.177734375,1.49609375,1.951171875,5.033203125,4.359375,4.0859375,2.2255859375,1.66796875,1.2021484375,1.1787109375,1.408203125,1.203125,1.228515625,1.4521484375,2.0615234375,4.8154296875,5.912109375,3.8486328125,1.7275390625,1.4052734375,1.2080078125,1.1376953125,1.2255859375,1.1171875,1.4208984375,1.5556640625,2.14453125,3.228515625,4.384765625,3.693359375,2.0380859375,1.248046875,1.1669921875,1.205078125,1.2265625,1.1328125,1.1806640625,2.2109375,2.1416015625,4.9169921875,6.12890625,4.2109375,1.498046875,1.3779296875,1.2685546875,1.078125,1.068359375,1.24609375,1.275390625,1.384765625,1.7822265625,4.9296875,6.0595703125,5.439453125,2.033203125,1.349609375,1.189453125,1.0576171875,1.0888671875,1.154296875,1.3662109375,1.517578125,2.04296875,3.2763671875,5.296875,2.3837890625,1.8642578125,1.3662109375,1.1767578125,1.271484375,1.1376953125,1.142578125,1.294921875,1.80078125,2.5283203125,6.3203125
AS_661,1.078125,1.09375,0.6494140625,0.6513671875,0.69921875,0.73046875,0.7861328125,0.7490234375,0.8154296875,1.033203125,1.2578125,1.16796875,1.267578125,0.9755859375,0.6962890625,0.6640625,0.7119140625,0.7197265625,0.703125,0.8056640625,0.810546875,0.9501953125,1.5029296875,1.5244140625,1.185546875,0.9052734375,0.70703125,0.7109375,0.7568359375,0.7890625,0.7958984375,0.7939453125,0.93359375,1.2431640625,1.4912109375,1.2333984375,1.0888671875,0.6923828125,0.7119140625,0.662109375,0.712890625,0.7587890625,0.791015625,0.763671875,0.8154296875,1.1904296875,1.216796875,1.517578125,1.1640625,0.9697265625,0.7138671875,0.6513671875,0.697265625,0.748046875,0.77734375,0.79296875,0.8056640625,1.4794921875,1.4833984375,1.5224609375,1.052734375,0.9296875,0.90234375,0.703125,0.7021484375,0.6943359375,0.7861328125,0.7626953125,0.82421875,1.083984375,1.275390625,1.40625,1.0322265625,0.94921875,0.787109375,0.705078125,0.7158203125,0.6435546875,0.7919921875,0.80859375,0.8681640625,0.9404296875,1.568359375,1.638671875,1.361328125,0.8466796875,0.8515625,0.7802734375,0.736328125,0.7490234375,0.79296875,0.7998046875,0.8623046875,1.2431640625,1.6669921875,1.2333984375,1.4521484375,1.3837890625,0.7421875,0.6923828125,0.71484375,0.6611328125,0.7421875,0.7685546875,0.80078125,0.8408203125,1.400390625,1.5,1.376953125,0.634765625,0.7138671875,0.703125,0.7373046875,0.7451171875,0.7470703125,0.791015625,0.82421875,0.9052734375,1.34765625,1.1748046875,1.060546875,0.9189453125,0.794921875,0.658203125,0.7041015625,0.701171875,0.794921875,0.7900390625,0.8037109375,1.240234375,1.2900390625,1.36328125,1.740234375,1.0869140625,0.8212890625,0.7060546875,0.6962890625,0.7607421875,0.75,0.80859375,0.828125,1.3916015625,1.27734375,1.537109375,1.2607421875,0.857421875,0.6298828125,0.63671875,0.697265625,0.7255859375,0.7705078125,0.7626953125,0.8046875,0.9521484375,1.4169921875,1.2998046875,1.2666015625,0.8935546875,0.865234375,0.76171875,0.68359375,0.755859375,0.8173828125,0.8310546875,0.9638671875,1.4208984375,1.5107421875,1.7392578125,1.1083984375,1.0712890625,0.6943359375,0.6845703125,0.6357421875,0.7255859375,0.7666015625,0.755859375,0.7890625,0.8759765625,1.33984375,1.619140625,1.3154296875,1.0732421875,0.8330078125,0.875,0.6982421875,0.7587890625,0.806640625,0.8310546875,0.8662109375,1.0966796875,1.154296875,1.3662109375,1.208984375,0.873046875,0.630859375,0.6181640625,0.69921875,0.701171875,0.7265625,0.7373046875,0.7724609375,0.740234375,1.25390625,1.265625,1.171875,1.154296875,0.7578125,0.724609375,0.75390625,0.7197265625,0.7783203125,0.8076171875,0.8095703125,1.384765625,1.392578125,1.3662109375,1.1298828125,0.931640625,0.6865234375,0.712890625,0.72265625,0.75,0.7548828125,0.779296875,0.7548828125,1.177734375,1.2421875,1.2646484375,0.8681640625,0.6396484375,0.642578125,0.623046875,0.701171875,0.693359375,0.7451171875,0.744140625,0.8330078125,1.0166015625,1.498046875,1.19140625,1.076171875,0.9130859375,0.732421875,0.791015625,0.755859375,0.7333984375,0.8212890625,0.8115234375,0.8681640625,1.4404296875,1.384765625,1.4462890625
AS_666,3.3671875,3.6279296875,3.63671875,2.9248046875,2.642578125,2.6728515625,2.46875,2.466796875,2.86328125,3.1513671875,3.5654296875,3.7138671875,3.8671875,3.3408203125,2.830078125,2.7490234375,2.482421875,2.4169921875,2.341796875,2.18359375,2.3916015625,2.5634765625,3.27734375,3.8291015625,3.7724609375,3.2080078125,3.0810546875,2.8134765625,2.541015625,2.435546875,2.3701171875,2.2626953125,2.4150390625,2.576171875,3.3046875,3.880859375,3.5048828125,3.0556640625,2.833984375,2.666015625,2.521484375,2.4111328125,2.4375,2.3388671875,2.388671875,2.4912109375,2.8466796875,3.6298828125,3.8291015625,3.2119140625,2.7734375,2.603515625,2.3115234375,1.7314453125,1.5458984375,1.453125,1.9375,2.310546875,2.810546875,3.6103515625,3.5341796875,3.2822265625,3.0810546875,2.65625,2.568359375,2.37890625,2.4033203125,2.3837890625,2.4208984375,2.572265625,3.0927734375,3.630859375,2.9609375,2.876953125,2.783203125,2.6337890625,2.0576171875,1.642578125,1.365234375,1.5703125,1.8603515625,2.291015625,2.7099609375,3.2529296875,3.8779296875,3.2197265625,2.8193359375,2.58203125,2.166015625,1.7080078125,1.7890625,1.5048828125,2.3173828125,2.5087890625,2.6884765625,3.638671875,3.2763671875,3.6630859375,2.857421875,2.62890625,2.400390625,1.83203125,1.841796875,2.2509765625,2.359375,2.4599609375,2.8916015625,3.603515625,3.625,2.8115234375,2.751953125,2.599609375,2.48828125,1.890625,2.326171875,2.37109375,2.3759765625,2.3271484375,2.853515625,3.1953125,3.3203125,3.15234375,2.8779296875,2.67578125,2.513671875,2.490234375,2.400390625,2.19921875,2.3603515625,2.61328125,3.1865234375,3.7138671875,4.0,3.0869140625,3.20703125,2.646484375,2.29296875,2.404296875,2.3720703125,2.1904296875,2.2978515625,2.59765625,2.8984375,3.79296875,3.248046875,3.0107421875,2.849609375,2.6513671875,2.43359375,2.3896484375,2.3603515625,2.248046875,2.416015625,2.4580078125,2.73046875,3.34375,3.53125,2.83984375,2.6728515625,2.6240234375,2.4482421875,2.189453125,2.3583984375,2.2685546875,2.36328125,2.5166015625,2.74609375,3.6728515625,3.0634765625,2.9921875,2.796875,2.57421875,2.48828125,2.3818359375,2.1318359375,2.123046875,2.310546875,2.44140625,2.693359375,3.4013671875,3.1689453125,2.9443359375,2.7373046875,2.6064453125,2.4541015625,2.423828125,2.2412109375,2.3525390625,2.35546875,2.1474609375,2.67578125,3.4765625,3.8662109375,3.1982421875,2.7099609375,2.65625,2.4794921875,2.3115234375,2.33203125,2.2353515625,2.333984375,2.3935546875,2.6025390625,2.802734375,2.845703125,2.880859375,2.83984375,2.65625,2.4560546875,2.3916015625,2.1669921875,2.052734375,2.3671875,2.45703125,2.6845703125,3.2373046875,3.220703125,3.224609375,2.6728515625,2.5888671875,2.4873046875,2.275390625,2.2880859375,2.162109375,2.3544921875,2.515625,2.666015625,2.951171875,3.234375,2.9794921875,2.845703125,2.6484375,2.4921875,2.412109375,2.3720703125,2.267578125,2.369140625,2.2626953125,2.6962890625,3.3671875,3.177734375,3.3525390625,2.8447265625,2.7099609375,2.515625,2.453125,2.484375,2.193359375,2.2177734375,2.6630859375,2.833984375,3.8876953125
AS_672,16.755859375,15.4326171875,8.91796875,3.2763671875,3.3125,3.1142578125,3.4609375,3.3515625,3.0166015625,3.4931640625,7.595703125,15.8916015625,17.2783203125,14.859375,6.9794921875,3.38671875,2.7509765625,3.4443359375,3.591796875,2.88671875,3.0615234375,3.849609375,5.3955078125,15.5244140625,15.0146484375,14.1728515625,6.86328125,3.4306640625,2.78125,2.9013671875,2.7763671875,3.111328125,2.50390625,2.7763671875,4.427734375,17.1669921875,17.521484375,16.177734375,10.2080078125,4.341796875,2.7138671875,2.8525390625,2.9736328125,3.11328125,2.97265625,3.09375,6.994140625,15.478515625,14.2421875,10.4423828125,5.3564453125,4.65234375,2.4140625,3.2919921875,2.861328125,3.0107421875,2.7236328125,4.326171875,4.89453125,13.515625,17.6591796875,17.4208984375,7.26171875,3.576171875,2.564453125,2.5283203125,3.154296875,2.6748046875,2.919921875,3.962890625,5.041015625,10.9462890625,17.4453125,14.50390625,6.7353515625,2.6650390625,2.732421875,3.6337890625,3.8955078125,4.06640625,3.2705078125,2.8564453125,6.494140625,16.5400390625,17.1572265625,12.1650390625,7.4482421875,2.8837890625,3.060546875,3.115234375,3.140625,3.0537109375,3.783203125,3.3994140625,5.119140625,14.015625,8.3388671875,3.87890625,9.609375,2.9228515625,3.080078125,3.1728515625,2.8984375,3.5625,3.171875,3.0703125,6.771484375,13.8935546875,16.4677734375,12.2138671875,5.1162109375,4.0048828125,2.3427734375,3.1591796875,3.248046875,2.9404296875,2.7060546875,3.4345703125,7.271484375,12.953125,14.9365234375,14.2294921875,6.619140625,3.3466796875,2.2802734375,2.5595703125,3.333984375,2.666015625,2.900390625,2.7802734375,3.689453125,13.20703125,17.390625,14.7490234375,9.181640625,4.5107421875,2.46875,2.4169921875,3.37890625,3.525390625,3.0576171875,2.9130859375,8.7490234375,15.7353515625,13.359375,12.505859375,13.029296875,2.8564453125,2.302734375,2.8642578125,3.4150390625,2.7021484375,3.2861328125,2.853515625,7.025390625,15.197265625,16.89453125,14.203125,7.80078125,3.3818359375,3.1455078125,3.380859375,3.41796875,3.0810546875,2.84375,3.708984375,6.4521484375,13.9541015625,16.3984375,13.78125,10.287109375,4.232421875,2.916015625,3.2412109375,3.5126953125,3.0048828125,2.958984375,3.255859375,9.751953125,16.4462890625,17.2548828125,14.3798828125,8.0341796875,3.9208984375,2.578125,2.7919921875,4.12890625,3.2900390625,3.1396484375,3.8662109375,8.3486328125,15.2060546875,16.5869140625,12.75390625,5.1884765625,3.1064453125,2.3330078125,2.8876953125,3.0048828125,2.9189453125,2.548828125,4.0927734375,9.1083984375,16.57421875,16.98828125,16.4541015625,8.794921875,4.041015625,2.4296875,2.8076171875,4.3720703125,3.2783203125,3.09375,3.611328125,4.4775390625,16.0947265625,17.5185546875,16.1298828125,7.6748046875,4.0595703125,3.3212890625,3.1533203125,3.7919921875,3.5341796875,2.896484375,3.8798828125,7.9384765625,13.2294921875,17.17578125,14.857421875,6.9287109375,3.19140625,2.46484375,2.5546875,3.9140625,3.6318359375,2.8896484375,2.6640625,8.8115234375,16.4697265625,17.1435546875,14.0771484375,4.611328125,3.2255859375,2.373046875,2.513671875,2.796875,2.845703125,3.0205078125,3.466796875,10.029296875,16.734375
AS_692,1.693359375,1.162109375,1.6357421875,1.3173828125,0.8564453125,0.80859375,0.79296875,0.828125,1.5126953125,1.537109375,1.6826171875,1.818359375,1.9892578125,1.78125,1.583984375,1.66015625,0.861328125,0.83984375,0.783203125,0.9208984375,1.642578125,1.6630859375,1.7734375,1.8876953125,1.8291015625,1.689453125,1.0693359375,0.8583984375,0.7158203125,0.75,0.708984375,0.787109375,0.9521484375,1.6865234375,1.734375,1.7841796875,1.46875,1.568359375,1.234375,0.8642578125,0.7470703125,0.740234375,0.611328125,0.71875,0.7294921875,1.4931640625,1.78515625,1.96875,1.666015625,1.43359375,1.4609375,0.916015625,0.798828125,0.7314453125,0.736328125,0.787109375,0.9521484375,1.5751953125,1.658203125,1.8251953125,-7.10543413386458e-15,1.0283203125,1.5390625,0.875,0.8349609375,0.720703125,0.736328125,0.833984375,1.0068359375,1.6337890625,1.6474609375,1.802734375,1.67578125,1.8681640625,1.453125,1.4287109375,1.3408203125,0.87109375,0.9384765625,1.0634765625,1.4091796875,1.63671875,1.7568359375,1.96484375,1.974609375,1.2998046875,1.3828125,1.3037109375,1.0078125,1.0234375,0.94140625,0.9208984375,1.412109375,1.5087890625,1.7802734375,1.7841796875,1.9775390625,1.8935546875,1.5009765625,1.3291015625,1.015625,0.990234375,0.83203125,0.9560546875,1.4462890625,1.4921875,1.740234375,1.97265625,1.2548828125,1.5869140625,1.5576171875,0.9697265625,0.794921875,0.73046875,0.7353515625,0.830078125,1.314453125,1.4765625,1.736328125,1.83984375,0.6962890625,1.7392578125,1.8271484375,1.7919921875,0.8818359375,0.8056640625,0.779296875,0.8369140625,1.0810546875,1.6552734375,1.76953125,1.8740234375,-7.10543413386458e-15,0.4130859375,1.220703125,0.83984375,0.73828125,0.6962890625,0.6689453125,0.72265625,0.9580078125,1.5625,1.5341796875,1.955078125,1.9462890625,1.9169921875,1.66015625,0.8369140625,0.748046875,0.751953125,0.69140625,0.7548828125,1.11328125,1.5908203125,1.9052734375,1.8876953125,0.0986328125,1.6806640625,1.802734375,1.455078125,0.8388671875,0.76171875,0.724609375,0.7890625,1.0830078125,1.69140625,1.861328125,1.8642578125,1.923828125,1.783203125,1.490234375,1.0009765625,0.892578125,0.7685546875,0.751953125,0.8291015625,1.1953125,1.6748046875,1.8310546875,1.982421875,1.9365234375,1.88671875,1.3681640625,0.9921875,0.791015625,0.7666015625,0.7119140625,0.8046875,0.9580078125,1.4970703125,1.7880859375,1.935546875,1.44921875,1.2275390625,1.2822265625,0.84765625,0.8125,0.7216796875,0.673828125,0.77734375,0.9970703125,1.619140625,1.6748046875,1.8828125,1.974609375,1.6328125,1.67578125,0.9970703125,0.8330078125,0.7978515625,0.7392578125,0.845703125,1.201171875,1.5732421875,1.8134765625,1.9658203125,1.51953125,0.8544921875,1.171875,1.1220703125,0.849609375,0.78125,0.71875,0.8134765625,1.318359375,1.712890625,1.533203125,1.82421875,1.9111328125,1.8212890625,0.998046875,0.7919921875,0.705078125,0.6875,0.7119140625,0.75390625,0.8251953125,1.359375,1.666015625,1.892578125,1.9580078125,1.3388671875,0.974609375,0.857421875,0.681640625,0.685546875,0.693359375,0.67578125,0.78515625,1.4892578125,1.75,1.90234375
AS_721,13.41796875,12.75,5.1767578125,3.341796875,2.509765625,2.3896484375,2.1142578125,2.025390625,2.0029296875,2.70703125,4.546875,13.3720703125,13.57421875,9.978515625,4.4306640625,2.734375,2.697265625,2.34375,2.1318359375,2.0244140625,2.2099609375,2.47265625,3.8876953125,10.2431640625,12.7138671875,10.046875,4.2138671875,3.099609375,2.916015625,2.07421875,2.0361328125,2.0888671875,2.0205078125,2.3720703125,3.91796875,9.875,13.0595703125,11.4326171875,5.5166015625,3.0078125,3.0849609375,2.1796875,2.0888671875,2.05859375,2.0625,2.5498046875,5.755859375,12.42578125,12.7275390625,9.1767578125,3.931640625,3.00390625,2.3642578125,1.9716796875,2.095703125,1.8935546875,2.099609375,3.015625,3.5107421875,9.0078125,13.6728515625,9.994140625,3.4560546875,3.4013671875,2.451171875,2.21875,2.083984375,2.01171875,1.9736328125,2.482421875,4.9658203125,12.3046875,12.7734375,4.58984375,3.3330078125,2.802734375,2.0771484375,2.203125,2.1181640625,1.9541015625,1.9765625,2.0166015625,3.4833984375,10.7568359375,12.5927734375,5.26953125,4.818359375,2.73828125,2.4228515625,2.2529296875,1.7939453125,1.9443359375,1.9052734375,2.830078125,3.2998046875,9.10546875,13.572265625,10.484375,3.021484375,3.0751953125,1.98046875,2.0322265625,2.0634765625,2.029296875,1.9423828125,2.44140625,3.64453125,5.78125,10.107421875,5.7666015625,3.68359375,3.2900390625,2.4482421875,2.71484375,2.240234375,2.11328125,1.853515625,3.03515625,4.5224609375,9.943359375,11.8583984375,7.666015625,3.31640625,3.1259765625,2.5576171875,2.146484375,2.4912109375,2.0888671875,2.251953125,2.46484375,3.462890625,9.7060546875,13.2822265625,6.9208984375,3.9736328125,2.3984375,2.021484375,2.3154296875,2.0693359375,1.8681640625,1.875,2.4580078125,3.7255859375,8.546875,13.5771484375,9.568359375,3.9541015625,2.380859375,2.3623046875,1.8759765625,2.0556640625,2.0908203125,2.1279296875,2.29296875,3.630859375,9.3076171875,13.0771484375,9.126953125,4.1552734375,2.5869140625,2.7958984375,2.318359375,2.134765625,2.095703125,1.875,2.34765625,4.587890625,8.7451171875,11.9208984375,6.388671875,4.2138671875,2.8701171875,1.9912109375,2.083984375,2.1162109375,2.1064453125,2.0185546875,2.412109375,3.89453125,9.3681640625,12.6923828125,8.037109375,4.8564453125,2.7314453125,2.359375,2.255859375,2.1337890625,2.1748046875,1.869140625,2.236328125,3.669921875,9.4853515625,12.08203125,6.90625,3.9462890625,3.2333984375,2.3359375,2.025390625,2.009765625,1.982421875,1.853515625,2.6533203125,3.9951171875,7.9384765625,12.3330078125,6.353515625,4.14453125,3.00390625,2.1259765625,2.1416015625,2.0498046875,1.9619140625,1.998046875,2.4765625,3.90625,10.9140625,13.001953125,8.169921875,4.201171875,2.7158203125,2.873046875,2.3623046875,2.09765625,2.0380859375,1.89453125,2.5849609375,4.482421875,10.62890625,13.228515625,7.306640625,4.0078125,2.6796875,2.58984375,2.2861328125,2.08984375,1.9052734375,1.8525390625,2.1953125,3.412109375,9.4833984375,13.369140625,8.92578125,4.388671875,2.591796875,2.3681640625,1.953125,2.1689453125,2.095703125,2.123046875,2.7509765625,4.85546875,9.833984375
AS_746,6.0078125,5.064453125,5.2880859375,4.8388671875,5.263671875,4.962890625,5.3203125,5.435546875,4.974609375,4.4580078125,7.4384765625,6.3623046875,5.634765625,6.0166015625,5.498046875,4.5537109375,5.32421875,5.603515625,6.15234375,6.2421875,5.560546875,5.16015625,12.9609375,10.6005859375,10.970703125,5.0439453125,5.5537109375,5.31640625,5.40625,5.84765625,6.3955078125,6.515625,6.03125,4.7978515625,7.6796875,5.818359375,9.533203125,7.6728515625,5.9296875,5.234375,6.50390625,6.6171875,6.646484375,7.283203125,6.4599609375,7.3916015625,7.451171875,18.603515625,7.5546875,8.1552734375,7.4326171875,6.2744140625,5.5263671875,6.5244140625,6.1796875,7.314453125,5.2451171875,7.0966796875,8.662109375,14.0498046875,11.4228515625,5.90234375,6.2978515625,4.9814453125,5.5712890625,6.521484375,6.845703125,8.0986328125,6.2568359375,6.73828125,9.470703125,15.0673828125,7.5595703125,5.6064453125,5.033203125,5.0498046875,5.0654296875,5.5830078125,6.04296875,6.634765625,5.5888671875,5.1279296875,5.9677734375,12.2529296875,8.6357421875,9.94140625,6.4501953125,4.853515625,6.0205078125,5.5185546875,5.638671875,6.8369140625,5.6044921875,7.1142578125,11.0419921875,11.8857421875,10.916015625,5.939453125,5.685546875,4.890625,6.822265625,6.349609375,6.8681640625,7.51953125,6.8505859375,5.166015625,13.4384765625,19.1572265625,14.0419921875,4.962890625,4.82421875,5.416015625,4.4755859375,5.8115234375,5.9814453125,5.517578125,5.3291015625,4.4169921875,7.041015625,7.009765625,4.94921875,5.4912109375,6.2734375,5.595703125,5.1611328125,5.9580078125,5.783203125,5.5927734375,5.046875,6.615234375,10.8544921875,9.0703125,14.998046875,8.2783203125,8.9931640625,4.8447265625,5.818359375,7.0078125,7.462890625,8.033203125,8.056640625,6.8623046875,8.748046875,18.9775390625,7.5126953125,4.8486328125,5.5078125,5.7314453125,6.1953125,6.9833984375,6.6806640625,7.486328125,5.8427734375,5.1044921875,4.7392578125,6.0693359375,9.091796875,5.251953125,6.83203125,6.4609375,5.8525390625,6.478515625,7.8994140625,9.3076171875,7.10546875,6.970703125,9.541015625,20.0078125,13.5634765625,6.1376953125,5.1328125,4.955078125,5.1220703125,5.82421875,5.6162109375,5.287109375,5.4794921875,5.228515625,5.28515625,10.0283203125,12.8779296875,7.0458984375,5.44140625,5.4443359375,5.8916015625,5.94140625,6.3818359375,6.5458984375,5.9609375,4.6884765625,5.55078125,6.3935546875,8.9462890625,9.2626953125,6.4560546875,6.5068359375,5.4404296875,5.66796875,5.77734375,6.73828125,5.873046875,5.236328125,6.029296875,12.302734375,12.890625,11.2939453125,7.3759765625,6.19921875,5.634765625,7.3974609375,8.9140625,7.6962890625,6.26171875,6.3212890625,12.5185546875,16.8310546875,6.76953125,6.298828125,5.7763671875,5.185546875,4.8203125,6.7412109375,7.2978515625,7.447265625,5.951171875,5.90625,6.0107421875,7.9306640625,7.771484375,5.3671875,7.04296875,5.8583984375,6.966796875,6.3310546875,7.4794921875,9.2236328125,7.9482421875,5.369140625,8.43359375,12.9111328125,5.7373046875,7.2412109375,6.3583984375,5.2763671875,4.912109375,6.0625,5.9140625,7.2509765625,5.611328125,6.4501953125,9.302734375,15.1298828125
AS_748,-7.10543413386458e-15,-7.10543413386458e-15,-7.10543413386458e-15,0.646484375,1.9892578125,1.9892578125,1.98828125,1.9921875,1.9462890625,1.9990234375,0.5224609375,-7.10543413386458e-15,-7.10543413386458e-15,-7.10543413386458e-15,-7.10543413386458e-15,0.4853515625,1.98046875,2.0,1.9970703125,1.9931640625,1.984375,1.9951171875,0.7705078125,-7.10543413386458e-15,-7.10543413386458e-15,-7.10543413386458e-15,-7.10543413386458e-15,1.421875,1.9833984375,1.966796875,1.947265625,1.978515625,1.97265625,1.720703125,-7.10543413386458e-15,-7.10543413386458e-15,-7.10543413386458e-15,-7.10543413386458e-15,-7.10543413386458e-15,0.966796875,1.943359375,1.9404296875,1.966796875,1.9873046875,1.974609375,1.9912109375,0.6826171875,-7.10543413386458e-15,-7.10543413386458e-15,-7.10543413386458e-15,-7.10543413386458e-15,1.1435546875,1.9853515625,1.9775390625,1.994140625,1.9853515625,1.982421875,1.9970703125,1.4814453125,-7.10543413386458e-15,-7.10543413386458e-15,-7.10543413386458e-15,-7.10543413386458e-15,0.7265625,1.9951171875,1.9951171875,1.9970703125,1.9873046875,1.9658203125,2.0,0.982421875,-7.10543413386458e-15,-7.10543413386458e-15,-7.10543413386458e-15,-7.10543413386458e-15,0.4091796875,1.98046875,1.9921875,2.0,1.9755859375,1.912109375,1.9990234375,0.7919921875,-7.10543413386458e-15,-7.10543413386458e-15,-7.10543413386458e-15,-7.10543413386458e-15,0.78125,1.9970703125,1.978515625,1.869140625,1.99609375,1.9482421875,1.98046875,0.97265625,-7.10543413386458e-15,-7.10543413386458e-15,-7.10543413386458e-15,-7.10543413386458e-15,1.037109375,2.0,1.9892578125,1.982421875,1.927734375,1.9990234375,1.998046875,0.859375,-7.10543413386458e-15,-7.10543413386458e-15,-7.10543413386458e-15,-7.10543413386458e-15,0.85546875,1.9775390625,1.994140625,1.9892578125,1.97265625,1.97265625,1.9990234375,0.4267578125,-7.10543413386458e-15,-7.10543413386458e-15,-7.10543413386458e-15,-7.10543413386458e-15,-7.10543413386458e-15,1.9931640625,1.853515625,1.9853515625,1.984375,1.9873046875,1.9755859375,0.98828125,-7.10543413386458e-15,-7.10543413386458e-15,-7.10543413386458e-15,-7.10543413386458e-15,0.259765625,1.9677734375,1.9853515625,1.9951171875,1.9130859375,1.9892578125,1.9970703125,1.2626953125,-7.10543413386458e-15,-7.10543413386458e-15,-7.10543413386458e-15,-7.10543413386458e-15,0.25,1.9794921875,1.9814453125,1.9423828125,1.9716796875,1.990234375,1.998046875,0.833984375,-7.10543413386458e-15,-7.10543413386458e-15,-7.10543413386458e-15,-7.10543413386458e-15,0.0927734375,1.9912109375,1.9833984375,1.9951171875,1.998046875,1.9912109375,1.9921875,0.830078125,-7.10543413386458e-15,-7.10543413386458e-15,-7.10543413386458e-15,-7.10543413386458e-15,1.115234375,1.9892578125,1.9501953125,1.984375,1.955078125,1.9736328125,1.998046875,0.7734375,-7.10543413386458e-15,-7.10543413386458e-15,-7.10543413386458e-15,-7.10543413386458e-15,0.61328125,1.998046875,1.98046875,1.958984375,1.9921875,1.9345703125,1.9873046875,1.4326171875,-7.10543413386458e-15,-7.10543413386458e-15,-7.10543413386458e-15,-7.10543413386458e-15,1.0947265625,1.947265625,1.970703125,1.9560546875,1.9013671875,1.7138671875,1.9677734375,0.2197265625,-7.10543413386458e-15,-7.10543413386458e-15,-7.10543413386458e-15,-7.10543413386458e-15,0.80078125,1.9990234375,1.982421875,1.9931640625,1.9873046875,1.9833984375,1.994140625,0.9287109375,-7.10543413386458e-15,-7.10543413386458e-15,-7.10543413386458e-15,-7.10543413386458e-15,0.994140625,1.9951171875,1.98828125,1.9775390625,1.9658203125,1.9853515625,1.9716796875,1.251953125,-7.10543413386458e-15,-7.10543413386458e-15,-7.10543413386458e-15,-7.10543413386458e-15,0.8408203125,1.99609375,1.9873046875,1.9697265625,1.9560546875,1.9365234375,1.9853515625,0.8544921875,-7.10543413386458e-15,-7.10543413386458e-15,-7.10543413386458e-15,-7.10543413386458e-15,0.880859375,1.998046875,2.0,1.90625,1.998046875,1.98828125,1.9873046875,1.4326171875,-7.10543413386458e-15
AS_776,2.978515625,2.796875,2.8212890625,1.91015625,2.2978515625,2.537109375,1.8515625,1.9326171875,2.2509765625,2.5595703125,2.6728515625,2.8955078125,2.9755859375,2.787109375,1.990234375,1.7001953125,1.8935546875,1.9892578125,1.78515625,1.3935546875,1.5166015625,1.6201171875,2.5146484375,2.2431640625,2.9775390625,2.7099609375,2.001953125,2.3857421875,2.6220703125,2.3564453125,2.4169921875,2.63671875,2.3837890625,2.064453125,2.560546875,2.900390625,2.794921875,3.068359375,2.8212890625,2.26953125,2.1025390625,2.6357421875,2.62890625,1.9677734375,2.560546875,2.109375,2.626953125,2.7783203125,2.7978515625,3.01953125,2.2255859375,2.447265625,2.310546875,2.56640625,2.0703125,2.6875,1.7724609375,1.966796875,2.607421875,3.1474609375,2.9951171875,2.7607421875,2.6240234375,2.052734375,1.8447265625,2.474609375,2.3779296875,2.2568359375,2.3564453125,2.1044921875,2.421875,2.4970703125,2.857421875,2.5556640625,2.52734375,2.134765625,2.2392578125,2.228515625,2.6982421875,1.7138671875,2.4833984375,1.8740234375,2.75,3.1015625,2.9189453125,2.7177734375,2.650390625,2.5322265625,1.673828125,2.498046875,2.4189453125,2.0888671875,2.5185546875,1.96484375,2.607421875,3.048828125,2.955078125,2.853515625,2.703125,2.3212890625,2.4462890625,2.5087890625,2.333984375,2.0634765625,2.1396484375,2.3583984375,2.6962890625,2.9677734375,2.8876953125,2.869140625,2.6591796875,1.7822265625,1.4921875,1.6474609375,1.97265625,1.75390625,1.826171875,1.658203125,2.4462890625,2.67578125,2.8251953125,2.1591796875,1.9580078125,1.537109375,1.486328125,1.595703125,1.4482421875,0.8212890625,1.2041015625,1.4443359375,1.8388671875,2.6181640625,2.8134765625,2.814453125,2.7333984375,2.697265625,2.4677734375,2.541015625,2.46875,2.310546875,2.2509765625,2.1337890625,2.501953125,2.82421875,2.87109375,2.853515625,2.796875,2.4365234375,2.0361328125,2.455078125,2.056640625,2.396484375,2.361328125,2.16015625,2.59765625,2.701171875,2.6337890625,2.55078125,2.552734375,1.8125,1.6337890625,2.5087890625,2.5302734375,2.505859375,2.27734375,2.3037109375,2.47265625,2.984375,2.8115234375,2.9189453125,2.568359375,1.974609375,1.5146484375,1.8046875,1.8125,1.5224609375,1.6123046875,2.2099609375,2.6357421875,2.7314453125,2.8046875,2.8740234375,2.3916015625,2.6796875,1.9892578125,2.513671875,2.02734375,1.986328125,2.052734375,2.1748046875,2.6748046875,2.9619140625,2.923828125,2.8251953125,2.76171875,1.962890625,1.9453125,2.2080078125,2.1318359375,1.8349609375,2.0234375,2.16796875,2.70703125,2.9111328125,2.9560546875,2.94140625,2.5517578125,2.0771484375,1.9833984375,2.7890625,1.7353515625,1.4345703125,1.904296875,2.3056640625,2.427734375,2.5302734375,2.8037109375,2.5888671875,2.5009765625,2.220703125,2.1865234375,2.6611328125,2.423828125,2.5224609375,2.4375,2.046875,2.6357421875,2.7060546875,2.8623046875,2.787109375,2.6884765625,2.572265625,1.55859375,1.607421875,2.361328125,2.2392578125,2.2890625,2.15234375,2.3837890625,2.6494140625,2.7685546875,2.712890625,2.509765625,2.4091796875,2.224609375,2.5810546875,1.7900390625,2.435546875,1.7333984375,2.1279296875,2.4462890625,2.6591796875
AS_798,14.5498046875,5.7705078125,18.234375,11.1669921875,5.517578125,5.5361328125,4.4228515625,5.5712890625,4.8310546875,6.4716796875,7.1220703125,18.919921875,21.3984375,21.74609375,16.0771484375,9.3330078125,6.669921875,5.6708984375,4.5068359375,4.931640625,4.482421875,7.1005859375,13.48046875,21.966796875,6.43359375,10.6396484375,17.2001953125,10.0283203125,5.953125,6.279296875,3.98046875,4.7099609375,4.7490234375,5.357421875,8.056640625,16.4189453125,14.943359375,14.658203125,15.5361328125,15.212890625,5.431640625,5.333984375,4.9619140625,4.8828125,4.966796875,7.1796875,8.7041015625,20.7587890625,17.0126953125,18.6923828125,20.0546875,11.8447265625,6.291015625,4.9736328125,5.8251953125,3.955078125,5.302734375,5.4970703125,9.9599609375,20.578125,16.7421875,15.123046875,20.8896484375,12.2119140625,6.017578125,5.3984375,4.65234375,4.591796875,5.0283203125,7.041015625,14.5771484375,19.265625,15.8310546875,9.80078125,19.7744140625,9.583984375,6.080078125,5.162109375,5.505859375,4.064453125,4.896484375,5.2294921875,11.2509765625,20.841796875,12.44140625,9.423828125,20.33203125,14.6640625,6.59765625,4.7421875,5.376953125,4.314453125,4.4345703125,5.8583984375,13.0810546875,21.4541015625,8.869140625,2.92578125,15.365234375,12.091796875,6.103515625,5.703125,5.21875,5.2119140625,4.91015625,6.455078125,8.720703125,18.51171875,16.453125,20.8935546875,21.3935546875,9.5703125,6.005859375,5.3583984375,5.0244140625,4.8828125,4.7119140625,5.640625,8.5009765625,19.970703125,21.5908203125,21.3291015625,17.09375,8.7939453125,5.7685546875,4.634765625,3.7880859375,3.970703125,4.6591796875,6.2392578125,7.07421875,16.166015625,21.73046875,21.099609375,18.4658203125,10.6337890625,5.9619140625,4.7685546875,4.6103515625,5.19921875,5.38671875,7.349609375,17.271484375,21.3935546875,12.568359375,6.0625,15.4443359375,12.3603515625,5.8505859375,5.560546875,5.017578125,5.390625,4.55078125,4.6376953125,7.3291015625,19.384765625,21.6044921875,21.505859375,19.34765625,8.80859375,5.4990234375,5.6748046875,5.703125,5.189453125,5.2294921875,7.5791015625,9.09765625,18.939453125,12.6767578125,18.837890625,16.7099609375,9.5771484375,6.3466796875,5.02734375,4.4609375,4.0771484375,4.4970703125,6.2255859375,9.6279296875,18.1025390625,20.6669921875,21.369140625,18.9736328125,13.2353515625,6.287109375,3.7802734375,5.0,4.4755859375,3.6943359375,5.541015625,10.283203125,20.1396484375,16.8671875,16.287109375,17.6083984375,8.38671875,6.1337890625,5.943359375,4.7705078125,3.9453125,5.1318359375,5.609375,11.0849609375,18.501953125,6.453125,5.505859375,19.6318359375,10.9384765625,6.7265625,4.39453125,5.0234375,4.224609375,3.7841796875,7.140625,9.7373046875,20.2001953125,21.4384765625,20.8310546875,14.8642578125,6.2236328125,4.22265625,4.4873046875,4.583984375,4.6357421875,5.099609375,5.0126953125,9.490234375,18.4033203125,19.4892578125,21.13671875,19.21484375,11.087890625,6.7392578125,3.97265625,5.19921875,5.2275390625,5.208984375,5.2919921875,6.5390625,18.9345703125,21.0859375,20.5576171875,18.599609375,10.904296875,6.1826171875,5.03125,4.5810546875,4.734375,4.3837890625,4.701171875,10.1787109375,20.546875
AS_809,-7.10543413386458e-15,-7.10543413386458e-15,-7.10543413386458e-15,0.0341796875,1.0361328125,1.0703125,1.0234375,1.14453125,1.6533203125,1.1650390625,-7.10543413386458e-15,-7.10543413386458e-15,-7.10543413386458e-15,-7.10543413386458e-15,-7.10543413386458e-15,-7.10543413386458e-15,1.025390625,1.1396484375,1.12890625,1.2958984375,1.8837890625,1.642578125,0.087890625,-7.10543413386458e-15,-7.10543413386458e-15,-7.10543413386458e-15,-7.10543413386458e-15,-7.10543413386458e-15,1.0849609375,1.0849609375,1.0712890625,1.1640625,1.6103515625,1.66796875,-7.10543413386458e-15,-7.10543413386458e-15,-7.10543413386458e-15,-7.10543413386458e-15,-7.10543413386458e-15,-7.10543413386458e-15,0.6845703125,1.1181640625,1.1123046875,0.9619140625,1.6171875,1.90625,-7.10543413386458e-15,-7.10543413386458e-15,-7.10543413386458e-15,-7.10543413386458e-15,-7.10543413386458e-15,-7.10543413386458e-15,0.7841796875,1.0400390625,1.0341796875,1.25390625,1.6943359375,1.7890625,0.0634765625,-7.10543413386458e-15,-7.10543413386458e-15,-7.10543413386458e-15,-7.10543413386458e-15,-7.10543413386458e-15,0.8857421875,1.00390625,1.0712890625,1.3486328125,1.755859375,1.9306640625,0.56640625,-7.10543413386458e-15,-7.10543413386458e-15,-7.10543413386458e-15,-7.10543413386458e-15,-7.10543413386458e-15,0.658203125,0.9677734375,1.076171875,1.1396484375,1.607421875,1.8662109375,0.9521484375,-7.10543413386458e-15,-7.10543413386458e-15,-7.10543413386458e-15,-7.10543413386458e-15,0.05859375,1.447265625,1.44921875,1.31640625,1.42578125,1.796875,1.9775390625,0.4970703125,-7.10543413386458e-15,-7.10543413386458e-15,-7.10543413386458e-15,-7.10543413386458e-15,0.033203125,0.89453125,1.0888671875,1.0029296875,1.130859375,1.87109375,1.8056640625,0.5751953125,-7.10543413386458e-15,-7.10543413386458e-15,-7.10543413386458e-15,-7.10543413386458e-15,0.048828125,0.9814453125,1.1015625,1.0478515625,1.1533203125,1.7470703125,1.6708984375,-7.10543413386458e-15,-7.10543413386458e-15,-7.10543413386458e-15,-7.10543413386458e-15,-7.10543413386458e-15,-7.10543413386458e-15,0.720703125,1.0263671875,1.0693359375,1.0517578125,1.412109375,1.8046875,1.1806640625,-7.10543413386458e-15,-7.10543413386458e-15,-7.10543413386458e-15,-7.10543413386458e-15,0.03515625,1.125,1.0791015625,1.1064453125,1.5966796875,1.587890625,1.9375,0.3134765625,-7.10543413386458e-15,-7.10543413386458e-15,-7.10543413386458e-15,-7.10543413386458e-15,0.0625,0.994140625,1.0263671875,0.9736328125,1.2490234375,1.634765625,1.908203125,-7.10543413386458e-15,-7.10543413386458e-15,-7.10543413386458e-15,-7.10543413386458e-15,-7.10543413386458e-15,0.029296875,1.25,1.1328125,1.09765625,1.216796875,1.78125,1.9482421875,1.1904296875,0.1005859375,0.1005859375,0.1005859375,0.1005859375,0.15625,1.2080078125,1.1220703125,1.1640625,1.09765625,1.7861328125,1.4677734375,-7.10543413386458e-15,-7.10543413386458e-15,-7.10543413386458e-15,-7.10543413386458e-15,-7.10543413386458e-15,0.0263671875,1.0751953125,1.0087890625,1.0869140625,1.3310546875,1.7412109375,1.8232421875,1.439453125,1.439453125,1.439453125,1.439453125,1.439453125,1.595703125,1.2041015625,1.099609375,1.0390625,1.0302734375,1.4326171875,1.556640625,1.0361328125,1.0361328125,1.0361328125,1.0361328125,1.0361328125,1.107421875,1.435546875,1.0908203125,1.1083984375,1.271484375,1.818359375,1.8017578125,-7.10543413386458e-15,-7.10543413386458e-15,-7.10543413386458e-15,-7.10543413386458e-15,-7.10543413386458e-15,-7.10543413386458e-15,0.95703125,1.3681640625,1.326171875,1.5439453125,1.8349609375,1.9638671875,-7.10543413386458e-15,-7.10543413386458e-15,-7.10543413386458e-15,-7.10543413386458e-15,-7.10543413386458e-15,-7.10543413386458e-15,0.953125,1.095703125,1.0419921875,1.125,1.896484375,1.755859375,0.306640625,-7.10543413386458e-15,-7.10543413386458e-15,-7.10543413386458e-15,-7.10543413386458e-15,0.3388671875,1.1044921875,1.1943359375,1.056640625,1.3193359375,1.7802734375,1.9384765625,0.658203125,-7.10543413386458e-15
AS_812,1.7529296875,1.740234375,1.5009765625,1.330078125,1.1962890625,1.130859375,1.05078125,1.125,1.126953125,1.1982421875,1.4169921875,1.5087890625,1.74609375,1.5908203125,1.525390625,1.49609375,1.322265625,1.1171875,1.126953125,1.11328125,1.1083984375,1.2509765625,1.41015625,1.52734375,3.416015625,2.4521484375,1.775390625,1.525390625,1.349609375,1.208984375,1.2705078125,1.259765625,1.384765625,1.4208984375,1.63671875,2.712890625,4.04296875,2.267578125,1.869140625,1.5546875,1.3935546875,1.2939453125,1.259765625,1.2080078125,1.318359375,1.3984375,1.71484375,2.3515625,4.486328125,3.2275390625,1.69921875,1.490234375,1.390625,1.1884765625,1.2578125,1.1875,1.38671875,1.4423828125,1.8037109375,3.5126953125,4.0546875,2.4541015625,1.896484375,1.53515625,1.4189453125,1.2568359375,1.2431640625,1.2412109375,1.28125,1.4296875,1.68359375,2.943359375,3.1279296875,1.9794921875,1.77734375,1.599609375,1.4248046875,1.19140625,1.18359375,1.2568359375,1.330078125,1.3984375,1.80078125,3.1376953125,4.32421875,3.478515625,1.775390625,1.478515625,1.4248046875,1.2646484375,1.2861328125,1.19921875,1.388671875,1.45703125,1.6669921875,2.341796875,3.0625,3.32421875,1.671875,1.5205078125,1.2763671875,1.216796875,1.23046875,1.2353515625,1.2333984375,1.5068359375,1.6689453125,2.203125,3.609375,1.9443359375,1.7041015625,1.4365234375,1.4033203125,1.31640625,1.2900390625,1.3173828125,1.322265625,1.3779296875,1.6787109375,2.443359375,3.3515625,2.2255859375,1.73046875,1.470703125,1.3310546875,1.240234375,1.189453125,1.181640625,1.212890625,1.439453125,1.6298828125,2.6865234375,4.572265625,2.240234375,1.775390625,1.5029296875,1.2998046875,1.205078125,1.2490234375,1.2470703125,1.2373046875,1.4619140625,1.66796875,2.927734375,4.3134765625,2.3505859375,1.7734375,1.5380859375,1.341796875,1.3134765625,1.2890625,1.29296875,1.3974609375,1.388671875,1.6875,2.375,3.8564453125,1.94140625,1.6005859375,1.5234375,1.3056640625,1.244140625,1.2021484375,1.216796875,1.3349609375,1.490234375,1.6103515625,3.3583984375,3.7529296875,2.2412109375,1.7236328125,1.474609375,1.3310546875,1.3251953125,1.2783203125,1.314453125,1.3076171875,1.43359375,1.5869140625,2.1640625,3.0087890625,2.1103515625,1.6240234375,1.517578125,1.3056640625,1.2578125,1.3740234375,1.302734375,1.2138671875,1.4638671875,1.5771484375,2.931640625,4.3955078125,2.73046875,1.640625,1.455078125,1.337890625,1.2626953125,1.2705078125,1.1884765625,1.3125,1.3642578125,1.525390625,1.7919921875,2.0078125,1.798828125,1.6826171875,1.412109375,1.3369140625,1.171875,1.171875,1.1728515625,1.1474609375,1.3076171875,1.55078125,1.6884765625,2.3505859375,1.9892578125,1.56640625,1.4306640625,1.341796875,1.17578125,1.1142578125,1.1455078125,1.2216796875,1.3896484375,1.5966796875,1.759765625,2.060546875,1.79296875,1.658203125,1.431640625,1.326171875,1.263671875,1.2783203125,1.2431640625,1.375,1.2890625,1.431640625,1.990234375,2.0947265625,1.8134765625,1.5732421875,1.5390625,1.267578125,1.1123046875,1.15625,1.2021484375,1.134765625,1.3544921875,1.48046875,1.7314453125
AS_818,2.81640625,2.669921875,2.5087890625,1.5556640625,1.2470703125,1.0888671875,1.1201171875,1.0244140625,1.1318359375,1.23828125,1.634765625,2.4482421875,2.7275390625,2.724609375,1.92578125,1.5986328125,1.42578125,1.068359375,1.068359375,1.044921875,1.052734375,1.2265625,1.9365234375,1.8798828125,3.455078125,2.890625,1.9951171875,1.828125,1.5302734375,1.2109375,0.990234375,0.9638671875,0.978515625,1.1376953125,1.9052734375,2.8955078125,3.5390625,2.77734375,2.23828125,1.6396484375,1.5537109375,1.0654296875,0.9619140625,0.94140625,1.041015625,1.1796875,1.8291015625,2.1435546875,2.9853515625,2.5927734375,1.92578125,2.025390625,1.65234375,1.0654296875,1.060546875,0.9619140625,1.119140625,1.2421875,1.7099609375,3.396484375,3.802734375,3.5263671875,2.2568359375,1.7412109375,1.416015625,1.052734375,1.0302734375,1.0390625,1.021484375,1.234375,1.65234375,1.8134765625,3.6708984375,2.423828125,2.171875,1.6923828125,1.2158203125,1.0517578125,0.97265625,1.0830078125,1.1484375,1.1943359375,2.0107421875,3.56640625,4.5458984375,2.4931640625,2.4775390625,1.712890625,1.2197265625,0.978515625,0.943359375,1.001953125,1.1337890625,1.2119140625,1.5390625,2.3046875,4.1787109375,3.26953125,1.849609375,1.7763671875,1.47265625,1.0693359375,1.0302734375,1.056640625,1.1005859375,1.2587890625,1.8447265625,2.6669921875,3.7353515625,2.4541015625,2.4404296875,2.1943359375,1.41796875,1.19140625,0.978515625,0.9326171875,1.2421875,1.2607421875,1.8828125,2.0244140625,2.11328125,2.5712890625,1.87109375,1.912109375,1.3798828125,1.0107421875,1.0068359375,1.0712890625,1.0361328125,1.115234375,1.421875,1.8818359375,2.7041015625,2.9619140625,2.0556640625,1.79296875,1.453125,1.083984375,1.126953125,1.0439453125,1.009765625,1.3408203125,2.2763671875,2.029296875,3.2861328125,3.068359375,2.8447265625,1.8701171875,1.5673828125,1.1396484375,1.05859375,1.015625,1.0322265625,1.2578125,1.69140625,2.3564453125,2.92578125,2.5166015625,2.27734375,1.8876953125,1.56640625,1.095703125,0.9462890625,1.0498046875,1.0615234375,1.44921875,1.6640625,2.638671875,2.9169921875,2.7548828125,2.2919921875,1.8662109375,1.4384765625,1.119140625,1.00390625,1.0400390625,1.068359375,1.41015625,2.0390625,1.884765625,2.6796875,2.7431640625,2.4052734375,1.6796875,1.439453125,1.0751953125,1.0283203125,1.029296875,1.0751953125,1.33203125,1.9287109375,2.4482421875,2.4501953125,2.5732421875,2.5,1.890625,1.412109375,1.146484375,1.0283203125,1.09375,1.07421875,1.365234375,1.5810546875,2.2763671875,2.9423828125,3.2021484375,2.1748046875,1.548828125,1.2314453125,1.0361328125,1.0244140625,1.1572265625,1.0498046875,1.234375,1.708984375,2.1279296875,3.0341796875,2.5,1.8671875,2.0595703125,1.60546875,1.0263671875,1.0498046875,1.01171875,1.0068359375,1.279296875,1.806640625,2.146484375,2.7294921875,3.0234375,2.8642578125,1.9638671875,1.2802734375,1.0078125,0.9580078125,1.0908203125,0.974609375,1.3349609375,2.076171875,2.44921875,3.1025390625,2.8369140625,2.38671875,2.013671875,1.3388671875,1.0458984375,1.0927734375,1.0224609375,1.138671875,1.34375,1.7255859375,2.115234375
AS_82,-7.10543413386458e-15,-7.10543413386458e-15,-7.10543413386458e-15,-7.10543413386458e-15,2.80859375,6.8671875,4.9384765625,4.3291015625,7.896484375,5.423828125,-7.10543413386458e-15,-7.10543413386458e-15,-7.10543413386458e-15,-7.10543413386458e-15,-7.10543413386458e-15,-7.10543413386458e-15,2.8212890625,7.9384765625,4.2236328125,4.7587890625,9.3310546875,9.4560546875,8.09375,8.09375,8.09375,8.09375,8.09375,8.09375,8.388671875,7.3017578125,3.896484375,5.3125,9.0380859375,9.7216796875,8.8408203125,8.8408203125,8.8408203125,8.8408203125,8.8408203125,8.8408203125,8.8662109375,8.6708984375,4.779296875,5.9326171875,9.06640625,7.60546875,-7.10543413386458e-15,-7.10543413386458e-15,-7.10543413386458e-15,-7.10543413386458e-15,-7.10543413386458e-15,-7.10543413386458e-15,-7.10543413386458e-15,7.533203125,4.1640625,5.533203125,8.0400390625,7.9150390625,-7.10543413386458e-15,-7.10543413386458e-15,-7.10543413386458e-15,-7.10543413386458e-15,-7.10543413386458e-15,-7.10543413386458e-15,0.14453125,7.005859375,4.16015625,4.509765625,7.0244140625,6.85546875,-7.10543413386458e-15,-7.10543413386458e-15,-7.10543413386458e-15,-7.10543413386458e-15,-7.10543413386458e-15,-7.10543413386458e-15,1.70703125,8.9482421875,5.095703125,6.583984375,10.0703125,6.568359375,-7.10543413386458e-15,-7.10543413386458e-15,-7.10543413386458e-15,-7.10543413386458e-15,-7.10543413386458e-15,-7.10543413386458e-15,2.0185546875,7.9755859375,4.4990234375,5.22265625,9.1416015625,8.3427734375,-7.10543413386458e-15,-7.10543413386458e-15,-7.10543413386458e-15,-7.10543413386458e-15,-7.10543413386458e-15,-7.10543413386458e-15,1.671875,7.2333984375,4.1650390625,5.33203125,9.224609375,9.26171875,-7.10543413386458e-15,-7.10543413386458e-15,-7.10543413386458e-15,-7.10543413386458e-15,-7.10543413386458e-15,-7.10543413386458e-15,2.068359375,7.560546875,4.451171875,5.4765625,8.3115234375,9.107421875,-7.10543413386458e-15,-7.10543413386458e-15,-7.10543413386458e-15,-7.10543413386458e-15,-7.10543413386458e-15,-7.10543413386458e-15,1.4130859375,6.5361328125,4.431640625,4.83984375,8.03125,7.7861328125,-7.10543413386458e-15,-7.10543413386458e-15,-7.10543413386458e-15,-7.10543413386458e-15,-7.10543413386458e-15,-7.10543413386458e-15,0.802734375,7.1435546875,3.537109375,4.341796875,9.3984375,9.23046875,1.7109375,1.7109375,1.7109375,1.7109375,1.7109375,1.7109375,5.205078125,6.0361328125,3.4052734375,5.7158203125,8.9013671875,9.1533203125,6.0361328125,6.0361328125,6.0361328125,6.0361328125,6.0361328125,6.0361328125,6.8818359375,7.14453125,5.013671875,5.169921875,8.5419921875,8.41015625,3.53515625,3.53515625,3.53515625,3.53515625,3.53515625,3.53515625,6.08203125,6.5654296875,4.41796875,3.943359375,7.84375,6.265625,-7.10543413386458e-15,-7.10543413386458e-15,-7.10543413386458e-15,-7.10543413386458e-15,-7.10543413386458e-15,-7.10543413386458e-15,1.298828125,7.01171875,3.7734375,3.8427734375,7.69921875,7.22265625,-7.10543413386458e-15,-7.10543413386458e-15,-7.10543413386458e-15,-7.10543413386458e-15,-7.10543413386458e-15,-7.10543413386458e-15,1.373046875,8.6201171875,4.6962890625,5.7861328125,9.80078125,5.8232421875,-7.10543413386458e-15,-7.10543413386458e-15,-7.10543413386458e-15,-7.10543413386458e-15,-7.10543413386458e-15,-7.10543413386458e-15,0.990234375,7.5078125,4.44140625,4.7314453125,9.1533203125,6.47265625,-7.10543413386458e-15,-7.10543413386458e-15,-7.10543413386458e-15,-7.10543413386458e-15,-7.10543413386458e-15,-7.10543413386458e-15,1.2158203125,8.7744140625,4.724609375,4.6865234375,9.4794921875,10.236328125,0.931640625,-7.10543413386458e-15,-7.10543413386458e-15,-7.10543413386458e-15,-7.10543413386458e-15,-7.10543413386458e-15,1.3623046875,7.9638671875,4.1259765625,5.2646484375,8.2490234375,10.0078125,8.78125,8.78125,8.78125,8.78125,8.78125,8.78125,8.828125,8.7099609375,4.3271484375,6.44140625,8.2880859375,9.6103515625,1.962890625,1.9404296875
AS_827,1.71484375,1.71484375,1.71484375,1.71484375,1.71484375,1.71484375,20.4072265625,11.6484375,18.8515625,15.4951171875,0.865234375,0.865234375,0.865234375,0.865234375,0.865234375,0.865234375,0.865234375,0.865234375,25.837890625,9.083984375,13.0517578125,24.228515625,4.1796875,4.1796875,4.177734375,4.177734375,4.177734375,4.177734375,4.177734375,4.177734375,26.51953125,11.0,23.673828125,12.89453125,4.703125,4.703125,4.703125,4.703125,4.703125,4.703125,4.703125,4.703125,16.373046875,18.9404296875,14.0224609375,19.890625,3.876953125,3.876953125,3.876953125,3.876953125,3.876953125,3.876953125,3.876953125,3.876953125,18.7373046875,19.353515625,18.39453125,19.470703125,6.580078125,6.580078125,6.580078125,6.580078125,6.580078125,6.580078125,6.580078125,6.66015625,22.9033203125,9.623046875,11.087890625,27.1767578125,1.8876953125,1.662109375,1.662109375,1.662109375,1.662109375,1.662109375,1.662109375,1.662109375,17.5126953125,10.033203125,15.0224609375,22.37890625,3.9736328125,3.9736328125,3.9736328125,3.9736328125,3.9736328125,3.9736328125,3.9736328125,3.9736328125,21.7353515625,11.4521484375,17.13671875,22.0361328125,4.6806640625,4.01171875,4.01171875,4.01171875,4.01171875,4.01171875,4.01171875,4.01171875,26.3017578125,12.8369140625,15.6669921875,22.396484375,1.4033203125,1.39453125,1.39453125,1.39453125,1.39453125,1.39453125,1.39453125,1.39453125,18.4736328125,8.21875,14.849609375,24.1181640625,3.443359375,3.2705078125,3.2705078125,3.2705078125,3.2705078125,3.2705078125,3.2705078125,3.2705078125,10.560546875,25.5048828125,29.8359375,6.8681640625,2.5048828125,2.5048828125,2.5048828125,2.5048828125,2.5048828125,2.5048828125,2.5048828125,6.83984375,22.60546875,8.890625,11.326171875,29.1220703125,3.2373046875,2.9814453125,2.9814453125,2.9814453125,2.9814453125,2.9814453125,2.9814453125,2.9814453125,19.4072265625,10.4326171875,10.0126953125,26.142578125,3.3623046875,3.33203125,3.33203125,3.33203125,3.33203125,3.33203125,3.33203125,3.33203125,17.7138671875,6.7060546875,15.873046875,26.6162109375,2.865234375,2.8564453125,2.8564453125,2.8564453125,2.8564453125,2.8564453125,2.8564453125,2.8564453125,22.9814453125,13.240234375,19.7216796875,22.716796875,3.5185546875,3.5185546875,3.5185546875,3.5185546875,3.5185546875,3.5185546875,3.5185546875,5.2138671875,25.2734375,10.3076171875,15.0625,23.6416015625,2.3525390625,2.3525390625,2.3525390625,2.3525390625,2.3525390625,2.3525390625,2.3525390625,2.5009765625,20.69140625,9.6005859375,9.603515625,26.5791015625,3.060546875,3.140625,3.140625,3.140625,3.140625,3.140625,3.140625,3.140625,20.3359375,12.0146484375,16.3408203125,20.6982421875,2.8740234375,2.8359375,2.8359375,2.8359375,2.8359375,2.8359375,2.8359375,3.0234375,23.0400390625,9.0498046875,13.8837890625,30.1025390625,6.03125,5.830078125,5.830078125,5.830078125,5.830078125,5.830078125,5.830078125,5.830078125,23.015625,6.3212890625,13.3525390625,31.9892578125,3.75,3.3828125,3.3828125,3.3828125,3.3828125,3.3828125,3.3828125,9.521484375,23.6083984375,4.8310546875,9.8515625,31.1875,2.3603515625,1.94921875
AS_849,24.3525390625,23.158203125,14.1455078125,9.52734375,7.6494140625,7.1572265625,10.9794921875,9.0341796875,11.58203125,8.4423828125,13.50390625,18.767578125,22.470703125,20.544921875,18.642578125,10.763671875,8.013671875,7.5986328125,12.5224609375,13.3564453125,13.607421875,11.970703125,20.46484375,28.2236328125,20.8701171875,18.32421875,20.1376953125,15.474609375,10.9736328125,7.5712890625,13.7099609375,9.6669921875,9.5107421875,8.9638671875,17.4658203125,20.5224609375,21.51171875,22.376953125,19.568359375,11.9775390625,10.9755859375,10.3984375,7.7724609375,10.0400390625,10.7626953125,10.7373046875,17.5478515625,22.9677734375,21.837890625,18.81640625,11.6572265625,9.4130859375,10.126953125,10.3623046875,6.8515625,13.1337890625,7.9326171875,9.32421875,13.9921875,18.9970703125,21.060546875,18.6435546875,19.01171875,17.2705078125,8.09375,8.361328125,10.3876953125,12.8271484375,12.248046875,13.294921875,18.9599609375,22.8857421875,22.1142578125,22.001953125,17.318359375,16.4013671875,12.6416015625,8.119140625,13.5390625,15.0166015625,10.048828125,13.814453125,15.5498046875,20.6796875,22.2080078125,22.533203125,17.732421875,14.3017578125,9.4853515625,7.458984375,8.00390625,11.05859375,11.9306640625,14.9404296875,16.9482421875,21.8662109375,26.041015625,24.0966796875,20.451171875,13.111328125,8.9453125,8.5244140625,9.0234375,8.830078125,12.0986328125,11.1572265625,17.7333984375,27.005859375,25.96484375,18.5029296875,10.9189453125,9.1181640625,8.22265625,8.6455078125,8.58984375,9.9521484375,9.56640625,10.76953125,12.322265625,20.1435546875,25.708984375,21.0791015625,18.22265625,16.6669921875,10.19140625,7.6767578125,7.330078125,10.841796875,11.0185546875,15.287109375,16.447265625,20.2685546875,26.90234375,19.6806640625,22.3125,17.15234375,7.6318359375,7.734375,9.2734375,11.046875,10.81640625,9.1083984375,12.9755859375,16.208984375,20.43359375,21.361328125,20.6630859375,14.197265625,6.8642578125,11.3271484375,10.55078125,19.525390625,14.134765625,16.34375,20.53515625,20.5400390625,23.52734375,23.888671875,20.7880859375,15.1064453125,9.44140625,8.7451171875,11.5,16.6923828125,14.47265625,15.1875,20.6591796875,17.697265625,26.5029296875,16.3388671875,14.08984375,7.6904296875,6.9365234375,7.28515625,9.052734375,8.72265625,7.48828125,8.0283203125,11.32421875,15.9140625,24.419921875,22.6103515625,19.0927734375,11.548828125,7.13671875,6.5224609375,10.1474609375,8.58984375,6.974609375,10.0244140625,14.671875,18.0048828125,20.611328125,21.009765625,12.583984375,10.2724609375,7.5166015625,7.1591796875,6.81640625,12.5283203125,9.0537109375,9.169921875,15.21484375,17.65625,22.33203125,23.64453125,19.6728515625,12.77734375,8.99609375,6.7236328125,9.6669921875,9.3330078125,7.9365234375,9.859375,18.0244140625,20.76171875,23.876953125,20.28125,18.7275390625,13.037109375,8.3037109375,10.001953125,13.0126953125,13.6025390625,10.279296875,9.22265625,17.6376953125,21.1318359375,25.69921875,23.9248046875,15.51953125,10.916015625,7.203125,8.1630859375,8.3466796875,13.2626953125,11.017578125,9.61328125,9.736328125,18.3095703125,19.66796875,25.416015625,15.2490234375,11.111328125,6.693359375,6.419921875,6.55859375,8.1962890625,6.5302734375,8.3798828125,13.7001953125,14.7919921875
AS_858,1.9599609375,1.9775390625,1.9140625,1.8330078125,1.8671875,1.9111328125,1.953125,1.9619140625,1.927734375,1.8486328125,1.9248046875,1.9248046875,1.974609375,1.95703125,1.9130859375,1.798828125,1.79296875,1.8642578125,1.822265625,1.9609375,1.8818359375,1.8681640625,1.8662109375,1.9189453125,1.9423828125,1.95703125,1.8701171875,1.7939453125,1.87890625,1.8212890625,1.9228515625,1.9501953125,1.919921875,1.853515625,1.912109375,1.943359375,1.953125,1.95703125,1.8134765625,1.580078125,1.8369140625,1.7705078125,1.857421875,1.865234375,1.916015625,1.775390625,1.8994140625,1.9013671875,1.9501953125,1.8154296875,1.681640625,1.80859375,1.4892578125,1.5595703125,1.6015625,1.8798828125,1.8330078125,1.8759765625,1.828125,1.9189453125,1.974609375,1.970703125,1.8125,1.798828125,1.7890625,1.6513671875,1.8251953125,1.8544921875,1.8662109375,1.87109375,1.923828125,1.94140625,1.916015625,1.4794921875,1.4921875,1.3994140625,1.30078125,1.3603515625,1.3466796875,1.3935546875,1.58984375,1.8310546875,1.9287109375,1.94921875,1.970703125,1.796875,1.7822265625,1.728515625,1.7744140625,1.810546875,1.6240234375,1.873046875,1.89453125,1.8486328125,1.853515625,1.953125,1.9931640625,1.9287109375,1.740234375,1.802734375,1.720703125,1.83984375,1.861328125,1.8759765625,1.876953125,1.8515625,1.841796875,1.919921875,1.912109375,1.9560546875,1.8984375,1.861328125,1.7646484375,1.7939453125,1.8583984375,1.8818359375,1.859375,1.935546875,1.908203125,1.9443359375,1.9462890625,1.8173828125,1.400390625,1.4462890625,1.3505859375,1.3310546875,1.3310546875,1.380859375,1.66796875,1.853515625,1.8447265625,1.92578125,1.966796875,1.9580078125,1.7890625,1.6416015625,1.4384765625,1.4775390625,1.515625,1.5966796875,1.7724609375,1.861328125,1.890625,1.94140625,1.9736328125,1.943359375,1.89453125,1.8466796875,1.83203125,1.8701171875,1.9423828125,1.8369140625,1.8818359375,1.82421875,1.888671875,1.9619140625,1.96875,1.95703125,1.6767578125,1.7626953125,1.7724609375,1.6171875,1.783203125,1.69921875,1.845703125,1.9150390625,1.8818359375,1.9267578125,1.9619140625,1.9365234375,1.9072265625,1.767578125,1.60546875,1.6875,1.8125,1.8515625,1.49609375,1.896484375,1.890625,1.931640625,1.9384765625,1.888671875,1.6435546875,1.4560546875,1.34765625,1.3369140625,1.3603515625,1.35546875,1.6396484375,1.794921875,1.8359375,1.921875,1.9375,1.8935546875,1.7822265625,1.9072265625,1.767578125,1.89453125,1.978515625,1.95703125,1.927734375,1.8974609375,1.8662109375,1.904296875,1.95703125,1.845703125,1.7626953125,1.4140625,1.20703125,1.423828125,1.5048828125,1.7197265625,1.857421875,1.828125,1.8876953125,1.947265625,1.955078125,1.8984375,1.828125,1.5625,1.7412109375,1.6806640625,1.7919921875,1.76171875,1.8828125,1.8671875,1.8994140625,1.935546875,1.974609375,1.9462890625,1.8740234375,1.6025390625,1.8720703125,1.759765625,1.931640625,1.970703125,1.9716796875,1.85546875,1.923828125,1.9443359375,1.9677734375,1.875,1.6572265625,1.3896484375,1.2998046875,1.3349609375,1.3505859375,1.416015625,1.7099609375,1.8046875,1.876953125,1.9345703125
AS_864,2.4736328125,2.4736328125,2.4736328125,2.4736328125,2.041015625,0.94140625,0.8896484375,0.9404296875,1.7158203125,1.9609375,-7.10543413386458e-15,-7.10543413386458e-15,-7.10543413386458e-15,-7.10543413386458e-15,-7.10543413386458e-15,-7.10543413386458e-15,0.650390625,1.0107421875,0.9541015625,0.951171875,1.431640625,2.6982421875,1.96875,1.96875,1.96875,1.96875,1.96875,1.96875,1.8369140625,0.9619140625,0.87890625,0.947265625,1.3154296875,2.748046875,0.7451171875,0.7451171875,0.7451171875,0.7451171875,0.7451171875,0.7451171875,1.03515625,0.9521484375,0.939453125,0.82421875,1.361328125,2.6240234375,2.0361328125,2.0322265625,2.0322265625,2.0322265625,2.0322265625,2.0322265625,1.869140625,0.9619140625,0.91796875,1.025390625,1.5859375,2.671875,-7.10543413386458e-15,-7.10543413386458e-15,-7.10543413386458e-15,-7.10543413386458e-15,-7.10543413386458e-15,-7.10543413386458e-15,0.73828125,0.9443359375,0.861328125,0.9404296875,1.3466796875,2.61328125,0.9091796875,0.1689453125,0.1689453125,0.1689453125,0.1689453125,0.1689453125,0.52734375,0.8046875,0.974609375,1.046875,1.6220703125,2.75,1.7236328125,1.625,1.625,1.625,1.625,1.625,1.744140625,1.0849609375,0.8720703125,1.0234375,1.3955078125,2.90234375,0.7705078125,-7.10543413386458e-15,-7.10543413386458e-15,-7.10543413386458e-15,-7.10543413386458e-15,-7.10543413386458e-15,0.8349609375,0.953125,0.884765625,0.9912109375,1.7236328125,2.650390625,0.9462890625,-7.10543413386458e-15,-7.10543413386458e-15,-7.10543413386458e-15,-7.10543413386458e-15,-7.10543413386458e-15,1.00390625,1.1298828125,0.8818359375,0.9609375,1.3994140625,2.45703125,1.201171875,1.201171875,1.201171875,1.201171875,1.201171875,1.201171875,1.42578125,1.0908203125,0.955078125,0.970703125,1.982421875,2.845703125,1.66796875,-7.10543413386458e-15,-7.10543413386458e-15,-7.10543413386458e-15,-7.10543413386458e-15,-7.10543413386458e-15,0.6181640625,0.8916015625,0.9697265625,1.01171875,1.1083984375,2.177734375,0.58203125,-7.10543413386458e-15,-7.10543413386458e-15,-7.10543413386458e-15,-7.10543413386458e-15,-7.10543413386458e-15,0.7626953125,0.8681640625,0.8544921875,0.9208984375,1.22265625,2.4052734375,-7.10543413386458e-15,-7.10543413386458e-15,-7.10543413386458e-15,-7.10543413386458e-15,-7.10543413386458e-15,-7.10543413386458e-15,0.771484375,1.015625,0.8447265625,0.908203125,1.7509765625,2.9658203125,0.7783203125,-7.10543413386458e-15,-7.10543413386458e-15,-7.10543413386458e-15,-7.10543413386458e-15,-7.10543413386458e-15,1.0634765625,1.0029296875,0.8798828125,0.8681640625,1.880859375,2.3662109375,-7.10543413386458e-15,-7.10543413386458e-15,-7.10543413386458e-15,-7.10543413386458e-15,-7.10543413386458e-15,-7.10543413386458e-15,0.9638671875,0.9052734375,0.9326171875,0.9970703125,1.7705078125,2.875,0.0576171875,-7.10543413386458e-15,-7.10543413386458e-15,-7.10543413386458e-15,-7.10543413386458e-15,-7.10543413386458e-15,1.072265625,0.9794921875,0.91796875,0.8974609375,1.1787109375,2.0361328125,-7.10543413386458e-15,-7.10543413386458e-15,-7.10543413386458e-15,-7.10543413386458e-15,-7.10543413386458e-15,-7.10543413386458e-15,0.9404296875,0.9619140625,0.953125,0.9150390625,1.8671875,2.8115234375,-7.10543413386458e-15,-7.10543413386458e-15,-7.10543413386458e-15,-7.10543413386458e-15,-7.10543413386458e-15,-7.10543413386458e-15,0.279296875,1.2587890625,1.025390625,1.0068359375,2.3974609375,2.9716796875,0.0654296875,-7.10543413386458e-15,-7.10543413386458e-15,-7.10543413386458e-15,-7.10543413386458e-15,-7.10543413386458e-15,0.546875,1.0458984375,0.8828125,0.9345703125,1.5625,2.7783203125,0.439453125,-7.10543413386458e-15,-7.10543413386458e-15,-7.10543413386458e-15,-7.10543413386458e-15,-7.10543413386458e-15,0.939453125,0.9951171875,0.849609375,0.9013671875,1.431640625,2.9248046875,1.0888671875,-7.10543413386458e-15
AS_868,1.671875,1.697265625,1.84765625,1.7255859375,1.4970703125,1.4345703125,1.4609375,1.498046875,1.6796875,1.8125,1.8544921875,1.8857421875,1.95703125,1.8916015625,1.6904296875,1.4990234375,1.412109375,1.34765625,1.029296875,1.373046875,1.513671875,1.79296875,1.8876953125,1.970703125,1.84765625,1.6806640625,1.560546875,1.4375,1.283203125,1.345703125,1.3984375,1.259765625,1.4619140625,1.76953125,1.82421875,1.89453125,1.6474609375,1.873046875,1.78125,1.505859375,1.4345703125,1.4189453125,1.3681640625,1.431640625,1.55078125,1.7744140625,1.7978515625,1.9208984375,1.6279296875,1.693359375,1.822265625,1.482421875,1.3955078125,1.33203125,1.3515625,1.439453125,1.533203125,1.7822265625,1.8759765625,1.921875,1.5654296875,1.97265625,1.6337890625,1.4033203125,1.44921875,1.3837890625,1.4013671875,1.423828125,1.3984375,1.810546875,1.7568359375,1.8466796875,1.888671875,1.767578125,1.6923828125,1.5673828125,1.5107421875,1.404296875,1.4267578125,1.357421875,1.6591796875,1.7333984375,1.890625,1.8779296875,1.974609375,1.626953125,1.6826171875,1.4697265625,1.404296875,1.3779296875,1.38671875,1.4189453125,1.4755859375,1.794921875,1.8662109375,1.9365234375,1.935546875,1.93359375,1.63671875,1.4833984375,1.3984375,1.345703125,1.396484375,1.37890625,1.484375,1.8037109375,1.8974609375,1.845703125,1.6962890625,1.7626953125,1.7314453125,1.58203125,1.4580078125,1.4033203125,1.4150390625,1.4521484375,1.6767578125,1.8076171875,1.7451171875,1.8916015625,1.900390625,1.7587890625,1.654296875,1.4970703125,1.375,1.2587890625,1.3662109375,1.4130859375,1.4638671875,1.7333984375,1.8447265625,1.90234375,0.9296875,1.6572265625,1.8818359375,1.5947265625,1.4765625,1.423828125,1.330078125,1.498046875,1.63671875,1.8046875,1.748046875,1.9140625,1.9697265625,1.939453125,1.7958984375,1.462890625,1.380859375,1.4072265625,1.390625,1.4306640625,1.6826171875,1.791015625,1.9599609375,1.9912109375,1.67578125,1.8056640625,1.537109375,1.46484375,1.4140625,1.3720703125,1.3662109375,1.40625,1.455078125,1.7392578125,1.8828125,1.8876953125,1.9091796875,1.8876953125,1.66796875,1.4736328125,1.4521484375,1.4169921875,1.3046875,1.341796875,1.5166015625,1.8583984375,1.8203125,1.9736328125,1.931640625,1.919921875,1.634765625,1.5634765625,1.4384765625,1.4111328125,1.421875,1.4619140625,1.5615234375,1.865234375,1.849609375,1.8603515625,1.6474609375,1.564453125,1.62109375,1.484375,1.4521484375,1.38671875,1.373046875,1.427734375,1.6171875,1.75390625,1.6962890625,1.783203125,1.9072265625,1.7861328125,1.55078125,1.4013671875,1.400390625,1.3642578125,1.3544921875,1.369140625,1.3935546875,1.7939453125,1.8642578125,1.939453125,1.734375,1.3974609375,1.4658203125,1.40234375,1.2578125,1.3681640625,1.3544921875,1.416015625,1.3359375,1.76171875,1.8935546875,1.8046875,1.9736328125,1.8896484375,1.52734375,1.39453125,1.2412109375,1.36328125,1.3642578125,1.400390625,1.4130859375,1.7060546875,1.861328125,1.9091796875,1.9248046875,1.7412109375,1.5595703125,1.4931640625,1.373046875,1.25390625,1.3623046875,1.388671875,1.4365234375,1.8515625,1.8896484375,1.90625
AS_894,1.7431640625,1.7529296875,1.6201171875,1.3037109375,1.2294921875,1.228515625,1.2001953125,1.271484375,1.3564453125,1.6337890625,1.8076171875,1.8251953125,1.9130859375,1.8251953125,1.5634765625,1.3203125,1.212890625,1.224609375,1.2216796875,1.2568359375,1.40234375,1.826171875,1.912109375,2.0244140625,1.7919921875,1.60546875,1.45703125,1.298828125,1.1884765625,1.1455078125,1.083984375,1.162109375,1.3369140625,1.6982421875,1.826171875,1.8857421875,1.84375,1.671875,1.60546875,1.2939453125,1.2353515625,1.2451171875,1.2119140625,1.2490234375,1.298828125,1.7421875,1.7568359375,1.94140625,1.8369140625,1.5322265625,1.7734375,1.310546875,1.2080078125,1.2548828125,1.2373046875,1.296875,1.36328125,1.8046875,1.87109375,1.9658203125,1.794921875,2.00390625,1.560546875,1.2392578125,1.2685546875,1.1689453125,1.2666015625,1.25390625,1.24609375,1.8349609375,1.666015625,1.94921875,1.787109375,1.751953125,1.30859375,1.2626953125,1.259765625,1.2255859375,1.2255859375,1.23046875,1.3251953125,1.4560546875,1.9384765625,1.8896484375,2.0,1.4697265625,1.5625,1.3447265625,1.2353515625,1.21484375,1.1650390625,1.2607421875,1.34375,1.6982421875,1.908203125,1.9072265625,1.9228515625,1.9677734375,1.4697265625,1.3154296875,1.2314453125,1.236328125,1.2470703125,1.2568359375,1.322265625,1.7373046875,1.9150390625,1.8671875,1.8955078125,1.576171875,1.5302734375,1.2666015625,1.2333984375,0.974609375,1.1123046875,1.1650390625,1.2646484375,1.6240234375,1.732421875,1.888671875,1.896484375,1.6962890625,1.5283203125,1.2958984375,1.185546875,1.13671875,1.197265625,1.2431640625,1.2763671875,1.6513671875,1.83203125,1.94921875,1.5634765625,1.72265625,1.5986328125,1.3134765625,1.2802734375,1.177734375,1.177734375,1.259765625,1.4169921875,1.7890625,1.6982421875,1.9970703125,2.048828125,1.99609375,1.5771484375,1.22265625,1.232421875,1.1953125,1.1064453125,1.2041015625,1.32421875,1.611328125,1.9931640625,2.087890625,1.7529296875,1.73828125,1.369140625,1.2802734375,1.1171875,1.0712890625,1.08203125,1.1162109375,1.330078125,1.666015625,1.876953125,2.001953125,1.7578125,1.89453125,1.533203125,1.275390625,1.2568359375,1.2451171875,1.1142578125,1.197265625,1.2822265625,1.646484375,1.7861328125,2.060546875,1.890625,1.712890625,1.4833984375,1.376953125,1.24609375,1.2177734375,1.2509765625,1.26953125,1.3681640625,1.9072265625,1.763671875,1.869140625,1.7353515625,1.572265625,1.4541015625,1.228515625,1.1845703125,1.205078125,1.1943359375,1.259765625,1.3076171875,1.6416015625,1.638671875,1.8505859375,1.826171875,1.7529296875,1.4580078125,1.234375,1.2119140625,1.2255859375,1.2001953125,1.21875,1.2294921875,1.7734375,1.8984375,1.9404296875,1.9052734375,1.4716796875,1.2861328125,1.177734375,1.142578125,1.1484375,1.115234375,1.25,1.2666015625,1.732421875,1.9462890625,1.8359375,2.0048828125,1.85546875,1.3759765625,1.2392578125,1.1767578125,1.205078125,1.21875,1.2529296875,1.2880859375,1.59375,1.892578125,1.845703125,1.955078125,1.6103515625,1.451171875,1.3642578125,1.2353515625,1.1728515625,1.185546875,1.2294921875,1.3193359375,1.7890625,1.90625,1.912109375
AS_900,1.4765625,1.3681640625,1.2744140625,1.404296875,1.494140625,1.625,1.6982421875,1.8212890625,1.7822265625,1.73828125,1.60546875,1.5087890625,1.6728515625,1.0869140625,1.2236328125,1.3115234375,1.4755859375,1.4873046875,1.4794921875,1.5771484375,1.8671875,1.6748046875,1.615234375,1.5546875,1.69140625,1.4365234375,1.169921875,1.3291015625,1.5458984375,1.4990234375,1.8349609375,1.97265625,1.9580078125,1.6259765625,1.5888671875,1.5703125,1.5478515625,1.3271484375,1.109375,1.2392578125,1.453125,1.576171875,1.548828125,1.8447265625,1.8828125,1.6181640625,1.7109375,1.6201171875,1.3837890625,1.3271484375,1.185546875,1.4423828125,1.4345703125,1.615234375,1.9951171875,1.96484375,1.7890625,1.6796875,1.5400390625,1.7822265625,1.7314453125,1.3056640625,1.1298828125,1.2587890625,1.421875,1.4580078125,1.6357421875,1.935546875,1.8134765625,1.666015625,1.6015625,1.640625,1.318359375,0.978515625,0.9189453125,1.0888671875,1.314453125,1.3603515625,1.5224609375,1.607421875,1.546875,1.724609375,1.66015625,1.72265625,1.4619140625,1.3095703125,1.283203125,1.32421875,1.4638671875,1.4150390625,1.482421875,1.8056640625,1.869140625,1.7314453125,1.4833984375,1.8037109375,1.712890625,1.3193359375,1.134765625,1.3466796875,1.61328125,1.4384765625,1.564453125,1.744140625,1.796875,1.7353515625,1.71875,1.5791015625,1.67578125,1.4794921875,1.4619140625,1.712890625,1.9462890625,1.9404296875,1.9326171875,1.97265625,1.9697265625,1.7236328125,1.5146484375,1.6728515625,1.5615234375,1.3681640625,1.07421875,1.3203125,1.421875,1.51171875,1.6904296875,1.814453125,1.7529296875,1.7353515625,1.7021484375,1.6123046875,1.556640625,1.4306640625,1.6708984375,1.7275390625,1.9833984375,1.9697265625,1.8701171875,1.8525390625,1.947265625,1.720703125,1.5830078125,1.740234375,1.607421875,1.609375,1.34375,1.32421875,1.4599609375,1.5849609375,1.6396484375,1.8935546875,1.748046875,1.685546875,1.5625,1.6533203125,1.4150390625,1.5791015625,1.3828125,1.3515625,1.5634765625,1.4423828125,1.8935546875,1.9736328125,1.802734375,1.66796875,1.513671875,1.5732421875,1.6904296875,1.509765625,1.3603515625,1.3544921875,1.51953125,1.69140625,1.939453125,1.8447265625,1.9033203125,1.595703125,1.482421875,1.759765625,1.482421875,1.3740234375,1.26953125,1.4013671875,1.4736328125,1.3486328125,1.92578125,1.9814453125,1.857421875,1.73828125,1.6923828125,1.60546875,1.4306640625,1.5927734375,1.306640625,1.3837890625,1.5400390625,1.5146484375,1.7001953125,1.857421875,1.9521484375,1.77734375,1.578125,1.5673828125,1.7451171875,1.505859375,1.3193359375,1.7197265625,1.98828125,1.900390625,1.9189453125,1.8779296875,1.9013671875,1.736328125,1.5576171875,1.705078125,1.41015625,1.2021484375,1.16796875,1.21484375,1.3212890625,1.5126953125,1.7119140625,1.923828125,1.89453125,1.6533203125,1.4658203125,1.6875,1.5791015625,1.5380859375,1.291015625,1.322265625,1.4267578125,1.4375,1.6259765625,1.9365234375,1.599609375,1.64453125,1.6396484375,1.748046875,1.62109375,1.544921875,1.486328125,1.3359375,1.5029296875,1.400390625,1.501953125,1.7578125,1.7470703125,1.671875,1.7177734375,1.662109375
AS_907,-7.10543413386458e-15,-7.10543413386458e-15,-7.10543413386458e-15,-7.10543413386458e-15,0.7734375,1.373046875,1.439453125,1.4326171875,1.6494140625,2.4111328125,0.291015625,-7.10543413386458e-15,-7.10543413386458e-15,-7.10543413386458e-15,-7.10543413386458e-15,-7.10543413386458e-15,1.2392578125,1.4873046875,1.46484375,1.44921875,1.8818359375,3.09375,0.796875,-7.10543413386458e-15,-7.10543413386458e-15,-7.10543413386458e-15,-7.10543413386458e-15,-7.10543413386458e-15,1.3232421875,1.5966796875,1.443359375,1.408203125,1.75,2.4287109375,0.1005859375,0.1005859375,0.1005859375,0.1005859375,0.1005859375,0.1005859375,1.021484375,1.5390625,1.3896484375,1.58203125,1.783203125,3.0625,0.509765625,-7.10543413386458e-15,-7.10543413386458e-15,-7.10543413386458e-15,-7.10543413386458e-15,-7.10543413386458e-15,1.451171875,1.4521484375,1.466796875,1.5078125,1.9208984375,2.7265625,0.8212890625,-7.10543413386458e-15,-7.10543413386458e-15,-7.10543413386458e-15,-7.10543413386458e-15,-7.10543413386458e-15,0.986328125,1.6416015625,1.4228515625,1.3427734375,1.7119140625,3.14453125,0.822265625,-7.10543413386458e-15,-7.10543413386458e-15,-7.10543413386458e-15,-7.10543413386458e-15,-7.10543413386458e-15,0.74609375,1.70703125,1.50390625,1.376953125,1.87109375,2.927734375,0.6640625,-7.10543413386458e-15,-7.10543413386458e-15,-7.10543413386458e-15,-7.10543413386458e-15,-7.10543413386458e-15,1.201171875,1.462890625,1.322265625,1.5361328125,1.5654296875,2.6845703125,0.19140625,-7.10543413386458e-15,-7.10543413386458e-15,-7.10543413386458e-15,-7.10543413386458e-15,-7.10543413386458e-15,1.5546875,1.548828125,1.3681640625,1.5439453125,2.0771484375,2.8642578125,0.462890625,-7.10543413386458e-15,-7.10543413386458e-15,-7.10543413386458e-15,-7.10543413386458e-15,-7.10543413386458e-15,1.634765625,1.892578125,1.458984375,1.4541015625,1.953125,2.826171875,0.1259765625,-7.10543413386458e-15,-7.10543413386458e-15,-7.10543413386458e-15,-7.10543413386458e-15,-7.10543413386458e-15,0.69921875,1.4052734375,1.35546875,1.4755859375,1.826171875,2.927734375,1.943359375,1.916015625,1.916015625,1.916015625,1.916015625,1.916015625,2.3642578125,1.521484375,1.4423828125,1.3388671875,1.83203125,3.0078125,1.2998046875,-7.10543413386458e-15,-7.10543413386458e-15,-7.10543413386458e-15,-7.10543413386458e-15,-7.10543413386458e-15,1.3037109375,1.7158203125,1.47265625,1.4892578125,1.7646484375,2.9892578125,0.462890625,-7.10543413386458e-15,-7.10543413386458e-15,-7.10543413386458e-15,-7.10543413386458e-15,-7.10543413386458e-15,0.794921875,1.7216796875,1.49609375,1.5712890625,2.02734375,2.9541015625,0.6982421875,-7.10543413386458e-15,-7.10543413386458e-15,-7.10543413386458e-15,-7.10543413386458e-15,-7.10543413386458e-15,1.5244140625,1.599609375,1.51953125,1.5341796875,2.126953125,3.0400390625,1.740234375,1.4931640625,1.4931640625,1.4931640625,1.4931640625,1.4931640625,2.0595703125,1.630859375,1.4130859375,1.4697265625,1.794921875,2.974609375,0.466796875,-7.10543413386458e-15,-7.10543413386458e-15,-7.10543413386458e-15,-7.10543413386458e-15,-7.10543413386458e-15,1.5478515625,1.6904296875,1.4072265625,1.453125,1.98046875,2.9970703125,0.052734375,-7.10543413386458e-15,-7.10543413386458e-15,-7.10543413386458e-15,-7.10543413386458e-15,-7.10543413386458e-15,1.2841796875,1.4912109375,1.3154296875,1.525390625,1.9560546875,3.033203125,0.76171875,-7.10543413386458e-15,-7.10543413386458e-15,-7.10543413386458e-15,-7.10543413386458e-15,-7.10543413386458e-15,1.5751953125,1.4306640625,1.38671875,1.3623046875,2.2080078125,2.9287109375,0.494140625,0.1396484375,0.1396484375,0.1396484375,0.1396484375,0.1396484375,1.5732421875,1.814453125,1.5517578125,1.7333984375,2.0087890625,2.8779296875,0.9912109375,-7.10543413386458e-15,-7.10543413386458e-15,-7.10543413386458e-15,-7.10543413386458e-15,-7.10543413386458e-15,1.2998046875,1.5576171875,1.4619140625,1.51953125,1.8984375,2.9033203125,0.1552734375,-7.10543413386458e-15
AS_916,42.298828125,27.01953125,9.6552734375,3.9873046875,3.02734375,3.1630859375,2.322265625,2.3671875,3.0458984375,3.6494140625,5.3994140625,8.921875,28.154296875,23.5283203125,6.478515625,4.630859375,3.5244140625,2.619140625,2.39453125,2.5380859375,2.736328125,4.3701171875,6.509765625,26.126953125,41.111328125,19.8154296875,7.125,4.849609375,3.45703125,2.599609375,2.4384765625,2.7451171875,2.890625,3.712890625,6.1689453125,17.1572265625,40.328125,23.392578125,7.49609375,4.4013671875,3.6044921875,2.8603515625,3.0361328125,2.4208984375,2.900390625,3.97265625,5.6708984375,16.3349609375,38.970703125,25.671875,6.55078125,4.2724609375,3.55078125,2.732421875,2.7060546875,2.28515625,3.1103515625,4.25,5.8642578125,21.3681640625,38.6875,13.3408203125,8.3125,4.505859375,3.744140625,2.5126953125,2.7099609375,2.556640625,2.7802734375,3.8359375,5.9072265625,21.890625,36.326171875,11.740234375,5.9521484375,4.4462890625,3.345703125,2.6064453125,2.197265625,2.58203125,3.0517578125,3.3994140625,5.181640625,9.6611328125,42.5703125,23.0185546875,6.4169921875,4.1865234375,3.119140625,2.583984375,3.029296875,2.3427734375,3.154296875,3.7958984375,5.0078125,11.8671875,33.0263671875,40.6328125,9.7333984375,4.1884765625,3.38671875,2.5859375,2.759765625,2.8037109375,2.865234375,3.677734375,6.0166015625,33.4365234375,42.12109375,10.7861328125,5.6904296875,4.1142578125,3.4560546875,2.7099609375,2.541015625,2.5703125,2.7890625,3.3759765625,6.708984375,19.1953125,26.119140625,12.5205078125,6.4443359375,4.4384765625,3.197265625,3.30859375,2.7021484375,2.4033203125,2.6845703125,4.2109375,5.173828125,16.2978515625,46.302734375,16.6376953125,8.404296875,4.080078125,2.9521484375,2.5673828125,2.5,2.4814453125,3.037109375,3.904296875,4.6513671875,21.388671875,39.71875,13.3291015625,6.6943359375,4.3271484375,2.9169921875,2.7001953125,2.78515625,2.3173828125,3.134765625,3.546875,5.3251953125,9.6328125,35.255859375,9.333984375,5.1376953125,4.3271484375,3.107421875,2.7626953125,2.7080078125,2.5341796875,3.06640625,4.4765625,5.42578125,26.0654296875,35.173828125,12.017578125,5.5341796875,3.7333984375,3.3037109375,2.62109375,2.34375,2.6201171875,2.72265625,3.400390625,5.216796875,9.7802734375,25.4384765625,15.3076171875,4.9990234375,4.1728515625,2.9931640625,2.9208984375,2.6376953125,2.525390625,2.6015625,3.41015625,4.8017578125,9.7646484375,29.5,29.9970703125,6.8974609375,4.2158203125,3.515625,2.7568359375,2.5830078125,2.3994140625,2.9423828125,3.3955078125,5.9482421875,21.580078125,35.0576171875,26.5576171875,12.9140625,5.2744140625,3.3212890625,2.73828125,2.599609375,2.6240234375,2.849609375,4.263671875,7.55859375,35.693359375,40.173828125,26.767578125,6.255859375,4.2587890625,3.5087890625,2.734375,2.404296875,2.4599609375,2.9560546875,4.3837890625,5.5390625,13.3974609375,33.986328125,13.9736328125,6.8212890625,4.3623046875,3.4130859375,2.90234375,2.63671875,2.3154296875,2.953125,3.484375,5.1484375,18.8173828125,34.5791015625,25.55078125,6.3525390625,4.7880859375,3.2451171875,3.0380859375,3.400390625,2.666015625,2.990234375,4.2880859375,5.529296875,30.265625
AS_917,2.0654296875,1.8388671875,1.0146484375,0.732421875,0.6728515625,0.671875,0.74609375,0.73046875,0.7607421875,0.998046875,1.392578125,1.6357421875,2.064453125,1.8525390625,1.1953125,0.8779296875,0.7197265625,0.7294921875,0.7548828125,0.78125,0.876953125,1.25390625,1.462890625,2.220703125,1.7529296875,1.2294921875,1.1044921875,0.8515625,0.6943359375,0.7099609375,0.70703125,0.748046875,0.83984375,1.1708984375,1.5439453125,2.037109375,2.1884765625,1.640625,1.3671875,0.8017578125,0.7099609375,0.72265625,0.669921875,0.7529296875,0.755859375,1.185546875,1.4208984375,2.0986328125,1.9638671875,1.28125,1.4404296875,0.8505859375,0.736328125,0.779296875,0.7509765625,0.798828125,1.0615234375,1.2275390625,1.306640625,1.73828125,2.3955078125,2.259765625,1.275390625,0.75,0.7919921875,0.6806640625,0.751953125,0.74609375,0.71484375,1.2939453125,1.2333984375,2.2021484375,1.876953125,1.7333984375,0.9697265625,0.794921875,0.7607421875,0.7060546875,0.703125,0.7294921875,0.814453125,0.892578125,1.4091796875,1.96875,2.263671875,1.1826171875,0.9775390625,0.818359375,0.697265625,0.6962890625,0.7099609375,0.7548828125,0.7490234375,1.1826171875,1.4736328125,1.9248046875,2.0986328125,2.1611328125,1.0859375,0.861328125,0.7158203125,0.69140625,0.73828125,0.7314453125,0.8193359375,1.1787109375,1.4609375,1.962890625,2.1259765625,1.4375,1.1669921875,0.7841796875,0.712890625,0.6962890625,0.724609375,0.7197265625,0.7041015625,1.0361328125,1.4970703125,1.9599609375,1.990234375,1.5712890625,1.3154296875,0.921875,0.7646484375,0.75390625,0.6806640625,0.7578125,0.849609375,1.3564453125,1.359375,2.0439453125,2.3837890625,1.6064453125,1.2021484375,0.8427734375,0.763671875,0.6318359375,0.6748046875,0.734375,0.8505859375,1.244140625,1.154296875,2.021484375,2.2724609375,2.24609375,1.470703125,0.767578125,0.7861328125,0.736328125,0.7158203125,0.7470703125,0.9697265625,1.2451171875,1.7548828125,2.37890625,2.0947265625,1.7294921875,1.0087890625,0.8544921875,0.6962890625,0.666015625,0.744140625,0.7255859375,0.810546875,1.27734375,1.470703125,2.0615234375,1.7626953125,1.94140625,1.142578125,0.849609375,0.7744140625,0.732421875,0.671875,0.73046875,0.73828125,1.091796875,1.25,2.2939453125,1.9814453125,1.7236328125,1.271484375,0.9990234375,0.8017578125,0.7099609375,0.7236328125,0.796875,0.9189453125,1.2705078125,1.3876953125,1.966796875,2.1318359375,1.556640625,1.056640625,0.7236328125,0.7333984375,0.6650390625,0.654296875,0.7373046875,0.80078125,1.1181640625,1.2333984375,1.623046875,1.8642578125,1.6923828125,1.1171875,0.751953125,0.71484375,0.724609375,0.7158203125,0.7236328125,0.6904296875,1.1953125,1.466796875,2.1015625,2.1298828125,1.78125,0.8798828125,0.7666015625,0.6591796875,0.681640625,0.67578125,0.7353515625,0.732421875,1.1845703125,1.439453125,1.7666015625,2.30078125,2.0087890625,0.9833984375,0.728515625,0.7080078125,0.7099609375,0.697265625,0.759765625,0.765625,1.0908203125,1.412109375,1.75390625,2.2451171875,1.3935546875,1.05078125,0.8955078125,0.701171875,0.6884765625,0.6416015625,0.7294921875,0.7958984375,1.2900390625,1.5068359375,1.9990234375
AS_921,2.6376953125,2.3828125,1.6328125,1.435546875,1.37109375,1.4287109375,1.2734375,1.44921875,1.3017578125,1.3916015625,1.751953125,2.2119140625,2.5771484375,2.4384765625,1.8427734375,1.4521484375,0.94921875,0.9658203125,0.9755859375,0.96875,1.1943359375,1.51953125,1.85546875,2.8544921875,2.4091796875,1.908203125,1.392578125,1.2421875,0.9326171875,0.8671875,0.869140625,0.9140625,1.0400390625,1.263671875,1.7705078125,2.5205078125,2.6650390625,2.189453125,1.9111328125,1.2197265625,0.97265625,0.8720703125,0.8984375,0.927734375,0.8642578125,1.11328125,1.7734375,2.67578125,2.6015625,1.576171875,1.828125,1.2666015625,1.017578125,0.8759765625,0.97265625,0.9423828125,0.9814453125,1.404296875,1.55859375,2.125,2.9111328125,2.7392578125,1.72265625,1.107421875,0.9609375,0.90625,1.0205078125,0.951171875,0.91796875,1.265625,1.5224609375,2.7353515625,2.470703125,2.521484375,1.6044921875,1.400390625,1.0361328125,0.916015625,0.974609375,0.8662109375,1.056640625,1.044921875,1.71875,2.62109375,2.78125,1.7236328125,1.552734375,1.224609375,0.919921875,0.919921875,0.9306640625,0.8857421875,0.9892578125,1.1533203125,1.884765625,2.7412109375,2.76953125,2.537109375,1.4306640625,1.0693359375,0.96875,0.935546875,0.9052734375,0.8037109375,0.93359375,0.962890625,1.5263671875,2.623046875,2.609375,1.9716796875,1.822265625,1.15234375,0.927734375,0.8857421875,0.9052734375,0.9189453125,0.900390625,1.0703125,2.1142578125,2.4599609375,2.5947265625,2.099609375,1.9833984375,1.421875,0.9296875,0.9208984375,0.8310546875,0.880859375,0.916015625,1.296875,1.68359375,2.5595703125,2.978515625,2.2578125,2.0009765625,1.3369140625,1.1787109375,0.84375,0.9091796875,0.9228515625,0.9951171875,1.30078125,1.61328125,2.8134765625,2.87109375,2.8232421875,1.8828125,1.0830078125,0.953125,0.8583984375,0.9375,0.9384765625,0.978515625,1.099609375,1.8701171875,2.845703125,2.5791015625,2.259765625,1.771484375,1.4921875,0.939453125,0.9208984375,1.095703125,0.9638671875,1.119140625,1.533203125,1.720703125,2.724609375,2.4365234375,2.33984375,1.630859375,1.0908203125,0.9248046875,0.89453125,0.796875,0.8779296875,0.8759765625,1.1337890625,1.5966796875,2.783203125,2.3583984375,2.3134765625,1.728515625,1.423828125,1.001953125,0.91796875,0.9853515625,0.9296875,1.056640625,1.2392578125,1.763671875,2.5166015625,2.6015625,2.2177734375,1.53125,1.1435546875,1.00390625,0.9443359375,0.9033203125,0.8564453125,1.021484375,1.353515625,1.765625,2.2607421875,2.5283203125,2.2197265625,1.748046875,1.3154296875,1.1298828125,1.03515625,1.029296875,0.9404296875,1.2041015625,1.669921875,1.6796875,2.4658203125,2.6435546875,2.396484375,1.4052734375,1.3046875,1.1103515625,0.9375,0.884765625,0.98046875,1.1123046875,1.5283203125,1.619140625,2.4482421875,2.7265625,2.60546875,1.37890625,1.0458984375,0.931640625,0.8505859375,0.853515625,0.8818359375,0.9765625,1.021484375,1.560546875,2.4013671875,2.7734375,1.7177734375,1.3388671875,1.49609375,1.0107421875,0.951171875,0.900390625,0.9345703125,1.1064453125,1.525390625,1.806640625,2.6240234375
AS_957,6.900390625,6.9404296875,5.61328125,4.05078125,2.8232421875,1.9501953125,2.0078125,1.9482421875,2.6201171875,3.9248046875,6.1787109375,6.9189453125,6.9892578125,6.765625,6.197265625,4.326171875,2.1259765625,2.2880859375,1.8779296875,2.0048828125,2.833984375,4.048828125,6.2080078125,6.9287109375,6.8779296875,6.2646484375,4.3828125,3.119140625,2.4140625,1.9912109375,1.4306640625,1.8564453125,2.41796875,3.3583984375,5.771484375,6.7880859375,6.916015625,6.92578125,6.1474609375,4.099609375,2.5830078125,2.12109375,1.6015625,1.8623046875,2.064453125,4.5986328125,6.1015625,6.951171875,6.8056640625,6.2314453125,5.38671875,3.5859375,2.4921875,1.951171875,1.724609375,1.875,2.220703125,3.005859375,5.1728515625,6.927734375,6.876953125,6.9775390625,5.888671875,2.919921875,2.7060546875,1.7119140625,1.888671875,2.0517578125,2.08984375,3.0400390625,4.6513671875,6.9794921875,6.9033203125,6.95703125,5.1396484375,3.3115234375,2.724609375,2.05859375,1.8740234375,1.6083984375,2.2841796875,2.193359375,4.978515625,6.9560546875,6.9892578125,5.740234375,4.482421875,2.90625,2.28125,1.970703125,1.6220703125,1.548828125,1.904296875,2.7548828125,4.7509765625,6.947265625,6.8056640625,6.642578125,4.9287109375,3.2216796875,2.099609375,2.0869140625,1.71484375,1.6181640625,2.1181640625,2.2099609375,4.904296875,6.970703125,6.9365234375,6.853515625,5.21484375,2.9404296875,2.2548828125,1.7333984375,1.6494140625,1.8759765625,2.1357421875,2.4130859375,6.0146484375,6.8984375,6.951171875,6.771484375,6.0673828125,4.9345703125,2.896484375,2.1103515625,1.7158203125,1.6982421875,2.34375,4.095703125,5.546875,6.900390625,5.58984375,6.642578125,5.9267578125,3.849609375,2.5439453125,2.0107421875,1.6318359375,1.6689453125,2.0810546875,3.25,5.060546875,6.9755859375,6.962890625,6.9560546875,6.4404296875,3.330078125,2.51171875,2.2841796875,1.78515625,2.158203125,2.3486328125,3.359375,6.6982421875,6.9970703125,6.8369140625,6.6982421875,5.6259765625,4.1435546875,2.2255859375,2.3125,2.0146484375,1.8818359375,2.224609375,3.3466796875,5.1240234375,6.8359375,6.9619140625,6.8505859375,5.146484375,3.166015625,2.5458984375,1.8271484375,1.646484375,1.642578125,2.1416015625,2.6767578125,5.4638671875,6.9912109375,6.9609375,6.9521484375,5.365234375,3.671875,2.328125,2.0869140625,1.8974609375,1.9296875,2.29296875,3.177734375,5.4326171875,6.8662109375,6.9423828125,6.9033203125,5.25390625,2.9072265625,2.73046875,1.9501953125,1.796875,1.7939453125,2.3720703125,3.5517578125,5.5322265625,6.91796875,6.98828125,6.81640625,5.8974609375,3.75390625,2.4072265625,2.2216796875,1.783203125,1.6904296875,2.1884765625,4.296875,5.888671875,6.919921875,6.80859375,6.5224609375,5.21484375,3.4013671875,2.41796875,1.9794921875,1.7080078125,2.0166015625,2.2421875,3.6474609375,5.9267578125,6.7138671875,6.9658203125,6.982421875,4.998046875,3.3125,2.529296875,1.9345703125,1.744140625,1.982421875,2.267578125,3.0712890625,4.99609375,6.92578125,6.9853515625,6.7470703125,5.1669921875,3.623046875,2.279296875,1.9169921875,1.755859375,1.646484375,1.8212890625,3.2421875,5.3759765625,6.912109375
AS_97,4.2353515625,4.2353515625,4.2353515625,4.2353515625,4.2353515625,4.6337890625,2.298828125,2.1162109375,5.4248046875,4.3837890625,1.8251953125,1.8251953125,1.8251953125,1.8251953125,1.8251953125,1.8251953125,1.8251953125,2.8837890625,2.1865234375,1.7685546875,5.2880859375,5.82421875,3.9482421875,3.9482421875,3.9482421875,3.9482421875,3.9482421875,3.9482421875,3.9482421875,4.4658203125,1.8681640625,1.8671875,5.171875,4.859375,3.0810546875,3.0810546875,3.0810546875,3.0810546875,3.0810546875,3.0810546875,3.0810546875,3.8642578125,2.7373046875,2.048828125,3.4228515625,5.1123046875,3.2099609375,3.2099609375,3.2099609375,3.2099609375,3.2099609375,3.2099609375,3.2099609375,3.451171875,3.2724609375,2.2958984375,4.0302734375,5.6357421875,3.74609375,3.74609375,3.74609375,3.74609375,3.74609375,3.74609375,3.74609375,4.6337890625,1.9931640625,2.134765625,3.07421875,6.353515625,4.775390625,4.775390625,4.775390625,4.775390625,4.775390625,4.775390625,4.775390625,4.9658203125,2.1376953125,2.111328125,4.1748046875,5.3935546875,3.75390625,3.75390625,3.75390625,3.75390625,3.75390625,3.75390625,3.75390625,4.6484375,2.451171875,2.19921875,4.560546875,5.6708984375,3.4833984375,3.4833984375,3.4833984375,3.4833984375,3.4833984375,3.4833984375,3.4833984375,4.001953125,2.1845703125,2.041015625,4.5498046875,5.716796875,3.9951171875,3.9951171875,3.9951171875,3.9951171875,3.9951171875,3.9951171875,3.9951171875,4.404296875,2.5458984375,2.0234375,3.69921875,6.166015625,3.7333984375,3.7333984375,3.7333984375,3.7333984375,3.7333984375,3.7333984375,3.7333984375,4.4228515625,2.2138671875,2.078125,5.337890625,3.8662109375,0.7734375,0.7734375,0.7734375,0.7734375,0.7734375,0.7734375,0.7734375,3.0732421875,2.1494140625,1.9765625,4.2158203125,6.8662109375,5.5224609375,5.5224609375,5.5224609375,5.5224609375,5.5224609375,5.5224609375,5.5224609375,5.8798828125,2.17578125,2.060546875,3.814453125,5.4931640625,3.6796875,3.6796875,3.6796875,3.6796875,3.6796875,3.6796875,3.6796875,4.1923828125,2.228515625,1.9609375,4.0751953125,5.3984375,3.9248046875,3.9248046875,3.9248046875,3.9248046875,3.9248046875,3.9248046875,3.9287109375,4.6572265625,2.1533203125,2.095703125,5.142578125,5.9951171875,4.8466796875,4.8466796875,4.8466796875,4.8466796875,4.8466796875,4.8466796875,4.8466796875,4.896484375,2.2509765625,2.005859375,4.3037109375,5.626953125,3.7275390625,3.7275390625,3.7275390625,3.7275390625,3.7275390625,3.7275390625,3.7275390625,4.1767578125,2.63671875,2.3837890625,3.3623046875,4.380859375,2.361328125,2.361328125,2.361328125,2.361328125,2.361328125,2.361328125,2.361328125,3.1953125,2.16796875,1.8994140625,4.451171875,5.8564453125,3.9423828125,3.9423828125,3.9423828125,3.9423828125,3.9423828125,3.9423828125,3.9423828125,4.8203125,2.26171875,1.8095703125,3.064453125,6.75,3.048828125,2.7158203125,2.7158203125,2.7158203125,2.7158203125,2.7158203125,2.7158203125,3.8203125,2.13671875,1.78515625,3.904296875,6.3955078125,2.6728515625,2.6728515625,2.6728515625,2.6728515625,2.6728515625,2.6728515625,2.6728515625,4.01953125,2.298828125,1.8642578125,2.75,5.361328125,2.765625,2.765625
AS_99,-7.10543413386458e-15,-7.10543413386458e-15,-7.10543413386458e-15,-7.10543413386458e-15,0.9453125,1.0673828125,1.2666015625,1.16015625,1.560546875,3.3193359375,-7.10543413386458e-15,-7.10543413386458e-15,-7.10543413386458e-15,-7.10543413386458e-15,-7.10543413386458e-15,-7.10543413386458e-15,0.7578125,1.1142578125,0.970703125,1.044921875,2.1513671875,4.4716796875,0.62109375,-7.10543413386458e-15,-7.10543413386458e-15,-7.10543413386458e-15,-7.10543413386458e-15,-7.10543413386458e-15,1.1865234375,1.1875,1.0029296875,1.1953125,1.8857421875,4.2958984375,4.251953125,4.251953125,4.251953125,4.251953125,4.251953125,4.251953125,4.212890625,1.4697265625,1.1630859375,1.45703125,1.9423828125,4.53515625,0.685546875,-7.10543413386458e-15,-7.10543413386458e-15,-7.10543413386458e-15,-7.10543413386458e-15,-7.10543413386458e-15,0.998046875,1.3251953125,1.208984375,1.24609375,1.8896484375,4.501953125,0.806640625,-7.10543413386458e-15,-7.10543413386458e-15,-7.10543413386458e-15,-7.10543413386458e-15,-7.10543413386458e-15,0.734375,1.32421875,1.0341796875,1.03515625,1.4375,4.14453125,1.2470703125,-7.10543413386458e-15,-7.10543413386458e-15,-7.10543413386458e-15,-7.10543413386458e-15,-7.10543413386458e-15,0.43359375,1.6845703125,1.12890625,1.1435546875,1.7470703125,4.2353515625,0.806640625,-7.10543413386458e-15,-7.10543413386458e-15,-7.10543413386458e-15,-7.10543413386458e-15,-7.10543413386458e-15,1.0654296875,1.2724609375,1.076171875,1.0537109375,1.7216796875,4.38671875,0.5595703125,0.2626953125,0.2626953125,0.2626953125,0.2626953125,0.2626953125,1.4833984375,1.138671875,1.0166015625,1.248046875,2.3515625,4.720703125,0.8134765625,-7.10543413386458e-15,-7.10543413386458e-15,-7.10543413386458e-15,-7.10543413386458e-15,-7.10543413386458e-15,1.630859375,1.56640625,1.10546875,1.3349609375,3.1181640625,4.666015625,0.029296875,-7.10543413386458e-15,-7.10543413386458e-15,-7.10543413386458e-15,-7.10543413386458e-15,-7.10543413386458e-15,0.4248046875,1.392578125,1.0263671875,1.1318359375,2.21875,4.8779296875,0.0322265625,-7.10543413386458e-15,-7.10543413386458e-15,-7.10543413386458e-15,-7.10543413386458e-15,-7.10543413386458e-15,0.9501953125,1.1025390625,1.0419921875,1.1142578125,2.3515625,4.5869140625,1.966796875,-7.10543413386458e-15,-7.10543413386458e-15,-7.10543413386458e-15,-7.10543413386458e-15,-7.10543413386458e-15,1.0732421875,1.2890625,1.044921875,1.3154296875,1.5693359375,3.8544921875,0.314453125,-7.10543413386458e-15,-7.10543413386458e-15,-7.10543413386458e-15,-7.10543413386458e-15,-7.10543413386458e-15,0.6201171875,1.40625,1.125,1.1728515625,2.39453125,4.9111328125,1.4111328125,-7.10543413386458e-15,-7.10543413386458e-15,-7.10543413386458e-15,-7.10543413386458e-15,-7.10543413386458e-15,1.5166015625,1.2724609375,1.1103515625,1.201171875,1.90234375,4.201171875,3.974609375,3.9384765625,3.9384765625,3.9384765625,3.9384765625,3.9384765625,3.8818359375,1.3447265625,1.0361328125,1.208984375,2.0810546875,4.5908203125,0.6396484375,-7.10543413386458e-15,-7.10543413386458e-15,-7.10543413386458e-15,-7.10543413386458e-15,-7.10543413386458e-15,0.8359375,1.1552734375,1.0498046875,1.400390625,1.5966796875,4.443359375,-7.10543413386458e-15,-7.10543413386458e-15,-7.10543413386458e-15,-7.10543413386458e-15,-7.10543413386458e-15,-7.10543413386458e-15,1.6513671875,1.2744140625,1.197265625,1.439453125,2.33984375,4.8876953125,0.78515625,0.1787109375,0.1787109375,0.1787109375,0.1787109375,0.1787109375,1.2626953125,1.2109375,1.2177734375,1.1181640625,2.296875,4.462890625,2.8603515625,2.2734375,2.2734375,2.2734375,2.2734375,2.2734375,2.806640625,1.3076171875,1.0439453125,1.1875,1.8056640625,4.5224609375,0.9658203125,-7.10543413386458e-15,-7.10543413386458e-15,-7.10543413386458e-15,-7.10543413386458e-15,-7.10543413386458e-15,1.3359375,1.3427734375,1.1552734375,1.244140625,1.87109375,4.8125,0.443359375,-7.10543413386458e-15
EU_1000,2.4599609375,2.4599609375,2.4599609375,2.4599609375,2.4599609375,2.49609375,1.12109375,1.251953125,2.517578125,3.912109375,2.294921875,2.29296875,2.29296875,2.29296875,2.29296875,2.29296875,2.29296875,2.34765625,1.224609375,1.6630859375,1.9453125,4.2626953125,3.302734375,3.302734375,3.302734375,3.302734375,3.302734375,3.302734375,3.302734375,2.7880859375,1.2587890625,1.4541015625,3.615234375,3.3759765625,2.533203125,2.533203125,2.533203125,2.533203125,2.533203125,2.533203125,2.533203125,2.8525390625,0.9970703125,1.51171875,2.9150390625,4.015625,0.71875,0.71875,0.71875,0.71875,0.71875,0.71875,0.71875,1.7041015625,1.0888671875,1.2919921875,2.888671875,3.45703125,1.6259765625,1.6259765625,1.6259765625,1.6259765625,1.6259765625,1.6259765625,1.6259765625,1.76953125,1.1201171875,1.23046875,2.9560546875,3.900390625,1.5,1.5,1.5,1.5,1.5,1.5,1.5,1.6298828125,1.4033203125,1.029296875,2.751953125,3.7685546875,2.251953125,2.251953125,2.251953125,2.251953125,2.251953125,2.251953125,2.251953125,2.5791015625,1.14453125,1.3115234375,2.7265625,4.2685546875,3.314453125,2.9580078125,2.9580078125,2.9580078125,2.9580078125,2.9580078125,2.9580078125,2.732421875,1.32421875,1.3935546875,2.7841796875,4.84765625,2.8017578125,2.7958984375,2.7958984375,2.7958984375,2.7958984375,2.7958984375,2.7958984375,2.908203125,1.28515625,1.1962890625,2.1220703125,3.75,1.8662109375,1.8662109375,1.8662109375,1.8662109375,1.8662109375,1.8662109375,1.8662109375,2.146484375,1.060546875,1.6025390625,2.2802734375,4.2578125,2.216796875,2.216796875,2.216796875,2.216796875,2.216796875,2.216796875,2.216796875,2.1943359375,1.138671875,1.216796875,2.0078125,4.2705078125,2.9326171875,2.9033203125,2.9033203125,2.9033203125,2.9033203125,2.9033203125,2.9033203125,2.330078125,1.2431640625,1.2880859375,2.453125,4.580078125,3.2216796875,3.2216796875,3.2216796875,3.2216796875,3.2216796875,3.2216796875,3.2216796875,2.0908203125,1.2470703125,1.25,2.2421875,3.947265625,2.408203125,2.408203125,2.408203125,2.408203125,2.408203125,2.408203125,2.408203125,3.2119140625,1.1025390625,1.3125,2.7314453125,3.4462890625,2.064453125,2.064453125,2.064453125,2.064453125,2.064453125,2.064453125,2.064453125,2.056640625,1.419921875,1.2158203125,1.404296875,4.2529296875,1.9404296875,1.923828125,1.923828125,1.923828125,1.923828125,1.923828125,1.9287109375,2.244140625,1.12109375,1.287109375,2.05859375,4.759765625,2.3994140625,2.330078125,2.330078125,2.330078125,2.330078125,2.330078125,2.330078125,2.8779296875,1.09765625,1.4091796875,2.6376953125,4.330078125,2.0908203125,2.0908203125,2.0908203125,2.0908203125,2.0908203125,2.0908203125,2.0908203125,2.125,1.103515625,1.36328125,2.29296875,4.150390625,2.9892578125,2.9892578125,2.9892578125,2.9892578125,2.9892578125,2.9892578125,2.9892578125,2.484375,1.4306640625,1.4814453125,2.8134765625,3.3544921875,2.1298828125,2.1298828125,2.1298828125,2.1298828125,2.1298828125,2.1298828125,2.1298828125,1.9306640625,1.216796875,1.3076171875,1.92578125,3.220703125,2.048828125,1.92578125
EU_1021,2.12109375,2.12109375,2.12109375,2.517578125,5.337890625,3.5078125,2.5068359375,2.7099609375,4.00390625,5.33203125,8.216796875,3.20703125,1.984375,1.984375,1.984375,2.02734375,6.53125,3.3583984375,2.54296875,3.791015625,4.068359375,6.8359375,4.1875,1.8388671875,1.8388671875,1.8388671875,1.8388671875,1.8388671875,4.892578125,2.6103515625,2.3916015625,2.5615234375,4.01171875,6.7666015625,1.8310546875,1.861328125,1.861328125,1.861328125,1.861328125,1.861328125,3.8486328125,4.2509765625,2.2060546875,3.328125,4.0322265625,6.7587890625,5.7080078125,2.529296875,2.529296875,2.529296875,2.529296875,2.529296875,5.0859375,3.3056640625,2.529296875,3.115234375,4.3017578125,7.4736328125,6.48828125,3.2412109375,3.2412109375,3.2412109375,3.2412109375,3.2412109375,5.513671875,3.15625,2.47265625,3.267578125,4.2421875,6.228515625,8.3544921875,1.1103515625,0.8486328125,0.8486328125,0.8486328125,0.8486328125,3.826171875,3.46875,3.2568359375,2.96875,3.9677734375,6.31640625,3.8505859375,4.38671875,2.736328125,2.736328125,2.736328125,3.1162109375,6.001953125,3.2236328125,2.7158203125,3.0263671875,4.1767578125,6.697265625,5.23828125,1.4306640625,1.4306640625,1.4306640625,1.4306640625,1.9169921875,5.5166015625,3.798828125,3.5673828125,3.86328125,4.375,6.44140625,7.6787109375,2.091796875,1.2734375,1.2734375,1.2734375,1.2734375,3.814453125,3.466796875,2.6748046875,2.9443359375,4.1171875,8.2470703125,2.6982421875,2.009765625,1.7587890625,1.7587890625,1.7587890625,1.7587890625,4.2275390625,2.876953125,2.033203125,2.470703125,3.7802734375,7.59375,5.3447265625,2.0146484375,2.0146484375,2.0146484375,2.0146484375,2.0146484375,4.0986328125,3.255859375,2.375,3.6142578125,4.0283203125,7.291015625,7.4375,2.3154296875,1.9599609375,1.9599609375,1.9599609375,1.9599609375,4.4775390625,3.1640625,2.6171875,3.435546875,4.1650390625,6.39453125,6.7939453125,4.3828125,4.3828125,4.3828125,4.3828125,4.3828125,6.482421875,2.935546875,3.3369140625,3.1865234375,4.28125,7.4189453125,8.4765625,3.466796875,3.4619140625,3.4619140625,3.4619140625,4.4755859375,5.8193359375,3.3017578125,2.376953125,2.85546875,4.01953125,6.5654296875,5.4287109375,3.7177734375,3.7177734375,3.7177734375,3.7177734375,3.783203125,5.0986328125,3.9501953125,3.6591796875,3.55078125,3.8544921875,8.19140625,7.453125,3.474609375,1.287109375,1.287109375,1.287109375,1.646484375,4.1455078125,3.0869140625,2.32421875,3.1025390625,4.1171875,7.65234375,3.8447265625,2.4404296875,2.4404296875,2.4404296875,2.4404296875,2.4404296875,5.4658203125,4.013671875,3.04296875,3.1728515625,3.9287109375,6.6328125,5.7255859375,2.0087890625,2.0087890625,2.0087890625,2.0087890625,2.0087890625,4.1650390625,3.7998046875,2.583984375,2.9951171875,4.263671875,6.2626953125,7.5615234375,2.1298828125,2.1298828125,2.1298828125,2.1298828125,2.1298828125,5.01953125,3.001953125,2.9853515625,3.75390625,4.181640625,8.4716796875,4.21875,1.6689453125,1.6689453125,1.6689453125,1.6689453125,3.208984375,5.072265625,2.896484375,2.8115234375,2.921875,4.130859375,6.02734375,8.7041015625,3.2841796875
EU_1080,1.5625,1.5625,1.5625,1.5625,4.5537109375,3.7197265625,2.794921875,3.19140625,4.423828125,5.580078125,5.4697265625,1.990234375,1.990234375,1.990234375,1.990234375,1.990234375,4.3759765625,4.0595703125,3.63671875,3.9541015625,4.279296875,7.7333984375,2.1708984375,1.6328125,1.6328125,1.6328125,1.6328125,1.6328125,3.9306640625,3.771484375,3.3642578125,3.8134765625,4.8837890625,4.69140625,1.2431640625,1.2431640625,1.2431640625,1.2431640625,1.2431640625,1.2431640625,2.70703125,4.4921875,2.7529296875,3.6630859375,4.275390625,5.666015625,2.26171875,1.3154296875,1.3154296875,1.3154296875,1.3154296875,1.3154296875,2.576171875,4.1220703125,2.7548828125,3.3681640625,4.4140625,6.9365234375,4.1103515625,1.98046875,1.98046875,1.98046875,1.98046875,1.98046875,3.451171875,4.2626953125,3.220703125,3.8095703125,4.6513671875,6.2197265625,6.1201171875,2.197265625,2.1904296875,2.1904296875,2.1904296875,2.1904296875,3.974609375,4.455078125,3.7802734375,3.6318359375,4.263671875,6.1484375,2.2685546875,3.0830078125,2.1064453125,2.1064453125,2.1064453125,2.1064453125,4.666015625,4.095703125,2.994140625,3.244140625,4.4560546875,6.609375,3.697265625,2.4306640625,2.4306640625,2.4306640625,2.4306640625,2.4306640625,4.4443359375,4.361328125,3.80859375,3.94140625,4.650390625,7.5576171875,5.0791015625,1.2900390625,1.2900390625,1.2900390625,1.2900390625,1.2900390625,3.5,3.9580078125,3.3447265625,3.6708984375,4.3984375,6.6982421875,1.416015625,1.416015625,1.416015625,1.416015625,1.416015625,1.416015625,3.4033203125,4.048828125,3.2158203125,3.638671875,4.1201171875,6.880859375,3.12890625,2.1865234375,2.1865234375,2.1865234375,2.1865234375,2.1865234375,3.400390625,4.1982421875,3.310546875,3.8974609375,4.154296875,7.0537109375,5.12890625,2.08203125,2.08203125,2.08203125,2.08203125,2.08203125,4.060546875,4.263671875,3.716796875,3.751953125,4.466796875,6.3984375,1.9072265625,1.439453125,1.439453125,1.439453125,1.439453125,1.439453125,3.5029296875,3.373046875,3.427734375,3.484375,4.3037109375,7.6953125,4.68359375,1.599609375,1.599609375,1.599609375,1.599609375,1.6474609375,4.8642578125,3.611328125,2.708984375,3.0390625,4.404296875,5.798828125,2.4228515625,1.8671875,1.8671875,1.8671875,1.8671875,1.8671875,4.2724609375,4.234375,3.3837890625,3.416015625,3.9990234375,7.455078125,4.169921875,1.7685546875,1.7568359375,1.7568359375,1.7568359375,1.82421875,4.8857421875,3.87109375,2.9462890625,3.751953125,4.28515625,7.0693359375,3.326171875,2.990234375,2.990234375,2.990234375,2.990234375,2.990234375,3.73046875,4.5029296875,3.40234375,3.81640625,4.111328125,6.4150390625,3.0869140625,1.4970703125,1.4970703125,1.4970703125,1.4970703125,1.4970703125,3.763671875,3.970703125,3.0244140625,3.4755859375,4.279296875,7.0908203125,5.1123046875,2.1484375,2.1484375,2.1484375,2.1484375,2.1484375,4.57421875,3.82421875,3.44921875,3.884765625,4.5634765625,7.822265625,1.978515625,1.703125,1.703125,1.703125,1.703125,1.703125,4.0927734375,2.953125,3.01171875,3.189453125,4.4033203125,5.982421875,6.07421875,1.802734375
EU_1202,12.6748046875,5.2197265625,19.478515625,24.25390625,6.158203125,3.98046875,4.591796875,3.4775390625,5.05078125,6.8212890625,13.994140625,37.8759765625,45.4140625,22.0712890625,23.697265625,17.57421875,5.4736328125,5.21484375,4.0166015625,3.3974609375,6.599609375,4.888671875,10.67578125,28.345703125,15.0966796875,7.4248046875,26.88671875,19.369140625,6.7451171875,4.041015625,3.8828125,4.2490234375,5.53515625,7.0244140625,10.1025390625,35.8720703125,30.8798828125,7.8662109375,13.130859375,29.7099609375,6.5986328125,3.4443359375,3.5537109375,3.2822265625,5.8603515625,8.904296875,12.0888671875,46.2138671875,32.130859375,8.0849609375,13.2060546875,25.6337890625,8.349609375,4.533203125,3.9833984375,4.3623046875,5.408203125,6.1787109375,11.396484375,39.0107421875,34.1298828125,6.345703125,7.703125,30.4169921875,8.4794921875,4.38671875,4.2001953125,4.796875,4.9716796875,6.8896484375,15.4296875,45.212890625,7.7353515625,2.9091796875,3.8623046875,23.57421875,8.5986328125,5.5615234375,3.083984375,5.2744140625,4.638671875,6.123046875,8.716796875,27.228515625,47.2177734375,41.345703125,25.5224609375,8.98828125,5.845703125,4.341796875,4.353515625,4.1826171875,6.0654296875,7.1298828125,14.3173828125,39.3173828125,12.18359375,8.13671875,34.873046875,20.4677734375,5.9833984375,3.857421875,4.0849609375,4.0283203125,5.62109375,6.3505859375,11.376953125,44.326171875,16.5576171875,6.6396484375,15.8359375,20.2880859375,6.71875,4.8291015625,3.798828125,3.43359375,4.8193359375,7.3671875,9.7998046875,40.8115234375,26.2822265625,5.8037109375,9.2197265625,27.4384765625,8.947265625,4.8671875,3.62109375,4.5927734375,5.6005859375,8.15625,13.5693359375,44.4189453125,8.560546875,5.326171875,20.0712890625,17.4404296875,6.326171875,4.2138671875,4.5380859375,3.6005859375,3.91796875,7.2568359375,8.6181640625,28.7119140625,26.568359375,5.9814453125,11.408203125,31.396484375,8.0712890625,4.1376953125,3.4072265625,3.2646484375,5.36328125,6.48046875,9.4853515625,43.041015625,33.3583984375,8.6826171875,9.51953125,26.001953125,8.482421875,5.099609375,3.044921875,3.888671875,5.0859375,6.412109375,12.3447265625,46.5322265625,43.2109375,20.3125,26.00390625,8.7529296875,7.341796875,4.18359375,4.025390625,4.181640625,4.900390625,5.8271484375,7.2548828125,17.21484375,41.060546875,10.4619140625,20.6748046875,18.4765625,5.76953125,3.8896484375,3.1103515625,3.818359375,5.61328125,6.4931640625,8.38671875,25.1455078125,46.044921875,31.5986328125,30.80859375,11.5771484375,7.2197265625,4.205078125,3.4228515625,3.8779296875,4.525390625,6.994140625,9.861328125,30.091796875,25.373046875,6.4345703125,23.2294921875,14.583984375,6.3173828125,3.9189453125,4.146484375,3.595703125,5.71875,6.42578125,10.185546875,36.7373046875,10.23046875,8.2744140625,8.7451171875,28.220703125,5.9150390625,3.9833984375,3.24609375,3.6259765625,4.7333984375,6.35546875,10.4658203125,39.068359375,43.7998046875,14.9677734375,32.7666015625,12.48046875,8.201171875,3.669921875,3.8134765625,3.728515625,4.7978515625,5.5703125,10.333984375,16.615234375,38.76171875,18.7060546875,31.0009765625,14.654296875,5.701171875,4.3603515625,3.6474609375,3.7470703125,4.734375,7.2861328125,7.833984375,23.27734375
EU_123,2.11328125,2.11328125,2.11328125,2.11328125,2.8759765625,1.6513671875,1.3154296875,1.2861328125,2.46484375,3.875,3.8046875,1.6357421875,1.6357421875,1.6357421875,1.6357421875,1.6357421875,2.7578125,1.421875,1.08984375,1.6337890625,1.87890625,4.9765625,2.0341796875,-7.10543413386458e-15,-7.10543413386458e-15,-7.10543413386458e-15,-7.10543413386458e-15,-7.10543413386458e-15,2.6630859375,1.3076171875,1.12890625,1.5078125,2.7509765625,4.2666015625,3.435546875,3.435546875,3.435546875,3.435546875,3.435546875,3.435546875,3.5322265625,1.7626953125,1.0009765625,1.3154296875,2.1357421875,3.7919921875,4.4462890625,3.4697265625,3.4697265625,3.4697265625,3.4697265625,3.4697265625,3.529296875,1.599609375,1.330078125,1.275390625,2.349609375,4.607421875,4.56640625,3.826171875,3.826171875,3.826171875,3.826171875,3.826171875,3.3251953125,1.3623046875,1.232421875,1.5439453125,2.26171875,3.47265625,4.609375,3.73046875,3.73046875,3.73046875,3.73046875,3.73046875,3.576171875,1.353515625,1.3486328125,1.1767578125,2.0439453125,4.0810546875,1.08203125,1.3388671875,-7.10543413386458e-15,-7.10543413386458e-15,-7.10543413386458e-15,-7.10543413386458e-15,1.7421875,1.7275390625,1.3115234375,1.2978515625,2.0625,3.95703125,1.517578125,-7.10543413386458e-15,-7.10543413386458e-15,-7.10543413386458e-15,-7.10543413386458e-15,-7.10543413386458e-15,2.6904296875,1.685546875,1.33203125,1.6171875,3.2275390625,4.9873046875,3.9736328125,-7.10543413386458e-15,-7.10543413386458e-15,-7.10543413386458e-15,-7.10543413386458e-15,-7.10543413386458e-15,1.767578125,1.548828125,1.2119140625,1.388671875,2.12890625,4.8740234375,3.1982421875,2.599609375,2.31640625,2.31640625,2.31640625,2.31640625,2.3671875,1.3896484375,1.015625,1.4384765625,1.90625,4.689453125,3.5849609375,-7.10543413386458e-15,-7.10543413386458e-15,-7.10543413386458e-15,-7.10543413386458e-15,-7.10543413386458e-15,1.3837890625,1.2255859375,1.0751953125,1.4130859375,2.3193359375,4.9794921875,3.3896484375,1.720703125,1.720703125,1.720703125,1.720703125,1.720703125,2.16796875,1.5302734375,1.1875,1.51171875,2.0244140625,4.1044921875,2.7060546875,-7.10543413386458e-15,-7.10543413386458e-15,-7.10543413386458e-15,-7.10543413386458e-15,-7.10543413386458e-15,1.4970703125,1.18359375,1.2900390625,1.3125,2.2314453125,4.884765625,4.830078125,-7.10543413386458e-15,-7.10543413386458e-15,-7.10543413386458e-15,-7.10543413386458e-15,-7.10543413386458e-15,1.6328125,1.419921875,1.0634765625,1.3330078125,1.9423828125,3.646484375,-7.10543413386458e-15,-7.10543413386458e-15,-7.10543413386458e-15,-7.10543413386458e-15,-7.10543413386458e-15,-7.10543413386458e-15,1.736328125,1.552734375,1.2236328125,1.5927734375,1.5673828125,4.8125,2.6171875,0.689453125,0.689453125,0.689453125,0.689453125,0.689453125,2.1923828125,1.5810546875,1.1513671875,1.361328125,2.5478515625,4.744140625,3.865234375,3.7978515625,3.7978515625,3.7978515625,3.7978515625,3.7978515625,3.826171875,1.8125,1.3095703125,1.517578125,2.009765625,4.8330078125,3.603515625,-7.10543413386458e-15,-7.10543413386458e-15,-7.10543413386458e-15,-7.10543413386458e-15,-7.10543413386458e-15,1.5361328125,1.560546875,1.1611328125,1.3564453125,2.080078125,4.5595703125,3.369140625,0.6669921875,0.6669921875,0.6669921875,0.6669921875,0.6669921875,2.1171875,1.474609375,1.3828125,1.619140625,2.5615234375,4.9501953125,2.2666015625,-7.10543413386458e-15,-7.10543413386458e-15,-7.10543413386458e-15,-7.10543413386458e-15,0.45703125,2.5009765625,1.396484375,1.1474609375,1.2783203125,2.1162109375,3.236328125,4.498046875,-7.10543413386458e-15
EU_1277,-7.10543413386458e-15,-7.10543413386458e-15,-7.10543413386458e-15,0.85546875,3.53515625,2.435546875,2.2431640625,2.365234375,2.8056640625,4.2001953125,3.8935546875,0.1123046875,-7.10543413386458e-15,-7.10543413386458e-15,-7.10543413386458e-15,0.8974609375,3.146484375,2.1806640625,1.630859375,2.3876953125,2.642578125,3.7080078125,2.404296875,-7.10543413386458e-15,-7.10543413386458e-15,-7.10543413386458e-15,-7.10543413386458e-15,0.859375,2.859375,2.2861328125,2.26171875,2.29296875,2.7265625,3.845703125,2.1591796875,2.11328125,2.11328125,2.11328125,2.11328125,2.11328125,3.38671875,2.533203125,1.8662109375,2.322265625,2.6640625,3.453125,3.5009765625,2.2607421875,2.2607421875,2.2607421875,2.2607421875,2.76171875,3.5673828125,2.3720703125,2.1279296875,2.197265625,2.763671875,4.2607421875,3.1455078125,-7.10543413386458e-15,-7.10543413386458e-15,-7.10543413386458e-15,-7.10543413386458e-15,0.7578125,2.6484375,2.3583984375,2.1513671875,2.46484375,2.5625,3.5986328125,3.6103515625,2.404296875,2.404296875,2.404296875,2.404296875,2.5087890625,3.62109375,2.0859375,2.1376953125,2.341796875,2.4765625,3.77734375,3.072265625,3.310546875,0.51171875,-7.10543413386458e-15,-7.10543413386458e-15,1.3916015625,3.1025390625,2.4609375,2.4072265625,2.3818359375,2.73046875,4.1689453125,1.751953125,-7.10543413386458e-15,-7.10543413386458e-15,-7.10543413386458e-15,-7.10543413386458e-15,1.869140625,2.7080078125,2.5302734375,2.248046875,2.408203125,2.998046875,3.8515625,4.15234375,1.5205078125,-7.10543413386458e-15,-7.10543413386458e-15,-7.10543413386458e-15,0.216796875,2.8388671875,2.44921875,2.1044921875,2.3828125,2.6123046875,4.5888671875,3.244140625,2.115234375,1.33203125,1.33203125,1.33203125,1.8798828125,2.8017578125,2.36328125,2.0673828125,2.2919921875,2.57421875,4.1767578125,4.3115234375,1.654296875,1.654296875,1.654296875,1.654296875,1.654296875,3.05078125,2.330078125,2.2392578125,2.330078125,2.7314453125,4.1435546875,4.3515625,1.2548828125,-7.10543413386458e-15,-7.10543413386458e-15,-7.10543413386458e-15,0.2958984375,2.7392578125,2.3525390625,2.2314453125,2.3671875,2.66796875,3.70703125,4.4111328125,2.9033203125,2.9033203125,2.9033203125,2.9033203125,2.919921875,3.4150390625,1.8662109375,1.984375,2.0673828125,2.81640625,4.54296875,4.642578125,0.2138671875,0.0126953125,-7.10543413386458e-15,-7.10543413386458e-15,0.98828125,3.0712890625,2.4501953125,2.2041015625,2.380859375,2.5859375,3.8037109375,2.072265625,1.328125,1.328125,1.328125,1.328125,2.4111328125,2.798828125,2.3984375,2.376953125,2.228515625,2.4150390625,4.3818359375,3.5751953125,2.216796875,1.3369140625,1.3369140625,1.3369140625,2.3046875,2.580078125,2.4052734375,2.111328125,2.3173828125,2.830078125,4.28125,2.7421875,2.6728515625,2.6728515625,2.6728515625,2.6728515625,3.7880859375,3.375,2.4501953125,2.36328125,2.3974609375,2.5244140625,4.3115234375,3.21484375,1.3095703125,1.3095703125,1.3095703125,1.3095703125,1.6357421875,2.615234375,2.4267578125,2.29296875,2.359375,2.7099609375,3.7333984375,3.3193359375,1.76171875,1.76171875,1.76171875,1.76171875,2.5126953125,2.98828125,2.2744140625,2.208984375,2.2802734375,2.80859375,4.123046875,3.9287109375,0.4150390625,0.3095703125,0.2421875,0.8212890625,3.51953125,2.8994140625,2.25390625,2.3681640625,2.3408203125,2.7685546875,3.7109375,4.693359375,1.8955078125
EU_1538,3.3876953125,3.04296875,2.41015625,2.123046875,1.6005859375,1.583984375,1.6875,1.435546875,1.9365234375,2.1240234375,2.4248046875,2.7353515625,3.1962890625,3.0078125,2.578125,2.3388671875,1.892578125,2.083984375,1.953125,1.90234375,2.033203125,1.763671875,3.0244140625,3.2490234375,0.9052734375,2.7705078125,2.365234375,2.2080078125,2.0859375,1.7578125,2.125,1.826171875,2.169921875,2.1181640625,2.3095703125,2.7431640625,3.5634765625,3.6435546875,2.42578125,2.3310546875,1.9833984375,1.57421875,2.0400390625,2.0068359375,2.0712890625,2.2451171875,2.30859375,3.2763671875,3.505859375,2.9462890625,2.60546875,2.166015625,2.173828125,1.990234375,1.998046875,1.8916015625,2.1259765625,1.87109375,2.513671875,3.0791015625,3.529296875,3.0146484375,2.5400390625,2.2626953125,1.9638671875,1.8759765625,2.0673828125,2.111328125,2.09375,2.0849609375,2.7080078125,3.7119140625,3.46484375,3.4306640625,2.765625,2.078125,2.1044921875,1.861328125,1.53515625,1.939453125,1.9873046875,2.1025390625,2.16015625,2.90625,2.767578125,2.4736328125,2.4599609375,1.7890625,1.78125,1.7646484375,1.8681640625,2.0751953125,2.0849609375,2.158203125,2.78125,3.2529296875,3.3173828125,2.876953125,2.5166015625,2.326171875,2.056640625,1.7333984375,1.943359375,2.0,2.1826171875,2.0966796875,2.474609375,3.5791015625,3.7001953125,3.201171875,2.4423828125,2.173828125,1.8330078125,1.8935546875,1.53125,1.4560546875,2.0537109375,2.28125,2.267578125,3.28125,3.7998046875,3.33984375,2.5078125,2.2333984375,2.1552734375,1.8896484375,1.6767578125,1.865234375,2.1474609375,2.2587890625,2.369140625,3.3828125,3.607421875,3.154296875,2.83984375,2.0986328125,1.9501953125,1.58984375,1.60546875,1.3671875,1.646484375,2.2158203125,2.431640625,3.1064453125,3.5869140625,2.646484375,2.3642578125,2.17578125,2.091796875,1.8662109375,1.8623046875,1.8798828125,2.1123046875,2.111328125,2.310546875,3.2607421875,3.7265625,3.64453125,2.5126953125,2.076171875,2.0283203125,1.7275390625,1.5546875,1.8193359375,1.99609375,2.0654296875,2.6396484375,3.439453125,2.642578125,2.4501953125,2.400390625,2.126953125,1.994140625,1.9189453125,2.1083984375,2.08203125,2.0185546875,2.138671875,2.1318359375,2.6220703125,3.6181640625,3.1875,2.640625,2.2734375,2.1298828125,1.677734375,1.4658203125,1.693359375,2.1923828125,2.20703125,2.513671875,3.478515625,3.2822265625,2.501953125,2.564453125,2.1875,2.1015625,1.8076171875,1.5322265625,1.8291015625,2.015625,2.1376953125,2.357421875,3.2177734375,2.9755859375,2.9814453125,2.3583984375,2.15234375,2.1435546875,2.1181640625,1.9228515625,1.7548828125,2.134765625,2.08203125,2.439453125,3.634765625,2.69921875,3.0908203125,2.74609375,2.0947265625,2.0078125,1.9619140625,1.6767578125,1.6279296875,1.876953125,2.1875,2.392578125,2.9755859375,3.6474609375,3.1064453125,2.501953125,2.212890625,2.1943359375,1.6357421875,1.5869140625,1.56640625,2.033203125,2.0712890625,2.369140625,3.046875,3.37890625,2.53125,2.46484375,2.1708984375,2.1708984375,2.12109375,1.93359375,1.84375,2.078125,2.169921875,2.3076171875,2.8076171875
EU_1544,1.8515625,1.8515625,1.8515625,1.8515625,3.2900390625,6.677734375,5.029296875,6.0341796875,6.7099609375,7.93359375,4.5810546875,1.27734375,1.27734375,1.27734375,1.27734375,1.27734375,2.607421875,6.2509765625,4.515625,6.078125,6.5927734375,8.1416015625,1.2431640625,1.1279296875,1.1279296875,1.1279296875,1.1279296875,1.1279296875,2.80859375,5.8974609375,3.9580078125,4.1953125,7.4033203125,5.7314453125,0.720703125,0.720703125,0.720703125,0.720703125,0.720703125,0.720703125,2.71875,5.9912109375,3.43359375,4.369140625,6.8623046875,7.80859375,2.4013671875,1.533203125,1.533203125,1.533203125,1.533203125,1.533203125,2.9833984375,6.6767578125,5.9462890625,5.8037109375,6.8037109375,8.9404296875,1.7890625,1.1708984375,1.1708984375,1.1708984375,1.1708984375,1.1708984375,2.291015625,5.7802734375,3.638671875,4.162109375,6.4912109375,8.3203125,5.3896484375,0.93359375,0.93359375,0.93359375,0.93359375,0.93359375,2.4345703125,6.5947265625,5.6806640625,5.947265625,7.0390625,8.025390625,1.185546875,1.185546875,1.185546875,1.185546875,1.185546875,1.185546875,2.9951171875,7.1142578125,5.0966796875,4.8349609375,6.791015625,8.892578125,3.8486328125,1.384765625,1.384765625,1.384765625,1.384765625,1.384765625,1.38671875,6.4921875,5.1884765625,6.1259765625,6.9365234375,9.8388671875,2.388671875,0.9873046875,0.9873046875,0.9873046875,0.9873046875,0.9873046875,1.990234375,6.7099609375,5.2021484375,4.71484375,6.5654296875,7.544921875,1.3798828125,1.3798828125,1.3798828125,1.3798828125,1.3798828125,1.3798828125,2.6044921875,6.564453125,3.873046875,5.029296875,6.66015625,9.12890625,2.224609375,1.3251953125,1.3251953125,1.3251953125,1.3251953125,1.3251953125,2.4453125,6.4541015625,5.830078125,6.103515625,6.5908203125,9.2099609375,5.04296875,1.5927734375,1.5927734375,1.5927734375,1.5927734375,1.5927734375,3.48828125,5.96484375,4.1875,4.232421875,6.6103515625,7.734375,1.291015625,1.173828125,1.173828125,1.173828125,1.173828125,1.173828125,2.8916015625,6.5849609375,5.162109375,5.2587890625,6.7265625,7.306640625,0.982421875,0.8095703125,0.8095703125,0.8095703125,0.8095703125,0.8095703125,2.494140625,6.994140625,3.892578125,4.3623046875,6.783203125,6.6826171875,1.7470703125,1.7470703125,1.7470703125,1.7470703125,1.7470703125,1.7470703125,3.6796875,7.1162109375,5.689453125,5.4345703125,6.1552734375,9.4970703125,3.64453125,1.916015625,1.916015625,1.916015625,1.916015625,1.916015625,5.126953125,6.357421875,3.3427734375,4.92578125,6.408203125,9.1962890625,2.3974609375,1.0263671875,1.0263671875,1.0263671875,1.0263671875,1.0263671875,1.0263671875,5.9921875,5.7060546875,6.046875,6.7998046875,8.6884765625,1.453125,0.9658203125,0.9658203125,0.9658203125,0.9658203125,0.9658203125,2.8203125,6.9306640625,4.4580078125,5.583984375,6.650390625,9.3740234375,3.408203125,2.23828125,2.23828125,2.23828125,2.23828125,2.23828125,5.12109375,6.783203125,5.5634765625,6.212890625,6.951171875,8.3876953125,1.6376953125,1.6376953125,1.6376953125,1.6376953125,1.6376953125,1.6376953125,2.7958984375,5.7802734375,5.3857421875,6.0810546875,6.5625,8.294921875,5.3271484375,1.4658203125
EU_155,-7.10543413386458e-15,-7.10543413386458e-15,-7.10543413386458e-15,0.0791015625,2.193359375,2.3857421875,1.75,1.845703125,3.40234375,5.1357421875,5.69140625,3.34765625,3.34765625,3.34765625,3.34765625,3.3701171875,4.9921875,2.234375,1.765625,2.3701171875,2.8349609375,6.9052734375,4.8876953125,4.2265625,4.2265625,4.2265625,4.2265625,4.25,5.51171875,1.865234375,1.884765625,2.0234375,4.146484375,6.1328125,4.0927734375,4.0927734375,4.0927734375,4.0927734375,4.0927734375,4.0927734375,4.8271484375,3.572265625,1.4453125,2.0341796875,3.15625,5.47265625,5.2177734375,3.119140625,3.119140625,3.119140625,3.119140625,3.119140625,3.783203125,2.4912109375,1.7353515625,1.9755859375,3.4775390625,6.1318359375,5.712890625,3.9111328125,3.9111328125,3.9111328125,3.9111328125,3.9111328125,4.748046875,2.23828125,1.787109375,2.009765625,3.693359375,5.26171875,6.857421875,1.2099609375,0.564453125,0.564453125,0.564453125,0.564453125,2.40625,3.0009765625,2.0517578125,1.66015625,3.322265625,6.5615234375,0.861328125,0.201171875,-7.10543413386458e-15,-7.10543413386458e-15,-7.10543413386458e-15,0.0771484375,2.564453125,2.5732421875,1.8017578125,2.0029296875,3.345703125,5.455078125,2.9033203125,0.0625,-7.10543413386458e-15,-7.10543413386458e-15,-7.10543413386458e-15,-7.10543413386458e-15,2.34765625,2.31640625,2.1318359375,2.30078125,3.7158203125,6.7685546875,5.6904296875,0.015625,-7.10543413386458e-15,-7.10543413386458e-15,-7.10543413386458e-15,-7.10543413386458e-15,2.228515625,2.234375,1.798828125,2.0234375,3.1796875,6.515625,2.744140625,2.6640625,2.6640625,2.6640625,2.6640625,2.6640625,3.7060546875,2.361328125,1.65234375,2.25,2.9033203125,6.712890625,4.46875,3.4658203125,3.4658203125,3.4658203125,3.4658203125,3.4658203125,4.03515625,2.2060546875,1.595703125,1.962890625,2.6162109375,6.3974609375,4.3857421875,-7.10543413386458e-15,-7.10543413386458e-15,-7.10543413386458e-15,-7.10543413386458e-15,-7.10543413386458e-15,2.28125,2.2265625,1.8369140625,2.169921875,3.3466796875,5.6474609375,5.8466796875,5.5400390625,5.5400390625,5.5400390625,5.5400390625,5.5400390625,5.5732421875,1.73828125,2.0791015625,1.92578125,2.705078125,6.9501953125,6.4365234375,5.3515625,5.3515625,5.3515625,5.3515625,5.5166015625,5.7626953125,1.990234375,1.671875,1.90234375,3.15234375,5.83984375,3.875,3.6298828125,3.6298828125,3.6298828125,3.6298828125,3.6298828125,4.287109375,2.8369140625,2.0556640625,2.0390625,2.51171875,6.767578125,5.6015625,4.9765625,4.939453125,4.939453125,4.939453125,5.00390625,4.17578125,2.283203125,1.6875,2.1533203125,3.2744140625,6.259765625,5.4111328125,5.3427734375,5.3427734375,5.3427734375,5.3427734375,5.3427734375,5.4462890625,3.3525390625,1.9931640625,2.037109375,2.6728515625,5.478515625,6.4873046875,5.962890625,5.962890625,5.962890625,5.962890625,5.962890625,5.908203125,2.47265625,1.8935546875,2.0810546875,3.103515625,6.4228515625,5.4296875,-7.10543413386458e-15,-7.10543413386458e-15,-7.10543413386458e-15,-7.10543413386458e-15,0.0068359375,2.8955078125,2.1845703125,2.1181640625,2.4345703125,3.755859375,6.9326171875,5.189453125,4.91796875,4.91796875,4.9482421875,4.91796875,5.0693359375,5.01171875,1.9765625,1.984375,1.9638671875,3.0322265625,4.8125,6.9482421875,0.5087890625
EU_1583,-7.10543413386458e-15,3.4443359375,5.98828125,5.3720703125,5.158203125,5.466796875,5.2734375,5.5888671875,5.9853515625,5.9521484375,5.986328125,4.486328125,-7.10543413386458e-15,-7.10543413386458e-15,1.724609375,5.8857421875,5.974609375,5.697265625,5.052734375,5.3046875,5.9189453125,5.9580078125,5.6328125,-7.10543413386458e-15,0.357421875,5.4775390625,5.984375,5.78515625,5.2744140625,5.3955078125,5.0712890625,4.55078125,5.484375,5.9833984375,5.98828125,0.3740234375,-7.10543413386458e-15,-7.10543413386458e-15,-7.10543413386458e-15,3.5087890625,5.564453125,5.408203125,4.1357421875,5.1279296875,5.5380859375,5.9375,5.98828125,4.47265625,-7.10543413386458e-15,0.2216796875,2.3818359375,5.9765625,5.8896484375,5.5458984375,5.9072265625,5.8759765625,5.9833984375,5.9853515625,5.4443359375,4.8828125,4.109375,-7.10543413386458e-15,-7.10543413386458e-15,4.7744140625,5.607421875,5.9638671875,5.55078125,5.04296875,5.1005859375,5.98828125,5.98828125,1.1552734375,-7.10543413386458e-15,-7.10543413386458e-15,-7.10543413386458e-15,2.90625,5.9833984375,4.462890625,3.685546875,5.1826171875,5.8671875,5.98828125,5.98828125,5.98828125,4.87109375,-7.10543413386458e-15,3.9306640625,5.84375,5.0810546875,3.796875,5.1943359375,5.4189453125,5.9814453125,5.98828125,5.64453125,4.0546875,1.171875,4.771484375,5.98828125,5.8564453125,5.5126953125,5.0341796875,5.193359375,5.3544921875,5.6826171875,5.98828125,5.98828125,3.162109375,-7.10543413386458e-15,-7.10543413386458e-15,0.5986328125,5.9033203125,5.7490234375,5.7568359375,5.8720703125,5.9140625,5.951171875,5.984375,5.98828125,2.96875,-7.10543413386458e-15,-7.10543413386458e-15,0.61328125,5.953125,5.90234375,5.7333984375,4.05859375,4.634765625,5.9091796875,5.98828125,5.8095703125,-7.10543413386458e-15,-7.10543413386458e-15,-7.10543413386458e-15,0.20703125,5.6806640625,5.201171875,5.28125,5.115234375,5.2158203125,5.5087890625,5.8642578125,5.986328125,5.9423828125,2.83984375,-7.10543413386458e-15,2.048828125,5.9306640625,5.283203125,4.4248046875,4.12109375,4.978515625,5.6611328125,5.984375,5.986328125,5.68359375,5.61328125,5.61328125,5.61328125,5.759765625,4.60546875,5.1318359375,5.072265625,4.658203125,5.56640625,5.9873046875,5.9873046875,4.8525390625,3.1630859375,-7.10543413386458e-15,4.5751953125,5.814453125,5.7451171875,5.65234375,5.6630859375,5.6240234375,5.9560546875,5.986328125,5.7109375,2.7158203125,3.474609375,0.0078125,5.689453125,5.98828125,5.859375,5.662109375,5.375,4.75,5.9794921875,5.986328125,5.98828125,5.98828125,0.044921875,5.353515625,5.978515625,5.947265625,5.296875,4.955078125,4.5654296875,4.7275390625,5.4541015625,5.98828125,5.98828125,5.4453125,0.6435546875,-7.10543413386458e-15,5.5712890625,5.9873046875,5.7138671875,5.4794921875,5.0439453125,5.318359375,5.7490234375,5.98828125,5.98828125,5.5859375,2.1484375,0.603515625,-7.10543413386458e-15,5.32421875,5.478515625,5.2392578125,5.31640625,5.1416015625,5.5087890625,5.98828125,5.783203125,1.78125,0.4453125,0.951171875,5.765625,5.986328125,5.9833984375,5.96484375,5.19140625,5.26953125,5.91015625,5.953125,5.98828125,5.98828125,5.98828125,5.9833984375,5.982421875,5.986328125,5.7099609375,5.310546875,4.876953125,4.9638671875,5.513671875,5.9189453125,5.982421875,3.845703125
EU_1707,0.705078125,1.791015625,2.376953125,1.4716796875,1.5244140625,1.384765625,1.265625,1.2919921875,1.4599609375,2.0244140625,2.2099609375,1.7470703125,1.447265625,0.5703125,2.404296875,1.6376953125,1.388671875,1.416015625,1.2685546875,1.3291015625,1.4453125,2.03125,2.5,0.7685546875,0.4638671875,1.482421875,2.4638671875,2.033203125,1.4814453125,1.3798828125,1.2890625,1.34375,1.3505859375,2.0166015625,2.3896484375,0.1298828125,0.18359375,0.19921875,0.412109375,2.083984375,1.3974609375,1.4384765625,1.337890625,1.283203125,1.4912109375,1.939453125,2.5009765625,2.3720703125,1.6630859375,2.3193359375,2.3271484375,1.9013671875,1.4423828125,1.3427734375,1.3076171875,1.2822265625,1.3447265625,2.107421875,2.42578125,1.5009765625,2.041015625,0.59765625,1.6943359375,1.6357421875,1.3203125,1.32421875,1.298828125,1.2529296875,1.294921875,1.7958984375,2.48828125,2.4541015625,0.529296875,-7.10543413386458e-15,1.22265625,1.470703125,1.4736328125,1.2646484375,1.326171875,1.2041015625,1.3232421875,1.455078125,2.4150390625,2.435546875,2.525390625,2.125,2.166015625,1.7744140625,1.359375,1.3515625,1.283203125,1.2587890625,1.349609375,1.7275390625,2.4228515625,2.216796875,0.0390625,0.15625,1.9228515625,1.669921875,1.5263671875,1.328125,1.318359375,1.2412109375,1.5400390625,2.0205078125,2.5341796875,1.302734375,0.005859375,1.341796875,2.439453125,1.7373046875,1.4248046875,1.2978515625,1.279296875,1.298828125,1.427734375,1.5595703125,1.9912109375,2.408203125,1.54296875,0.4130859375,2.419921875,1.82421875,1.41015625,1.3046875,1.2822265625,1.2744140625,1.44921875,2.326171875,2.4345703125,2.5302734375,0.9521484375,0.0107421875,0.6796875,2.24609375,1.462890625,1.345703125,1.2734375,1.3994140625,1.5283203125,2.208984375,1.83984375,2.2451171875,1.8994140625,-7.10543413386458e-15,0.388671875,1.4521484375,1.28515625,1.29296875,1.3203125,1.279296875,1.2841796875,1.390625,2.2841796875,1.15625,0.7939453125,2.5712890625,2.349609375,1.5947265625,1.3037109375,1.2802734375,1.2802734375,1.2587890625,1.50390625,1.8515625,2.2900390625,0.943359375,0.3369140625,0.431640625,2.1171875,1.826171875,1.3759765625,1.3623046875,1.279296875,1.271484375,1.5400390625,2.2236328125,2.25,1.2548828125,0.6328125,1.7412109375,2.373046875,1.99609375,1.4287109375,1.3125,1.322265625,1.369140625,1.2822265625,2.171875,2.48046875,2.5595703125,0.2412109375,1.642578125,2.13671875,1.7314453125,1.3994140625,1.326171875,1.3134765625,1.244140625,1.515625,2.16796875,2.4765625,1.078125,0.322265625,0.1484375,2.0869140625,1.826171875,1.392578125,1.359375,1.3173828125,1.3408203125,1.515625,2.1044921875,2.43359375,2.5849609375,1.2138671875,2.1904296875,2.3974609375,1.5341796875,1.2880859375,1.2509765625,1.2646484375,1.322265625,1.3251953125,1.6328125,2.4833984375,2.2314453125,2.521484375,2.56640625,2.2822265625,1.763671875,1.39453125,1.2919921875,1.322265625,1.345703125,1.693359375,2.087890625,2.2568359375,2.5654296875,2.5625,2.4921875,2.12109375,2.1748046875,1.69140625,1.3486328125,1.302734375,1.3525390625,1.517578125,2.064453125,2.576171875,1.3740234375
EU_1713,0.326171875,0.3466796875,6.61328125,6.5302734375,5.90234375,5.712890625,5.5185546875,5.3330078125,6.1845703125,7.28125,7.29296875,6.822265625,5.10546875,5.3564453125,6.61328125,6.5791015625,5.376953125,5.1484375,3.697265625,4.3525390625,5.2373046875,6.587890625,7.2900390625,1.2939453125,-7.10543413386458e-15,5.419921875,7.28515625,6.560546875,4.1142578125,4.6328125,4.1650390625,4.3857421875,5.322265625,6.9443359375,7.25,1.912109375,-7.10543413386458e-15,-7.10543413386458e-15,0.6611328125,7.1904296875,5.1748046875,4.328125,4.349609375,4.5205078125,6.6689453125,7.1982421875,7.2880859375,6.904296875,1.3369140625,1.5615234375,6.7412109375,6.4716796875,5.2060546875,4.84375,3.6611328125,3.91015625,5.1494140625,6.4365234375,7.220703125,7.0859375,7.099609375,1.8818359375,4.298828125,7.2314453125,6.2216796875,5.1640625,4.501953125,4.1171875,5.6806640625,7.27734375,7.294921875,6.6357421875,1.5869140625,-7.10543413386458e-15,3.70703125,6.9189453125,5.8642578125,4.279296875,4.7880859375,4.4873046875,5.8037109375,6.837890625,7.2958984375,7.2978515625,7.2236328125,5.5400390625,6.607421875,6.970703125,5.267578125,3.783203125,3.9560546875,3.630859375,5.8251953125,6.783203125,7.2978515625,6.4130859375,2.525390625,3.625,7.2939453125,7.2978515625,6.8916015625,4.6044921875,4.1220703125,3.783203125,6.6923828125,7.2412109375,7.279296875,6.5283203125,0.783203125,6.90625,7.2705078125,6.6494140625,5.205078125,4.5146484375,4.3154296875,4.4228515625,5.0400390625,6.3095703125,7.294921875,4.55859375,2.3544921875,1.283203125,7.24609375,7.1484375,4.376953125,3.2587890625,2.72265625,3.3310546875,5.1611328125,7.2158203125,7.2841796875,5.8798828125,3.787109375,1.15234375,3.02734375,7.2421875,5.896484375,4.96875,4.287109375,5.2509765625,5.8447265625,7.2099609375,7.287109375,7.119140625,6.333984375,5.2431640625,6.068359375,6.7314453125,4.048828125,3.599609375,3.45703125,4.0341796875,5.0546875,6.7861328125,7.29296875,4.30859375,1.7265625,5.9482421875,7.2607421875,7.25,4.798828125,3.607421875,3.9697265625,3.9208984375,7.203125,7.19921875,7.2978515625,4.6826171875,5.451171875,2.83984375,7.2197265625,7.2138671875,5.603515625,4.890625,4.83203125,4.7216796875,6.376953125,7.26171875,7.2978515625,5.150390625,2.4521484375,3.806640625,7.244140625,7.2431640625,6.337890625,4.9140625,4.3505859375,4.7265625,5.2958984375,7.0908203125,7.294921875,7.16015625,0.1396484375,4.6376953125,7.2978515625,7.07421875,5.833984375,4.2255859375,4.28125,4.482421875,5.4228515625,6.9658203125,7.28515625,2.63671875,-7.10543413386458e-15,0.0380859375,6.8212890625,7.2255859375,5.37890625,4.818359375,4.427734375,4.1328125,5.126953125,7.2412109375,7.296875,7.291015625,4.7607421875,5.1494140625,4.638671875,6.1845703125,4.578125,4.4169921875,3.8505859375,4.259765625,4.8935546875,7.1484375,7.220703125,2.03125,1.61328125,6.8828125,7.265625,7.2197265625,6.1484375,3.5947265625,4.5361328125,4.580078125,6.1962890625,7.1162109375,7.2958984375,7.1953125,7.158203125,7.259765625,7.283203125,7.26953125,7.021484375,4.6015625,4.4111328125,5.30078125,6.4716796875,7.2802734375,7.2978515625,7.2939453125
EU_1738,2.408203125,2.4814453125,2.4697265625,2.48046875,2.4765625,2.400390625,2.447265625,2.3994140625,2.4482421875,2.4833984375,2.4775390625,2.498046875,2.4990234375,2.4970703125,2.48046875,2.4912109375,2.4501953125,2.4580078125,2.1953125,1.8857421875,2.412109375,2.4228515625,2.49609375,2.3974609375,1.4814453125,2.4921875,2.4794921875,2.4951171875,2.42578125,2.4248046875,2.412109375,2.2744140625,2.3193359375,2.306640625,2.4814453125,2.4970703125,2.44921875,2.4423828125,2.458984375,2.4833984375,2.455078125,2.412109375,2.4404296875,2.3916015625,2.396484375,2.4345703125,2.5,2.4775390625,2.4384765625,2.4990234375,2.4189453125,2.44140625,2.462890625,2.3056640625,2.373046875,2.125,2.3359375,1.9326171875,2.498046875,2.4716796875,2.4716796875,2.435546875,2.447265625,2.478515625,2.3271484375,2.39453125,2.46484375,2.43359375,2.3515625,2.27734375,2.421875,2.4599609375,2.4072265625,2.4716796875,2.4873046875,2.44921875,2.455078125,2.439453125,2.2841796875,2.4619140625,2.279296875,2.427734375,2.40625,2.48046875,2.4912109375,2.4775390625,2.478515625,2.4384765625,2.4072265625,2.4130859375,2.431640625,2.4375,2.3974609375,2.322265625,2.4990234375,2.484375,2.4921875,2.4990234375,2.4775390625,2.4833984375,2.478515625,2.046875,2.1201171875,2.4501953125,2.4765625,2.2890625,2.49609375,2.494140625,2.4755859375,2.498046875,2.490234375,2.484375,2.4091796875,2.4462890625,2.2900390625,2.455078125,2.4541015625,2.46484375,2.2763671875,2.44140625,2.4931640625,2.49609375,2.486328125,2.474609375,2.396484375,2.3056640625,1.966796875,2.38671875,2.4462890625,2.4755859375,2.4619140625,2.4248046875,2.4794921875,2.49609375,2.4873046875,2.3134765625,2.2763671875,2.46875,2.1416015625,2.2529296875,2.4365234375,2.42578125,2.5,2.4501953125,2.4765625,1.078125,2.4580078125,2.4833984375,2.2978515625,2.1689453125,2.3134765625,2.2294921875,2.380859375,2.458984375,2.4990234375,2.453125,2.4951171875,2.5,2.4892578125,2.4560546875,2.4921875,2.1845703125,1.9091796875,2.2578125,2.4345703125,2.474609375,2.4931640625,2.4970703125,2.4736328125,2.4951171875,2.484375,2.44140625,2.466796875,2.3154296875,2.0380859375,2.2783203125,2.41015625,2.45703125,2.48828125,2.494140625,2.4873046875,2.4951171875,2.4873046875,2.3515625,2.390625,1.9296875,2.158203125,2.4169921875,2.4462890625,2.4423828125,2.4833984375,2.4921875,2.4833984375,2.4931640625,2.4775390625,2.4833984375,2.416015625,2.291015625,1.970703125,2.189453125,2.4580078125,2.4228515625,2.3251953125,2.5,2.439453125,2.4892578125,2.4716796875,2.4775390625,2.4287109375,2.4306640625,2.4267578125,2.2822265625,2.3525390625,2.4541015625,2.451171875,2.4970703125,2.490234375,2.4384765625,2.41796875,2.4501953125,2.466796875,2.373046875,2.4052734375,2.3916015625,2.37890625,2.478515625,2.4912109375,2.498046875,2.4580078125,2.49609375,2.4892578125,2.48828125,2.408203125,1.6904296875,1.9384765625,2.357421875,2.390625,2.455078125,2.4921875,2.4951171875,2.498046875,2.478515625,2.478515625,2.4765625,2.4833984375,2.4306640625,2.4248046875,2.421875,2.4326171875,2.4365234375,2.4775390625,2.4921875
EU_214,1.341796875,1.341796875,1.341796875,1.7177734375,6.5244140625,3.5986328125,2.3056640625,3.6044921875,5.544921875,7.787109375,2.94140625,0.095703125,0.095703125,0.095703125,0.095703125,0.095703125,5.7568359375,4.69921875,4.1025390625,4.8408203125,5.2998046875,7.1396484375,2.9189453125,0.7783203125,0.7783203125,0.7783203125,0.7783203125,0.7783203125,5.6767578125,4.7392578125,2.6845703125,4.9501953125,6.02734375,7.923828125,3.5537109375,1.4306640625,1.4306640625,1.4306640625,1.4306640625,1.4306640625,4.8798828125,5.333984375,3.0078125,3.353515625,6.2275390625,7.19921875,2.423828125,0.7744140625,0.7744140625,0.7744140625,0.7744140625,0.7744140625,4.267578125,4.7177734375,2.97265625,4.6357421875,5.5517578125,7.498046875,4.9599609375,1.0009765625,1.0009765625,1.0009765625,1.0009765625,1.0009765625,5.095703125,3.517578125,2.931640625,3.4775390625,4.7333984375,6.521484375,4.912109375,0.5205078125,0.5205078125,0.5205078125,0.5205078125,0.5205078125,4.478515625,3.2822265625,3.6435546875,3.947265625,5.599609375,7.73828125,5.099609375,1.2021484375,1.2021484375,1.2021484375,1.2021484375,1.609375,5.69140625,4.8310546875,3.4267578125,3.4228515625,5.470703125,7.1005859375,2.8994140625,0.9091796875,0.9091796875,0.9091796875,0.9091796875,0.9091796875,6.1865234375,5.068359375,3.7265625,4.22265625,6.2958984375,7.45703125,7.9990234375,5.6552734375,4.9580078125,4.9580078125,4.9580078125,4.9580078125,6.2236328125,3.796875,3.337890625,3.328125,4.49609375,7.326171875,6.14453125,6.1484375,6.1484375,6.1484375,6.1484375,6.1484375,6.392578125,3.7744140625,2.7705078125,3.634765625,6.26953125,7.5859375,5.828125,0.7734375,0.7734375,0.7734375,0.7734375,0.7734375,4.92578125,3.4091796875,2.380859375,3.91796875,5.5029296875,7.2607421875,2.1650390625,0.8271484375,0.8271484375,0.8271484375,0.8271484375,1.2431640625,5.369140625,2.9892578125,2.783203125,3.220703125,6.078125,7.1552734375,5.8251953125,3.0625,3.0625,3.0625,3.0625,3.0625,5.9736328125,3.267578125,2.9072265625,3.1455078125,4.58203125,7.9013671875,6.525390625,1.564453125,1.564453125,1.564453125,1.564453125,1.564453125,5.828125,4.6552734375,4.892578125,4.4541015625,6.33203125,6.4541015625,2.8173828125,2.81640625,2.81640625,2.81640625,2.81640625,2.81640625,5.2900390625,3.205078125,3.7216796875,3.90625,5.0078125,7.64453125,1.333984375,0.61328125,0.61328125,0.61328125,0.61328125,1.29296875,5.3837890625,3.26953125,3.078125,2.841796875,5.4345703125,7.33984375,2.4248046875,2.212890625,2.212890625,2.212890625,2.212890625,2.212890625,6.025390625,5.2080078125,3.955078125,4.18359375,6.3232421875,7.3583984375,5.146484375,3.2021484375,3.2021484375,3.2021484375,3.2021484375,3.2021484375,6.2041015625,5.380859375,2.8740234375,4.3955078125,5.5302734375,7.7900390625,2.9130859375,-7.10543413386458e-15,-7.10543413386458e-15,-7.10543413386458e-15,-7.10543413386458e-15,-7.10543413386458e-15,5.78515625,4.916015625,3.64453125,4.9990234375,6.2548828125,7.615234375,3.841796875,0.5068359375,0.5068359375,0.5068359375,0.5068359375,2.6982421875,5.7529296875,5.0732421875,2.7626953125,4.376953125,5.7705078125,7.185546875,3.46484375,0.830078125
EU_224,0.912109375,0.912109375,0.912109375,0.912109375,3.3154296875,11.271484375,9.8916015625,10.3291015625,11.2412109375,11.919921875,4.501953125,0.2998046875,0.2998046875,0.2998046875,0.2998046875,0.2998046875,1.4306640625,10.8505859375,10.4453125,10.1767578125,10.8564453125,8.626953125,0.1611328125,0.1611328125,0.1611328125,0.1611328125,0.1611328125,0.1611328125,3.3232421875,10.8115234375,10.310546875,10.13671875,11.2490234375,6.1611328125,0.3701171875,0.3701171875,0.3701171875,0.3701171875,0.3701171875,0.3701171875,3.927734375,10.5439453125,7.30859375,8.7255859375,11.052734375,9.8994140625,1.626953125,0.373046875,0.373046875,0.373046875,0.373046875,0.373046875,2.9912109375,10.8974609375,9.1259765625,9.1982421875,11.1435546875,11.259765625,3.43359375,0.1884765625,0.1884765625,0.1884765625,0.1884765625,0.1884765625,2.001953125,10.658203125,9.849609375,10.373046875,11.087890625,11.4052734375,8.54296875,5.849609375,5.849609375,5.849609375,5.849609375,5.849609375,7.064453125,10.9716796875,10.388671875,9.748046875,11.025390625,8.8134765625,0.388671875,0.388671875,0.388671875,0.388671875,0.388671875,0.388671875,3.10546875,10.9892578125,10.0791015625,8.7001953125,11.083984375,11.6884765625,3.57421875,0.5771484375,0.5771484375,0.5771484375,0.5771484375,0.5771484375,0.5771484375,10.3544921875,10.1953125,10.4033203125,11.0595703125,11.86328125,2.130859375,0.3974609375,0.3974609375,0.3974609375,0.3974609375,0.3974609375,2.69140625,10.884765625,9.52734375,8.1318359375,10.9140625,11.0185546875,9.701171875,9.701171875,9.701171875,9.701171875,9.701171875,9.701171875,9.7275390625,10.91015625,8.4970703125,8.9775390625,10.935546875,11.515625,1.0107421875,0.4658203125,0.4658203125,0.4658203125,0.4658203125,0.4658203125,2.623046875,10.9638671875,10.255859375,10.396484375,10.814453125,11.8544921875,5.7109375,0.8154296875,0.8154296875,0.8154296875,0.8154296875,0.8154296875,4.390625,11.140625,10.3291015625,10.296875,10.9384765625,9.7900390625,0.2119140625,0.2119140625,0.2119140625,0.2119140625,0.2119140625,0.2119140625,4.1240234375,11.0947265625,9.8857421875,8.6171875,10.744140625,8.4482421875,0.1630859375,0.1552734375,0.1552734375,0.1552734375,0.1552734375,0.1552734375,3.4501953125,11.2275390625,8.2734375,8.4794921875,10.958984375,7.7587890625,0.1943359375,0.1943359375,0.1943359375,0.1943359375,0.1943359375,0.1943359375,4.0625,11.083984375,10.4541015625,10.10546875,10.529296875,11.83203125,2.8115234375,0.0732421875,0.0732421875,0.0732421875,0.0732421875,0.0732421875,6.1064453125,11.146484375,9.33984375,10.3486328125,10.83203125,11.8515625,1.95703125,0.212890625,0.212890625,0.212890625,0.212890625,0.212890625,0.212890625,8.8056640625,8.40625,8.2802734375,11.005859375,11.6123046875,0.2392578125,0.228515625,0.228515625,0.228515625,0.228515625,0.228515625,3.861328125,11.2626953125,7.357421875,9.1318359375,10.8740234375,11.1142578125,1.951171875,0.29296875,0.29296875,0.29296875,0.29296875,0.29296875,5.57421875,10.853515625,9.78125,10.5322265625,11.03515625,9.5986328125,0.2587890625,0.2587890625,0.2587890625,0.2587890625,0.2587890625,0.2587890625,1.9306640625,10.5517578125,9.3271484375,10.416015625,10.78125,11.392578125,4.5791015625,0.3935546875
EU_306,6.353515625,6.353515625,6.353515625,6.353515625,6.634765625,10.33984375,7.2265625,7.44921875,9.3564453125,11.1904296875,7.888671875,7.12109375,7.12109375,7.12109375,7.12109375,7.12109375,7.12109375,9.9638671875,8.3916015625,8.3955078125,9.0908203125,12.9091796875,5.865234375,5.798828125,5.5078125,5.5078125,5.5078125,5.5078125,5.787109375,9.65625,6.900390625,8.396484375,10.302734375,9.7080078125,1.1474609375,1.1474609375,1.1474609375,1.1474609375,1.1474609375,1.1474609375,3.005859375,9.5009765625,5.796875,6.62890625,9.6650390625,12.4453125,3.0205078125,1.4638671875,1.4638671875,1.4638671875,1.4638671875,1.4638671875,2.40625,9.904296875,6.1337890625,7.0126953125,9.5771484375,12.5625,7.0859375,6.78515625,6.78515625,6.78515625,6.78515625,6.78515625,7.00390625,10.0322265625,6.103515625,6.66796875,9.5361328125,12.3583984375,8.0166015625,1.3935546875,1.3935546875,1.3935546875,1.3935546875,1.3935546875,2.5498046875,10.103515625,8.548828125,7.9501953125,9.8330078125,12.8017578125,5.541015625,5.53515625,5.53515625,5.53515625,5.53515625,5.53515625,5.896484375,9.9208984375,7.7900390625,6.48828125,9.64453125,13.2529296875,7.71484375,4.9873046875,4.9873046875,4.9873046875,4.9873046875,4.9873046875,4.9873046875,8.9375,7.2255859375,7.0927734375,9.818359375,14.3896484375,6.421875,5.111328125,5.111328125,5.111328125,5.111328125,5.111328125,5.4921875,10.494140625,7.654296875,5.71484375,9.2421875,11.599609375,1.6904296875,1.4072265625,1.4072265625,1.4072265625,1.4072265625,1.4072265625,2.435546875,9.908203125,6.5771484375,7.353515625,9.2109375,13.21875,2.458984375,1.4716796875,1.4716796875,1.4716796875,1.4716796875,1.4716796875,2.1494140625,10.0400390625,8.2470703125,8.68359375,9.22265625,13.359375,7.869140625,1.8310546875,1.8310546875,1.8310546875,1.8310546875,1.8310546875,3.5830078125,10.7607421875,8.1416015625,8.2587890625,9.501953125,11.7705078125,4.9287109375,4.8046875,4.8046875,4.8046875,4.8046875,4.8046875,5.9560546875,9.86328125,8.12109375,6.76953125,9.1865234375,11.138671875,0.9814453125,0.4599609375,0.4599609375,0.4599609375,0.4599609375,0.4599609375,1.0390625,10.40625,6.484375,6.2685546875,9.595703125,11.98828125,2.103515625,2.017578125,2.017578125,2.017578125,2.017578125,2.017578125,4.41015625,10.197265625,8.32421875,6.958984375,8.697265625,13.9033203125,5.544921875,2.00390625,2.00390625,2.00390625,2.00390625,2.00390625,5.2900390625,9.880859375,4.701171875,6.15625,8.890625,13.07421875,7.12890625,5.8671875,5.8671875,5.8671875,5.8671875,5.8671875,5.8671875,9.5,7.486328125,7.3154296875,9.404296875,12.5673828125,5.595703125,4.6806640625,4.6806640625,4.6806640625,4.6806640625,4.6806640625,5.6376953125,9.369140625,5.8427734375,7.3642578125,9.537109375,14.185546875,9.3759765625,8.8271484375,8.8271484375,8.8271484375,8.8271484375,8.8271484375,8.9345703125,10.1044921875,8.1474609375,8.671875,9.47265625,12.3994140625,5.333984375,5.333984375,5.333984375,5.333984375,5.333984375,5.333984375,5.333984375,9.2763671875,6.9091796875,7.5224609375,9.24609375,12.27734375,8.71875,1.3017578125
EU_310,1.93359375,1.93359375,1.93359375,1.93359375,6.1611328125,6.1396484375,5.37109375,5.439453125,6.1416015625,7.3720703125,6.80078125,1.900390625,1.900390625,1.900390625,1.900390625,1.900390625,6.064453125,6.091796875,5.4541015625,5.6650390625,5.9306640625,10.0478515625,4.0009765625,3.3779296875,3.3798828125,3.3798828125,3.3798828125,3.3798828125,5.5625,5.7314453125,5.3916015625,5.427734375,6.580078125,7.953125,3.65234375,3.6494140625,3.6494140625,3.6494140625,3.6494140625,3.6494140625,5.03515625,6.58203125,4.248046875,5.2236328125,6.126953125,7.88671875,3.7392578125,0.666015625,0.666015625,0.666015625,0.666015625,0.666015625,2.990234375,6.1552734375,5.3564453125,5.431640625,6.2060546875,9.439453125,5.5869140625,1.5771484375,1.5771484375,1.5771484375,1.5771484375,1.5771484375,3.94921875,6.3671875,5.033203125,5.509765625,6.2685546875,8.474609375,9.28125,1.6171875,1.572265625,1.572265625,1.572265625,1.572265625,4.369140625,6.2685546875,5.498046875,5.306640625,6.1181640625,8.1611328125,1.7021484375,3.1953125,3.0927734375,3.0927734375,3.0927734375,3.162109375,5.61328125,6.1669921875,4.76171875,5.2490234375,6.1982421875,8.9306640625,4.833984375,1.9326171875,1.9326171875,1.9326171875,1.9326171875,1.9326171875,4.9453125,6.5712890625,5.0146484375,5.5439453125,6.265625,10.02734375,5.9990234375,1.28515625,1.28515625,1.28515625,1.28515625,1.28515625,4.8525390625,6.07421875,5.2529296875,5.3134765625,6.0869140625,8.8291015625,1.2587890625,1.1337890625,1.1337890625,1.1337890625,1.1337890625,1.1337890625,3.90625,6.3173828125,5.275390625,5.5087890625,5.8525390625,9.5458984375,3.453125,1.1396484375,1.1396484375,1.1396484375,1.1396484375,1.1396484375,4.279296875,6.1396484375,4.9072265625,5.5087890625,5.8671875,9.23828125,6.666015625,1.521484375,1.521484375,1.521484375,1.521484375,1.521484375,4.1123046875,6.1181640625,5.3408203125,5.4208984375,6.1044921875,8.291015625,3.5703125,2.3271484375,2.3271484375,2.3271484375,2.3271484375,2.3271484375,5.966796875,5.890625,5.3623046875,5.0205078125,5.9482421875,9.201171875,6.193359375,4.5986328125,4.5986328125,4.5986328125,4.5986328125,4.943359375,6.7109375,6.1826171875,4.1591796875,4.25390625,6.1162109375,8.431640625,2.5712890625,1.107421875,1.107421875,1.107421875,1.107421875,1.107421875,5.5517578125,6.1455078125,5.28125,5.3994140625,5.626953125,9.7568359375,5.345703125,1.2109375,1.1171875,1.1171875,1.1171875,1.5927734375,6.5732421875,5.56640625,4.8955078125,5.4619140625,5.7919921875,9.330078125,3.5302734375,1.2734375,1.2734375,1.2734375,1.2734375,1.2734375,2.5224609375,6.6064453125,5.2783203125,5.4853515625,5.896484375,8.55078125,4.158203125,2.16015625,2.16015625,2.16015625,2.16015625,2.16015625,5.638671875,5.7626953125,5.20703125,5.57421875,6.0458984375,9.3681640625,7.646484375,1.943359375,1.943359375,1.943359375,1.943359375,1.98046875,5.8701171875,6.265625,5.23046875,5.43359375,6.0048828125,10.09375,1.3095703125,0.7900390625,0.7900390625,0.7900390625,0.7900390625,0.7900390625,4.9912109375,5.8671875,5.3134765625,5.47265625,6.0927734375,8.099609375,8.0078125,0.9423828125
EU_384,1.4150390625,1.4150390625,1.6220703125,1.9130859375,1.4248046875,1.4150390625,1.388671875,1.3759765625,1.5185546875,2.048828125,2.7333984375,1.5498046875,0.0537109375,-7.10543413386458e-15,0.4208984375,1.697265625,1.53125,1.3984375,1.296875,1.3486328125,1.4775390625,2.091796875,2.375,1.3134765625,1.3134765625,1.470703125,2.08203125,1.974609375,1.41015625,1.4130859375,1.3369140625,1.353515625,1.4111328125,2.4443359375,2.9609375,0.123046875,-7.10543413386458e-15,-7.10543413386458e-15,-7.10543413386458e-15,0.666015625,1.458984375,1.447265625,1.3701171875,1.4072265625,1.5126953125,2.3896484375,2.9140625,0.744140625,-7.10543413386458e-15,-7.10543413386458e-15,0.2607421875,1.73046875,1.62109375,1.4375,1.33984375,1.3720703125,1.4248046875,2.0869140625,2.2900390625,0.1083984375,0.2275390625,-7.10543413386458e-15,-7.10543413386458e-15,1.3203125,1.4697265625,1.384765625,1.1064453125,1.2646484375,1.333984375,2.1083984375,2.7431640625,1.03515625,-7.10543413386458e-15,-7.10543413386458e-15,-7.10543413386458e-15,1.2216796875,1.5107421875,1.3623046875,1.3955078125,1.3671875,1.443359375,2.00390625,2.9599609375,2.6259765625,1.5009765625,-7.10543413386458e-15,0.8876953125,1.8681640625,1.4794921875,1.3271484375,1.392578125,1.287109375,1.451171875,1.78515625,2.1826171875,0.4052734375,0.3154296875,0.3310546875,1.265625,1.888671875,1.453125,1.39453125,1.3994140625,1.330078125,1.52734375,1.728515625,2.5673828125,1.37109375,-7.10543413386458e-15,-7.10543413386458e-15,0.1806640625,1.7646484375,1.4853515625,1.375,1.3759765625,1.35546875,1.38671875,1.9443359375,2.9765625,1.2294921875,-7.10543413386458e-15,-7.10543413386458e-15,-7.10543413386458e-15,1.5009765625,1.427734375,1.3798828125,1.34375,1.30859375,1.443359375,2.71875,2.8466796875,2.080078125,2.0400390625,2.0400390625,2.0400390625,2.3115234375,1.4072265625,1.3779296875,1.3662109375,1.3564453125,1.46484375,2.3349609375,2.65625,2.451171875,0.3955078125,-7.10543413386458e-15,0.0546875,1.32421875,1.283203125,1.40234375,1.2177734375,1.380859375,1.345703125,1.7958984375,2.9453125,2.21875,2.025390625,2.025390625,2.025390625,2.3017578125,1.3525390625,1.3701171875,1.4072265625,1.380859375,1.6806640625,1.833984375,2.5361328125,0.61328125,0.13671875,-7.10543413386458e-15,0.8046875,2.10546875,1.333984375,1.462890625,1.3740234375,1.375,1.546875,2.470703125,2.4951171875,0.0439453125,-7.10543413386458e-15,-7.10543413386458e-15,0.76953125,2.21875,1.5029296875,1.384765625,1.3369140625,1.369140625,1.3701171875,2.5380859375,2.9970703125,2.64453125,-7.10543413386458e-15,0.1708984375,1.337890625,1.6455078125,1.3984375,1.38671875,1.3388671875,1.279296875,1.4658203125,2.5009765625,2.578125,-7.10543413386458e-15,-7.10543413386458e-15,-7.10543413386458e-15,0.5380859375,2.111328125,1.4453125,1.404296875,1.2958984375,1.283203125,1.45703125,2.099609375,2.900390625,2.1748046875,1.4453125,0.921875,0.921875,1.7021484375,1.4140625,1.357421875,1.357421875,1.314453125,1.3876953125,1.7119140625,2.109375,1.6103515625,1.6103515625,1.6103515625,2.13671875,1.833984375,1.40625,1.3916015625,1.353515625,1.3076171875,1.498046875,1.6455078125,2.6025390625,1.19921875,0.3046875,0.4716796875,2.638671875,2.2373046875,1.5634765625,1.384765625,1.35546875,1.3359375,1.4189453125,1.818359375,2.986328125,0.5859375
EU_396,-7.10543413386458e-15,-7.10543413386458e-15,-7.10543413386458e-15,0.0185546875,1.0703125,0.9931640625,0.9482421875,0.97265625,1.7998046875,1.85546875,1.560546875,1.275390625,1.275390625,1.275390625,1.275390625,1.2900390625,1.5224609375,1.0625,0.943359375,1.7724609375,1.388671875,1.5712890625,0.3134765625,-7.10543413386458e-15,-7.10543413386458e-15,-7.10543413386458e-15,-7.10543413386458e-15,0.00390625,1.1171875,1.078125,0.9716796875,1.6435546875,1.6826171875,0.935546875,-7.10543413386458e-15,-7.10543413386458e-15,-7.10543413386458e-15,-7.10543413386458e-15,-7.10543413386458e-15,-7.10543413386458e-15,0.4755859375,0.994140625,0.8564453125,1.048828125,1.7861328125,1.6044921875,0.0166015625,-7.10543413386458e-15,-7.10543413386458e-15,-7.10543413386458e-15,-7.10543413386458e-15,-7.10543413386458e-15,0.66796875,0.984375,0.8974609375,0.9091796875,1.716796875,1.998046875,1.1357421875,-7.10543413386458e-15,-7.10543413386458e-15,-7.10543413386458e-15,-7.10543413386458e-15,0.0009765625,0.5400390625,0.9345703125,0.904296875,0.9951171875,1.419921875,1.6435546875,0.2900390625,-7.10543413386458e-15,-7.10543413386458e-15,-7.10543413386458e-15,-7.10543413386458e-15,-7.10543413386458e-15,0.560546875,0.9326171875,1.0361328125,0.896484375,1.5302734375,1.98828125,0.181640625,0.0322265625,-7.10543413386458e-15,-7.10543413386458e-15,-7.10543413386458e-15,0.0283203125,0.6982421875,1.0830078125,0.9013671875,0.9716796875,1.8203125,1.927734375,0.34375,-7.10543413386458e-15,-7.10543413386458e-15,-7.10543413386458e-15,-7.10543413386458e-15,0.041015625,1.1396484375,1.275390625,1.1611328125,1.548828125,1.865234375,1.9150390625,1.2119140625,0.013671875,-7.10543413386458e-15,-7.10543413386458e-15,-7.10543413386458e-15,-7.10543413386458e-15,0.6181640625,0.9619140625,0.8798828125,0.98046875,1.427734375,1.9921875,0.0537109375,0.0078125,-7.10543413386458e-15,-7.10543413386458e-15,-7.10543413386458e-15,-7.10543413386458e-15,0.650390625,0.9375,0.9130859375,1.3369140625,1.6259765625,1.9921875,1.310546875,-7.10543413386458e-15,-7.10543413386458e-15,-7.10543413386458e-15,-7.10543413386458e-15,-7.10543413386458e-15,0.431640625,0.916015625,0.8818359375,0.9755859375,1.6826171875,1.9990234375,1.1884765625,1.0185546875,1.0185546875,1.0185546875,1.0185546875,1.0224609375,1.083984375,1.0,0.9189453125,1.234375,1.5849609375,1.8447265625,0.015625,-7.10543413386458e-15,-7.10543413386458e-15,-7.10543413386458e-15,-7.10543413386458e-15,-7.10543413386458e-15,0.5537109375,0.9208984375,0.9931640625,1.0712890625,1.9248046875,1.912109375,1.6923828125,-7.10543413386458e-15,-7.10543413386458e-15,-7.10543413386458e-15,-7.10543413386458e-15,0.0224609375,0.697265625,1.04296875,0.890625,1.017578125,1.8779296875,1.216796875,0.0087890625,-7.10543413386458e-15,-7.10543413386458e-15,-7.10543413386458e-15,-7.10543413386458e-15,0.005859375,0.677734375,0.9404296875,0.9169921875,1.0458984375,1.3603515625,1.9755859375,0.5830078125,-7.10543413386458e-15,-7.10543413386458e-15,-7.10543413386458e-15,-7.10543413386458e-15,0.017578125,0.9365234375,1.0498046875,0.8974609375,1.05078125,1.884765625,1.8486328125,1.3408203125,1.3408203125,1.3408203125,1.3408203125,1.3408203125,1.341796875,1.50390625,1.2587890625,1.189453125,1.5029296875,1.6435546875,1.7412109375,0.0166015625,-7.10543413386458e-15,-7.10543413386458e-15,-7.10543413386458e-15,-7.10543413386458e-15,-7.10543413386458e-15,0.5908203125,0.9814453125,0.8623046875,0.9091796875,1.5029296875,1.90625,0.5732421875,-7.10543413386458e-15,-7.10543413386458e-15,-7.10543413386458e-15,-7.10543413386458e-15,0.0087890625,0.7646484375,0.943359375,0.9306640625,1.228515625,1.513671875,1.99609375,0.1279296875,-7.10543413386458e-15,-7.10543413386458e-15,-7.10543413386458e-15,-7.10543413386458e-15,0.0458984375,1.11328125,0.9453125,0.859375,0.94921875,1.46484375,1.89453125,1.26953125,0.56640625
EU_518,0.076171875,0.4765625,3.2177734375,3.3291015625,3.3681640625,3.3291015625,3.376953125,3.345703125,3.212890625,3.3740234375,3.3779296875,2.712890625,1.7158203125,2.376953125,3.2548828125,3.3642578125,3.2470703125,3.376953125,3.3203125,3.3759765625,3.37109375,3.36328125,3.068359375,0.3779296875,-7.10543413386458e-15,2.9609375,3.37890625,3.359375,3.36328125,3.3662109375,3.3486328125,3.34765625,3.37890625,3.3623046875,3.375,0.6845703125,-7.10543413386458e-15,-7.10543413386458e-15,0.8779296875,3.3759765625,3.322265625,3.375,3.36328125,3.3076171875,3.37109375,3.376953125,3.37890625,2.7353515625,0.619140625,0.97265625,3.08984375,3.3779296875,3.3740234375,3.376953125,3.34765625,3.36328125,3.369140625,3.373046875,3.0185546875,2.7255859375,3.2119140625,0.6015625,2.4326171875,3.37890625,3.3779296875,3.3603515625,3.296875,3.2607421875,3.3564453125,3.376953125,3.3681640625,2.3701171875,0.6611328125,-7.10543413386458e-15,2.111328125,3.3779296875,3.37890625,3.3701171875,3.37890625,3.3759765625,3.3779296875,3.3779296875,3.37890625,2.818359375,2.9345703125,1.6376953125,3.109375,3.3701171875,3.3505859375,3.349609375,3.345703125,3.3671875,3.3740234375,3.35546875,3.375,1.7607421875,0.4873046875,1.3740234375,3.37890625,3.3779296875,3.37109375,3.3642578125,3.3408203125,3.2490234375,3.357421875,3.376953125,3.37890625,2.8271484375,0.6923828125,2.7548828125,2.8720703125,3.369140625,3.369140625,3.3740234375,3.3681640625,3.36328125,3.369140625,3.37890625,3.37890625,1.91796875,1.251953125,1.326171875,2.87109375,3.37109375,3.3701171875,3.369140625,3.236328125,3.365234375,3.3720703125,3.376953125,3.37890625,1.99609375,1.7109375,1.5869140625,2.3408203125,3.37890625,3.3662109375,3.3408203125,3.353515625,3.37109375,3.3095703125,3.3779296875,3.3740234375,3.33203125,1.6162109375,-7.10543413386458e-15,1.53125,3.3662109375,3.365234375,3.2626953125,3.3740234375,3.369140625,3.3642578125,3.37890625,3.37890625,1.634765625,0.9482421875,2.84765625,3.3642578125,3.3779296875,3.3623046875,3.35546875,3.333984375,3.3701171875,3.3779296875,3.3779296875,3.37890625,2.607421875,2.423828125,1.9384765625,3.3779296875,3.37890625,3.369140625,3.375,3.3740234375,3.3623046875,3.37890625,3.3779296875,3.087890625,1.5498046875,0.4755859375,1.7998046875,3.37890625,3.37890625,3.37890625,3.2578125,3.263671875,3.2939453125,3.3740234375,3.353515625,3.37890625,3.1083984375,0.07421875,2.37109375,3.37890625,3.376953125,3.3466796875,3.3046875,3.35546875,3.3193359375,3.3603515625,3.3447265625,3.3759765625,0.6767578125,-7.10543413386458e-15,0.078125,3.37890625,3.37890625,3.3779296875,3.3642578125,3.35546875,3.142578125,3.3701171875,3.37890625,3.359375,3.328125,1.46484375,2.6103515625,2.4140625,3.375,3.3681640625,3.359375,3.3671875,3.3515625,3.3486328125,3.3779296875,2.953125,0.2509765625,0.181640625,3.0830078125,3.3779296875,3.3779296875,3.3544921875,3.3720703125,3.3408203125,3.3486328125,3.3681640625,3.3720703125,3.3681640625,3.193359375,1.6640625,3.0869140625,3.37890625,3.37890625,3.3779296875,3.08203125,3.24609375,3.3720703125,3.3623046875,3.3779296875,3.37890625,3.3046875
EU_527,32.4423828125,20.6240234375,21.67578125,8.26171875,3.9052734375,3.658203125,3.869140625,3.1748046875,4.357421875,5.833984375,8.2900390625,16.427734375,31.5517578125,37.7744140625,17.876953125,7.625,3.8466796875,3.8408203125,3.4599609375,3.1416015625,5.2744140625,4.3603515625,9.265625,33.6787109375,32.453125,23.6044921875,20.0625,8.2109375,4.8212890625,3.21875,3.1845703125,3.3994140625,4.5400390625,5.791015625,7.37109375,20.5859375,35.2099609375,36.1630859375,20.884765625,9.7705078125,3.8291015625,2.8505859375,3.2890625,3.064453125,4.7392578125,7.158203125,7.279296875,24.7763671875,43.5185546875,29.2119140625,25.265625,8.966796875,5.498046875,3.5439453125,3.0986328125,3.26171875,4.2919921875,5.474609375,8.4873046875,24.705078125,40.994140625,25.888671875,20.5,9.728515625,4.68359375,3.2900390625,3.1142578125,3.7724609375,4.23828125,5.8134765625,10.2236328125,32.283203125,35.837890625,21.904296875,23.1474609375,11.5498046875,4.9150390625,3.3857421875,2.775390625,4.029296875,3.8974609375,4.84375,6.8408203125,17.73828125,26.4658203125,23.216796875,10.8173828125,5.5693359375,4.4375,3.5732421875,3.4794921875,3.5966796875,4.7802734375,5.58203125,9.51171875,23.7802734375,45.1044921875,38.8193359375,14.7236328125,7.0634765625,4.5546875,3.185546875,3.263671875,3.208984375,4.6845703125,5.2724609375,9.0048828125,28.1298828125,47.9873046875,42.328125,20.0712890625,7.126953125,4.095703125,3.6923828125,3.09765625,3.0771484375,4.12109375,5.9208984375,7.421875,20.7744140625,42.6728515625,25.7158203125,26.142578125,8.9951171875,5.3984375,3.5546875,2.861328125,3.76953125,4.6767578125,6.412109375,9.2119140625,33.0263671875,42.76171875,31.5166015625,25.5390625,6.556640625,4.162109375,3.4384765625,3.6865234375,3.0380859375,3.5693359375,5.634765625,8.142578125,24.2568359375,44.0751953125,23.4267578125,18.6953125,9.0703125,4.609375,3.33203125,3.2568359375,2.9130859375,4.30859375,5.7529296875,6.671875,23.1259765625,38.685546875,45.001953125,21.5341796875,8.75,5.1689453125,3.5224609375,2.67578125,3.57421875,4.494140625,5.1806640625,7.4755859375,11.3759765625,26.2265625,22.853515625,10.2841796875,5.7822265625,4.736328125,3.4814453125,3.2421875,3.537109375,3.8486328125,4.708984375,6.0732421875,8.62890625,27.7958984375,42.9072265625,16.0419921875,7.5810546875,4.26953125,3.3271484375,3.0,3.4287109375,4.6943359375,5.5185546875,6.802734375,14.919921875,35.5400390625,35.998046875,17.3505859375,6.787109375,4.65625,3.41796875,2.9169921875,3.3974609375,3.72265625,6.1396484375,8.6572265625,24.9345703125,45.0380859375,41.7470703125,15.1162109375,6.2255859375,4.2490234375,3.091796875,3.2939453125,3.0576171875,4.7841796875,5.2666015625,8.5322265625,26.71875,32.125,44.3876953125,25.392578125,7.0048828125,3.64453125,3.3330078125,2.87890625,2.998046875,4.04296875,5.0732421875,7.3623046875,21.001953125,39.9033203125,42.3271484375,15.451171875,6.6865234375,5.2548828125,3.0322265625,3.21484375,3.2919921875,4.4443359375,4.9248046875,8.05078125,16.1484375,26.5947265625,25.439453125,14.35546875,7.208984375,4.478515625,3.619140625,3.171875,3.2158203125,4.037109375,5.8759765625,6.828125,24.703125
EU_544,46.5634765625,35.8447265625,15.0703125,2.45703125,1.58984375,1.5703125,1.8212890625,1.822265625,2.603515625,3.029296875,4.240234375,21.5908203125,43.787109375,38.3671875,9.29296875,3.6982421875,1.8076171875,1.89453125,1.705078125,1.865234375,2.7890625,3.1640625,11.1015625,48.7783203125,44.3310546875,27.90625,6.111328125,2.822265625,1.6904296875,1.4970703125,1.7578125,1.9375,2.546875,2.884765625,4.0341796875,17.0927734375,45.4755859375,43.595703125,12.080078125,3.158203125,1.478515625,1.33203125,1.7294921875,1.7607421875,2.5888671875,3.4833984375,3.8623046875,12.927734375,44.318359375,31.6240234375,10.572265625,2.2607421875,1.9580078125,1.369140625,1.658203125,1.8759765625,2.2978515625,2.611328125,4.865234375,9.1259765625,43.4951171875,39.02734375,17.859375,3.181640625,1.6787109375,1.6279296875,1.5869140625,2.0048828125,2.4853515625,3.5087890625,8.0693359375,42.3828125,46.1640625,35.1162109375,18.5947265625,2.6767578125,1.923828125,1.6591796875,1.615234375,2.0283203125,2.5888671875,3.248046875,6.96484375,42.9208984375,43.451171875,36.4375,9.673828125,2.9521484375,1.6708984375,1.5234375,1.693359375,2.0546875,2.85546875,3.4306640625,6.646484375,40.203125,44.076171875,34.1708984375,5.9951171875,2.791015625,1.7607421875,1.5048828125,1.7978515625,1.81640625,3.13671875,2.966796875,5.701171875,31.5087890625,44.8017578125,40.166015625,14.8427734375,2.484375,1.587890625,1.740234375,1.6162109375,1.8623046875,2.447265625,3.263671875,4.0654296875,7.1689453125,35.939453125,30.841796875,9.85546875,2.099609375,1.85546875,1.60546875,1.5498046875,1.7001953125,2.4873046875,3.24609375,3.388671875,7.1474609375,35.580078125,29.1025390625,18.2255859375,3.1142578125,1.8125,1.525390625,1.7236328125,1.763671875,2.3935546875,4.32421875,12.1904296875,46.1962890625,46.6923828125,41.1396484375,13.451171875,2.7333984375,1.876953125,1.4169921875,1.5771484375,1.90625,2.431640625,2.9443359375,4.4677734375,32.0068359375,45.6201171875,37.1416015625,14.248046875,3.05078125,1.837890625,1.689453125,1.609375,1.8798828125,2.482421875,2.962890625,5.0986328125,33.630859375,43.1171875,27.54296875,10.15625,2.6953125,2.0693359375,1.5439453125,1.7470703125,1.8427734375,2.5751953125,3.513671875,4.908203125,18.7705078125,44.548828125,37.341796875,13.126953125,3.43359375,1.66796875,1.65234375,1.435546875,1.890625,2.5126953125,3.169921875,3.923828125,10.2978515625,30.904296875,16.375,5.6982421875,2.1240234375,1.9638671875,1.466796875,1.59765625,1.8896484375,2.548828125,3.1240234375,4.98046875,31.58203125,46.9228515625,23.77734375,5.1259765625,2.5791015625,1.716796875,1.4130859375,1.7470703125,1.8447265625,2.642578125,3.193359375,4.8720703125,25.013671875,43.880859375,39.8525390625,11.3798828125,2.3974609375,1.58203125,1.724609375,1.599609375,1.7578125,2.646484375,2.970703125,5.873046875,40.5595703125,47.1171875,38.83203125,8.6630859375,2.84375,2.0810546875,1.388671875,1.716796875,1.75390625,2.427734375,2.8779296875,4.66015625,25.8603515625,44.935546875,35.0361328125,10.0126953125,4.001953125,1.939453125,1.736328125,1.6142578125,1.8154296875,2.3642578125,3.0966796875,4.505859375,14.73828125
EU_58,3.505859375,3.505859375,3.505859375,4.11328125,2.9619140625,2.0390625,1.625,1.7392578125,2.1767578125,4.6884765625,6.880859375,6.2783203125,4.0400390625,4.0400390625,4.0400390625,4.6806640625,3.365234375,1.7333984375,1.3310546875,1.5986328125,2.779296875,4.693359375,5.3671875,1.806640625,1.806640625,1.806640625,1.806640625,3.7958984375,2.1943359375,1.72265625,1.580078125,1.330078125,2.599609375,6.5068359375,4.119140625,3.7568359375,3.7568359375,3.7568359375,3.7568359375,3.7568359375,3.2509765625,2.0888671875,1.376953125,1.94140625,2.6611328125,5.115234375,6.5302734375,2.80078125,1.08984375,1.08984375,1.08984375,2.689453125,3.33203125,1.8330078125,1.5068359375,1.65234375,3.162109375,5.5029296875,5.3720703125,-7.10543413386458e-15,-7.10543413386458e-15,-7.10543413386458e-15,-7.10543413386458e-15,0.0810546875,4.2470703125,1.888671875,1.4111328125,2.0673828125,2.4736328125,4.5439453125,6.806640625,1.9052734375,1.2734375,1.2734375,1.2734375,1.2734375,3.357421875,1.8388671875,1.564453125,1.6259765625,1.9912109375,4.107421875,6.8505859375,6.7001953125,4.791015625,1.70703125,1.70703125,4.298828125,3.267578125,1.8271484375,1.8349609375,1.7607421875,2.951171875,5.5947265625,6.439453125,5.19140625,5.5224609375,5.5224609375,5.384765625,4.6259765625,1.9814453125,2.2373046875,1.58984375,1.904296875,2.6865234375,5.1123046875,6.8818359375,5.021484375,3.97265625,3.97265625,3.97265625,4.5341796875,2.6376953125,1.935546875,1.4736328125,1.8154296875,2.6298828125,6.3505859375,6.859375,5.3115234375,4.3037109375,4.3037109375,4.3037109375,4.345703125,2.9912109375,1.783203125,1.158203125,1.4794921875,2.3193359375,5.7666015625,6.7568359375,5.3720703125,5.3720703125,5.3720703125,5.3720703125,5.3720703125,3.94140625,1.6884765625,1.330078125,1.642578125,2.5732421875,5.279296875,6.8544921875,6.7421875,2.3740234375,1.4296875,1.4296875,1.986328125,2.892578125,2.041015625,1.556640625,1.78125,2.6796875,4.412109375,6.791015625,2.345703125,1.6337890625,1.6337890625,1.6337890625,1.6337890625,2.7705078125,1.4853515625,1.517578125,1.58203125,2.419921875,5.4111328125,6.7998046875,6.107421875,6.0390625,5.490234375,5.490234375,5.1669921875,2.150390625,1.8623046875,1.3291015625,1.8232421875,2.107421875,5.0361328125,6.6904296875,2.1884765625,2.1884765625,2.1884765625,2.208984375,5.986328125,2.5029296875,2.1611328125,1.7568359375,1.5009765625,2.2451171875,6.08984375,6.86328125,6.2451171875,3.0673828125,3.0673828125,3.0673828125,4.716796875,1.591796875,1.87890625,1.7431640625,1.8525390625,2.44921875,6.28125,6.0546875,-7.10543413386458e-15,-7.10543413386458e-15,-7.10543413386458e-15,-7.10543413386458e-15,4.8486328125,2.7265625,2.353515625,1.72265625,2.0517578125,2.26953125,5.26953125,6.71875,3.41015625,0.7666015625,0.7666015625,0.7666015625,2.1318359375,2.1376953125,1.7734375,1.380859375,1.5771484375,2.5283203125,4.671875,6.833984375,0.0517578125,-7.10543413386458e-15,-7.10543413386458e-15,-7.10543413386458e-15,3.09765625,2.203125,1.576171875,1.7578125,1.564453125,2.7001953125,4.853515625,6.8798828125,6.8203125,6.072265625,3.947265625,6.7626953125,6.50390625,3.1064453125,1.544921875,1.9345703125,1.59765625,2.58203125,4.677734375,6.880859375,1.9921875
EU_715,0.8984375,2.3505859375,3.0703125,1.8740234375,1.9150390625,1.7001953125,1.5732421875,1.6015625,1.775390625,2.466796875,2.8837890625,2.27734375,1.83984375,0.3662109375,3.0849609375,2.154296875,1.7099609375,1.8388671875,1.5693359375,1.646484375,1.869140625,2.4951171875,3.22265625,2.111328125,2.0185546875,3.12109375,3.1787109375,2.7958984375,1.912109375,1.7236328125,1.5986328125,1.6640625,1.6962890625,2.6318359375,3.10546875,0.50390625,0.052734375,0.2138671875,0.4375,2.7197265625,1.7509765625,1.8046875,1.625,1.4970703125,1.8330078125,2.220703125,3.21484375,3.0068359375,2.63671875,2.890625,3.0263671875,2.4228515625,1.7919921875,1.6630859375,1.560546875,1.5947265625,1.6357421875,2.5859375,3.0888671875,2.505859375,3.2353515625,0.728515625,1.9482421875,2.1376953125,1.642578125,1.638671875,1.6337890625,1.5986328125,1.6396484375,2.2099609375,3.224609375,3.1318359375,0.6875,-7.10543413386458e-15,1.7177734375,1.9716796875,1.8671875,1.568359375,1.658203125,1.4921875,1.708984375,1.8232421875,3.0244140625,3.109375,3.224609375,2.5205078125,2.6826171875,2.2763671875,1.6875,1.5732421875,1.556640625,1.580078125,1.6865234375,2.009765625,2.99609375,2.8125,0.0380859375,0.2197265625,2.7529296875,2.107421875,1.880859375,1.59375,1.626953125,1.529296875,1.876953125,2.314453125,3.23046875,1.7529296875,-7.10543413386458e-15,2.0859375,3.1318359375,2.173828125,1.7802734375,1.54296875,1.5439453125,1.5751953125,1.7939453125,1.8173828125,2.826171875,2.9423828125,1.8779296875,0.6669921875,3.0556640625,1.9814453125,1.693359375,1.5927734375,1.521484375,1.5703125,1.7001953125,2.7587890625,3.1123046875,3.2568359375,1.8857421875,0.9716796875,1.6064453125,2.923828125,1.8017578125,1.6337890625,1.564453125,1.716796875,1.853515625,2.6318359375,2.701171875,3.2744140625,2.384765625,-7.10543413386458e-15,0.5498046875,1.873046875,1.5791015625,1.564453125,1.6044921875,1.59765625,1.6259765625,1.7509765625,2.87890625,1.6416015625,1.12890625,3.298828125,3.1376953125,2.1279296875,1.619140625,1.572265625,1.5712890625,1.580078125,1.9345703125,2.0830078125,2.6884765625,1.8349609375,1.41796875,0.3271484375,2.794921875,2.349609375,1.7265625,1.669921875,1.5986328125,1.4931640625,1.9267578125,2.7509765625,2.978515625,1.7900390625,0.814453125,2.2294921875,3.1025390625,2.5224609375,1.798828125,1.609375,1.564453125,1.697265625,1.630859375,2.6552734375,3.22265625,3.2626953125,0.56640625,2.4345703125,2.845703125,2.216796875,1.7275390625,1.6435546875,1.611328125,1.5458984375,1.82421875,2.71484375,3.134765625,2.4130859375,2.4443359375,2.2265625,2.95703125,2.150390625,1.6806640625,1.611328125,1.560546875,1.6513671875,1.8427734375,2.4638671875,3.0859375,3.306640625,1.5615234375,2.7314453125,3.03125,1.9775390625,1.6103515625,1.5595703125,1.5517578125,1.6533203125,1.6669921875,2.001953125,2.921875,2.7802734375,3.0673828125,3.177734375,2.9970703125,2.1123046875,1.6669921875,1.572265625,1.5673828125,1.6181640625,1.8349609375,1.681640625,2.9013671875,3.2880859375,3.248046875,3.0634765625,2.8115234375,2.6806640625,1.98828125,1.638671875,1.583984375,1.5830078125,1.751953125,2.1572265625,3.2880859375,2.0224609375
EU_744,-7.10543413386458e-15,-7.10543413386458e-15,-7.10543413386458e-15,1.1240234375,1.5947265625,1.5830078125,1.6611328125,1.74609375,1.9150390625,1.994140625,1.7314453125,1.150390625,-7.10543413386458e-15,-7.10543413386458e-15,-7.10543413386458e-15,0.8837890625,1.560546875,1.4658203125,1.427734375,1.458984375,1.8212890625,1.9921875,0.921875,-7.10543413386458e-15,-7.10543413386458e-15,-7.10543413386458e-15,0.3251953125,1.220703125,1.4892578125,1.4912109375,1.41015625,1.404296875,1.8056640625,1.39453125,0.15234375,-7.10543413386458e-15,-7.10543413386458e-15,-7.10543413386458e-15,-7.10543413386458e-15,0.3046875,1.4638671875,1.5126953125,1.4150390625,1.5673828125,1.87890625,1.7783203125,1.8818359375,0.4033203125,-7.10543413386458e-15,-7.10543413386458e-15,-7.10543413386458e-15,0.83203125,1.5849609375,1.4892578125,1.443359375,1.44921875,1.8720703125,1.994140625,1.193359375,-7.10543413386458e-15,0.236328125,-7.10543413386458e-15,-7.10543413386458e-15,0.4853515625,1.52734375,1.484375,1.458984375,1.5556640625,1.9169921875,1.93359375,1.3955078125,0.4228515625,0.4228515625,0.4228515625,0.4228515625,0.640625,1.55078125,1.4873046875,1.46875,1.4833984375,1.8623046875,1.99609375,1.302734375,1.400390625,0.9755859375,-7.10543413386458e-15,0.1552734375,1.36328125,1.6884765625,1.548828125,1.568359375,1.630859375,1.9365234375,1.9521484375,0.7353515625,0.3701171875,0.044921875,0.5185546875,0.509765625,1.8427734375,1.8193359375,1.8955078125,1.74609375,1.9208984375,1.939453125,2.0,1.4501953125,0.3447265625,-7.10543413386458e-15,-7.10543413386458e-15,-7.10543413386458e-15,0.865234375,1.65625,1.833984375,1.78515625,1.947265625,1.9912109375,2.0,1.0595703125,1.2548828125,0.880859375,0.880859375,0.880859375,1.3115234375,1.5712890625,1.474609375,1.4150390625,1.46484375,1.828125,1.9892578125,1.6357421875,-7.10543413386458e-15,-7.10543413386458e-15,-7.10543413386458e-15,-7.10543413386458e-15,0.2744140625,1.5009765625,1.45703125,1.4228515625,1.4677734375,1.8125,1.9931640625,2.0,1.2412109375,0.0771484375,-7.10543413386458e-15,-7.10543413386458e-15,0.595703125,1.5146484375,1.5009765625,1.43359375,1.4970703125,1.8896484375,1.9189453125,1.8515625,-7.10543413386458e-15,-7.10543413386458e-15,-7.10543413386458e-15,-7.10543413386458e-15,0.21484375,1.34765625,1.4501953125,1.4482421875,1.44140625,1.7001953125,1.9814453125,1.9736328125,1.0595703125,0.5654296875,-7.10543413386458e-15,0.396484375,1.3779296875,1.51953125,1.4853515625,1.439453125,1.5908203125,1.8232421875,1.732421875,1.53125,0.662109375,0.6552734375,0.6552734375,1.3701171875,1.8173828125,1.5849609375,1.53515625,1.48828125,1.46875,1.833984375,1.982421875,1.677734375,1.712890625,0.814453125,0.814453125,0.814453125,1.869140625,1.4765625,1.4970703125,1.447265625,1.5546875,1.8046875,2.0,0.5009765625,0.177734375,0.0986328125,-7.10543413386458e-15,0.3095703125,1.6474609375,1.6455078125,1.65234375,1.5556640625,1.681640625,1.9169921875,1.9931640625,1.8779296875,0.3828125,0.20703125,-7.10543413386458e-15,-7.10543413386458e-15,0.6875,1.466796875,1.484375,1.4228515625,1.501953125,1.7705078125,1.970703125,1.654296875,-7.10543413386458e-15,-7.10543413386458e-15,-7.10543413386458e-15,0.3408203125,1.2958984375,1.826171875,1.57421875,1.6845703125,1.8251953125,1.9677734375,1.9501953125,1.5380859375,1.20703125,1.40234375,1.19140625,1.73828125,1.97265625,1.8525390625,1.39453125,1.7099609375,1.8955078125,1.96484375,1.98046875,2.0,0.1201171875
EU_832,5.9052734375,5.9052734375,5.9052734375,6.103515625,10.9716796875,8.7431640625,5.28125,5.7900390625,9.015625,11.087890625,10.330078125,8.5498046875,6.3955078125,6.3955078125,6.3955078125,6.5595703125,10.9609375,7.9814453125,5.876953125,6.5966796875,7.3310546875,10.7275390625,8.12109375,6.2587890625,6.2587890625,6.2587890625,6.2587890625,6.3232421875,10.451171875,6.49609375,5.4375,5.5859375,7.6474609375,9.376953125,6.05078125,6.0263671875,6.0263671875,6.0263671875,6.0263671875,6.0263671875,8.78515625,9.099609375,4.4072265625,5.6884765625,7.849609375,9.4521484375,9.416015625,6.6318359375,6.75390625,6.75390625,6.75390625,6.75390625,9.630859375,8.1455078125,5.8740234375,6.005859375,7.84765625,10.212890625,8.7470703125,4.4853515625,4.4853515625,4.4853515625,4.4853515625,4.4853515625,8.3447265625,7.7890625,5.353515625,6.4013671875,7.85546875,9.71875,10.30078125,5.783203125,5.02734375,5.02734375,5.02734375,5.02734375,8.8583984375,8.2080078125,6.4990234375,5.2265625,7.556640625,9.40234375,7.7119140625,8.8212890625,0.5771484375,0.6533203125,0.6533203125,3.2314453125,10.8515625,7.212890625,5.1025390625,5.22265625,7.9052734375,9.83203125,7.720703125,4.38671875,4.3251953125,4.3251953125,4.3251953125,5.021484375,10.765625,7.697265625,6.0185546875,6.7197265625,7.5732421875,10.5146484375,10.08984375,5.0625,3.6728515625,3.6728515625,3.6728515625,3.6728515625,9.0498046875,8.0712890625,5.96875,5.705078125,7.697265625,11.0771484375,7.5556640625,4.806640625,3.982421875,3.982421875,3.982421875,3.982421875,8.2431640625,7.501953125,4.8681640625,5.5029296875,7.32421875,10.6474609375,7.794921875,-7.10543413386458e-15,-7.10543413386458e-15,-7.10543413386458e-15,-7.10543413386458e-15,-7.10543413386458e-15,7.599609375,8.1015625,5.2255859375,5.9794921875,7.0224609375,10.763671875,10.44140625,9.794921875,2.5546875,2.0634765625,2.0634765625,2.0634765625,9.9091796875,7.2841796875,5.9609375,5.6142578125,7.853515625,9.6337890625,9.8857421875,0.556640625,-7.10543413386458e-15,-7.10543413386458e-15,-7.10543413386458e-15,-7.10543413386458e-15,9.787109375,6.61328125,5.8681640625,5.4375,6.7890625,11.1474609375,10.7431640625,7.5537109375,2.751953125,-7.10543413386458e-15,-7.10543413386458e-15,5.12890625,10.6025390625,7.115234375,4.25390625,5.0986328125,6.935546875,9.5986328125,8.517578125,6.1025390625,5.6533203125,5.6533203125,5.6533203125,6.68359375,10.7587890625,7.9970703125,6.021484375,5.54296875,6.7373046875,10.8583984375,10.73828125,9.4833984375,6.9716796875,6.9716796875,6.9716796875,7.6953125,9.796875,7.3671875,5.298828125,6.4111328125,7.4169921875,10.689453125,7.966796875,7.03125,7.03125,7.03125,7.03125,7.048828125,10.546875,8.818359375,6.1279296875,6.154296875,6.6572265625,9.8779296875,9.3642578125,3.927734375,3.072265625,3.072265625,3.072265625,3.072265625,8.27734375,7.623046875,4.69140625,5.12109375,7.421875,10.837890625,10.41796875,2.9228515625,-7.10543413386458e-15,-7.10543413386458e-15,-7.10543413386458e-15,1.78125,10.8544921875,7.3779296875,5.859375,6.53125,7.4033203125,11.0390625,9.1923828125,8.076171875,5.4462890625,-7.10543413386458e-15,-7.10543413386458e-15,7.5703125,10.9853515625,6.1318359375,5.8935546875,6.0341796875,7.7548828125,9.1787109375,11.103515625,7.0205078125
EU_846,-7.10543413386458e-15,-7.10543413386458e-15,-7.10543413386458e-15,-7.10543413386458e-15,3.3544921875,11.9775390625,11.5849609375,11.9404296875,11.9990234375,11.94140625,9.888671875,11.4033203125,11.4033203125,11.4033203125,11.4033203125,11.4033203125,11.583984375,11.9765625,11.9931640625,11.298828125,11.9921875,8.58984375,-7.10543413386458e-15,-7.10543413386458e-15,-7.10543413386458e-15,-7.10543413386458e-15,-7.10543413386458e-15,-7.10543413386458e-15,6.0361328125,11.9833984375,11.9541015625,11.693359375,11.9775390625,6.310546875,-7.10543413386458e-15,-7.10543413386458e-15,-7.10543413386458e-15,-7.10543413386458e-15,-7.10543413386458e-15,-7.10543413386458e-15,4.9990234375,11.9775390625,9.84375,10.921875,11.9873046875,10.00390625,1.521484375,-7.10543413386458e-15,-7.10543413386458e-15,-7.10543413386458e-15,-7.10543413386458e-15,-7.10543413386458e-15,3.58984375,11.96484375,11.7509765625,11.2705078125,11.9951171875,11.6318359375,4.4580078125,-7.10543413386458e-15,-7.10543413386458e-15,-7.10543413386458e-15,-7.10543413386458e-15,-7.10543413386458e-15,2.5673828125,11.9716796875,11.3310546875,11.8115234375,11.998046875,10.568359375,8.759765625,5.2216796875,5.2216796875,5.2216796875,5.2216796875,5.2216796875,7.3359375,12.0,11.908203125,11.833984375,12.0,8.7451171875,-7.10543413386458e-15,-7.10543413386458e-15,-7.10543413386458e-15,-7.10543413386458e-15,-7.10543413386458e-15,-7.10543413386458e-15,3.73046875,11.9658203125,11.5791015625,9.8076171875,11.9931640625,11.9951171875,3.5693359375,-7.10543413386458e-15,-7.10543413386458e-15,-7.10543413386458e-15,-7.10543413386458e-15,-7.10543413386458e-15,0.583984375,11.955078125,11.9658203125,11.916015625,11.9912109375,11.958984375,2.0546875,-7.10543413386458e-15,-7.10543413386458e-15,-7.10543413386458e-15,-7.10543413386458e-15,-7.10543413386458e-15,3.3359375,11.59375,11.080078125,9.45703125,12.0,10.7587890625,7.703125,7.703125,7.703125,7.703125,7.703125,7.703125,8.919921875,11.978515625,11.9638671875,11.9951171875,11.984375,11.7724609375,0.560546875,-7.10543413386458e-15,-7.10543413386458e-15,-7.10543413386458e-15,-7.10543413386458e-15,-7.10543413386458e-15,3.30859375,11.9775390625,11.943359375,11.986328125,11.9853515625,11.99609375,5.6162109375,-7.10543413386458e-15,-7.10543413386458e-15,-7.10543413386458e-15,-7.10543413386458e-15,-7.10543413386458e-15,4.7763671875,11.99609375,11.8935546875,11.9619140625,12.0,9.798828125,-7.10543413386458e-15,-7.10543413386458e-15,-7.10543413386458e-15,-7.10543413386458e-15,-7.10543413386458e-15,-7.10543413386458e-15,5.22265625,11.9873046875,11.5576171875,10.2119140625,11.99609375,8.2314453125,-7.10543413386458e-15,-7.10543413386458e-15,-7.10543413386458e-15,-7.10543413386458e-15,-7.10543413386458e-15,-7.10543413386458e-15,4.3916015625,11.9794921875,9.8330078125,9.8857421875,11.998046875,9.0390625,-7.10543413386458e-15,-7.10543413386458e-15,-7.10543413386458e-15,-7.10543413386458e-15,-7.10543413386458e-15,-7.10543413386458e-15,6.123046875,11.9931640625,11.9921875,11.7744140625,11.9677734375,11.95703125,3.0361328125,-7.10543413386458e-15,-7.10543413386458e-15,-7.10543413386458e-15,-7.10543413386458e-15,-7.10543413386458e-15,7.921875,11.880859375,10.9892578125,11.9296875,11.9814453125,11.7841796875,1.8798828125,-7.10543413386458e-15,-7.10543413386458e-15,-7.10543413386458e-15,-7.10543413386458e-15,-7.10543413386458e-15,-7.10543413386458e-15,10.896484375,11.5361328125,11.6767578125,11.994140625,11.8154296875,-7.10543413386458e-15,-7.10543413386458e-15,-7.10543413386458e-15,-7.10543413386458e-15,-7.10543413386458e-15,-7.10543413386458e-15,5.392578125,11.98828125,9.47265625,11.033203125,12.0,11.20703125,6.3828125,10.1650390625,10.1650390625,10.1650390625,10.1650390625,10.1650390625,11.2763671875,11.9931640625,11.310546875,11.9833984375,11.994140625,9.6826171875,-7.10543413386458e-15,-7.10543413386458e-15,-7.10543413386458e-15,-7.10543413386458e-15,-7.10543413386458e-15,-7.10543413386458e-15,2.9775390625,11.970703125,10.8447265625,11.998046875,11.998046875,11.9970703125,6.328125,-7.10543413386458e-15
EU_911,23.2158203125,8.251953125,28.279296875,16.2783203125,5.7900390625,4.0771484375,4.78515625,3.408203125,5.04296875,6.8974609375,12.005859375,26.4375,43.8388671875,41.0908203125,22.064453125,15.7529296875,5.9970703125,5.5986328125,4.09375,3.298828125,6.701171875,5.2724609375,10.9423828125,30.896484375,12.9775390625,10.0234375,31.0771484375,15.8369140625,6.560546875,4.21484375,3.9658203125,4.068359375,5.5986328125,7.17578125,10.404296875,19.236328125,42.02734375,13.544921875,23.5556640625,18.4580078125,6.2548828125,3.517578125,3.546875,3.3857421875,5.5615234375,8.5048828125,9.2392578125,32.2763671875,41.123046875,14.9208984375,23.9765625,18.7373046875,8.125,4.7509765625,4.1337890625,4.2080078125,4.9921875,6.1298828125,10.75,29.74609375,41.5400390625,10.9931640625,17.8203125,25.328125,8.376953125,4.35546875,4.2890625,4.9150390625,5.16796875,7.458984375,13.2001953125,43.8525390625,17.267578125,6.7568359375,17.396484375,25.107421875,7.5546875,5.423828125,3.083984375,5.26171875,4.69140625,6.193359375,8.91015625,25.7744140625,41.3974609375,41.740234375,24.205078125,10.072265625,5.8798828125,4.4296875,4.1484375,4.1552734375,6.1708984375,6.9375,14.4404296875,35.16796875,43.6982421875,28.9013671875,33.212890625,16.08984375,6.16796875,4.12109375,4.0830078125,3.83203125,6.0029296875,6.6142578125,9.8076171875,24.919921875,25.244140625,10.044921875,25.857421875,12.58203125,6.5361328125,5.0205078125,3.794921875,3.3603515625,4.6083984375,7.880859375,9.4462890625,33.4462890625,31.5859375,8.89453125,16.8525390625,25.4931640625,8.64453125,4.7744140625,3.9072265625,4.78515625,6.0205078125,8.4970703125,13.3955078125,44.8134765625,20.04296875,8.8994140625,26.2685546875,14.5302734375,6.4208984375,4.27734375,4.556640625,3.5693359375,3.916015625,7.673828125,9.609375,26.6572265625,44.091796875,15.443359375,27.400390625,15.6240234375,7.7099609375,3.8984375,3.796875,3.3603515625,5.423828125,6.359375,9.1630859375,36.986328125,33.0673828125,10.75390625,14.189453125,26.7041015625,8.5576171875,5.6240234375,3.21875,3.84375,5.236328125,6.6650390625,13.15625,42.3837890625,44.556640625,38.080078125,17.826171875,10.3671875,7.8359375,3.9775390625,3.984375,4.41015625,5.1884765625,6.345703125,7.3857421875,13.486328125,43.259765625,25.345703125,27.423828125,14.8515625,6.501953125,4.0068359375,3.25,3.9521484375,5.9951171875,7.169921875,9.080078125,27.4365234375,43.501953125,38.453125,29.2529296875,12.1123046875,7.35546875,4.4814453125,3.599609375,4.138671875,4.494140625,7.611328125,10.67578125,24.0078125,34.9697265625,16.947265625,27.8955078125,14.390625,6.5458984375,3.69140625,3.9287109375,3.330078125,5.9921875,6.43359375,10.390625,36.0361328125,19.97265625,17.298828125,18.427734375,19.431640625,5.8486328125,4.30859375,3.28125,3.6630859375,4.7587890625,6.4931640625,10.5888671875,34.7119140625,45.4296875,43.2822265625,23.1396484375,12.4169921875,8.5654296875,3.6953125,3.732421875,3.6455078125,4.9580078125,5.5107421875,10.91796875,13.8583984375,36.6767578125,40.4775390625,28.421875,13.767578125,5.9990234375,4.3125,3.6181640625,4.2421875,4.68359375,7.5400390625,8.5517578125,19.0458984375
NA_1018,13.5283203125,13.5283203125,13.5283203125,14.2451171875,19.2353515625,11.18359375,6.9580078125,6.6494140625,12.5263671875,19.6025390625,13.3134765625,8.1103515625,8.1103515625,8.1103515625,8.1103515625,8.11328125,18.212890625,10.0234375,6.83984375,7.0390625,9.82421875,17.5234375,20.0029296875,17.783203125,18.0224609375,18.0224609375,18.0224609375,18.0224609375,19.1015625,10.95703125,6.3837890625,7.2998046875,10.107421875,19.052734375,10.544921875,9.7197265625,9.7197265625,9.7197265625,9.7197265625,10.2705078125,17.73046875,9.328125,6.892578125,6.2548828125,12.1591796875,18.03515625,12.4208984375,9.255859375,9.255859375,9.255859375,9.255859375,10.5615234375,19.8740234375,12.994140625,6.7353515625,8.21484375,9.88671875,19.587890625,17.556640625,11.5888671875,11.603515625,11.603515625,11.603515625,13.955078125,19.9072265625,10.2529296875,6.416015625,8.0146484375,10.1865234375,19.6728515625,18.4921875,12.275390625,12.26953125,12.26953125,12.26953125,13.498046875,16.568359375,8.322265625,5.765625,6.48046875,10.1220703125,17.0322265625,14.4931640625,11.8115234375,11.8115234375,11.8115234375,11.8115234375,12.35546875,19.9794921875,10.490234375,5.5810546875,8.572265625,13.3359375,20.0517578125,18.53125,12.09765625,12.09765625,12.09765625,12.09765625,12.09765625,17.5146484375,10.6796875,6.5,7.380859375,10.84765625,17.939453125,18.0380859375,11.9365234375,11.9365234375,11.9365234375,11.9365234375,11.9365234375,16.8876953125,11.3671875,7.8681640625,6.705078125,8.5029296875,18.7998046875,19.06640625,14.3623046875,14.2216796875,14.2216796875,14.2216796875,15.734375,19.421875,11.0576171875,5.966796875,6.95703125,12.2802734375,16.9482421875,14.6240234375,3.2470703125,3.2470703125,3.2470703125,3.2470703125,3.2470703125,16.18359375,10.265625,7.05859375,6.46484375,8.892578125,15.8759765625,14.611328125,6.7646484375,6.7646484375,6.7646484375,6.7646484375,12.5927734375,17.1923828125,8.6220703125,5.3095703125,5.955078125,10.6611328125,19.47265625,14.8896484375,11.6220703125,11.6220703125,11.6220703125,11.6220703125,11.6220703125,15.9443359375,11.05078125,6.65234375,5.83984375,9.02734375,18.5048828125,16.908203125,14.583984375,14.583984375,14.583984375,14.583984375,14.583984375,16.35546875,11.8056640625,6.6982421875,5.8935546875,10.3046875,19.2919921875,16.6669921875,12.7109375,12.7109375,12.7109375,12.7109375,13.7900390625,16.7666015625,8.5556640625,6.2958984375,6.0615234375,10.080078125,15.4208984375,19.232421875,10.1748046875,10.1337890625,10.1337890625,10.1337890625,13.716796875,16.248046875,8.212890625,5.564453125,6.810546875,9.8388671875,18.4150390625,20.109375,17.1767578125,17.4150390625,17.4150390625,17.4150390625,17.9375,16.8955078125,9.306640625,6.8369140625,6.642578125,10.4189453125,17.6552734375,10.564453125,5.5947265625,5.5947265625,5.5947265625,5.5947265625,5.5947265625,15.0146484375,7.9169921875,7.2548828125,7.0166015625,12.4970703125,20.08203125,13.30078125,9.85546875,9.85546875,9.85546875,9.85546875,10.3740234375,18.4814453125,9.318359375,7.0537109375,7.751953125,9.2705078125,19.33203125,14.25390625,12.91015625,12.91015625,12.91015625,12.91015625,12.91015625,18.451171875,11.1865234375,7.04296875,7.3056640625,11.7197265625,18.599609375,12.0322265625,6.6865234375
NA_1020,1.267578125,-7.10543413386458e-15,10.044921875,26.0947265625,24.87890625,15.8193359375,11.6787109375,10.560546875,13.7744140625,21.9208984375,26.24609375,10.75,-7.10543413386458e-15,-7.10543413386458e-15,-7.10543413386458e-15,8.7333984375,24.7978515625,13.359375,11.7080078125,10.630859375,12.5078125,18.51171875,26.2353515625,24.009765625,17.4833984375,17.4833984375,16.9775390625,25.3779296875,25.6962890625,16.6044921875,11.5546875,10.7314453125,12.8505859375,20.9853515625,26.208984375,14.4013671875,8.5224609375,8.5224609375,8.5224609375,13.8837890625,25.69140625,16.6787109375,11.9423828125,10.462890625,11.5419921875,20.4384765625,26.24609375,14.3603515625,-7.10543413386458e-15,-7.10543413386458e-15,-7.10543413386458e-15,13.6982421875,25.787109375,19.74609375,10.974609375,10.7587890625,14.3046875,20.5869140625,26.1279296875,15.9189453125,0.2265625,-7.10543413386458e-15,-7.10543413386458e-15,23.380859375,26.021484375,16.337890625,10.58203125,10.138671875,13.0830078125,19.298828125,26.228515625,18.52734375,10.40625,2.2919921875,1.255859375,26.130859375,23.724609375,14.1298828125,11.1015625,10.8896484375,13.263671875,20.5205078125,26.2080078125,25.1396484375,4.5615234375,-7.10543413386458e-15,0.1689453125,15.734375,25.30078125,15.1630859375,10.509765625,9.8935546875,13.3447265625,17.9521484375,26.2490234375,14.412109375,11.5234375,11.5888671875,11.5888671875,21.5537109375,25.30859375,16.4140625,11.107421875,10.75390625,14.90625,23.158203125,25.8515625,18.4111328125,8.193359375,8.193359375,8.193359375,23.6728515625,26.12890625,18.7587890625,11.9189453125,10.6748046875,15.296875,25.0576171875,26.2490234375,15.248046875,-7.10543413386458e-15,-7.10543413386458e-15,11.50390625,26.150390625,25.552734375,14.6650390625,10.697265625,10.13671875,14.0341796875,21.8896484375,26.1474609375,23.755859375,-7.10543413386458e-15,-7.10543413386458e-15,2.2138671875,24.001953125,25.8564453125,17.9970703125,11.458984375,11.6201171875,12.396484375,21.9208984375,26.2138671875,25.373046875,2.2607421875,-7.10543413386458e-15,11.0947265625,26.0400390625,21.82421875,15.162109375,9.9775390625,9.625,13.1982421875,19.080078125,25.4248046875,20.37109375,0.0244140625,0.0615234375,10.359375,25.96484375,26.1923828125,16.3447265625,9.6181640625,10.8349609375,14.5712890625,20.5947265625,26.1611328125,10.681640625,2.2998046875,-7.10543413386458e-15,-7.10543413386458e-15,16.8603515625,24.7392578125,14.4345703125,11.8935546875,10.111328125,13.5654296875,17.2041015625,25.91015625,25.3876953125,2.0185546875,2.359375,2.359375,10.591796875,26.009765625,20.138671875,11.94921875,11.2509765625,12.5859375,22.779296875,26.248046875,25.857421875,9.0009765625,9.8232421875,3.888671875,26.1279296875,23.96484375,15.517578125,10.2626953125,10.6533203125,11.984375,18.3583984375,26.2294921875,12.4541015625,0.1796875,-7.10543413386458e-15,0.3544921875,21.2607421875,24.974609375,16.3115234375,10.279296875,11.080078125,12.4658203125,18.0,25.31640625,20.9716796875,8.2197265625,2.2265625,7.1591796875,25.9189453125,26.0830078125,21.0224609375,11.4306640625,9.9853515625,13.3896484375,23.48828125,25.73046875,14.3701171875,-7.10543413386458e-15,-7.10543413386458e-15,0.2744140625,26.10546875,25.71484375,18.2314453125,10.6728515625,10.6787109375,13.6025390625,20.8271484375,26.2119140625,18.9609375,9.51171875,9.51171875,10.150390625,25.384765625,26.2236328125,19.9150390625,11.07421875,11.828125,16.6513671875,23.91015625,26.2470703125,25.515625
NA_1037,25.6865234375,25.6865234375,25.6865234375,25.6416015625,46.142578125,30.0498046875,15.0283203125,12.8134765625,21.1884765625,29.220703125,45.8232421875,30.255859375,23.853515625,23.853515625,23.853515625,24.6357421875,47.572265625,29.751953125,17.16015625,14.560546875,18.9892578125,29.5302734375,50.0,44.615234375,32.13671875,32.0341796875,32.0341796875,31.1259765625,37.9501953125,35.4736328125,16.9560546875,14.814453125,17.0009765625,32.6630859375,49.0791015625,26.7255859375,24.8642578125,24.8642578125,24.8642578125,24.8642578125,35.849609375,34.6455078125,16.96484375,13.322265625,18.2119140625,28.8984375,48.7333984375,30.935546875,24.9443359375,24.9443359375,24.9443359375,25.2822265625,41.8583984375,33.970703125,13.986328125,17.3466796875,17.69921875,22.8486328125,47.82421875,37.37890625,30.59765625,30.59765625,30.59765625,30.3603515625,40.0703125,34.373046875,15.1298828125,13.3095703125,16.42578125,27.390625,48.857421875,29.5810546875,19.146484375,19.146484375,19.146484375,21.6328125,45.8564453125,26.6259765625,13.9501953125,14.7890625,17.3056640625,34.1201171875,49.9853515625,35.6015625,20.4755859375,20.4755859375,20.4755859375,20.38671875,43.5048828125,25.6181640625,15.732421875,14.5380859375,18.6083984375,21.291015625,46.3662109375,29.6708984375,24.4482421875,24.4482421875,24.4482421875,25.0546875,41.1513671875,28.4638671875,16.583984375,13.271484375,15.4892578125,29.2607421875,48.3310546875,33.05859375,30.2373046875,30.2373046875,30.2373046875,30.0380859375,38.4140625,29.009765625,16.26953125,14.453125,14.94921875,35.0078125,49.9638671875,33.3916015625,15.17578125,15.17578125,15.17578125,27.689453125,46.4248046875,23.564453125,15.736328125,13.9248046875,19.732421875,30.5390625,49.904296875,42.0634765625,41.1328125,41.1328125,41.1328125,41.1328125,40.5947265625,31.8037109375,15.091796875,13.3447265625,15.4130859375,24.0791015625,47.7802734375,43.447265625,33.083984375,33.083984375,33.1171875,34.84375,47.33984375,27.1748046875,13.6455078125,14.1767578125,17.134765625,31.2353515625,49.7587890625,33.2314453125,19.5322265625,19.5322265625,19.5322265625,19.537109375,42.076171875,33.5791015625,16.6171875,13.451171875,16.31640625,25.912109375,49.2431640625,33.9052734375,31.828125,31.828125,31.828125,31.828125,37.7724609375,35.2216796875,18.81640625,12.56640625,19.1083984375,24.630859375,48.61328125,26.03515625,23.505859375,23.505859375,23.505859375,23.5068359375,39.39453125,30.30078125,15.759765625,13.6669921875,15.185546875,29.4970703125,49.880859375,47.8505859375,29.8642578125,28.771484375,28.771484375,28.771484375,33.1826171875,40.498046875,18.248046875,13.376953125,15.9599609375,27.1904296875,49.7783203125,38.5556640625,28.3857421875,28.3857421875,28.3857421875,29.076171875,38.8427734375,33.404296875,15.4462890625,13.27734375,13.6396484375,24.2939453125,46.3857421875,37.27734375,31.7373046875,31.7373046875,31.7373046875,31.7373046875,38.0439453125,37.353515625,17.107421875,11.5146484375,17.80859375,35.5244140625,48.8603515625,29.7666015625,27.97265625,27.97265625,27.97265625,27.97265625,32.681640625,41.5185546875,17.310546875,13.9794921875,17.9091796875,28.2294921875,47.85546875,31.9384765625,27.3525390625,27.3525390625,27.3525390625,27.435546875,38.998046875,39.12890625,14.4638671875,11.67578125,20.822265625,34.0712890625,49.6181640625,33.5029296875
NA_1058,16.0693359375,16.0693359375,16.0693359375,16.0693359375,16.5478515625,19.974609375,10.931640625,9.6484375,16.9951171875,20.666015625,9.599609375,7.7734375,7.7734375,7.7734375,7.7734375,7.7734375,9.1083984375,18.685546875,9.916015625,9.8623046875,12.40625,19.830078125,13.4140625,12.2978515625,12.298828125,12.298828125,12.298828125,12.298828125,12.298828125,17.2890625,13.025390625,11.15625,13.40234375,16.662109375,11.0244140625,11.0244140625,11.0244140625,11.0244140625,11.0244140625,11.0244140625,12.26171875,19.6123046875,11.17578125,9.44140625,13.7109375,20.6796875,14.185546875,13.5751953125,13.5751953125,13.5751953125,13.5751953125,13.5751953125,13.5751953125,17.271484375,12.8857421875,11.15625,15.6728515625,19.349609375,11.9052734375,11.8466796875,11.8466796875,11.8466796875,11.8466796875,11.8466796875,12.15625,19.634765625,11.3076171875,10.763671875,14.373046875,20.640625,16.783203125,15.4296875,15.4296875,15.4296875,15.4296875,15.4296875,17.6953125,16.404296875,9.9033203125,8.876953125,13.697265625,20.35546875,9.701171875,9.181640625,9.181640625,9.181640625,9.181640625,9.181640625,15.1328125,18.3212890625,8.859375,11.0986328125,17.6259765625,20.8271484375,14.8017578125,13.623046875,13.623046875,13.623046875,13.623046875,13.623046875,13.623046875,18.9912109375,10.4423828125,9.9599609375,16.365234375,20.66796875,16.033203125,14.09375,14.09375,14.09375,14.09375,14.09375,14.09375,17.4560546875,14.251953125,9.5927734375,11.279296875,19.6552734375,6.9228515625,6.0478515625,6.0478515625,6.0478515625,6.0478515625,6.0478515625,12.1240234375,17.7421875,9.2744140625,8.6337890625,15.6875,20.466796875,12.77734375,10.38671875,10.38671875,10.38671875,10.38671875,10.38671875,11.2353515625,20.11328125,10.8408203125,9.6865234375,13.685546875,20.736328125,16.0048828125,13.82421875,13.82421875,13.82421875,13.82421875,13.82421875,14.5498046875,18.7841796875,9.5126953125,8.375,15.197265625,20.0205078125,12.548828125,12.5185546875,12.5185546875,12.5185546875,12.5185546875,12.5185546875,12.5185546875,16.47265625,10.88671875,8.587890625,11.2216796875,20.6904296875,14.1103515625,13.296875,13.296875,13.296875,13.296875,13.296875,13.296875,17.3701171875,10.4619140625,9.1533203125,17.322265625,20.734375,6.251953125,0.44140625,0.44140625,0.44140625,0.44140625,0.44140625,2.9990234375,19.6396484375,10.8974609375,9.328125,14.9951171875,20.4150390625,14.4228515625,13.9921875,13.9921875,13.9921875,13.9921875,13.9921875,15.1083984375,18.2958984375,10.5830078125,8.509765625,13.8330078125,20.00390625,10.0810546875,9.525390625,9.525390625,9.525390625,9.525390625,9.525390625,10.779296875,18.5146484375,9.869140625,8.2392578125,14.0634765625,20.25,11.6982421875,11.3291015625,11.3291015625,11.3291015625,11.3291015625,11.3291015625,12.8837890625,18.166015625,9.6328125,10.41796875,18.095703125,16.5390625,13.275390625,13.275390625,13.275390625,13.275390625,13.275390625,13.275390625,13.2919921875,18.478515625,12.6650390625,9.9365234375,12.5595703125,20.2607421875,13.1962890625,13.103515625,13.103515625,13.103515625,13.103515625,13.103515625,13.103515625,18.15625,10.34375,9.5078125,16.859375,18.0537109375,11.9873046875,11.9873046875
NA_1066,-7.10543413386458e-15,-7.10543413386458e-15,-7.10543413386458e-15,-7.10543413386458e-15,-7.10543413386458e-15,3.951171875,4.8125,5.142578125,5.912109375,1.494140625,0.3544921875,0.3544921875,0.3544921875,0.3544921875,0.3544921875,0.3544921875,0.3544921875,3.91796875,4.5751953125,5.134765625,5.759765625,3.4765625,-7.10543413386458e-15,-7.10543413386458e-15,-7.10543413386458e-15,-7.10543413386458e-15,-7.10543413386458e-15,-7.10543413386458e-15,-7.10543413386458e-15,2.8857421875,4.369140625,5.310546875,5.75,1.9541015625,-7.10543413386458e-15,-7.10543413386458e-15,-7.10543413386458e-15,-7.10543413386458e-15,-7.10543413386458e-15,-7.10543413386458e-15,-7.10543413386458e-15,4.869140625,4.80078125,5.0498046875,5.513671875,5.4072265625,0.5439453125,0.5439453125,0.5439453125,0.5439453125,0.5439453125,0.5439453125,0.5439453125,2.1357421875,5.0009765625,5.4013671875,5.9296875,4.5390625,3.65625,3.65625,3.65625,3.65625,3.65625,3.65625,3.65625,5.1640625,5.35546875,5.51171875,5.8251953125,2.7587890625,-7.10543413386458e-15,-7.10543413386458e-15,-7.10543413386458e-15,-7.10543413386458e-15,-7.10543413386458e-15,-7.10543413386458e-15,0.1416015625,5.01953125,4.439453125,4.88671875,5.8251953125,5.1201171875,3.572265625,3.572265625,3.572265625,3.572265625,3.572265625,3.572265625,3.572265625,5.162109375,5.5439453125,5.7763671875,5.9189453125,3.2158203125,-7.10543413386458e-15,-7.10543413386458e-15,-7.10543413386458e-15,-7.10543413386458e-15,-7.10543413386458e-15,-7.10543413386458e-15,0.109375,5.20703125,5.3125,5.529296875,5.8681640625,4.12890625,-7.10543413386458e-15,-7.10543413386458e-15,-7.10543413386458e-15,-7.10543413386458e-15,-7.10543413386458e-15,-7.10543413386458e-15,-7.10543413386458e-15,2.6123046875,4.712890625,4.8505859375,5.8154296875,3.1630859375,1.755859375,1.755859375,1.755859375,1.755859375,1.755859375,1.755859375,1.9033203125,5.490234375,4.994140625,4.869140625,5.8330078125,3.36328125,-7.10543413386458e-15,-7.10543413386458e-15,-7.10543413386458e-15,-7.10543413386458e-15,-7.10543413386458e-15,-7.10543413386458e-15,-7.10543413386458e-15,4.255859375,3.1826171875,4.5068359375,5.7099609375,4.76171875,0.2998046875,0.2998046875,0.2998046875,0.2998046875,0.2998046875,0.2998046875,0.2998046875,4.904296875,5.0546875,5.3486328125,5.798828125,4.025390625,-7.10543413386458e-15,-7.10543413386458e-15,-7.10543413386458e-15,-7.10543413386458e-15,-7.10543413386458e-15,-7.10543413386458e-15,-7.10543413386458e-15,3.90234375,4.5419921875,4.6689453125,5.79296875,5.6279296875,3.1376953125,3.1376953125,3.1376953125,3.1376953125,3.1376953125,3.1376953125,3.1376953125,4.6806640625,4.6552734375,5.4970703125,5.849609375,3.7890625,0.599609375,0.599609375,0.599609375,0.599609375,0.599609375,0.599609375,0.703125,5.3095703125,4.6201171875,4.9462890625,5.865234375,2.7412109375,-7.10543413386458e-15,-7.10543413386458e-15,-7.10543413386458e-15,-7.10543413386458e-15,-7.10543413386458e-15,-7.10543413386458e-15,-7.10543413386458e-15,4.7578125,4.875,4.974609375,5.8759765625,2.875,0.447265625,0.447265625,0.447265625,0.447265625,0.447265625,0.447265625,0.447265625,5.2265625,4.6787109375,4.1826171875,5.599609375,3.8349609375,1.8134765625,1.8134765625,1.8134765625,1.8134765625,1.8134765625,1.8134765625,1.8134765625,5.130859375,4.7734375,5.0302734375,5.7509765625,0.1396484375,-7.10543413386458e-15,-7.10543413386458e-15,-7.10543413386458e-15,-7.10543413386458e-15,-7.10543413386458e-15,-7.10543413386458e-15,-7.10543413386458e-15,3.5,4.494140625,5.4189453125,5.91015625,4.3125,1.6943359375,1.6943359375,1.6943359375,1.6943359375,1.6943359375,1.6943359375,1.6943359375,3.654296875,4.828125,4.908203125,5.90625,2.8740234375,-7.10543413386458e-15,-7.10543413386458e-15
NA_1075,19.8486328125,19.8486328125,19.8486328125,19.8486328125,21.1181640625,23.83203125,11.90234375,9.703125,17.4306640625,24.9921875,20.5849609375,18.056640625,18.056640625,18.056640625,18.056640625,18.056640625,20.4912109375,19.4443359375,10.57421875,9.3017578125,13.2607421875,21.5751953125,20.8466796875,17.6650390625,17.6640625,17.6640625,17.6640625,17.6640625,17.6640625,21.513671875,10.9970703125,10.2041015625,14.1142578125,23.123046875,15.23046875,15.2099609375,15.2099609375,15.2099609375,15.2099609375,15.2099609375,16.21484375,18.771484375,8.0576171875,8.4638671875,12.1181640625,24.9423828125,21.119140625,20.568359375,20.568359375,20.568359375,20.568359375,20.568359375,20.568359375,23.408203125,13.458984375,10.8525390625,15.5048828125,22.3701171875,21.5654296875,17.8935546875,17.8935546875,17.8935546875,17.8935546875,17.8935546875,20.5625,19.625,10.5380859375,10.6318359375,14.6708984375,24.1220703125,23.498046875,20.0107421875,20.0107421875,20.0107421875,20.0107421875,20.0107421875,22.8837890625,18.25,9.4482421875,10.775390625,14.078125,24.2470703125,21.0458984375,20.3330078125,20.3330078125,20.3330078125,20.3330078125,20.3330078125,22.47265625,20.2041015625,9.2685546875,10.9775390625,15.5791015625,23.9755859375,22.095703125,18.6376953125,18.6376953125,18.6376953125,18.6376953125,18.6376953125,18.6376953125,22.0986328125,11.26953125,9.5390625,13.177734375,22.9052734375,22.6240234375,20.048828125,20.048828125,20.048828125,20.048828125,20.048828125,20.048828125,22.9033203125,15.73046875,10.0732421875,11.328125,23.9560546875,23.015625,8.146484375,8.142578125,8.142578125,8.142578125,8.142578125,18.3095703125,15.9853515625,8.291015625,9.1044921875,17.1640625,22.5927734375,16.2373046875,-7.10543413386458e-15,-7.10543413386458e-15,-7.10543413386458e-15,-7.10543413386458e-15,-7.10543413386458e-15,5.7255859375,22.5703125,9.3896484375,9.4755859375,13.328125,21.5439453125,17.0400390625,2.990234375,2.990234375,2.990234375,2.990234375,2.990234375,16.46484375,20.4931640625,7.7041015625,9.857421875,16.044921875,24.87890625,11.4443359375,2.5126953125,2.5126953125,2.5126953125,2.5126953125,2.5126953125,2.52734375,22.986328125,11.490234375,9.7734375,13.4501953125,21.7802734375,15.16015625,4.64453125,4.64453125,4.64453125,4.64453125,4.64453125,4.9482421875,23.970703125,11.779296875,8.7607421875,16.251953125,24.3583984375,10.5888671875,-7.10543413386458e-15,-7.10543413386458e-15,-7.10543413386458e-15,-7.10543413386458e-15,-7.10543413386458e-15,6.3203125,21.83984375,9.8974609375,9.400390625,12.7802734375,22.19921875,22.8837890625,17.8642578125,17.8642578125,17.8642578125,17.8642578125,17.8642578125,20.5166015625,20.8349609375,9.8994140625,9.5869140625,12.955078125,21.875,23.353515625,15.2451171875,15.1806640625,15.1806640625,15.1806640625,15.1806640625,15.935546875,22.8759765625,10.8515625,8.05078125,14.404296875,22.962890625,9.166015625,2.619140625,2.619140625,2.619140625,2.619140625,2.619140625,7.953125,20.767578125,10.41015625,10.84375,16.9970703125,24.9873046875,9.03515625,2.60546875,2.60546875,2.60546875,2.60546875,2.60546875,4.99609375,21.6298828125,10.2265625,10.6708984375,12.787109375,23.9560546875,23.1103515625,22.5380859375,22.5380859375,22.5380859375,22.5380859375,22.5380859375,22.5009765625,23.0830078125,10.0625,9.1650390625,16.7529296875,24.2783203125,19.4833984375,17.9853515625
NA_1095,23.5634765625,18.78125,9.7998046875,8.83203125,5.7080078125,4.3798828125,3.6884765625,3.7392578125,4.8271484375,4.8994140625,9.6357421875,25.8701171875,24.908203125,16.5517578125,12.7314453125,8.0087890625,5.08984375,3.9921875,3.7119140625,3.6728515625,4.5458984375,7.056640625,7.6435546875,10.4404296875,21.0537109375,19.310546875,13.59375,7.21875,5.744140625,4.6181640625,3.88671875,3.947265625,4.681640625,4.56640625,9.59375,20.443359375,25.3818359375,21.07421875,12.1240234375,7.884765625,5.4296875,3.9921875,3.9013671875,3.2509765625,4.7880859375,6.1513671875,7.7587890625,18.951171875,22.2880859375,23.9443359375,13.171875,8.591796875,4.8251953125,3.986328125,3.2138671875,3.970703125,6.560546875,5.255859375,7.423828125,17.8349609375,19.8505859375,20.634765625,18.0244140625,9.677734375,5.89453125,3.9130859375,3.193359375,3.203125,4.8818359375,5.8408203125,9.9111328125,19.1240234375,18.4248046875,21.6572265625,16.056640625,8.4423828125,6.5947265625,4.169921875,3.248046875,3.345703125,4.732421875,7.2294921875,10.98046875,16.330078125,19.78515625,24.732421875,13.736328125,10.0673828125,5.955078125,4.1015625,4.111328125,3.5009765625,4.7177734375,5.421875,11.2333984375,17.2138671875,24.0986328125,17.9921875,16.2578125,8.7763671875,6.765625,4.1923828125,4.2158203125,4.2666015625,5.3583984375,6.7373046875,14.71484375,18.421875,23.9423828125,20.9814453125,14.06640625,9.2939453125,5.8486328125,3.427734375,4.4638671875,3.373046875,4.5322265625,6.2421875,8.009765625,20.091796875,25.1533203125,25.47265625,16.4716796875,7.1396484375,4.8046875,3.4443359375,3.580078125,3.177734375,3.4833984375,5.9091796875,8.287109375,23.888671875,27.0009765625,19.9892578125,11.6787109375,8.4990234375,4.7880859375,3.705078125,3.4130859375,3.5625,4.4765625,7.251953125,9.3251953125,11.3173828125,17.5546875,16.1875,10.08984375,6.126953125,4.8828125,4.486328125,3.4951171875,3.62109375,4.236328125,6.2421875,15.3134765625,16.8291015625,16.935546875,19.884765625,19.287109375,9.724609375,6.6708984375,4.521484375,3.8369140625,3.73828125,4.37109375,5.3232421875,12.3125,17.7392578125,24.04296875,21.615234375,18.4052734375,10.46875,5.470703125,3.873046875,4.25390625,3.99609375,4.62890625,6.486328125,13.611328125,17.31640625,23.6865234375,25.490234375,14.43359375,7.6259765625,4.8349609375,3.837890625,4.1201171875,3.8662109375,4.7861328125,5.90625,7.7275390625,9.7734375,24.1826171875,23.263671875,13.25390625,9.0703125,5.8935546875,4.02734375,4.0107421875,3.8828125,4.0791015625,6.3173828125,8.822265625,19.185546875,18.7255859375,17.8720703125,14.7314453125,7.837890625,6.080078125,4.078125,3.6005859375,4.1630859375,4.91015625,6.412109375,12.205078125,19.7890625,24.4794921875,16.017578125,13.4736328125,9.2998046875,4.3701171875,3.525390625,3.46484375,3.4404296875,4.4228515625,5.9970703125,10.3720703125,21.513671875,21.96484375,15.7802734375,11.4345703125,8.3212890625,5.0546875,4.619140625,3.419921875,3.3623046875,3.8466796875,5.4833984375,11.6162109375,19.1474609375,20.6396484375,19.794921875,13.41015625,9.0693359375,6.0634765625,5.0400390625,3.546875,3.5703125,4.96484375,5.3701171875,8.0166015625,21.0263671875
NA_1102,5.5390625,5.5390625,5.5390625,5.5390625,5.5390625,7.494140625,4.673828125,5.462890625,7.396484375,9.5712890625,5.7021484375,5.2763671875,5.2763671875,5.2763671875,5.2763671875,5.2763671875,5.2763671875,7.546875,4.6181640625,5.73046875,7.0068359375,8.603515625,0.337890625,0.337890625,0.337890625,0.337890625,0.337890625,0.337890625,0.337890625,6.5859375,4.7021484375,4.453125,7.4365234375,9.44921875,4.7607421875,4.7705078125,4.7705078125,4.7705078125,4.7705078125,4.7705078125,4.73046875,6.279296875,4.533203125,4.8017578125,6.806640625,8.8330078125,5.35546875,5.255859375,5.255859375,5.255859375,5.255859375,5.255859375,6.060546875,5.982421875,4.0107421875,4.1953125,8.296875,9.0439453125,6.5654296875,6.5595703125,6.5595703125,6.5595703125,6.5595703125,6.5595703125,6.4794921875,6.9443359375,5.4521484375,4.9248046875,7.59765625,9.3935546875,1.38671875,0.201171875,0.201171875,0.201171875,0.201171875,0.201171875,0.201171875,6.8232421875,4.4189453125,4.890625,6.3173828125,9.35546875,4.4833984375,4.275390625,4.275390625,4.275390625,4.275390625,4.275390625,4.2705078125,8.19921875,4.5615234375,4.6376953125,6.91796875,8.85546875,0.7138671875,0.166015625,0.166015625,0.166015625,0.166015625,0.166015625,0.166015625,6.7529296875,5.0498046875,5.46875,6.62890625,8.1953125,4.6796875,4.556640625,4.556640625,4.556640625,4.556640625,4.556640625,4.556640625,7.1005859375,3.7685546875,4.5380859375,6.4970703125,8.0654296875,4.2001953125,4.2001953125,4.2001953125,4.2001953125,4.2001953125,4.2001953125,4.2001953125,7.0205078125,4.0302734375,4.6669921875,8.2958984375,9.3359375,6.47265625,6.0263671875,6.0263671875,6.0263671875,6.0263671875,6.0263671875,6.0263671875,7.5146484375,6.12890625,5.224609375,6.599609375,9.18359375,0.68359375,0.37890625,0.37890625,0.37890625,0.37890625,0.37890625,0.37890625,7.5537109375,3.9013671875,4.3466796875,5.1806640625,8.888671875,4.8037109375,4.5537109375,4.5537109375,4.5537109375,4.5537109375,4.5537109375,4.94140625,6.8017578125,4.45703125,4.626953125,5.80859375,9.0234375,6.0068359375,5.5634765625,5.5634765625,5.5634765625,5.5634765625,5.5634765625,5.5283203125,7.03125,4.46484375,3.9638671875,5.5048828125,9.1484375,6.4521484375,5.400390625,5.400390625,5.400390625,5.400390625,5.400390625,6.4130859375,4.328125,4.2451171875,5.1064453125,8.3017578125,9.609375,4.1435546875,3.4326171875,3.4326171875,3.4326171875,3.4326171875,3.4326171875,6.0849609375,5.88671875,4.724609375,4.134765625,7.6962890625,8.9248046875,5.7412109375,5.224609375,5.224609375,5.224609375,5.224609375,5.224609375,5.224609375,7.9072265625,4.9638671875,4.42578125,7.26953125,9.0625,7.625,7.5546875,7.5546875,7.5546875,7.5546875,7.5546875,7.470703125,7.931640625,3.953125,4.1728515625,8.0341796875,8.865234375,5.2841796875,4.0751953125,4.0751953125,4.0751953125,4.0751953125,4.0751953125,4.32421875,6.7548828125,4.77734375,4.57421875,6.6611328125,8.3701171875,4.6767578125,4.6767578125,4.6767578125,4.6767578125,4.6767578125,4.6767578125,4.8330078125,7.76171875,4.763671875,5.51171875,5.5966796875,8.32421875,4.904296875,4.2939453125
NA_1121,19.6201171875,9.4580078125,9.4580078125,19.80078125,9.7998046875,4.599609375,4.029296875,3.6806640625,4.798828125,7.5205078125,18.2919921875,26.2724609375,2.626953125,1.31640625,1.31640625,7.068359375,10.9541015625,4.333984375,3.8525390625,3.337890625,4.5341796875,7.185546875,16.2841796875,29.8408203125,26.6884765625,11.5703125,12.7666015625,16.6767578125,10.380859375,4.78515625,3.7939453125,3.5,4.2744140625,9.0458984375,21.9423828125,27.759765625,9.1357421875,7.0146484375,7.0146484375,8.078125,13.7265625,4.2041015625,3.5166015625,3.490234375,4.142578125,8.4482421875,16.5986328125,30.19921875,14.74609375,10.8486328125,10.8486328125,12.197265625,12.8994140625,4.8095703125,3.23046875,3.3720703125,4.1025390625,7.55859375,18.9033203125,29.9453125,14.3212890625,6.3818359375,6.3818359375,10.712890625,13.2919921875,4.0185546875,3.16796875,3.3486328125,4.4296875,8.1845703125,17.7470703125,28.16796875,14.0419921875,7.763671875,7.3583984375,16.228515625,9.5283203125,3.9404296875,2.9833984375,3.9287109375,4.7333984375,7.80859375,14.5419921875,30.5908203125,24.919921875,10.4697265625,10.3203125,11.3798828125,12.82421875,4.5615234375,3.5751953125,3.4052734375,4.517578125,6.0283203125,19.166015625,30.1162109375,15.4287109375,10.064453125,10.05859375,13.265625,9.9599609375,3.9150390625,3.0390625,3.435546875,4.3046875,7.2578125,19.095703125,28.3076171875,5.0498046875,1.7587890625,1.7587890625,13.0361328125,9.748046875,4.279296875,3.736328125,3.0751953125,4.9140625,9.5908203125,13.1611328125,30.5029296875,14.90625,11.771484375,11.7685546875,18.07421875,8.576171875,4.123046875,3.6025390625,3.7412109375,4.951171875,9.2900390625,20.2939453125,28.650390625,10.904296875,5.7216796875,5.7216796875,10.111328125,12.5048828125,4.23046875,3.326171875,3.427734375,3.75390625,7.640625,12.16796875,28.8037109375,20.6806640625,8.3994140625,15.6298828125,13.078125,6.986328125,4.373046875,3.1650390625,3.1630859375,4.76953125,6.67578125,15.4140625,30.41796875,13.82421875,8.75390625,8.75390625,14.0400390625,8.90234375,4.2177734375,2.8173828125,3.6923828125,4.6611328125,6.92578125,20.9462890625,28.421875,9.72265625,8.4658203125,8.4658203125,9.5869140625,13.2607421875,4.1650390625,3.0703125,3.7138671875,4.4384765625,7.458984375,19.6630859375,28.603515625,13.431640625,6.828125,6.828125,7.02734375,12.3154296875,4.541015625,3.1875,3.478515625,3.6875,8.4189453125,15.2490234375,29.83203125,24.896484375,10.5498046875,10.029296875,17.0673828125,8.8154296875,5.138671875,3.6103515625,3.5908203125,4.1337890625,7.17578125,18.1806640625,29.953125,16.875,8.8076171875,10.373046875,18.5107421875,9.603515625,4.8623046875,3.146484375,3.8564453125,4.0166015625,6.07421875,17.93359375,29.41015625,9.6005859375,8.1279296875,8.1279296875,11.943359375,11.240234375,4.517578125,3.076171875,3.2890625,3.9873046875,9.048828125,22.806640625,26.837890625,8.892578125,5.888671875,5.888671875,10.037109375,13.6513671875,4.421875,2.818359375,3.681640625,4.5654296875,6.8984375,23.1611328125,29.60546875,17.8798828125,10.232421875,10.9560546875,21.185546875,9.8203125,4.1708984375,2.9287109375,3.7119140625,4.9052734375,6.6943359375,16.2265625,30.056640625
NA_113,0.09765625,0.09765625,0.09765625,0.09765625,0.09765625,0.6259765625,0.9736328125,1.2626953125,2.1982421875,0.1689453125,-7.10543413386458e-15,-7.10543413386458e-15,-7.10543413386458e-15,-7.10543413386458e-15,-7.10543413386458e-15,-7.10543413386458e-15,-7.10543413386458e-15,0.5908203125,0.94140625,1.19140625,1.7294921875,1.2138671875,-7.10543413386458e-15,-7.10543413386458e-15,-7.10543413386458e-15,-7.10543413386458e-15,-7.10543413386458e-15,-7.10543413386458e-15,-7.10543413386458e-15,0.3173828125,0.9990234375,1.1416015625,1.779296875,0.7490234375,-7.10543413386458e-15,-7.10543413386458e-15,-7.10543413386458e-15,-7.10543413386458e-15,-7.10543413386458e-15,-7.10543413386458e-15,-7.10543413386458e-15,0.72265625,0.9501953125,1.01953125,1.7333984375,1.8759765625,-7.10543413386458e-15,-7.10543413386458e-15,-7.10543413386458e-15,-7.10543413386458e-15,-7.10543413386458e-15,-7.10543413386458e-15,-7.10543413386458e-15,0.2412109375,0.92578125,1.2109375,2.1513671875,0.9453125,-7.10543413386458e-15,-7.10543413386458e-15,-7.10543413386458e-15,-7.10543413386458e-15,-7.10543413386458e-15,-7.10543413386458e-15,-7.10543413386458e-15,0.8251953125,1.029296875,1.16796875,1.900390625,1.203125,-7.10543413386458e-15,-7.10543413386458e-15,-7.10543413386458e-15,-7.10543413386458e-15,-7.10543413386458e-15,-7.10543413386458e-15,-7.10543413386458e-15,0.84765625,0.97265625,1.0439453125,1.8017578125,1.14453125,-7.10543413386458e-15,-7.10543413386458e-15,-7.10543413386458e-15,-7.10543413386458e-15,-7.10543413386458e-15,-7.10543413386458e-15,-7.10543413386458e-15,0.6689453125,0.94140625,1.4013671875,2.2060546875,1.6005859375,-7.10543413386458e-15,-7.10543413386458e-15,-7.10543413386458e-15,-7.10543413386458e-15,-7.10543413386458e-15,-7.10543413386458e-15,-7.10543413386458e-15,0.6884765625,0.9833984375,1.134765625,1.92578125,1.3515625,-7.10543413386458e-15,-7.10543413386458e-15,-7.10543413386458e-15,-7.10543413386458e-15,-7.10543413386458e-15,-7.10543413386458e-15,-7.10543413386458e-15,0.4423828125,0.9892578125,1.0185546875,1.626953125,0.6767578125,-7.10543413386458e-15,-7.10543413386458e-15,-7.10543413386458e-15,-7.10543413386458e-15,-7.10543413386458e-15,-7.10543413386458e-15,-7.10543413386458e-15,0.904296875,0.916015625,1.017578125,1.76953125,1.1904296875,-7.10543413386458e-15,-7.10543413386458e-15,-7.10543413386458e-15,-7.10543413386458e-15,-7.10543413386458e-15,-7.10543413386458e-15,-7.10543413386458e-15,0.5048828125,0.939453125,1.076171875,1.6904296875,2.1435546875,1.826171875,1.826171875,1.826171875,1.826171875,1.826171875,1.826171875,1.826171875,1.419921875,0.939453125,0.9404296875,1.6748046875,1.14453125,-7.10543413386458e-15,-7.10543413386458e-15,-7.10543413386458e-15,-7.10543413386458e-15,-7.10543413386458e-15,-7.10543413386458e-15,-7.10543413386458e-15,0.486328125,1.0556640625,1.0556640625,1.666015625,1.8857421875,-7.10543413386458e-15,-7.10543413386458e-15,-7.10543413386458e-15,-7.10543413386458e-15,-7.10543413386458e-15,-7.10543413386458e-15,-7.10543413386458e-15,0.4638671875,0.9599609375,1.0224609375,1.9326171875,1.1171875,-7.10543413386458e-15,-7.10543413386458e-15,-7.10543413386458e-15,-7.10543413386458e-15,-7.10543413386458e-15,-7.10543413386458e-15,-7.10543413386458e-15,0.7548828125,0.958984375,1.283203125,2.0302734375,1.25,0.62890625,0.62890625,0.62890625,0.62890625,0.62890625,0.62890625,0.62890625,1.1015625,1.03515625,1.0234375,2.0859375,0.9033203125,-7.10543413386458e-15,-7.10543413386458e-15,-7.10543413386458e-15,-7.10543413386458e-15,-7.10543413386458e-15,-7.10543413386458e-15,-7.10543413386458e-15,0.71875,0.962890625,0.9208984375,1.5078125,1.0146484375,-7.10543413386458e-15,-7.10543413386458e-15,-7.10543413386458e-15,-7.10543413386458e-15,-7.10543413386458e-15,-7.10543413386458e-15,-7.10543413386458e-15,0.81640625,0.9296875,1.0634765625,2.158203125,0.109375,-7.10543413386458e-15,-7.10543413386458e-15,-7.10543413386458e-15,-7.10543413386458e-15,-7.10543413386458e-15,-7.10543413386458e-15,-7.10543413386458e-15,0.541015625,1.015625,1.2734375,1.9306640625,1.2587890625,-7.10543413386458e-15,-7.10543413386458e-15,-7.10543413386458e-15,-7.10543413386458e-15,-7.10543413386458e-15,-7.10543413386458e-15,-7.10543413386458e-15,0.462890625,0.984375,1.1826171875,1.95703125,1.0302734375,-7.10543413386458e-15,-7.10543413386458e-15
NA_114,1.9990234375,1.9990234375,2.0,2.0,1.998046875,1.9990234375,1.998046875,2.0,2.0,1.9990234375,1.9990234375,2.0,1.9638671875,2.0,1.998046875,2.0,2.0,2.0,1.998046875,1.9990234375,1.9912109375,2.0,1.9853515625,2.0,2.0,2.0,1.9990234375,1.9970703125,2.0,2.0,1.9609375,1.9921875,1.9892578125,1.9970703125,1.9990234375,2.0,2.0,1.9990234375,2.0,1.998046875,2.0,1.9970703125,1.9990234375,2.0,1.9990234375,1.9892578125,1.9951171875,2.0,1.9990234375,2.0,1.9990234375,1.998046875,2.0,2.0,1.9951171875,1.9970703125,1.9951171875,1.9521484375,2.0,2.0,2.0,2.0,2.0,2.0,1.9921875,1.9912109375,1.9990234375,1.99609375,2.0,1.998046875,1.9970703125,2.0,2.0,2.0,2.0,2.0,1.9990234375,1.9990234375,2.0,1.99609375,1.9970703125,1.99609375,1.9892578125,1.99609375,1.9990234375,2.0,1.998046875,2.0,2.0,1.9921875,2.0,1.998046875,2.0,2.0,2.0,1.9990234375,2.0,2.0,1.9990234375,1.998046875,2.0,2.0,1.9990234375,1.93359375,2.0,2.0,2.0,2.0,2.0,2.0,2.0,2.0,2.0,2.0,2.0,1.998046875,1.9990234375,2.0,1.998046875,2.0,1.7099609375,2.0,2.0,1.9970703125,1.9990234375,2.0,2.0,1.99609375,1.9990234375,2.0,1.998046875,2.0,2.0,1.9990234375,1.998046875,2.0,2.0,1.98828125,1.99609375,1.9716796875,1.99609375,1.9990234375,2.0,2.0,2.0,1.99609375,2.0,1.9951171875,1.9951171875,1.9873046875,2.0,1.9990234375,2.0,1.9814453125,2.0,2.0,1.9990234375,2.0,1.9990234375,2.0,2.0,1.9990234375,1.9951171875,1.9873046875,2.0,1.998046875,2.0,1.9990234375,1.9091796875,1.9990234375,2.0,2.0,1.9931640625,2.0,1.9990234375,1.9990234375,1.9990234375,2.0,2.0,2.0,2.0,2.0,1.998046875,2.0,2.0,1.9951171875,2.0,1.9970703125,1.9990234375,1.98046875,2.0,2.0,2.0,2.0,2.0,2.0,1.99609375,1.9873046875,2.0,1.9970703125,1.9990234375,2.0,2.0,2.0,2.0,2.0,1.9970703125,1.9990234375,1.9990234375,1.998046875,1.9990234375,2.0,1.990234375,1.990234375,1.9990234375,2.0,1.5810546875,2.0,1.9990234375,1.9970703125,1.9921875,2.0,2.0,1.98046875,1.9921875,2.0,1.998046875,2.0,2.0,1.998046875,2.0,1.9990234375,2.0,1.998046875,1.998046875,1.9873046875,2.0,1.9970703125,2.0,2.0,2.0,2.0,2.0,2.0,1.9951171875,2.0,2.0,2.0,1.9970703125,1.9990234375,2.0,2.0
NA_1180,9.05859375,9.05859375,9.05859375,9.05859375,9.0966796875,13.9775390625,6.8837890625,5.52734375,10.90234375,21.275390625,9.884765625,7.1044921875,7.1044921875,7.1044921875,7.1044921875,7.1044921875,7.2275390625,13.390625,5.927734375,5.93359375,7.46484375,17.322265625,11.19140625,7.8466796875,7.845703125,7.845703125,7.845703125,7.845703125,7.845703125,10.85546875,9.599609375,6.572265625,8.98828125,17.7783203125,9.70703125,9.80078125,9.80078125,9.80078125,9.80078125,9.80078125,9.84765625,14.9873046875,6.0390625,5.373046875,8.2138671875,17.3583984375,14.888671875,13.6875,13.6875,13.6875,13.6875,13.6875,13.6875,13.98046875,11.0732421875,6.72265625,9.4208984375,17.8671875,10.1943359375,9.23828125,9.23828125,9.23828125,9.23828125,9.23828125,9.255859375,13.0888671875,6.6611328125,6.41796875,8.6787109375,19.7529296875,13.8271484375,8.0556640625,8.0556640625,8.0556640625,8.0556640625,8.0556640625,9.0517578125,11.380859375,5.1220703125,5.3056640625,8.078125,18.7841796875,12.775390625,11.6708984375,11.6708984375,11.6708984375,11.6708984375,11.6708984375,12.0419921875,14.1025390625,4.9111328125,6.9296875,10.6728515625,19.6875,11.8525390625,7.6962890625,7.6962890625,7.6962890625,7.6962890625,7.6962890625,7.6962890625,11.9951171875,5.955078125,5.5380859375,9.8193359375,17.8330078125,13.4833984375,8.4052734375,8.4052734375,8.4052734375,8.4052734375,8.4052734375,8.4052734375,10.47265625,11.59375,6.0322265625,7.1025390625,18.9384765625,8.5634765625,3.0390625,3.0390625,3.0390625,3.0390625,3.0390625,3.8095703125,13.2451171875,5.6513671875,5.5693359375,9.802734375,16.96484375,11.9833984375,7.404296875,7.404296875,7.404296875,7.404296875,7.404296875,7.404296875,12.189453125,6.4453125,5.552734375,7.638671875,16.099609375,14.4921875,9.5,9.5,9.5,9.5,9.5,9.59765625,13.5908203125,5.2255859375,4.90625,8.3525390625,18.673828125,11.298828125,9.7783203125,9.7783203125,9.7783203125,9.7783203125,9.7783203125,9.7861328125,12.537109375,6.494140625,4.8017578125,6.642578125,17.91796875,10.7666015625,7.806640625,7.806640625,7.806640625,7.806640625,7.806640625,7.806640625,11.4072265625,6.47265625,5.150390625,10.197265625,19.005859375,13.640625,9.701171875,9.701171875,9.701171875,9.701171875,9.701171875,9.9287109375,13.5634765625,5.9677734375,5.5751953125,9.1328125,18.4873046875,14.2529296875,10.087890625,10.087890625,10.087890625,10.087890625,10.087890625,10.2294921875,13.0595703125,5.732421875,5.208984375,8.05078125,18.78515625,12.4443359375,8.8056640625,8.8056640625,8.8056640625,8.8056640625,8.8056640625,8.845703125,13.265625,5.873046875,4.73828125,8.037109375,17.6923828125,11.369140625,9.3251953125,9.3251953125,9.3251953125,9.3251953125,9.3251953125,9.462890625,12.6005859375,5.0751953125,5.7021484375,12.0439453125,16.8017578125,8.4501953125,8.443359375,8.443359375,8.443359375,8.443359375,8.443359375,8.4443359375,13.3857421875,6.984375,6.1572265625,7.4267578125,19.294921875,11.482421875,10.5869140625,10.5869140625,10.5869140625,10.5869140625,10.5869140625,10.5869140625,13.390625,7.595703125,6.0166015625,10.896484375,16.51171875,9.4765625,9.51953125
NA_1195,-7.10543413386458e-15,-7.10543413386458e-15,-7.10543413386458e-15,-7.10543413386458e-15,-7.10543413386458e-15,1.869140625,1.98828125,2.0,2.0,0.3876953125,0.064453125,-7.10543413386458e-15,-7.10543413386458e-15,-7.10543413386458e-15,-7.10543413386458e-15,-7.10543413386458e-15,0.134765625,2.0,1.9970703125,1.9990234375,2.0,0.6640625,-7.10543413386458e-15,-7.10543413386458e-15,-7.10543413386458e-15,-7.10543413386458e-15,-7.10543413386458e-15,-7.10543413386458e-15,0.384765625,1.9716796875,2.0,2.0,2.0,1.3125,0.5869140625,-7.10543413386458e-15,-7.10543413386458e-15,-7.10543413386458e-15,-7.10543413386458e-15,-7.10543413386458e-15,0.8994140625,2.0,1.9990234375,2.0,1.9951171875,1.1298828125,0.6865234375,-7.10543413386458e-15,-7.10543413386458e-15,-7.10543413386458e-15,-7.10543413386458e-15,-7.10543413386458e-15,1.3544921875,2.0,2.0,2.0,1.9609375,1.615234375,-7.10543413386458e-15,-7.10543413386458e-15,-7.10543413386458e-15,-7.10543413386458e-15,-7.10543413386458e-15,-7.10543413386458e-15,0.6513671875,1.998046875,1.9921875,2.0,2.0,1.7978515625,1.4228515625,1.4228515625,1.4228515625,1.4228515625,1.4228515625,1.4228515625,1.4423828125,1.9990234375,2.0,2.0,2.0,1.755859375,-7.10543413386458e-15,-7.10543413386458e-15,-7.10543413386458e-15,-7.10543413386458e-15,-7.10543413386458e-15,-7.10543413386458e-15,0.703125,2.0,2.0,1.9423828125,2.0,0.763671875,-7.10543413386458e-15,-7.10543413386458e-15,-7.10543413386458e-15,-7.10543413386458e-15,-7.10543413386458e-15,-7.10543413386458e-15,0.4404296875,2.0,2.0,2.0,2.0,0.3779296875,-7.10543413386458e-15,-7.10543413386458e-15,-7.10543413386458e-15,-7.10543413386458e-15,-7.10543413386458e-15,-7.10543413386458e-15,0.3740234375,2.0,2.0,2.0,2.0,1.2724609375,-7.10543413386458e-15,-7.10543413386458e-15,-7.10543413386458e-15,-7.10543413386458e-15,-7.10543413386458e-15,-7.10543413386458e-15,0.1298828125,2.0,1.9912109375,1.9912109375,1.912109375,-7.10543413386458e-15,-7.10543413386458e-15,-7.10543413386458e-15,-7.10543413386458e-15,-7.10543413386458e-15,-7.10543413386458e-15,-7.10543413386458e-15,0.3935546875,2.0,1.99609375,2.0,2.0,1.26171875,-7.10543413386458e-15,-7.10543413386458e-15,-7.10543413386458e-15,-7.10543413386458e-15,-7.10543413386458e-15,-7.10543413386458e-15,-7.10543413386458e-15,1.9912109375,2.0,1.96484375,1.9990234375,0.748046875,-7.10543413386458e-15,-7.10543413386458e-15,-7.10543413386458e-15,-7.10543413386458e-15,-7.10543413386458e-15,-7.10543413386458e-15,-7.10543413386458e-15,1.3193359375,1.9990234375,1.9990234375,2.0,1.7568359375,0.3203125,-7.10543413386458e-15,-7.10543413386458e-15,-7.10543413386458e-15,-7.10543413386458e-15,-7.10543413386458e-15,1.322265625,2.0,1.970703125,1.9775390625,2.0,0.400390625,-7.10543413386458e-15,-7.10543413386458e-15,-7.10543413386458e-15,-7.10543413386458e-15,-7.10543413386458e-15,-7.10543413386458e-15,0.9169921875,1.9833984375,1.994140625,2.0,1.9970703125,1.8720703125,0.318359375,-7.10543413386458e-15,-7.10543413386458e-15,-7.10543413386458e-15,-7.10543413386458e-15,-7.10543413386458e-15,1.79296875,1.998046875,1.994140625,1.998046875,2.0,1.2109375,0.20703125,-7.10543413386458e-15,-7.10543413386458e-15,-7.10543413386458e-15,-7.10543413386458e-15,-7.10543413386458e-15,0.853515625,1.9990234375,2.0,1.998046875,2.0,1.359375,0.380859375,-7.10543413386458e-15,-7.10543413386458e-15,-7.10543413386458e-15,-7.10543413386458e-15,-7.10543413386458e-15,1.353515625,1.994140625,1.994140625,2.0,2.0,1.7666015625,-7.10543413386458e-15,-7.10543413386458e-15,-7.10543413386458e-15,-7.10543413386458e-15,-7.10543413386458e-15,-7.10543413386458e-15,1.609375,1.986328125,1.9931640625,2.0,2.0,1.623046875,-7.10543413386458e-15,-7.10543413386458e-15,-7.10543413386458e-15,-7.10543413386458e-15,-7.10543413386458e-15,-7.10543413386458e-15,0.9130859375,2.0,2.0,1.986328125,2.0,1.7138671875,0.12890625,-7.10543413386458e-15
NA_1241,9.126953125,9.126953125,9.126953125,10.4775390625,17.71484375,15.7978515625,9.267578125,9.0732421875,14.111328125,17.7451171875,15.3291015625,11.0029296875,11.0029296875,11.0029296875,11.0029296875,11.01953125,17.380859375,11.9697265625,8.546875,8.5625,10.35546875,17.1953125,17.3779296875,1.7890625,-7.10543413386458e-15,-7.10543413386458e-15,-7.10543413386458e-15,-7.10543413386458e-15,12.6416015625,13.2529296875,8.1328125,9.025390625,11.015625,16.8125,11.5361328125,9.2373046875,9.2373046875,9.2373046875,9.2373046875,9.2373046875,17.03515625,10.6123046875,8.4462890625,7.416015625,11.3154296875,17.509765625,13.8359375,13.4638671875,13.4638671875,13.4638671875,13.4638671875,13.4638671875,16.904296875,15.3037109375,9.45703125,10.384765625,11.6591796875,16.3134765625,15.810546875,12.646484375,12.646484375,12.646484375,12.646484375,13.5537109375,17.611328125,12.1708984375,8.7822265625,9.251953125,10.30859375,17.041015625,14.998046875,7.572265625,7.572265625,7.572265625,7.572265625,11.494140625,16.9814453125,9.81640625,8.3486328125,8.9248046875,10.5693359375,16.5263671875,14.1708984375,12.4287109375,12.4287109375,12.4287109375,12.4287109375,12.578125,17.609375,11.8271484375,8.3955078125,9.6171875,12.5498046875,16.755859375,14.8642578125,9.6435546875,9.6435546875,9.6435546875,9.6435546875,9.6435546875,13.9501953125,15.412109375,10.2578125,9.177734375,11.46484375,17.431640625,14.96875,12.177734375,12.177734375,12.177734375,12.177734375,12.177734375,15.37109375,14.5,10.7978515625,9.17578125,9.0283203125,17.271484375,17.162109375,10.65234375,10.357421875,10.357421875,10.357421875,14.376953125,16.1015625,9.5751953125,8.4765625,9.1630859375,12.3134765625,16.1982421875,15.044921875,8.3857421875,8.3857421875,8.3857421875,8.3857421875,8.3857421875,15.255859375,13.435546875,8.7685546875,8.8037109375,12.1513671875,16.458984375,15.94140625,9.8359375,9.8359375,9.8359375,10.0009765625,16.77734375,17.671875,11.998046875,7.7470703125,9.2158203125,13.0849609375,17.740234375,15.423828125,14.7890625,14.7890625,14.7890625,14.7890625,14.7890625,16.15625,14.2646484375,8.1689453125,8.75390625,10.591796875,15.2216796875,15.7626953125,15.2822265625,15.2822265625,15.2822265625,15.2822265625,15.2822265625,16.373046875,17.07421875,10.1005859375,8.46875,15.126953125,17.7451171875,9.3955078125,-7.10543413386458e-15,-7.10543413386458e-15,-7.10543413386458e-15,-7.10543413386458e-15,0.4697265625,17.5517578125,12.021484375,8.7705078125,9.09765625,10.8271484375,16.08984375,16.3994140625,6.9462890625,6.927734375,6.927734375,6.927734375,7.7666015625,16.9140625,11.787109375,8.521484375,8.7421875,10.32421875,16.1884765625,16.9970703125,12.3193359375,11.6083984375,11.6083984375,11.6083984375,13.1298828125,17.330078125,13.2861328125,8.5185546875,8.37890625,10.8095703125,16.86328125,11.56640625,9.3759765625,9.3759765625,9.3759765625,9.3759765625,9.3759765625,14.4873046875,12.2109375,9.0107421875,8.9482421875,11.7900390625,17.5751953125,13.78515625,11.9931640625,11.9931640625,11.9931640625,11.9931640625,11.9931640625,15.556640625,12.7021484375,8.712890625,9.611328125,11.130859375,17.1123046875,12.84765625,11.5966796875,11.5966796875,11.5966796875,11.5966796875,11.5966796875,14.3447265625,14.84375,8.4091796875,8.9072265625,14.7421875,17.1767578125,14.5439453125,11.74609375
NA_1262,0.0712890625,0.0712890625,0.0712890625,0.0712890625,0.0712890625,0.0712890625,4.1591796875,5.064453125,5.2158203125,-7.10543413386458e-15,-7.10543413386458e-15,-7.10543413386458e-15,-7.10543413386458e-15,-7.10543413386458e-15,-7.10543413386458e-15,-7.10543413386458e-15,-7.10543413386458e-15,1.6279296875,5.689453125,5.8828125,5.984375,1.7333984375,-7.10543413386458e-15,-7.10543413386458e-15,-7.10543413386458e-15,-7.10543413386458e-15,-7.10543413386458e-15,-7.10543413386458e-15,-7.10543413386458e-15,-7.10543413386458e-15,5.5732421875,5.9755859375,5.998046875,0.62109375,-7.10543413386458e-15,-7.10543413386458e-15,-7.10543413386458e-15,-7.10543413386458e-15,-7.10543413386458e-15,-7.10543413386458e-15,-7.10543413386458e-15,-7.10543413386458e-15,5.5546875,5.9326171875,5.947265625,1.783203125,-7.10543413386458e-15,-7.10543413386458e-15,-7.10543413386458e-15,-7.10543413386458e-15,-7.10543413386458e-15,-7.10543413386458e-15,-7.10543413386458e-15,-7.10543413386458e-15,4.58203125,5.4267578125,6.0,0.6376953125,-7.10543413386458e-15,-7.10543413386458e-15,-7.10543413386458e-15,-7.10543413386458e-15,-7.10543413386458e-15,-7.10543413386458e-15,-7.10543413386458e-15,0.26953125,5.84765625,5.8779296875,5.9931640625,0.62109375,-7.10543413386458e-15,-7.10543413386458e-15,-7.10543413386458e-15,-7.10543413386458e-15,-7.10543413386458e-15,-7.10543413386458e-15,-7.10543413386458e-15,1.6611328125,5.9697265625,5.8271484375,5.94140625,1.806640625,-7.10543413386458e-15,-7.10543413386458e-15,-7.10543413386458e-15,-7.10543413386458e-15,-7.10543413386458e-15,-7.10543413386458e-15,-7.10543413386458e-15,-7.10543413386458e-15,4.6953125,5.970703125,5.994140625,0.779296875,-7.10543413386458e-15,-7.10543413386458e-15,-7.10543413386458e-15,-7.10543413386458e-15,-7.10543413386458e-15,-7.10543413386458e-15,-7.10543413386458e-15,0.6767578125,4.8056640625,4.9443359375,5.9169921875,2.1611328125,-7.10543413386458e-15,-7.10543413386458e-15,-7.10543413386458e-15,-7.10543413386458e-15,-7.10543413386458e-15,-7.10543413386458e-15,-7.10543413386458e-15,-7.10543413386458e-15,4.83984375,5.8857421875,5.9453125,2.119140625,-7.10543413386458e-15,-7.10543413386458e-15,-7.10543413386458e-15,-7.10543413386458e-15,-7.10543413386458e-15,-7.10543413386458e-15,-7.10543413386458e-15,-7.10543413386458e-15,4.2646484375,5.3232421875,5.98828125,2.8251953125,-7.10543413386458e-15,-7.10543413386458e-15,-7.10543413386458e-15,-7.10543413386458e-15,-7.10543413386458e-15,-7.10543413386458e-15,-7.10543413386458e-15,0.0458984375,4.5908203125,4.994140625,6.0,2.7021484375,-7.10543413386458e-15,-7.10543413386458e-15,-7.10543413386458e-15,-7.10543413386458e-15,-7.10543413386458e-15,-7.10543413386458e-15,-7.10543413386458e-15,0.4541015625,5.5390625,5.9814453125,5.9931640625,2.0732421875,-7.10543413386458e-15,-7.10543413386458e-15,-7.10543413386458e-15,-7.10543413386458e-15,-7.10543413386458e-15,-7.10543413386458e-15,-7.10543413386458e-15,1.416015625,5.974609375,5.6875,6.0,1.6875,-7.10543413386458e-15,-7.10543413386458e-15,-7.10543413386458e-15,-7.10543413386458e-15,-7.10543413386458e-15,-7.10543413386458e-15,-7.10543413386458e-15,1.25,4.3056640625,5.1044921875,5.98046875,-7.10543413386458e-15,-7.10543413386458e-15,-7.10543413386458e-15,-7.10543413386458e-15,-7.10543413386458e-15,-7.10543413386458e-15,-7.10543413386458e-15,-7.10543413386458e-15,-7.10543413386458e-15,3.8564453125,4.3466796875,5.9453125,1.5419921875,-7.10543413386458e-15,-7.10543413386458e-15,-7.10543413386458e-15,-7.10543413386458e-15,-7.10543413386458e-15,-7.10543413386458e-15,-7.10543413386458e-15,0.251953125,4.4677734375,4.7236328125,6.0,2.0244140625,-7.10543413386458e-15,-7.10543413386458e-15,-7.10543413386458e-15,-7.10543413386458e-15,-7.10543413386458e-15,-7.10543413386458e-15,-7.10543413386458e-15,1.244140625,4.529296875,4.484375,5.9990234375,0.9921875,-7.10543413386458e-15,-7.10543413386458e-15,-7.10543413386458e-15,-7.10543413386458e-15,-7.10543413386458e-15,-7.10543413386458e-15,-7.10543413386458e-15,-7.10543413386458e-15,5.4150390625,5.9794921875,5.4501953125,-7.10543413386458e-15,-7.10543413386458e-15,-7.10543413386458e-15,-7.10543413386458e-15,-7.10543413386458e-15,-7.10543413386458e-15,-7.10543413386458e-15,-7.10543413386458e-15,0.0771484375,5.974609375,5.908203125,6.0,1.986328125,-7.10543413386458e-15,-7.10543413386458e-15,-7.10543413386458e-15,-7.10543413386458e-15,-7.10543413386458e-15,-7.10543413386458e-15,-7.10543413386458e-15,-7.10543413386458e-15,5.7666015625,5.607421875,6.0,1.69921875,-7.10543413386458e-15,-7.10543413386458e-15
NA_1276,4.4765625,4.4765625,4.4765625,4.4765625,4.4765625,4.4765625,6.28515625,3.876953125,8.998046875,4.509765625,2.353515625,2.353515625,2.353515625,2.353515625,2.353515625,2.353515625,2.353515625,2.359375,5.794921875,4.27734375,6.4619140625,8.6416015625,2.2880859375,2.2880859375,2.2880859375,2.2880859375,2.2880859375,2.2880859375,2.2880859375,2.2880859375,7.6591796875,4.9091796875,7.1767578125,6.4130859375,2.5830078125,2.5830078125,2.5830078125,2.5830078125,2.5830078125,2.5830078125,2.5830078125,2.5830078125,5.396484375,4.2744140625,6.5068359375,8.9287109375,3.3056640625,3.3056640625,3.3056640625,3.3056640625,3.3056640625,3.3056640625,3.3056640625,3.3056640625,6.7841796875,7.4794921875,9.4365234375,5.3125,1.6396484375,1.6396484375,1.6396484375,1.6396484375,1.6396484375,1.6396484375,1.6396484375,1.6396484375,8.1845703125,5.21484375,8.3232421875,7.8466796875,4.9521484375,4.9521484375,4.9521484375,4.9521484375,4.9521484375,4.9521484375,4.9521484375,5.033203125,9.0419921875,3.5947265625,6.6201171875,8.5830078125,4.365234375,4.185546875,4.185546875,4.185546875,4.185546875,4.185546875,4.185546875,4.185546875,7.14453125,4.7509765625,10.2177734375,7.1328125,3.9111328125,3.9111328125,3.9111328125,3.9111328125,3.9111328125,3.9111328125,3.9111328125,3.9111328125,6.873046875,4.224609375,9.0966796875,9.5439453125,4.3955078125,4.3955078125,4.3955078125,4.3955078125,4.3955078125,4.3955078125,4.3955078125,4.3955078125,7.5283203125,5.4072265625,6.498046875,8.1484375,2.2236328125,2.2236328125,2.2236328125,2.2236328125,2.2236328125,2.2236328125,2.2236328125,2.2236328125,6.0830078125,4.3857421875,6.4580078125,10.849609375,7.26171875,6.908203125,6.908203125,6.908203125,6.908203125,6.908203125,6.908203125,6.908203125,7.00390625,4.18359375,7.4814453125,9.439453125,3.98828125,3.98828125,3.98828125,3.98828125,3.98828125,3.98828125,3.98828125,3.98828125,9.2587890625,4.046875,6.7783203125,10.0380859375,7.1435546875,7.1435546875,7.1435546875,7.1435546875,7.1435546875,7.1435546875,7.1435546875,7.1318359375,8.1865234375,4.1787109375,7.2568359375,9.02734375,3.0068359375,3.0068359375,3.0068359375,3.0068359375,3.0068359375,3.0068359375,3.0068359375,3.0478515625,6.435546875,3.84375,8.4287109375,6.134765625,3.798828125,3.798828125,3.798828125,3.798828125,3.798828125,3.798828125,3.798828125,3.798828125,6.8740234375,5.0,7.6865234375,8.58203125,4.6357421875,4.6357421875,4.6357421875,4.6357421875,4.6357421875,4.6357421875,4.6357421875,4.6357421875,7.0498046875,3.869140625,6.5166015625,9.8193359375,5.1533203125,5.1533203125,5.1533203125,5.1533203125,5.1533203125,5.1533203125,5.1533203125,5.193359375,8.0673828125,3.3525390625,6.20703125,7.626953125,3.6953125,3.6953125,3.6953125,3.6953125,3.6953125,3.6953125,3.6953125,3.6953125,6.5419921875,5.7509765625,9.810546875,5.9228515625,3.4951171875,3.4951171875,3.4951171875,3.4951171875,3.4951171875,3.4951171875,3.4951171875,3.4951171875,6.9326171875,4.1669921875,7.5234375,8.75,4.6201171875,4.6201171875,4.6201171875,4.6201171875,4.6201171875,4.6201171875,4.6201171875,4.6201171875,7.1396484375,3.2919921875,7.8251953125,9.3359375,3.6748046875,3.6748046875
NA_1278,18.3466796875,18.3466796875,18.3466796875,18.3466796875,23.3193359375,22.7724609375,12.4638671875,12.470703125,19.818359375,24.966796875,20.0712890625,16.9345703125,16.9345703125,16.9345703125,16.9345703125,16.9345703125,22.5576171875,18.14453125,12.443359375,11.37890625,15.3076171875,24.5869140625,21.390625,6.6416015625,6.6416015625,6.6416015625,6.6416015625,6.6416015625,8.658203125,23.7783203125,13.25,12.123046875,17.3828125,23.888671875,18.6337890625,18.6337890625,18.6337890625,18.6337890625,18.6337890625,18.6337890625,22.419921875,17.4267578125,12.0625,10.2216796875,16.2958984375,24.8837890625,21.7353515625,21.63671875,21.63671875,21.63671875,21.63671875,21.63671875,21.9599609375,24.5068359375,13.0458984375,12.904296875,18.4150390625,24.8818359375,22.4267578125,20.513671875,20.513671875,20.513671875,20.513671875,20.4755859375,23.4296875,19.595703125,12.0556640625,13.814453125,16.83984375,24.8515625,20.19140625,-7.10543413386458e-15,-7.10543413386458e-15,-7.10543413386458e-15,-7.10543413386458e-15,2.7138671875,24.8857421875,15.763671875,10.078125,11.9443359375,15.4345703125,24.4384765625,22.6943359375,22.3408203125,22.3408203125,22.3408203125,22.3408203125,22.3408203125,24.4482421875,18.4599609375,9.69140625,11.8994140625,17.654296875,24.5087890625,18.0458984375,4.8447265625,4.8447265625,4.8447265625,4.8447265625,4.8447265625,11.2783203125,21.6982421875,11.01171875,12.142578125,17.349609375,24.376953125,22.1591796875,18.8369140625,18.8369140625,18.8369140625,18.8369140625,18.8369140625,19.5947265625,22.2119140625,12.345703125,10.5419921875,12.98046875,23.37109375,21.8837890625,18.1923828125,18.1923828125,18.1923828125,18.1923828125,18.4599609375,24.6103515625,19.044921875,9.98046875,10.87890625,21.30859375,24.97265625,23.6982421875,21.6220703125,21.6220703125,21.6220703125,21.6220703125,21.6220703125,23.171875,22.6552734375,13.1923828125,12.080078125,17.099609375,24.2294921875,21.3857421875,15.6875,15.6875,15.6875,15.6875,15.6875,22.408203125,20.7451171875,9.8642578125,10.568359375,18.7626953125,24.9140625,10.498046875,4.69140625,4.69140625,4.69140625,4.69140625,4.69140625,11.8134765625,19.3037109375,12.515625,9.9521484375,13.896484375,23.4794921875,9.283203125,-7.10543413386458e-15,-7.10543413386458e-15,-7.10543413386458e-15,-7.10543413386458e-15,-7.10543413386458e-15,5.3720703125,24.12109375,12.568359375,9.4619140625,19.94921875,24.796875,9.8447265625,-7.10543413386458e-15,-7.10543413386458e-15,-7.10543413386458e-15,-7.10543413386458e-15,-7.10543413386458e-15,19.396484375,20.4052734375,11.8154296875,10.7197265625,18.6630859375,24.1240234375,23.95703125,21.541015625,21.541015625,21.541015625,21.541015625,21.541015625,24.224609375,17.31640625,10.81640625,11.103515625,15.48828125,24.30078125,24.697265625,20.2958984375,20.482421875,20.482421875,20.482421875,20.482421875,22.8017578125,19.7666015625,11.7099609375,11.29296875,14.8046875,23.974609375,21.0126953125,20.1318359375,20.1318359375,20.1318359375,20.1318359375,20.1318359375,22.87890625,18.18359375,10.66015625,12.2138671875,20.205078125,24.771484375,5.4306640625,-7.10543413386458e-15,-7.10543413386458e-15,-7.10543413386458e-15,-7.10543413386458e-15,-7.10543413386458e-15,12.986328125,20.21484375,11.03125,11.69921875,16.025390625,24.998046875,5.6767578125,-7.10543413386458e-15,-7.10543413386458e-15,-7.10543413386458e-15,-7.10543413386458e-15,-7.10543413386458e-15,9.6904296875,23.0390625,12.4619140625,12.3818359375,19.9775390625,24.951171875,2.3427734375,-7.10543413386458e-15
NA_1293,2.3857421875,2.083984375,1.8955078125,1.8876953125,1.8388671875,1.8515625,1.7822265625,1.6748046875,1.7451171875,1.779296875,2.4375,2.0234375,0.697265625,2.513671875,2.0126953125,1.8623046875,1.8466796875,1.8623046875,1.80078125,1.791015625,1.84765625,1.8876953125,1.9638671875,2.4326171875,2.1728515625,2.330078125,2.0458984375,1.7958984375,1.83203125,1.7470703125,1.7021484375,1.8193359375,1.787109375,1.8447265625,2.138671875,2.6171875,2.6103515625,2.5439453125,1.9921875,1.8779296875,1.7763671875,1.828125,1.82421875,1.5322265625,1.8447265625,1.7568359375,2.0634765625,2.8291015625,2.5390625,2.5205078125,1.9375,1.8798828125,1.8310546875,1.822265625,1.82421875,1.65625,1.7783203125,1.7822265625,1.9482421875,2.466796875,2.5244140625,2.107421875,1.9970703125,1.923828125,1.826171875,1.7001953125,1.75390625,1.7099609375,1.7373046875,1.7763671875,2.0283203125,2.630859375,2.2470703125,2.5478515625,2.0048828125,1.822265625,1.8349609375,1.8173828125,1.5537109375,1.73046875,1.830078125,1.8486328125,1.96484375,2.5107421875,2.619140625,2.3701171875,1.88671875,1.8974609375,1.6005859375,1.7431640625,1.7333984375,1.7021484375,1.796875,1.8359375,1.9873046875,2.583984375,2.6494140625,2.3369140625,1.955078125,1.927734375,1.7998046875,1.83203125,1.822265625,1.736328125,1.791015625,1.865234375,2.037109375,2.841796875,2.6572265625,2.3056640625,2.0302734375,1.9423828125,1.7900390625,1.6845703125,1.8291015625,1.8046875,1.6884765625,1.8857421875,1.908203125,2.8310546875,1.7890625,2.7431640625,2.017578125,1.8525390625,1.779296875,1.8408203125,1.8095703125,1.7470703125,1.79296875,1.8154296875,1.96875,2.873046875,2.0439453125,1.8134765625,1.9619140625,1.88671875,1.87890625,1.8310546875,1.763671875,1.7353515625,1.818359375,1.8515625,2.068359375,2.4921875,2.5087890625,2.1650390625,1.8291015625,1.71484375,1.8095703125,1.7412109375,1.732421875,1.77734375,1.65625,1.8671875,1.9482421875,2.4130859375,2.6826171875,2.31640625,2.2763671875,1.947265625,1.5771484375,1.8427734375,1.8447265625,1.7958984375,1.7763671875,1.8681640625,2.3935546875,2.3173828125,2.2138671875,1.7998046875,2.0791015625,1.794921875,1.85546875,1.80078125,1.77734375,1.8095703125,1.6962890625,1.751953125,2.3720703125,2.3154296875,2.1484375,2.58984375,1.7998046875,1.8525390625,1.8232421875,1.37109375,1.30859375,1.462890625,1.779296875,1.791015625,1.953125,2.154296875,2.83203125,2.216796875,1.98828125,1.89453125,1.84765625,1.802734375,1.8203125,1.8212890625,1.7939453125,1.7880859375,1.927734375,2.4619140625,2.306640625,1.9716796875,1.9130859375,1.8740234375,1.853515625,1.8173828125,1.8154296875,1.7919921875,1.6943359375,1.8525390625,1.9228515625,2.4775390625,1.9716796875,2.4638671875,1.966796875,1.9638671875,1.80859375,1.84375,1.7470703125,1.7509765625,1.74609375,1.8310546875,2.33984375,2.5185546875,2.6845703125,2.3017578125,2.130859375,1.8916015625,1.8525390625,1.7763671875,1.8310546875,1.583984375,1.712890625,1.8779296875,2.1865234375,2.5341796875,2.4794921875,2.4267578125,1.9560546875,1.91796875,1.875,1.6015625,1.3330078125,1.7919921875,1.8203125,1.9111328125,2.154296875,2.705078125
NA_1302,12.0087890625,2.3310546875,4.8095703125,11.3291015625,3.3232421875,2.763671875,2.8369140625,2.80859375,3.134765625,3.7138671875,6.376953125,16.76953125,4.3525390625,2.5615234375,2.5615234375,9.00390625,3.1669921875,2.6669921875,2.8466796875,2.6982421875,2.970703125,3.76171875,10.533203125,17.1923828125,15.9853515625,5.8681640625,8.69140625,9.9306640625,3.685546875,2.9423828125,2.6826171875,2.7265625,2.986328125,4.193359375,7.455078125,15.9521484375,3.82421875,2.5107421875,2.5634765625,5.6259765625,5.8916015625,2.73828125,2.7314453125,2.7568359375,2.865234375,4.052734375,8.5458984375,17.5126953125,8.697265625,1.9580078125,1.9580078125,6.0908203125,5.3720703125,2.93359375,2.640625,2.81640625,3.234375,3.9755859375,13.0166015625,17.44921875,9.9697265625,3.7216796875,3.7861328125,9.6650390625,4.732421875,2.6611328125,2.578125,2.712890625,3.048828125,4.068359375,5.9345703125,15.869140625,14.533203125,4.95703125,1.7421875,10.7451171875,3.3427734375,2.673828125,2.6845703125,2.953125,3.0166015625,3.9833984375,4.8271484375,16.591796875,13.4638671875,2.603515625,3.0947265625,9.5029296875,4.9404296875,2.8310546875,2.6025390625,2.697265625,3.0859375,3.8798828125,10.7451171875,17.35546875,8.6513671875,2.033203125,1.9462890625,8.5029296875,3.6533203125,2.67578125,2.548828125,2.8828125,3.0966796875,4.0556640625,8.5478515625,17.9638671875,7.4150390625,2.6474609375,2.720703125,9.541015625,3.1064453125,2.7763671875,2.7412109375,2.7763671875,3.2001953125,4.654296875,7.8876953125,17.76171875,11.8017578125,1.4892578125,9.095703125,6.478515625,3.48828125,2.814453125,2.76171875,2.765625,3.0732421875,4.0205078125,6.87890625,17.8427734375,11.341796875,2.8671875,3.794921875,11.3701171875,3.1904296875,2.9169921875,2.6435546875,2.833984375,2.982421875,3.876953125,6.205078125,16.2392578125,15.01953125,5.859375,10.5751953125,7.1279296875,2.998046875,2.97265625,2.625,2.5625,3.048828125,3.8330078125,5.8310546875,17.552734375,8.3447265625,3.662109375,3.9462890625,9.7724609375,3.2861328125,2.78515625,2.578125,2.865234375,3.2353515625,3.8525390625,10.400390625,17.3623046875,7.568359375,2.2041015625,2.2041015625,8.7861328125,3.41796875,2.5537109375,2.7392578125,2.884765625,3.1259765625,3.58984375,9.4365234375,17.9423828125,12.580078125,3.54296875,2.9306640625,4.041015625,5.958984375,2.9580078125,2.5234375,2.70703125,3.01953125,4.2392578125,8.4541015625,17.2744140625,15.3740234375,7.0107421875,9.0537109375,11.1259765625,3.265625,2.8984375,2.67578125,2.853515625,3.1630859375,3.59375,5.533203125,17.4580078125,9.4951171875,3.150390625,4.69921875,11.2099609375,3.4228515625,2.8408203125,2.697265625,2.8330078125,2.9755859375,3.5419921875,7.076171875,17.875,8.7470703125,4.595703125,8.6328125,13.919921875,2.921875,3.03125,2.521484375,2.71875,3.068359375,4.2978515625,12.6005859375,17.1259765625,7.0029296875,3.9560546875,3.9462890625,11.3447265625,4.4130859375,2.697265625,2.517578125,2.8388671875,3.193359375,3.87890625,11.08203125,17.416015625,10.990234375,3.994140625,8.1875,12.4990234375,4.0009765625,2.796875,2.578125,2.8662109375,3.025390625,3.6142578125,4.7568359375,11.3427734375
NA_1322,18.5966796875,18.5966796875,18.5966796875,18.5966796875,18.5966796875,19.0205078125,21.1318359375,11.9208984375,19.36328125,24.931640625,21.40625,21.3857421875,21.3857421875,21.3857421875,21.3857421875,21.3857421875,21.408203125,24.3349609375,16.6015625,11.232421875,18.9404296875,24.7451171875,19.841796875,20.3017578125,20.3017578125,20.3017578125,20.3017578125,20.3017578125,20.3017578125,21.123046875,20.2763671875,14.3154296875,15.2978515625,22.6103515625,19.0576171875,19.0576171875,19.0576171875,19.0576171875,19.0576171875,19.0576171875,19.4150390625,24.15234375,14.3466796875,10.0205078125,15.65625,23.2373046875,12.84765625,12.84765625,12.84765625,12.84765625,12.84765625,12.84765625,12.84765625,13.2783203125,19.40625,13.052734375,17.494140625,22.07421875,17.2451171875,17.2451171875,17.2451171875,17.2451171875,17.2451171875,17.2451171875,17.2451171875,22.0673828125,16.3271484375,12.37109375,18.7607421875,23.478515625,14.021484375,12.4736328125,12.4736328125,12.4736328125,12.4736328125,12.4736328125,12.513671875,21.7080078125,12.6435546875,11.1376953125,17.333984375,23.9931640625,17.681640625,17.392578125,17.392578125,17.392578125,17.392578125,17.392578125,17.400390625,22.828125,16.0712890625,12.35546875,21.3232421875,24.8408203125,16.9189453125,16.5244140625,16.5244140625,16.5244140625,16.5244140625,16.5244140625,16.5244140625,20.6875,15.5107421875,11.5791015625,19.7861328125,24.8359375,14.53125,12.7177734375,12.7177734375,12.7177734375,12.7177734375,12.7177734375,12.7177734375,13.017578125,23.6416015625,15.1025390625,14.4130859375,22.826171875,18.470703125,18.470703125,18.470703125,18.470703125,18.470703125,18.470703125,18.470703125,21.8212890625,13.685546875,12.8828125,20.482421875,24.8681640625,6.8798828125,-7.10543413386458e-15,-7.10543413386458e-15,-7.10543413386458e-15,-7.10543413386458e-15,-7.10543413386458e-15,-7.10543413386458e-15,10.6328125,16.2470703125,10.7314453125,15.7685546875,24.2666015625,12.6318359375,11.009765625,11.009765625,11.009765625,11.009765625,11.009765625,11.009765625,19.0673828125,14.5556640625,10.0791015625,19.298828125,24.4658203125,18.50390625,18.4228515625,18.4228515625,18.4228515625,18.4228515625,18.4228515625,18.4228515625,21.943359375,13.423828125,11.3310546875,17.8154296875,23.3486328125,16.4853515625,16.4326171875,16.4326171875,16.4326171875,16.4326171875,16.4326171875,16.4326171875,19.71875,15.2080078125,11.2138671875,20.994140625,24.859375,4.6796875,0.748046875,0.748046875,0.748046875,0.748046875,0.748046875,0.748046875,15.7744140625,16.439453125,12.044921875,17.751953125,24.107421875,18.197265625,18.1943359375,18.1943359375,18.1943359375,18.1943359375,18.1943359375,18.2041015625,22.9580078125,15.236328125,12.5458984375,15.2783203125,24.6640625,20.396484375,20.2734375,20.2734375,20.2734375,20.2734375,20.2734375,20.2734375,23.537109375,15.708984375,9.2705078125,15.865234375,23.9208984375,11.6171875,11.6171875,11.6171875,11.6171875,11.6171875,11.6171875,11.6171875,19.0732421875,16.0712890625,13.6708984375,21.7080078125,20.458984375,17.26171875,17.26171875,17.26171875,17.26171875,17.26171875,17.26171875,17.26171875,20.791015625,18.6572265625,13.708984375,18.4794921875,24.9072265625,21.2900390625,21.505859375,21.505859375,21.505859375,21.505859375,21.505859375,21.505859375,22.78125,17.951171875,11.6611328125,22.2998046875,23.4091796875,19.16796875,19.16796875
NA_1323,6.4296875,6.4296875,6.4296875,6.4453125,9.0400390625,6.517578125,3.556640625,3.6904296875,6.044921875,8.7373046875,10.6630859375,6.2421875,6.2421875,6.2421875,6.2421875,6.2421875,8.421875,4.54296875,3.4560546875,3.3271484375,4.359375,9.951171875,12.9404296875,8.44140625,8.44140625,8.44140625,8.44140625,8.44140625,8.5458984375,6.271484375,3.2080078125,3.7041015625,4.7451171875,11.3681640625,8.3564453125,6.82421875,6.82421875,6.82421875,6.82421875,6.82421875,8.24609375,4.380859375,3.2412109375,3.0986328125,4.7080078125,10.052734375,8.6533203125,2.2158203125,2.2158203125,2.2158203125,2.2158203125,2.2158203125,7.234375,7.2529296875,3.9521484375,4.521484375,4.771484375,8.9775390625,12.138671875,7.6943359375,7.6943359375,7.6943359375,7.6943359375,7.6943359375,9.0009765625,4.97265625,3.5830078125,3.83984375,4.326171875,8.7490234375,10.9853515625,3.0029296875,3.0029296875,3.0029296875,3.0029296875,4.4951171875,9.2119140625,3.849609375,3.283203125,3.53125,4.5751953125,11.2109375,8.5498046875,5.8251953125,5.8251953125,5.8251953125,5.8251953125,5.8251953125,8.689453125,4.720703125,3.2841796875,4.083984375,4.9765625,8.736328125,11.3359375,6.671875,6.671875,6.671875,6.671875,6.671875,7.232421875,7.396484375,4.1923828125,3.6435546875,4.67578125,9.2822265625,11.1357421875,7.5576171875,7.5576171875,7.5576171875,7.5576171875,7.5576171875,8.1865234375,6.884765625,4.681640625,3.7060546875,3.5458984375,10.7646484375,12.41796875,6.6142578125,6.4833984375,6.4833984375,6.4833984375,7.2978515625,7.5849609375,3.8369140625,3.4345703125,3.638671875,5.720703125,8.6357421875,11.654296875,7.0732421875,7.0732421875,7.0732421875,7.0732421875,7.0732421875,8.9296875,5.9462890625,3.412109375,3.3896484375,4.8076171875,8.126953125,11.7939453125,7.4208984375,7.4208984375,7.4208984375,7.4208984375,7.765625,8.6220703125,4.685546875,2.9580078125,3.72265625,5.390625,9.880859375,10.9755859375,7.3046875,7.3046875,7.3046875,7.3046875,7.3046875,7.4912109375,7.05078125,3.52734375,3.6220703125,4.408203125,8.8642578125,9.9501953125,2.3642578125,2.3642578125,2.3642578125,2.3642578125,2.3642578125,4.3515625,8.341796875,4.2275390625,3.314453125,5.619140625,9.0234375,8.7763671875,3.1083984375,3.1083984375,3.1083984375,3.1083984375,3.1083984375,9.5908203125,4.818359375,3.5693359375,3.658203125,4.408203125,8.802734375,11.986328125,3.822265625,3.822265625,3.822265625,3.822265625,3.822265625,7.5703125,4.8916015625,3.4619140625,3.427734375,4.3984375,8.833984375,12.7783203125,5.7451171875,4.9072265625,4.9072265625,4.9072265625,4.9072265625,7.59765625,5.0166015625,3.3017578125,3.2587890625,4.38671875,8.4931640625,8.921875,6.6298828125,6.6298828125,6.6298828125,6.6298828125,6.6298828125,8.5234375,5.1357421875,3.6572265625,3.6083984375,5.1650390625,12.2373046875,9.47265625,7.46875,7.46875,7.46875,7.46875,7.46875,8.3330078125,5.6064453125,3.4951171875,4.111328125,4.67578125,9.494140625,9.2041015625,7.3486328125,7.3486328125,7.3486328125,7.3486328125,7.3486328125,8.515625,5.8203125,3.2685546875,3.466796875,5.5732421875,10.939453125,10.3037109375,7.470703125
NA_1367,-7.10543413386458e-15,-7.10543413386458e-15,-7.10543413386458e-15,-7.10543413386458e-15,-7.10543413386458e-15,1.755859375,1.951171875,2.0,2.0,0.408203125,0.189453125,-7.10543413386458e-15,-7.10543413386458e-15,-7.10543413386458e-15,-7.10543413386458e-15,-7.10543413386458e-15,0.1455078125,2.0,1.99609375,1.9951171875,2.0,0.6796875,-7.10543413386458e-15,-7.10543413386458e-15,-7.10543413386458e-15,-7.10543413386458e-15,-7.10543413386458e-15,-7.10543413386458e-15,0.3515625,1.9765625,2.0,1.998046875,2.0,1.283203125,0.5869140625,-7.10543413386458e-15,-7.10543413386458e-15,-7.10543413386458e-15,-7.10543413386458e-15,-7.10543413386458e-15,0.748046875,2.0,1.99609375,1.9375,1.990234375,1.1416015625,0.6064453125,-7.10543413386458e-15,-7.10543413386458e-15,-7.10543413386458e-15,-7.10543413386458e-15,-7.10543413386458e-15,1.14453125,2.0,2.0,1.9404296875,1.9892578125,1.7568359375,-7.10543413386458e-15,-7.10543413386458e-15,-7.10543413386458e-15,-7.10543413386458e-15,-7.10543413386458e-15,-7.10543413386458e-15,0.6015625,1.9716796875,1.9833984375,2.0,2.0,1.544921875,0.3310546875,0.3310546875,0.3310546875,0.3310546875,0.3310546875,0.3310546875,0.3330078125,1.9541015625,1.962890625,1.99609375,2.0,1.779296875,-7.10543413386458e-15,-7.10543413386458e-15,-7.10543413386458e-15,-7.10543413386458e-15,-7.10543413386458e-15,-7.10543413386458e-15,0.5869140625,1.962890625,2.0,1.9404296875,2.0,0.853515625,-7.10543413386458e-15,-7.10543413386458e-15,-7.10543413386458e-15,-7.10543413386458e-15,-7.10543413386458e-15,-7.10543413386458e-15,0.2958984375,2.0,2.0,1.998046875,2.0,1.4072265625,1.251953125,1.251953125,1.251953125,1.251953125,1.251953125,1.251953125,1.384765625,2.0,1.9970703125,2.0,1.994140625,1.30078125,-7.10543413386458e-15,-7.10543413386458e-15,-7.10543413386458e-15,-7.10543413386458e-15,-7.10543413386458e-15,-7.10543413386458e-15,0.02734375,1.98828125,1.9775390625,1.970703125,1.9580078125,0.306640625,-7.10543413386458e-15,-7.10543413386458e-15,-7.10543413386458e-15,-7.10543413386458e-15,-7.10543413386458e-15,-7.10543413386458e-15,0.275390625,2.0,1.984375,2.0,2.0,1.3017578125,-7.10543413386458e-15,-7.10543413386458e-15,-7.10543413386458e-15,-7.10543413386458e-15,-7.10543413386458e-15,-7.10543413386458e-15,-7.10543413386458e-15,1.890625,2.0,1.953125,1.998046875,0.7900390625,-7.10543413386458e-15,-7.10543413386458e-15,-7.10543413386458e-15,-7.10543413386458e-15,-7.10543413386458e-15,-7.10543413386458e-15,-7.10543413386458e-15,1.2216796875,1.935546875,1.998046875,2.0,1.9560546875,0.3935546875,-7.10543413386458e-15,-7.10543413386458e-15,-7.10543413386458e-15,-7.10543413386458e-15,-7.10543413386458e-15,1.21875,2.0,1.9521484375,1.9951171875,2.0,0.4345703125,-7.10543413386458e-15,-7.10543413386458e-15,-7.10543413386458e-15,-7.10543413386458e-15,-7.10543413386458e-15,-7.10543413386458e-15,0.8056640625,1.9716796875,1.9345703125,2.0,1.9912109375,1.8828125,0.3369140625,-7.10543413386458e-15,-7.10543413386458e-15,-7.10543413386458e-15,-7.10543413386458e-15,-7.10543413386458e-15,1.6513671875,1.99609375,1.990234375,2.0,2.0,1.2373046875,0.224609375,-7.10543413386458e-15,-7.10543413386458e-15,-7.10543413386458e-15,-7.10543413386458e-15,-7.10543413386458e-15,0.69921875,1.9990234375,1.9765625,2.0,2.0,1.3896484375,0.3876953125,-7.10543413386458e-15,-7.10543413386458e-15,-7.10543413386458e-15,-7.10543413386458e-15,-7.10543413386458e-15,1.3203125,1.9892578125,1.9912109375,1.9814453125,2.0,1.775390625,-7.10543413386458e-15,-7.10543413386458e-15,-7.10543413386458e-15,-7.10543413386458e-15,-7.10543413386458e-15,-7.10543413386458e-15,1.5908203125,1.9833984375,1.986328125,2.0,2.0,1.447265625,0.0107421875,-7.10543413386458e-15,-7.10543413386458e-15,-7.10543413386458e-15,-7.10543413386458e-15,-7.10543413386458e-15,0.83203125,1.9951171875,1.95703125,1.9794921875,1.998046875,1.7431640625,0.033203125,-7.10543413386458e-15
NA_1400,0.6953125,0.6953125,0.6953125,1.478515625,3.37890625,2.9375,2.7373046875,2.7607421875,3.1201171875,3.505859375,3.8447265625,0.88671875,0.88671875,0.88671875,0.88671875,1.39453125,3.193359375,2.6865234375,2.54296875,2.4453125,3.025390625,3.8037109375,5.3359375,2.900390625,1.564453125,1.564453125,1.564453125,2.4091796875,3.83984375,2.8720703125,2.4912109375,2.7763671875,2.8798828125,4.220703125,2.5341796875,-7.10543413386458e-15,-7.10543413386458e-15,-7.10543413386458e-15,-7.10543413386458e-15,-7.10543413386458e-15,2.455078125,2.724609375,2.8623046875,2.775390625,2.98828125,4.0498046875,4.83984375,0.12109375,-7.10543413386458e-15,-7.10543413386458e-15,-7.10543413386458e-15,0.630859375,3.01953125,3.005859375,2.431640625,2.8505859375,2.9013671875,3.5107421875,5.0244140625,0.1298828125,-7.10543413386458e-15,-7.10543413386458e-15,-7.10543413386458e-15,0.47265625,3.0498046875,2.408203125,2.205078125,2.4814453125,2.71484375,3.7548828125,4.638671875,2.6708984375,2.6123046875,2.6123046875,2.6123046875,3.4775390625,3.4384765625,2.2119140625,1.9326171875,2.1318359375,2.8203125,4.0859375,5.0283203125,2.24609375,2.1572265625,2.1572265625,2.1572265625,2.73828125,3.6708984375,2.4267578125,2.2197265625,2.48828125,2.96875,3.337890625,4.486328125,2.13671875,2.13671875,2.13671875,2.13671875,2.697265625,4.0126953125,2.806640625,2.8037109375,2.83203125,2.875,4.0556640625,4.3154296875,3.224609375,3.224609375,3.224609375,3.224609375,3.359375,4.1064453125,2.4013671875,2.19921875,2.1748046875,2.48828125,4.4189453125,5.310546875,2.771484375,2.18359375,2.18359375,2.18359375,3.919921875,3.1455078125,2.05859375,1.8994140625,1.986328125,2.693359375,3.9580078125,4.806640625,2.6171875,2.5078125,2.5078125,2.5078125,2.517578125,4.263671875,2.5810546875,2.0361328125,2.2080078125,2.72265625,3.7060546875,5.2841796875,2.3876953125,2.0927734375,2.0927734375,2.0927734375,3.81640625,3.0302734375,2.869140625,2.7275390625,2.763671875,3.01171875,3.724609375,4.7294921875,2.69140625,2.69140625,2.69140625,2.69140625,2.703125,3.6318359375,2.7470703125,2.2080078125,2.3896484375,2.833984375,3.75390625,4.3369140625,2.029296875,2.029296875,2.029296875,2.029296875,2.029296875,3.5380859375,2.490234375,2.3701171875,2.4501953125,2.94921875,3.96484375,3.8603515625,2.5625,2.5625,2.5625,2.5625,2.59375,4.3828125,2.6015625,2.2236328125,2.1904296875,2.5078125,4.3681640625,4.7861328125,2.1826171875,1.1083984375,1.1083984375,1.1083984375,1.1083984375,3.2646484375,2.6982421875,2.1884765625,1.982421875,2.5361328125,3.7177734375,4.798828125,2.66796875,2.3828125,2.3828125,2.3828125,3.0439453125,3.80078125,2.91796875,2.8291015625,2.8173828125,2.662109375,3.1904296875,4.171875,2.2587890625,2.046875,2.046875,2.046875,2.046875,3.3564453125,2.525390625,2.0791015625,1.9189453125,2.7109375,4.435546875,3.4619140625,2.01171875,2.01171875,2.01171875,2.01171875,2.01171875,3.865234375,2.61328125,2.0087890625,2.2021484375,2.7900390625,4.0986328125,2.015625,-7.10543413386458e-15,-7.10543413386458e-15,-7.10543413386458e-15,-7.10543413386458e-15,0.1474609375,2.849609375,2.642578125,1.919921875,2.1279296875,3.0068359375,3.96875,4.3720703125,1.0888671875
NA_1415,18.3154296875,18.3154296875,18.3154296875,18.3154296875,19.4375,22.9404296875,14.232421875,10.6435546875,18.5625,23.021484375,7.09765625,-7.10543413386458e-15,-7.10543413386458e-15,-7.10543413386458e-15,-7.10543413386458e-15,-7.10543413386458e-15,12.2568359375,21.6904296875,15.3505859375,12.095703125,18.5791015625,22.958984375,17.5126953125,14.6240234375,14.6240234375,14.6240234375,14.6240234375,14.6240234375,14.6240234375,20.1474609375,12.4609375,11.3349609375,14.103515625,20.4169921875,13.3583984375,13.3583984375,13.3583984375,13.3583984375,13.3583984375,13.3583984375,16.6455078125,18.4853515625,10.5712890625,10.75,15.7275390625,23.005859375,15.0390625,13.890625,13.890625,13.890625,13.890625,13.890625,13.890625,21.2275390625,15.400390625,12.84765625,18.0224609375,22.4150390625,16.2841796875,14.9521484375,14.9521484375,14.9521484375,14.9521484375,14.9521484375,17.82421875,20.3212890625,12.517578125,12.244140625,16.3779296875,23.0849609375,19.1142578125,16.2275390625,16.2275390625,16.2275390625,16.2275390625,16.2275390625,19.7939453125,19.177734375,11.1806640625,11.833984375,16.1552734375,22.5302734375,11.908203125,10.90625,10.90625,10.90625,10.90625,10.90625,18.2587890625,22.19921875,13.1865234375,12.0576171875,20.4384765625,23.01171875,17.1708984375,15.595703125,15.595703125,15.595703125,15.595703125,15.595703125,15.619140625,20.8916015625,12.0048828125,11.005859375,16.083984375,22.9326171875,22.416015625,22.2734375,22.2734375,22.2734375,22.2734375,22.2734375,22.2734375,22.791015625,16.0859375,12.279296875,12.9326171875,22.3115234375,17.029296875,15.8583984375,15.8583984375,15.8583984375,15.8583984375,15.8583984375,19.8662109375,19.158203125,9.5517578125,10.787109375,18.888671875,23.0009765625,15.9794921875,7.01171875,7.01171875,7.01171875,7.01171875,7.01171875,10.9892578125,21.892578125,11.4248046875,10.681640625,14.298828125,21.919921875,18.478515625,16.396484375,16.396484375,16.396484375,16.396484375,16.396484375,18.1494140625,21.4697265625,9.529296875,10.025390625,18.4052734375,22.607421875,13.3720703125,13.24609375,13.24609375,13.24609375,13.24609375,13.24609375,13.4599609375,19.9599609375,12.1083984375,10.9638671875,15.05859375,21.99609375,20.5419921875,20.34765625,20.34765625,20.34765625,20.34765625,20.34765625,20.439453125,22.3154296875,12.7333984375,10.0771484375,19.005859375,23.0576171875,6.6650390625,-7.10543413386458e-15,-7.10543413386458e-15,-7.10543413386458e-15,-7.10543413386458e-15,-7.10543413386458e-15,4.1494140625,22.037109375,12.19140625,11.267578125,14.5048828125,22.9697265625,14.2548828125,11.4921875,11.4921875,11.4921875,11.4921875,11.4921875,16.2861328125,21.94921875,12.2060546875,11.5791015625,17.3115234375,22.78125,18.0732421875,12.498046875,12.498046875,12.498046875,12.498046875,12.498046875,13.642578125,21.6826171875,12.3154296875,9.6953125,15.6640625,21.451171875,12.8583984375,12.318359375,12.318359375,12.318359375,12.318359375,12.318359375,14.8701171875,19.6845703125,10.67578125,11.65234375,18.8076171875,21.9296875,17.025390625,17.0205078125,17.0205078125,17.0205078125,17.0205078125,17.0205078125,17.4609375,20.7978515625,11.533203125,11.42578125,14.9296875,22.802734375,4.0703125,-7.10543413386458e-15,-7.10543413386458e-15,-7.10543413386458e-15,-7.10543413386458e-15,-7.10543413386458e-15,1.8310546875,21.8798828125,11.603515625,10.169921875,20.197265625,22.6669921875,14.357421875,14.3125
NA_1426,17.470703125,17.470703125,17.470703125,17.470703125,17.470703125,22.0224609375,13.7705078125,10.44921875,17.6572265625,24.4521484375,18.9384765625,17.65234375,17.65234375,17.65234375,17.65234375,17.65234375,17.962890625,22.978515625,13.6533203125,11.60546875,15.6552734375,23.6279296875,20.6787109375,19.310546875,19.3095703125,19.3095703125,19.3095703125,19.3095703125,19.3095703125,20.9169921875,16.1083984375,12.078125,15.1337890625,21.45703125,12.6376953125,12.62890625,12.62890625,12.62890625,12.62890625,12.62890625,13.7880859375,22.7021484375,12.6025390625,10.0517578125,15.0078125,23.8369140625,3.578125,0.59375,0.59375,0.59375,0.59375,0.59375,0.59375,8.146484375,18.60546875,12.5869140625,16.4736328125,22.966796875,14.7216796875,14.24609375,14.24609375,14.24609375,14.24609375,14.24609375,14.24609375,20.0625,13.1953125,11.7470703125,16.2587890625,24.25,22.1318359375,21.5400390625,21.5400390625,21.5400390625,21.5400390625,21.5400390625,22.1689453125,19.521484375,9.9765625,10.5634765625,14.9951171875,22.5234375,18.474609375,18.373046875,18.373046875,18.373046875,18.373046875,18.373046875,18.6708984375,22.0615234375,10.2275390625,12.68359375,19.955078125,24.259765625,19.1357421875,17.3994140625,17.3994140625,17.3994140625,17.3994140625,17.3994140625,17.3994140625,21.1123046875,12.7236328125,10.31640625,17.4462890625,23.9140625,10.537109375,0.25,0.25,0.25,0.25,0.25,0.25,7.345703125,20.80078125,12.439453125,13.1328125,23.333984375,21.146484375,20.8193359375,20.8193359375,20.8193359375,20.8193359375,20.8193359375,20.7919921875,22.90234375,11.203125,10.091796875,19.5830078125,23.76171875,15.7138671875,13.03125,13.03125,13.03125,13.03125,13.03125,13.03125,19.3798828125,13.0546875,10.19921875,13.7626953125,23.755859375,18.986328125,16.271484375,16.271484375,16.271484375,16.271484375,16.271484375,16.2802734375,21.953125,10.6953125,9.21875,15.9365234375,23.5126953125,14.9609375,14.4189453125,14.4189453125,14.4189453125,14.4189453125,14.4189453125,14.4189453125,19.3173828125,12.0,8.8466796875,12.8671875,23.5205078125,14.3642578125,12.6796875,12.6796875,12.6796875,12.6796875,12.6796875,12.6796875,18.81640625,12.2373046875,9.970703125,18.8427734375,24.1044921875,7.072265625,0.3603515625,0.3603515625,0.3603515625,0.3603515625,0.3603515625,0.3603515625,20.5302734375,11.9619140625,10.1572265625,16.3720703125,24.0244140625,14.72265625,10.990234375,10.990234375,10.990234375,10.990234375,10.990234375,13.060546875,21.23828125,11.22265625,9.9287109375,14.53125,23.2744140625,14.4892578125,9.6748046875,9.6748046875,9.6748046875,9.6748046875,9.6748046875,10.1875,21.4765625,11.2666015625,8.7744140625,14.28515625,22.8359375,3.3447265625,0.345703125,0.345703125,0.345703125,0.345703125,0.345703125,0.8310546875,21.71875,10.943359375,10.41796875,19.044921875,17.8505859375,13.86328125,13.8876953125,13.8876953125,13.8876953125,13.8876953125,13.8876953125,13.8876953125,19.7353515625,15.3701171875,11.578125,14.8154296875,24.0205078125,9.515625,9.123046875,9.123046875,9.123046875,9.123046875,9.123046875,9.123046875,17.19140625,14.8046875,10.7392578125,19.4150390625,20.47265625,0.392578125,0.3857421875
NA_1444,8.0830078125,8.0830078125,8.0830078125,8.0830078125,20.4267578125,22.0390625,16.3115234375,13.4609375,19.1572265625,22.0771484375,18.19140625,10.0537109375,10.0537109375,10.0537109375,10.0537109375,10.0537109375,20.447265625,16.8671875,13.005859375,11.4873046875,15.8203125,21.525390625,21.275390625,8.73828125,8.732421875,8.732421875,8.732421875,8.732421875,13.3525390625,18.76953125,10.03515625,11.6435546875,13.1025390625,21.3486328125,21.20703125,20.7216796875,20.7216796875,20.7216796875,20.7216796875,20.7216796875,21.3076171875,18.6533203125,10.708984375,10.3212890625,14.3740234375,21.833984375,14.259765625,-7.10543413386458e-15,-7.10543413386458e-15,-7.10543413386458e-15,-7.10543413386458e-15,-7.10543413386458e-15,12.083984375,21.9521484375,14.568359375,14.5244140625,16.060546875,21.9794921875,21.4970703125,17.744140625,17.744140625,17.744140625,17.744140625,17.744140625,20.658203125,17.474609375,11.482421875,10.9208984375,13.1015625,20.6181640625,16.26953125,4.0234375,4.0234375,4.0234375,4.0234375,4.0673828125,21.744140625,15.1943359375,10.4345703125,11.1826171875,14.173828125,21.724609375,17.9990234375,13.6708984375,13.6708984375,13.6708984375,13.6708984375,13.6708984375,20.67578125,16.6591796875,11.0234375,11.6005859375,15.7568359375,20.6630859375,19.1005859375,9.6416015625,9.6416015625,9.6416015625,9.6416015625,9.6416015625,16.35546875,20.0986328125,12.03515625,11.134765625,14.2822265625,21.8291015625,18.1748046875,10.2783203125,10.2783203125,10.2783203125,10.2783203125,10.2783203125,15.875,19.1982421875,13.7900390625,11.873046875,12.40234375,20.9345703125,21.6416015625,13.8935546875,13.31640625,13.31640625,13.31640625,15.361328125,21.7158203125,14.6953125,11.0283203125,11.333984375,18.005859375,22.08203125,19.3515625,12.5205078125,12.5205078125,12.5205078125,12.5205078125,12.5205078125,18.39453125,18.1220703125,11.4892578125,10.958984375,14.4140625,20.0693359375,20.78515625,4.8388671875,4.26171875,4.26171875,4.26171875,6.4658203125,21.96484375,15.646484375,9.2548828125,12.0439453125,14.84375,21.880859375,19.845703125,10.798828125,10.798828125,10.798828125,10.798828125,10.798828125,15.3232421875,18.3330078125,11.4453125,11.4052734375,13.8076171875,19.240234375,14.5166015625,-7.10543413386458e-15,-7.10543413386458e-15,-7.10543413386458e-15,-7.10543413386458e-15,-7.10543413386458e-15,5.220703125,20.7978515625,15.3388671875,12.7890625,16.8466796875,21.6376953125,10.0791015625,-7.10543413386458e-15,-7.10543413386458e-15,-7.10543413386458e-15,-7.10543413386458e-15,-7.10543413386458e-15,16.2001953125,18.177734375,12.125,11.5888671875,12.375,20.0302734375,20.9150390625,12.7001953125,12.7314453125,12.7314453125,12.7314453125,12.7314453125,18.8115234375,18.724609375,11.7001953125,10.658203125,12.78515625,19.701171875,20.1884765625,10.984375,10.5673828125,10.5673828125,10.5673828125,10.5673828125,17.1416015625,19.013671875,12.1669921875,11.6484375,15.3798828125,20.1884765625,11.275390625,-7.10543413386458e-15,-7.10543413386458e-15,-7.10543413386458e-15,-7.10543413386458e-15,-7.10543413386458e-15,10.1455078125,17.064453125,10.9384765625,11.0654296875,14.048828125,22.0546875,15.1748046875,12.8115234375,12.8115234375,12.8115234375,12.8115234375,12.8115234375,16.5009765625,19.6181640625,12.0986328125,12.0380859375,15.322265625,21.7060546875,19.5205078125,18.078125,18.078125,18.078125,18.078125,18.078125,19.1865234375,20.84765625,10.97265625,11.296875,19.9326171875,21.994140625,18.4482421875,13.3095703125
NA_1463,4.984375,4.8115234375,4.994140625,5.0,4.962890625,4.9501953125,4.8544921875,4.5947265625,4.947265625,4.458984375,4.966796875,1.9697265625,0.4619140625,4.9736328125,4.9755859375,4.9736328125,4.8564453125,4.90234375,4.18359375,4.810546875,4.970703125,4.9794921875,4.9443359375,4.9794921875,4.5498046875,4.9990234375,4.5146484375,4.9033203125,4.927734375,3.9482421875,3.92578125,4.064453125,4.3701171875,4.974609375,5.0,4.966796875,3.3994140625,4.8271484375,4.96484375,4.8994140625,4.5908203125,4.5595703125,4.2197265625,4.3154296875,4.9736328125,4.94140625,5.0,5.0,4.7109375,1.9248046875,4.998046875,4.9658203125,4.998046875,4.68359375,4.8642578125,4.42578125,4.955078125,4.9951171875,5.0,4.1220703125,3.765625,4.994140625,5.0,4.9970703125,4.546875,4.7578125,4.83203125,4.1953125,4.9287109375,4.7275390625,4.994140625,2.5224609375,5.0,4.98046875,4.998046875,4.8935546875,4.3876953125,3.1337890625,2.884765625,2.7333984375,4.4638671875,4.978515625,4.9990234375,4.994140625,2.814453125,1.6142578125,4.9609375,4.9765625,4.74609375,4.9091796875,4.4501953125,4.29296875,4.9404296875,4.9970703125,4.982421875,4.984375,3.5751953125,4.9912109375,5.0,5.0,4.9931640625,4.9912109375,4.9306640625,4.8486328125,4.580078125,4.9912109375,4.8896484375,4.333984375,2.376953125,4.0546875,4.99609375,4.9765625,4.990234375,4.5908203125,4.8330078125,4.9736328125,4.9130859375,4.9990234375,4.9931640625,3.9130859375,1.453125,2.2841796875,4.998046875,4.93359375,4.6826171875,4.546875,4.40625,4.7138671875,4.8916015625,4.869140625,5.0,4.98828125,1.763671875,2.171875,4.998046875,5.0,4.9970703125,4.7685546875,4.9833984375,4.552734375,4.8642578125,4.9697265625,4.9951171875,4.9990234375,4.9951171875,4.9970703125,4.927734375,4.91015625,4.8349609375,4.73828125,4.7490234375,4.990234375,4.529296875,5.0,4.9921875,4.6669921875,3.78125,5.0,5.0,5.0,4.95703125,4.9404296875,4.951171875,4.8349609375,4.9560546875,4.9912109375,5.0,2.064453125,1.73828125,1.96484375,4.2939453125,5.0,4.9873046875,4.939453125,4.9033203125,4.3779296875,4.94140625,4.9970703125,4.9990234375,5.0,1.9794921875,4.0322265625,3.7880859375,5.0,4.9970703125,4.7197265625,4.9501953125,4.921875,4.9892578125,4.9287109375,4.9833984375,4.998046875,4.080078125,4.9990234375,4.998046875,5.0,4.7216796875,3.802734375,3.744140625,3.8203125,4.0966796875,4.8916015625,5.0,3.8671875,4.4150390625,5.0,4.9990234375,4.98046875,4.779296875,4.876953125,4.9365234375,4.9619140625,4.943359375,5.0,5.0,4.85546875,1.9736328125,4.6044921875,5.0,4.9033203125,4.8701171875,4.9765625,4.6708984375,4.6083984375,4.8017578125,4.98046875,4.9931640625,4.9873046875,4.9140625,5.0,4.412109375,4.974609375,4.9833984375,4.36328125,4.82421875,4.60546875,4.625,5.0,4.9951171875,5.0,4.9853515625,5.0,4.9755859375,4.9775390625,5.0,4.9794921875,4.888671875,4.771484375,4.880859375,4.96875,4.9990234375,4.9931640625
NA_149,4.177734375,4.177734375,4.177734375,4.177734375,4.556640625,4.5263671875,1.701171875,2.01953125,3.4892578125,11.55859375,8.966796875,6.3525390625,6.3525390625,6.3525390625,6.3525390625,6.3525390625,7.0390625,2.9580078125,1.78125,1.7099609375,2.201171875,8.6943359375,9.962890625,8.052734375,8.052734375,8.052734375,8.052734375,8.052734375,8.052734375,5.826171875,1.70703125,1.8916015625,3.9814453125,11.427734375,5.283203125,5.1171875,5.1171875,5.1171875,5.1171875,5.1171875,6.2548828125,1.9013671875,1.8330078125,1.7373046875,3.162109375,7.166015625,5.8642578125,4.3828125,4.3828125,4.3828125,4.3828125,4.3828125,4.3828125,6.2685546875,1.5888671875,2.1572265625,2.658203125,9.341796875,7.6572265625,3.6103515625,3.6103515625,3.6103515625,3.6103515625,3.6103515625,4.619140625,3.728515625,1.8125,2.1513671875,2.9375,9.5,10.6142578125,5.654296875,5.654296875,5.654296875,5.654296875,5.654296875,7.3857421875,1.64453125,1.728515625,1.9091796875,2.6171875,9.9296875,7.7158203125,6.5537109375,6.5537109375,6.5537109375,6.5537109375,6.5537109375,7.1884765625,3.1171875,1.4501953125,2.22265625,3.16015625,7.41015625,8.9296875,4.845703125,4.845703125,4.845703125,4.845703125,4.845703125,4.845703125,3.5869140625,1.5810546875,1.8740234375,3.208984375,7.7744140625,8.4150390625,3.7099609375,3.7099609375,3.7099609375,3.7099609375,3.7099609375,3.7099609375,4.08203125,1.7939453125,1.6875,2.171875,10.57421875,7.7802734375,4.345703125,4.345703125,4.345703125,4.345703125,4.345703125,7.1044921875,1.7666015625,1.6171875,1.970703125,3.548828125,7.3681640625,8.953125,3.9306640625,3.9306640625,3.9306640625,3.9306640625,3.9306640625,4.0439453125,3.724609375,1.9404296875,1.775390625,2.373046875,6.95703125,9.447265625,5.0908203125,5.0908203125,5.0908203125,5.0908203125,5.0908203125,5.7333984375,1.6318359375,1.4560546875,1.677734375,2.685546875,10.08203125,6.0908203125,4.0458984375,4.0458984375,4.0458984375,4.0458984375,4.0458984375,4.0302734375,3.7216796875,1.9306640625,1.603515625,2.04296875,8.6318359375,7.7412109375,4.8828125,4.8828125,4.8828125,4.8828125,4.8828125,4.8828125,4.6142578125,1.66015625,1.6552734375,2.62109375,10.7548828125,11.1875,10.076171875,10.076171875,10.076171875,10.076171875,10.076171875,9.6884765625,3.6416015625,1.71875,1.6494140625,2.9794921875,7.0439453125,10.646484375,2.8427734375,2.8427734375,2.8427734375,2.8427734375,2.8427734375,5.8193359375,1.923828125,1.744140625,1.9423828125,2.64453125,10.5478515625,10.5205078125,4.2578125,4.2578125,4.2578125,4.2578125,4.2578125,4.4296875,3.4423828125,1.474609375,1.857421875,2.4423828125,9.4287109375,6.2119140625,4.107421875,4.107421875,4.107421875,4.107421875,4.107421875,5.0478515625,3.6630859375,1.638671875,1.9033203125,4.8828125,12.6201171875,5.826171875,4.6728515625,4.6728515625,4.6728515625,4.6728515625,4.6728515625,4.6533203125,4.7470703125,1.67578125,2.1201171875,2.6748046875,10.66796875,8.1884765625,7.51171875,7.51171875,7.51171875,7.51171875,7.51171875,7.51171875,5.41015625,1.6796875,2.1669921875,3.0302734375,9.4560546875,4.7724609375,4.2802734375
NA_1491,2.740234375,2.98828125,2.880859375,2.6435546875,2.755859375,2.6826171875,2.626953125,2.6240234375,2.6630859375,2.841796875,2.927734375,3.076171875,2.9248046875,2.4873046875,2.810546875,2.3515625,2.6748046875,2.5361328125,2.3173828125,1.9208984375,2.21484375,2.646484375,2.7099609375,2.857421875,2.1513671875,2.0361328125,2.12890625,1.978515625,2.287109375,2.109375,2.076171875,2.5205078125,2.4765625,2.2939453125,2.74609375,2.9404296875,3.212890625,2.0,1.4892578125,1.8251953125,1.310546875,1.3642578125,1.0947265625,1.2412109375,1.419921875,1.5986328125,2.2099609375,2.953125,2.7109375,2.5625,2.5048828125,2.83984375,2.75390625,2.6669921875,2.55078125,2.2529296875,2.794921875,2.5458984375,2.6416015625,2.9453125,2.6865234375,2.7900390625,2.7607421875,2.740234375,2.3671875,2.412109375,2.29296875,2.2060546875,2.5595703125,2.703125,2.5966796875,2.9580078125,2.7216796875,2.609375,2.037109375,1.837890625,1.5390625,1.3779296875,1.2421875,1.140625,1.2392578125,1.8271484375,2.7880859375,2.5283203125,2.8544921875,2.7294921875,2.1044921875,2.3037109375,2.6552734375,2.51171875,2.4541015625,2.416015625,2.6337890625,2.787109375,2.73828125,2.494140625,2.4853515625,2.623046875,2.7626953125,2.4189453125,2.8583984375,1.7763671875,1.775390625,2.4521484375,2.609375,2.8125,2.8955078125,2.701171875,2.708984375,2.6318359375,2.25390625,2.642578125,2.44921875,2.4619140625,2.357421875,2.4990234375,2.6806640625,2.40625,2.498046875,2.88671875,3.259765625,2.875,2.86328125,2.771484375,2.64453125,2.3955078125,2.61328125,2.7431640625,2.384765625,2.3154296875,2.255859375,3.154296875,2.87890625,2.16015625,2.2578125,1.62890625,1.5439453125,1.2861328125,1.16796875,1.2880859375,1.25,2.18359375,2.7265625,2.83203125,2.4833984375,2.5849609375,2.8173828125,2.533203125,1.6298828125,1.736328125,1.3251953125,1.3671875,1.5322265625,2.1044921875,2.689453125,2.572265625,2.6376953125,2.5625,2.9208984375,2.6845703125,2.1923828125,1.6064453125,1.7919921875,1.5185546875,1.810546875,2.1669921875,2.6396484375,2.6494140625,2.8779296875,2.00390625,2.484375,2.42578125,2.3310546875,1.8671875,1.6572265625,1.8291015625,2.6123046875,2.5029296875,2.7705078125,2.3505859375,2.546875,2.908203125,2.572265625,2.5205078125,2.2041015625,2.2548828125,2.51171875,2.2294921875,2.5244140625,2.6728515625,2.7119140625,2.7548828125,2.70703125,2.578125,2.265625,2.673828125,2.0048828125,1.3935546875,1.25,1.55859375,2.52734375,2.84765625,2.6767578125,2.58203125,2.501953125,2.3642578125,2.5546875,2.6708984375,2.6103515625,2.5439453125,2.4970703125,2.58984375,2.1796875,2.8291015625,2.4111328125,2.3994140625,2.91796875,2.638671875,2.703125,2.47265625,2.671875,2.34765625,2.3603515625,2.6064453125,2.529296875,2.7509765625,2.599609375,2.798828125,2.7412109375,1.7412109375,2.3564453125,2.7587890625,2.62890625,2.7412109375,2.4775390625,2.6572265625,2.6162109375,2.708984375,2.6533203125,2.759765625,2.8076171875,2.728515625,1.900390625,1.8740234375,1.78515625,1.2705078125,1.3984375,1.2734375,1.4873046875,1.7236328125,2.6787109375,2.6083984375
NA_1514,-7.10543413386458e-15,-7.10543413386458e-15,-7.10543413386458e-15,-7.10543413386458e-15,-7.10543413386458e-15,1.6396484375,2.4755859375,2.498046875,2.3583984375,-7.10543413386458e-15,-7.10543413386458e-15,-7.10543413386458e-15,-7.10543413386458e-15,-7.10543413386458e-15,-7.10543413386458e-15,-7.10543413386458e-15,-7.10543413386458e-15,1.1357421875,2.4072265625,2.4970703125,2.4990234375,0.921875,0.201171875,0.201171875,0.201171875,0.201171875,0.201171875,0.201171875,0.201171875,1.1767578125,2.455078125,2.498046875,2.498046875,0.369140625,-7.10543413386458e-15,-7.10543413386458e-15,-7.10543413386458e-15,-7.10543413386458e-15,-7.10543413386458e-15,-7.10543413386458e-15,-7.10543413386458e-15,1.619140625,2.49609375,2.4990234375,2.2421875,1.2333984375,0.3330078125,0.3330078125,0.3330078125,0.3330078125,0.3330078125,0.3330078125,0.3330078125,1.203125,2.4892578125,2.4130859375,2.478515625,0.021484375,-7.10543413386458e-15,-7.10543413386458e-15,-7.10543413386458e-15,-7.10543413386458e-15,-7.10543413386458e-15,-7.10543413386458e-15,-7.10543413386458e-15,1.9521484375,2.4912109375,2.48046875,2.4990234375,1.130859375,0.9521484375,0.9521484375,0.9521484375,0.9521484375,0.9521484375,0.9521484375,0.9521484375,1.880859375,2.4814453125,2.4990234375,2.494140625,1.552734375,1.056640625,1.056640625,1.056640625,1.056640625,1.056640625,1.056640625,1.056640625,1.9443359375,2.4677734375,2.48828125,2.416015625,-7.10543413386458e-15,-7.10543413386458e-15,-7.10543413386458e-15,-7.10543413386458e-15,-7.10543413386458e-15,-7.10543413386458e-15,-7.10543413386458e-15,-7.10543413386458e-15,1.505859375,2.4873046875,2.5,2.48828125,0.482421875,-7.10543413386458e-15,-7.10543413386458e-15,-7.10543413386458e-15,-7.10543413386458e-15,-7.10543413386458e-15,-7.10543413386458e-15,-7.10543413386458e-15,1.150390625,2.4462890625,2.4970703125,2.4970703125,0.5263671875,0.3798828125,0.3798828125,0.3798828125,0.3798828125,0.3798828125,0.3798828125,0.3798828125,2.0576171875,2.48828125,2.4970703125,2.32421875,-7.10543413386458e-15,-7.10543413386458e-15,-7.10543413386458e-15,-7.10543413386458e-15,-7.10543413386458e-15,-7.10543413386458e-15,-7.10543413386458e-15,-7.10543413386458e-15,1.3837890625,2.4794921875,2.4931640625,2.4970703125,1.248046875,0.4638671875,0.4638671875,0.4638671875,0.4638671875,0.4638671875,0.4638671875,0.4638671875,1.7666015625,2.4892578125,2.4970703125,2.498046875,0.806640625,-7.10543413386458e-15,-7.10543413386458e-15,-7.10543413386458e-15,-7.10543413386458e-15,-7.10543413386458e-15,-7.10543413386458e-15,-7.10543413386458e-15,1.0205078125,2.3974609375,2.4765625,2.4833984375,1.77734375,1.4228515625,1.4228515625,1.4228515625,1.4228515625,1.4228515625,1.4228515625,1.4228515625,2.0439453125,2.48046875,2.482421875,2.4990234375,0.5390625,-7.10543413386458e-15,-7.10543413386458e-15,-7.10543413386458e-15,-7.10543413386458e-15,-7.10543413386458e-15,-7.10543413386458e-15,-7.10543413386458e-15,2.009765625,2.5,2.4580078125,2.458984375,0.16796875,-7.10543413386458e-15,-7.10543413386458e-15,-7.10543413386458e-15,-7.10543413386458e-15,-7.10543413386458e-15,-7.10543413386458e-15,-7.10543413386458e-15,1.662109375,2.2783203125,2.494140625,2.5,1.2685546875,0.931640625,0.931640625,0.931640625,0.931640625,0.931640625,0.931640625,0.931640625,2.2734375,2.4365234375,2.40234375,2.49609375,0.97265625,-7.10543413386458e-15,-7.10543413386458e-15,-7.10543413386458e-15,-7.10543413386458e-15,-7.10543413386458e-15,-7.10543413386458e-15,-7.10543413386458e-15,1.8681640625,2.4208984375,2.5,1.4951171875,-7.10543413386458e-15,-7.10543413386458e-15,-7.10543413386458e-15,-7.10543413386458e-15,-7.10543413386458e-15,-7.10543413386458e-15,-7.10543413386458e-15,-7.10543413386458e-15,1.6376953125,2.4970703125,2.5,2.49609375,0.60546875,-7.10543413386458e-15,-7.10543413386458e-15,-7.10543413386458e-15,-7.10543413386458e-15,-7.10543413386458e-15,-7.10543413386458e-15,-7.10543413386458e-15,1.298828125,2.4599609375,2.427734375,2.5,0.9638671875,-7.10543413386458e-15,-7.10543413386458e-15
NA_1541,8.36328125,8.36328125,8.36328125,8.36328125,8.36328125,9.048828125,17.09375,8.4580078125,14.7421875,24.345703125,12.455078125,11.451171875,11.451171875,11.451171875,11.451171875,11.451171875,11.451171875,18.759765625,13.080078125,8.255859375,12.9375,22.73828125,11.6728515625,10.6513671875,10.65234375,10.65234375,10.65234375,10.65234375,10.65234375,10.9677734375,18.4619140625,10.78515625,12.921875,21.7451171875,15.728515625,15.734375,15.734375,15.734375,15.734375,15.734375,15.734375,20.736328125,12.20703125,7.484375,10.7607421875,22.673828125,13.693359375,13.5068359375,13.5068359375,13.5068359375,13.5068359375,13.5068359375,13.5068359375,13.5068359375,17.4375,10.6669921875,13.2763671875,20.46875,9.8505859375,9.712890625,9.712890625,9.712890625,9.712890625,9.712890625,9.712890625,14.60546875,14.4248046875,8.6962890625,14.1552734375,22.6005859375,15.9375,15.4873046875,15.4873046875,15.4873046875,15.4873046875,15.4873046875,15.4873046875,18.4453125,9.248046875,7.8115234375,12.1318359375,21.6181640625,11.2451171875,10.5361328125,10.5361328125,10.5361328125,10.5361328125,10.5361328125,10.5361328125,15.544921875,12.0078125,9.630859375,17.01953125,24.2431640625,11.134765625,9.966796875,9.966796875,9.966796875,9.966796875,9.966796875,9.966796875,14.33984375,13.5751953125,8.4228515625,15.2861328125,23.9873046875,6.8544921875,4.1552734375,4.1552734375,4.1552734375,4.1552734375,4.1552734375,4.1552734375,4.1552734375,18.861328125,11.240234375,11.359375,20.9541015625,7.955078125,7.806640625,7.806640625,7.806640625,7.806640625,7.806640625,7.806640625,15.14453125,9.6328125,8.8955078125,14.2646484375,22.482421875,13.7216796875,11.7744140625,11.7744140625,11.7744140625,11.7744140625,11.7744140625,11.7744140625,13.8388671875,14.5078125,7.5439453125,11.41015625,22.1787109375,12.87109375,11.5078125,11.5078125,11.5078125,11.5078125,11.5078125,11.5078125,15.0703125,12.201171875,7.1357421875,13.552734375,21.744140625,9.6220703125,9.1748046875,9.1748046875,9.1748046875,9.1748046875,9.1748046875,9.1748046875,15.2880859375,11.2587890625,8.4248046875,13.005859375,23.0576171875,13.703125,13.2373046875,13.2373046875,13.2373046875,13.2373046875,13.2373046875,13.2373046875,16.0810546875,12.126953125,7.65234375,17.8212890625,24.5048828125,22.2587890625,21.5771484375,21.5771484375,21.5771484375,21.5771484375,21.5771484375,21.5771484375,22.353515625,15.1328125,8.751953125,13.6669921875,22.5458984375,9.404296875,8.8486328125,8.8486328125,8.8486328125,8.8486328125,8.8486328125,8.8486328125,16.63671875,11.400390625,8.6640625,11.666015625,21.517578125,11.380859375,10.640625,10.640625,10.640625,10.640625,10.640625,10.640625,17.0771484375,12.8759765625,7.072265625,11.779296875,22.9794921875,10.0751953125,9.7763671875,9.7763671875,9.7763671875,9.7763671875,9.7763671875,9.7763671875,15.2392578125,13.4306640625,9.4326171875,17.744140625,15.8525390625,9.8134765625,9.833984375,9.833984375,9.833984375,9.833984375,9.833984375,9.833984375,12.3544921875,15.7060546875,9.2958984375,12.744140625,24.140625,12.0029296875,11.27734375,11.27734375,11.27734375,11.27734375,11.27734375,11.27734375,12.0966796875,17.87109375,9.1220703125,19.291015625,20.8828125,13.767578125,13.76953125
NA_1574,20.40625,20.40625,20.40625,20.40625,29.509765625,41.763671875,17.8994140625,15.1552734375,21.1767578125,40.431640625,41.521484375,26.443359375,26.294921875,26.294921875,26.294921875,26.294921875,33.9033203125,34.6796875,17.009765625,12.8408203125,16.3955078125,36.1181640625,47.8701171875,23.3671875,22.783203125,22.783203125,22.783203125,22.783203125,23.396484375,38.8876953125,21.6064453125,14.5595703125,19.251953125,43.3916015625,28.7529296875,21.0087890625,21.0087890625,21.0087890625,21.0087890625,21.0087890625,32.8037109375,34.8837890625,16.228515625,12.8212890625,18.8984375,29.0,36.3525390625,26.21484375,26.21484375,26.21484375,26.21484375,26.21484375,26.1357421875,44.982421875,21.029296875,16.5478515625,20.3486328125,39.3896484375,43.0927734375,21.3671875,21.3447265625,21.3447265625,21.3447265625,21.3447265625,33.3955078125,37.7578125,18.3671875,16.9541015625,20.064453125,35.0654296875,48.1064453125,23.5498046875,22.78515625,22.78515625,22.78515625,22.8798828125,39.2177734375,29.3271484375,14.099609375,13.33984375,17.478515625,39.4755859375,36.6201171875,26.154296875,26.154296875,26.154296875,26.154296875,26.154296875,35.5849609375,39.064453125,13.677734375,16.6826171875,19.341796875,35.2216796875,45.58203125,34.9716796875,34.9716796875,34.9716796875,34.9716796875,34.9716796875,32.9931640625,39.486328125,18.5966796875,15.4140625,20.302734375,32.3359375,45.056640625,32.662109375,31.7177734375,31.7177734375,31.7177734375,31.7177734375,30.46484375,36.2978515625,23.33203125,13.521484375,15.8427734375,39.53515625,42.98828125,30.1533203125,29.5732421875,29.5732421875,29.5732421875,29.60546875,33.98046875,34.1669921875,14.603515625,14.2744140625,21.6875,32.7294921875,42.8408203125,21.298828125,21.298828125,21.298828125,21.298828125,21.298828125,25.8828125,39.2470703125,18.8935546875,14.2802734375,16.5361328125,27.1591796875,45.4892578125,26.0087890625,25.390625,25.390625,25.390625,25.390625,35.390625,35.7080078125,14.19140625,12.021484375,18.65234375,36.8310546875,40.0283203125,32.326171875,32.326171875,32.326171875,32.326171875,32.326171875,31.8408203125,42.431640625,21.9853515625,11.4130859375,16.4072265625,33.298828125,41.1513671875,23.7744140625,23.7744140625,23.7744140625,23.7744140625,23.7744140625,26.1181640625,46.91015625,21.3515625,10.560546875,17.8359375,32.263671875,42.986328125,27.2294921875,27.2294921875,27.2294921875,27.2294921875,27.2294921875,36.4072265625,37.3388671875,16.14453125,11.6728515625,18.552734375,26.3720703125,46.6806640625,25.3515625,23.568359375,23.568359375,23.568359375,23.568359375,35.3525390625,34.0029296875,13.2314453125,13.271484375,17.701171875,39.35546875,49.248046875,28.5517578125,25.5517578125,25.5517578125,25.5517578125,25.5517578125,31.296875,36.443359375,16.17578125,13.490234375,18.3193359375,33.4609375,37.091796875,25.1455078125,25.1455078125,25.1455078125,25.1455078125,25.1455078125,30.01171875,39.01953125,17.380859375,15.203125,25.9453125,49.7548828125,36.0439453125,27.4599609375,27.4599609375,27.4599609375,27.4599609375,27.4599609375,30.1513671875,39.0791015625,17.9658203125,15.638671875,18.3017578125,39.306640625,35.158203125,25.552734375,25.552734375,25.552734375,25.552734375,25.552734375,27.91015625,39.7802734375,20.1591796875,15.5439453125,20.49609375,40.5634765625,35.4560546875,28.384765625
NA_1587,1.8876953125,1.8876953125,1.8876953125,1.8876953125,10.01953125,18.3076171875,9.4609375,8.2783203125,13.3759765625,19.3740234375,17.478515625,7.4375,7.4375,7.4375,7.4375,7.4375,11.6298828125,16.4345703125,8.9755859375,8.328125,11.4599609375,18.3740234375,17.7060546875,14.3291015625,14.3291015625,14.3291015625,14.3291015625,14.3291015625,14.7099609375,18.283203125,9.8544921875,8.7529296875,10.7490234375,18.74609375,13.9912109375,12.2294921875,12.2294921875,12.2294921875,12.2294921875,12.2294921875,13.2138671875,17.8603515625,9.240234375,8.67578125,10.5498046875,16.7412109375,17.7392578125,-7.10543413386458e-15,-7.10543413386458e-15,-7.10543413386458e-15,-7.10543413386458e-15,-7.10543413386458e-15,5.3359375,19.0703125,10.2626953125,9.2041015625,12.2412109375,18.4404296875,15.384765625,12.2978515625,12.2978515625,12.2978515625,12.2978515625,12.2978515625,13.7001953125,16.314453125,8.703125,8.7265625,11.74609375,17.259765625,17.6669921875,1.60546875,-7.10543413386458e-15,-7.10543413386458e-15,-7.10543413386458e-15,-7.10543413386458e-15,13.775390625,13.21484375,8.07421875,9.935546875,10.27734375,18.2626953125,18.041015625,12.361328125,11.990234375,11.990234375,11.990234375,11.990234375,14.275390625,15.2119140625,8.6767578125,9.0869140625,11.61328125,17.0556640625,17.54296875,15.263671875,15.263671875,15.263671875,15.263671875,15.263671875,15.5478515625,18.0458984375,9.2509765625,8.6689453125,11.2021484375,18.603515625,18.669921875,17.9189453125,17.9189453125,17.9189453125,17.9189453125,17.9189453125,18.5966796875,16.7099609375,8.37109375,8.6220703125,11.927734375,16.681640625,17.9267578125,12.0859375,11.7109375,11.7109375,11.7109375,11.7109375,17.615234375,14.2861328125,7.646484375,7.9541015625,11.1103515625,18.095703125,17.1875,11.998046875,11.912109375,11.912109375,11.912109375,11.912109375,13.833984375,15.5869140625,8.4677734375,7.8154296875,10.7880859375,16.0009765625,18.3251953125,9.3896484375,9.099609375,9.099609375,9.099609375,9.099609375,14.4658203125,14.3232421875,8.974609375,7.9013671875,10.7099609375,17.4755859375,18.1416015625,17.580078125,17.580078125,17.580078125,17.580078125,17.580078125,18.640625,17.251953125,9.7373046875,8.7734375,11.080078125,15.7548828125,14.6337890625,-7.10543413386458e-15,-7.10543413386458e-15,-7.10543413386458e-15,-7.10543413386458e-15,-7.10543413386458e-15,3.3203125,17.5478515625,10.1767578125,7.341796875,11.9873046875,17.46875,18.099609375,17.46484375,17.46484375,17.46484375,17.46484375,17.46484375,18.318359375,18.009765625,10.140625,7.3916015625,9.7861328125,16.8515625,17.337890625,13.4599609375,13.4599609375,13.4599609375,13.4599609375,13.4599609375,14.546875,17.169921875,8.9697265625,8.244140625,10.392578125,16.8681640625,18.509765625,12.9326171875,12.466796875,12.466796875,12.466796875,12.466796875,14.0888671875,17.1591796875,9.951171875,9.2197265625,9.4169921875,17.4052734375,15.8388671875,1.0185546875,1.0185546875,1.0185546875,1.0185546875,1.0185546875,7.458984375,18.265625,9.5634765625,7.765625,11.9521484375,19.025390625,9.09375,-7.10543413386458e-15,-7.10543413386458e-15,-7.10543413386458e-15,-7.10543413386458e-15,-7.10543413386458e-15,3.224609375,17.9443359375,9.751953125,7.6298828125,12.4296875,19.033203125,17.3193359375,15.328125,15.328125,15.328125,15.328125,15.328125,16.220703125,17.4033203125,8.17578125,7.88671875,14.2900390625,18.0986328125,14.81640625,-7.10543413386458e-15
NA_1589,1.86328125,1.86328125,1.86328125,1.86328125,2.662109375,2.494140625,1.70703125,1.6591796875,2.4853515625,4.306640625,3.830078125,2.3193359375,2.3193359375,2.3193359375,2.3193359375,2.3193359375,3.279296875,1.791015625,1.68359375,1.6630859375,1.9248046875,3.7724609375,3.1328125,2.123046875,2.123046875,2.123046875,2.123046875,2.123046875,2.5283203125,2.3720703125,1.6875,1.72265625,1.8994140625,4.041015625,2.1689453125,2.1552734375,2.1552734375,2.1552734375,2.1552734375,2.1552734375,2.4951171875,2.0634765625,1.697265625,1.66015625,1.8212890625,3.70703125,3.009765625,2.8232421875,2.8232421875,2.8232421875,2.8232421875,2.8232421875,3.119140625,2.677734375,1.6220703125,1.8291015625,1.79296875,3.3916015625,2.9287109375,1.798828125,1.798828125,1.798828125,1.798828125,1.798828125,2.396484375,2.0263671875,1.6787109375,1.669921875,1.8896484375,3.1396484375,3.7578125,2.8740234375,2.8662109375,2.8662109375,2.8662109375,2.8662109375,3.49609375,1.7353515625,1.580078125,1.751953125,2.009765625,4.0078125,2.541015625,1.927734375,1.927734375,1.927734375,1.927734375,1.927734375,2.65234375,1.67578125,1.705078125,1.73828125,2.0576171875,3.451171875,3.2568359375,-7.10543413386458e-15,-7.10543413386458e-15,-7.10543413386458e-15,-7.10543413386458e-15,-7.10543413386458e-15,0.75390625,2.1962890625,1.7177734375,1.6064453125,1.900390625,3.705078125,3.6357421875,1.83203125,1.83203125,1.83203125,1.83203125,1.83203125,2.2822265625,2.236328125,1.68359375,1.748046875,1.802734375,4.0830078125,2.984375,2.0234375,2.0234375,2.0234375,2.0234375,2.0400390625,2.712890625,1.7900390625,1.640625,1.619140625,2.0556640625,3.9912109375,3.26171875,2.1806640625,2.1669921875,2.1669921875,2.1669921875,2.1669921875,2.6162109375,1.998046875,1.6044921875,1.6884765625,1.8193359375,2.953125,3.890625,2.037109375,2.037109375,2.037109375,2.037109375,2.037109375,2.80078125,1.6845703125,1.658203125,1.6865234375,2.0771484375,3.86328125,2.640625,1.400390625,1.400390625,1.400390625,1.400390625,1.400390625,2.271484375,1.8779296875,1.6318359375,1.6572265625,1.8935546875,2.974609375,3.4931640625,3.466796875,3.466796875,3.466796875,3.466796875,3.466796875,3.7109375,2.4072265625,1.7333984375,1.58203125,2.1533203125,3.33984375,2.3193359375,1.2265625,1.2265625,1.2265625,1.2265625,1.2265625,1.69921875,2.0068359375,1.681640625,1.666015625,1.7373046875,3.603515625,3.34765625,1.7568359375,1.7568359375,1.7568359375,1.7568359375,1.7568359375,2.015625,2.3916015625,1.6572265625,1.591796875,1.8115234375,3.0458984375,4.080078125,2.369140625,2.369140625,2.369140625,2.369140625,2.369140625,2.755859375,2.330078125,1.71875,1.7158203125,1.740234375,2.7216796875,1.7177734375,-7.10543413386458e-15,-7.10543413386458e-15,-7.10543413386458e-15,-7.10543413386458e-15,-7.10543413386458e-15,0.18359375,2.287109375,1.59765625,1.62890625,2.0,4.1533203125,1.5751953125,1.21484375,1.21484375,1.21484375,1.21484375,1.21484375,1.478515625,2.28125,1.6796875,1.720703125,2.0205078125,3.6630859375,3.03125,2.2734375,2.2734375,2.2734375,2.2734375,2.2734375,2.43359375,2.3564453125,1.552734375,1.6884765625,2.158203125,4.130859375,2.8701171875,2.888671875
NA_1592,17.9150390625,17.5888671875,17.720703125,26.4921875,24.3662109375,11.5888671875,8.4658203125,8.318359375,10.1953125,14.662109375,27.7744140625,22.7919921875,15.79296875,15.7412109375,15.7412109375,17.1640625,27.6123046875,11.345703125,8.49609375,7.11328125,9.384765625,15.5712890625,28.5205078125,32.1123046875,16.740234375,15.271484375,15.3359375,26.7978515625,25.8505859375,11.197265625,8.4404296875,7.263671875,8.515625,17.072265625,31.37890625,23.578125,20.0283203125,19.92578125,19.92578125,20.2548828125,28.21484375,12.109375,7.978515625,7.697265625,8.63671875,17.2958984375,28.2880859375,28.23046875,19.220703125,18.890625,18.890625,24.5810546875,25.96875,12.5927734375,7.470703125,7.271484375,8.857421875,15.7333984375,30.4658203125,27.458984375,25.662109375,25.462890625,25.4638671875,24.740234375,28.5068359375,9.9716796875,7.064453125,7.49609375,9.431640625,14.2998046875,30.0283203125,24.7412109375,18.1533203125,17.8984375,17.8349609375,24.3603515625,24.123046875,9.22265625,6.7353515625,8.4755859375,10.1806640625,14.9609375,26.5546875,32.3662109375,21.880859375,18.3134765625,18.2900390625,17.517578125,29.08984375,11.1728515625,7.89453125,7.1748046875,9.94140625,12.859375,29.5576171875,25.6162109375,23.5048828125,23.3173828125,23.3203125,22.341796875,28.271484375,9.318359375,6.916015625,7.5263671875,9.2470703125,14.90625,27.9833984375,29.4853515625,24.056640625,23.9541015625,23.98046875,26.0927734375,24.7548828125,10.5869140625,7.7470703125,6.5283203125,9.88671875,17.9580078125,29.8056640625,29.8359375,26.7412109375,26.5478515625,25.158203125,32.4033203125,23.654296875,9.4189453125,8.6181640625,8.462890625,9.9931640625,18.841796875,32.34375,29.611328125,26.0869140625,25.8701171875,25.9140625,26.1435546875,26.6181640625,11.677734375,7.7060546875,7.37109375,7.564453125,14.984375,27.6962890625,32.3310546875,23.1455078125,23.634765625,23.3359375,31.0625,19.6513671875,10.7744140625,6.6806640625,6.8330078125,10.111328125,13.51171875,28.9921875,31.6796875,19.0654296875,18.748046875,18.7763671875,25.44921875,23.849609375,9.296875,6.255859375,7.4482421875,9.875,13.5380859375,30.1689453125,23.9892578125,18.8720703125,18.8125,18.8125,20.6396484375,28.0498046875,11.4609375,6.8603515625,7.5576171875,9.6845703125,15.126953125,30.3837890625,28.537109375,19.080078125,18.548828125,18.548828125,18.869140625,27.3740234375,11.896484375,7.7626953125,7.099609375,6.9716796875,16.955078125,26.8896484375,32.599609375,21.9384765625,19.8701171875,19.8173828125,31.5693359375,23.6328125,12.59375,8.1591796875,8.48828125,8.2646484375,12.953125,28.9599609375,27.3369140625,16.6611328125,16.3876953125,16.4423828125,24.021484375,27.5615234375,12.7890625,7.5234375,8.9150390625,8.681640625,13.34765625,27.291015625,28.103515625,22.912109375,22.83984375,22.904296875,24.0009765625,26.0029296875,11.3720703125,7.400390625,6.65625,7.490234375,18.1787109375,31.2392578125,17.625,12.7021484375,12.55078125,12.552734375,20.8876953125,30.0419921875,12.048828125,6.6669921875,7.7861328125,9.474609375,15.2509765625,30.62109375,24.2998046875,18.28515625,18.0400390625,18.5654296875,28.474609375,27.5908203125,10.5302734375,7.0283203125,7.4677734375,11.3232421875,14.9970703125,30.0498046875,31.888671875
NA_1598,2.4560546875,2.193359375,8.173828125,23.64453125,20.5234375,11.798828125,9.22265625,9.080078125,9.1943359375,14.185546875,24.873046875,9.802734375,6.861328125,6.3486328125,8.3916015625,20.1806640625,20.3056640625,12.453125,8.9716796875,8.8916015625,8.806640625,16.6533203125,24.96484375,10.48828125,3.029296875,2.7265625,2.8525390625,18.0537109375,19.8134765625,11.5712890625,8.8349609375,8.8935546875,9.390625,11.7099609375,24.4736328125,20.0078125,6.8896484375,5.1845703125,14.541015625,23.51953125,17.185546875,10.9560546875,8.6767578125,8.1669921875,8.810546875,10.91796875,21.2490234375,6.30078125,1.541015625,2.1005859375,14.216796875,21.984375,12.478515625,9.806640625,8.5927734375,7.583984375,9.841796875,12.6923828125,24.134765625,13.9853515625,2.4404296875,2.6728515625,11.7734375,22.26171875,13.515625,10.095703125,9.078125,7.603515625,9.7509765625,12.8349609375,23.90625,5.359375,9.3916015625,5.52734375,6.4736328125,22.560546875,16.49609375,10.06640625,8.4326171875,8.9404296875,9.0703125,11.5361328125,22.5546875,7.0771484375,3.8896484375,4.4443359375,8.4599609375,23.216796875,18.4130859375,11.2939453125,8.40234375,8.1630859375,9.48828125,17.033203125,23.65234375,5.6865234375,2.814453125,1.9736328125,5.314453125,18.9853515625,16.52734375,12.1279296875,9.3828125,8.5517578125,9.0888671875,13.724609375,23.2666015625,13.1123046875,2.9521484375,2.9521484375,3.9423828125,14.28125,17.53515625,9.673828125,7.9365234375,8.5,8.205078125,14.0703125,24.0205078125,4.6396484375,2.638671875,7.779296875,15.1806640625,24.1201171875,19.24609375,12.2236328125,9.69140625,8.45703125,9.7451171875,13.83203125,22.2568359375,6.142578125,3.7138671875,3.6728515625,5.7958984375,20.64453125,18.9853515625,11.5146484375,8.966796875,8.48046875,8.904296875,13.8681640625,23.220703125,2.701171875,2.4501953125,3.0849609375,6.490234375,20.701171875,17.80078125,11.673828125,8.1572265625,8.4365234375,8.1435546875,12.6748046875,22.26171875,12.189453125,3.361328125,3.8408203125,8.21875,24.2275390625,15.447265625,10.07421875,8.3017578125,7.8271484375,7.947265625,13.57421875,24.166015625,5.0576171875,1.5322265625,1.236328125,4.0859375,20.9931640625,14.5703125,10.5732421875,8.0791015625,7.3564453125,7.8583984375,11.5556640625,22.060546875,10.8837890625,3.2451171875,7.5625,18.2705078125,23.8857421875,13.39453125,10.1533203125,8.74609375,8.6201171875,10.4619140625,10.05859375,21.421875,11.3369140625,1.7587890625,4.876953125,20.435546875,22.158203125,12.8359375,9.9775390625,9.1904296875,8.1455078125,9.2998046875,14.62890625,23.9453125,8.703125,1.619140625,1.7421875,2.98828125,17.111328125,17.15625,11.0126953125,9.2763671875,7.9482421875,8.607421875,13.4453125,24.3623046875,10.806640625,5.1279296875,3.7041015625,5.3876953125,21.9052734375,13.1494140625,10.1611328125,7.978515625,7.294921875,9.0947265625,11.044921875,21.4765625,16.9111328125,5.4921875,2.5068359375,3.2001953125,21.6044921875,15.2294921875,10.9736328125,8.4169921875,7.7080078125,9.0908203125,18.1669921875,24.4677734375,11.173828125,9.7626953125,3.9169921875,8.5087890625,21.470703125,13.76953125,10.6611328125,9.177734375,8.7822265625,7.7294921875,12.169921875,24.1591796875,14.748046875
NA_160,-7.10543413386458e-15,-7.10543413386458e-15,1.4365234375,3.1279296875,1.5986328125,1.4521484375,1.1318359375,1.158203125,1.6357421875,2.412109375,4.34765625,0.826171875,-7.10543413386458e-15,-7.10543413386458e-15,-7.10543413386458e-15,3.064453125,1.6298828125,1.1865234375,1.1318359375,1.1201171875,1.70703125,3.41796875,4.435546875,4.1552734375,-7.10543413386458e-15,-7.10543413386458e-15,2.4111328125,3.1318359375,2.271484375,1.2431640625,1.06640625,1.1640625,1.1572265625,2.8291015625,4.556640625,0.4345703125,-7.10543413386458e-15,-7.10543413386458e-15,-7.10543413386458e-15,2.08984375,1.83203125,1.3583984375,1.171875,0.9951171875,1.546875,2.9755859375,4.18359375,2.6142578125,-7.10543413386458e-15,-7.10543413386458e-15,0.044921875,3.4794921875,1.6455078125,1.3232421875,1.0947265625,1.2431640625,1.2431640625,2.75390625,4.1376953125,2.7060546875,-7.10543413386458e-15,-7.10543413386458e-15,-7.10543413386458e-15,3.150390625,1.9365234375,1.1943359375,1.0302734375,1.0830078125,1.3115234375,2.703125,4.4599609375,0.9033203125,-7.10543413386458e-15,-7.10543413386458e-15,0.443359375,2.7060546875,1.564453125,1.1982421875,1.0693359375,1.052734375,1.46484375,3.0791015625,4.34765625,4.4443359375,2.80078125,-7.10543413386458e-15,0.18359375,3.654296875,1.5009765625,1.1376953125,1.099609375,0.9990234375,1.1943359375,2.0029296875,4.3203125,0.8701171875,2.6923828125,3.92578125,3.92578125,3.2861328125,1.9755859375,1.361328125,1.1904296875,1.1318359375,1.24609375,3.0009765625,4.2509765625,0.8291015625,0.0341796875,0.0341796875,0.0400390625,3.4912109375,1.6806640625,1.1123046875,1.1650390625,1.283203125,1.1748046875,3.28125,4.33203125,2.2705078125,-7.10543413386458e-15,-7.10543413386458e-15,0.291015625,2.9501953125,1.716796875,1.23828125,1.0859375,1.0673828125,1.6123046875,2.7216796875,4.443359375,1.1787109375,-7.10543413386458e-15,-7.10543413386458e-15,-7.10543413386458e-15,2.9453125,1.6572265625,1.294921875,0.9560546875,1.1123046875,1.5205078125,2.53515625,4.48046875,4.5615234375,0.3798828125,-7.10543413386458e-15,2.30078125,2.6064453125,1.197265625,1.2236328125,1.025390625,1.046875,1.4609375,2.72265625,4.51171875,4.3095703125,-7.10543413386458e-15,-7.10543413386458e-15,-7.10543413386458e-15,3.3798828125,1.654296875,1.2529296875,1.1455078125,1.1376953125,1.3173828125,2.6220703125,4.4345703125,3.5693359375,3.4931640625,3.4931640625,3.4931640625,3.763671875,1.6337890625,1.1923828125,1.197265625,1.0703125,1.37890625,2.484375,4.1884765625,1.962890625,-7.10543413386458e-15,-7.10543413386458e-15,-7.10543413386458e-15,2.4248046875,1.3701171875,1.255859375,1.0341796875,1.1748046875,1.2529296875,2.955078125,4.1572265625,4.51953125,1.3994140625,-7.10543413386458e-15,2.9462890625,3.298828125,1.5732421875,1.173828125,1.041015625,1.0078125,1.2333984375,2.0556640625,3.73828125,2.0458984375,-7.10543413386458e-15,0.369140625,4.36328125,2.6611328125,1.849609375,1.3701171875,1.0634765625,1.0712890625,1.173828125,2.1787109375,4.6201171875,2.1083984375,0.46875,0.46875,0.88671875,3.802734375,1.40625,1.177734375,1.0419921875,1.0556640625,1.23046875,3.021484375,4.62109375,1.4287109375,0.1044921875,-7.10543413386458e-15,0.345703125,3.2802734375,1.666015625,1.1669921875,1.0234375,1.0732421875,1.2109375,2.1640625,4.47265625,2.9599609375,0.7822265625,0.431640625,2.9423828125,3.19140625,2.068359375,1.15234375,1.015625,1.0771484375,1.388671875,2.904296875,4.294921875,4.4775390625
NA_1611,5.787109375,5.1748046875,5.6806640625,5.96875,4.98828125,3.63671875,3.3984375,3.6787109375,4.4287109375,4.3427734375,5.73046875,5.02734375,2.9111328125,5.986328125,5.998046875,5.4677734375,4.9619140625,3.744140625,3.423828125,3.01171875,4.6005859375,5.4423828125,5.8779296875,5.9521484375,5.9794921875,5.9951171875,5.99609375,5.54296875,5.1767578125,3.0927734375,2.369140625,2.884765625,3.2109375,4.6884765625,5.982421875,5.9990234375,4.513671875,5.9169921875,5.984375,5.3779296875,3.984375,3.5634765625,3.0966796875,2.580078125,3.943359375,5.3798828125,5.3955078125,5.98828125,5.994140625,5.998046875,5.9462890625,4.974609375,3.123046875,2.4619140625,2.171875,2.38671875,3.4931640625,4.451171875,5.494140625,5.9130859375,5.9541015625,5.9833984375,5.9912109375,5.5234375,4.46484375,2.859375,2.310546875,2.037109375,3.6953125,5.26171875,5.9482421875,5.99609375,5.9951171875,5.994140625,5.9140625,5.8955078125,5.310546875,4.0009765625,3.8037109375,3.451171875,4.865234375,5.6767578125,5.7294921875,5.9765625,5.9072265625,5.9638671875,5.5439453125,5.2548828125,3.8046875,2.6962890625,2.7353515625,2.279296875,3.484375,4.794921875,5.958984375,5.97265625,5.998046875,5.9990234375,5.9931640625,5.1259765625,4.7099609375,3.458984375,3.3173828125,3.3017578125,4.3681640625,5.6044921875,5.892578125,5.9833984375,5.982421875,5.9990234375,5.9970703125,5.53515625,3.9775390625,2.7412109375,3.154296875,2.6513671875,3.5029296875,5.9658203125,5.5146484375,5.9951171875,3.228515625,5.984375,5.9638671875,4.2099609375,3.0205078125,2.1728515625,2.201171875,2.060546875,2.7861328125,5.265625,5.91796875,4.796875,3.28125,5.9921875,5.9150390625,5.9775390625,4.3115234375,2.7841796875,2.279296875,2.7470703125,3.8681640625,5.91015625,5.8505859375,5.94140625,5.9970703125,5.9873046875,4.5166015625,5.3095703125,4.2275390625,3.7314453125,2.6025390625,2.7900390625,4.384765625,5.6328125,5.9970703125,5.9951171875,5.9833984375,5.9990234375,5.9873046875,5.8369140625,4.7705078125,3.1875,2.5537109375,2.658203125,3.369140625,5.2421875,5.9189453125,5.9990234375,4.8115234375,5.4296875,5.98828125,5.2880859375,3.373046875,2.46875,2.533203125,2.216796875,2.716796875,5.3837890625,5.9951171875,5.99609375,5.9775390625,4.28125,5.8681640625,5.876953125,3.7978515625,2.671875,2.615234375,2.40234375,3.5927734375,5.1376953125,5.8291015625,5.8359375,5.970703125,6.0,5.990234375,5.1728515625,3.5107421875,2.55078125,2.181640625,2.1630859375,2.55078125,4.9921875,5.80859375,5.998046875,5.9970703125,5.94140625,5.9775390625,5.1591796875,4.1083984375,3.052734375,2.6396484375,2.94921875,3.912109375,5.08984375,5.939453125,5.9140625,3.4677734375,5.98828125,6.0,5.98046875,4.14453125,2.7724609375,2.6591796875,2.4921875,3.8662109375,5.6220703125,5.98828125,5.970703125,5.9453125,5.98828125,5.9833984375,4.28515625,3.3310546875,3.0830078125,2.3994140625,2.3388671875,2.6142578125,4.4580078125,5.986328125,5.9296875,5.9931640625,5.99609375,5.62109375,5.68359375,4.87109375,3.2412109375,2.3603515625,2.5654296875,3.919921875,4.71484375,5.2353515625,5.99609375
NA_165,35.458984375,5.025390625,6.689453125,28.5517578125,2.6962890625,1.3134765625,1.462890625,1.9150390625,3.052734375,4.5361328125,11.259765625,45.8515625,18.0703125,4.3212890625,2.4619140625,14.8232421875,3.359375,1.1435546875,1.6435546875,1.6953125,2.849609375,4.640625,7.724609375,27.0146484375,46.537109375,31.8818359375,19.4658203125,19.212890625,3.5517578125,1.3544921875,1.470703125,1.81640625,2.525390625,6.1318359375,13.9482421875,47.1962890625,31.884765625,4.279296875,3.3671875,5.771484375,11.724609375,1.212890625,1.1904296875,1.771484375,2.732421875,5.7470703125,8.2412109375,41.357421875,23.6982421875,4.8330078125,4.8330078125,7.9306640625,13.9189453125,1.3916015625,1.1962890625,1.7861328125,2.7529296875,4.7470703125,8.7373046875,37.2802734375,31.18359375,1.35546875,1.1005859375,10.578125,7.78515625,0.8955078125,1.1455078125,1.79296875,2.662109375,5.9501953125,9.7705078125,41.32421875,45.751953125,17.943359375,7.857421875,21.6953125,1.8154296875,1.166015625,1.0654296875,2.10546875,3.146484375,5.5625,6.1982421875,38.025390625,44.98046875,9.0224609375,2.5400390625,10.8955078125,10.021484375,1.1171875,1.310546875,1.9228515625,2.595703125,4.0869140625,11.470703125,45.162109375,39.458984375,8.1201171875,8.55078125,20.671875,2.3232421875,0.994140625,1.3681640625,1.875,2.658203125,4.861328125,13.388671875,46.90234375,24.390625,3.9375,3.4921875,16.8583984375,4.212890625,1.1240234375,1.27734375,1.7109375,2.92578125,5.685546875,5.99609375,33.20703125,29.9013671875,6.517578125,10.9140625,18.845703125,1.9423828125,1.3271484375,1.44140625,1.83984375,3.017578125,5.193359375,12.7392578125,47.150390625,29.921875,5.3544921875,3.6865234375,11.546875,9.796875,1.365234375,1.1318359375,1.9912109375,2.6455078125,5.302734375,6.427734375,26.7216796875,46.390625,13.791015625,21.7529296875,9.203125,1.556640625,1.5234375,1.39453125,1.7001953125,2.9443359375,4.087890625,10.5146484375,47.0244140625,43.2763671875,8.7421875,8.8759765625,27.529296875,2.1513671875,1.2099609375,1.1513671875,1.9287109375,3.09375,4.8251953125,12.685546875,46.9853515625,20.7529296875,2.4150390625,2.0302734375,5.3232421875,12.6806640625,1.1484375,1.275390625,2.0830078125,2.9853515625,5.12890625,11.5595703125,38.8095703125,26.126953125,3.076171875,2.98828125,3.599609375,12.4892578125,1.3486328125,1.107421875,1.6826171875,2.4228515625,5.470703125,7.2119140625,13.96875,47.0283203125,24.744140625,12.892578125,25.3681640625,2.349609375,1.705078125,1.412109375,1.7578125,2.4443359375,5.9853515625,9.0498046875,41.443359375,46.7216796875,23.478515625,12.1123046875,17.93359375,2.3916015625,1.34375,1.3515625,1.9375,2.43359375,3.81640625,11.5810546875,37.6162109375,20.037109375,5.0107421875,8.337890625,30.15625,3.498046875,1.4267578125,1.3095703125,1.72265625,3.052734375,6.47265625,15.1826171875,45.435546875,30.859375,4.2275390625,3.044921875,9.51171875,14.5380859375,1.3037109375,0.9873046875,1.919921875,2.8154296875,4.48046875,11.9423828125,44.6220703125,36.525390625,7.78515625,12.6162109375,26.34375,3.16796875,1.365234375,1.1865234375,2.0556640625,3.0,5.0322265625,10.01171875,41.203125
NA_1685,6.501953125,6.501953125,6.501953125,6.501953125,11.84765625,15.248046875,8.25390625,7.7802734375,11.16796875,18.6748046875,11.29296875,6.888671875,6.888671875,6.888671875,6.888671875,6.888671875,12.9033203125,11.7939453125,8.4150390625,8.0732421875,9.5185546875,15.814453125,14.7763671875,8.1728515625,8.1728515625,8.1728515625,8.1728515625,8.1728515625,8.943359375,13.6962890625,8.83984375,7.5927734375,10.197265625,16.546875,6.306640625,5.576171875,5.576171875,5.576171875,5.576171875,5.576171875,11.5146484375,10.4931640625,7.568359375,7.212890625,9.296875,15.048828125,8.1484375,6.0595703125,6.0595703125,6.0595703125,6.0595703125,6.0595703125,7.2373046875,15.623046875,7.7421875,8.935546875,10.3388671875,16.0859375,12.734375,6.2412109375,6.2412109375,6.2412109375,6.2412109375,7.134765625,13.7451171875,12.5771484375,6.3154296875,8.25,10.5439453125,16.8037109375,15.697265625,9.751953125,9.751953125,9.751953125,9.751953125,10.0791015625,15.2001953125,10.4111328125,5.927734375,7.4052734375,9.5771484375,16.869140625,9.9228515625,8.2431640625,8.2431640625,8.2431640625,8.2431640625,8.2431640625,14.375,13.6806640625,5.9541015625,7.97265625,10.984375,15.1884765625,14.24609375,8.619140625,8.619140625,8.619140625,8.619140625,8.619140625,10.1015625,14.07421875,7.2724609375,7.6982421875,10.3447265625,15.1220703125,13.162109375,7.81640625,7.81640625,7.81640625,7.81640625,7.81640625,8.8466796875,14.6435546875,8.861328125,7.4306640625,8.6884765625,16.6103515625,14.5595703125,8.2568359375,8.25390625,8.25390625,8.25390625,9.4501953125,15.619140625,10.8056640625,6.9658203125,7.4287109375,10.8828125,14.431640625,13.3095703125,3.9697265625,3.9697265625,3.9697265625,3.9697265625,3.9697265625,8.14453125,13.6875,8.2451171875,7.58984375,8.8896484375,14.8173828125,15.7265625,10.27734375,10.27734375,10.27734375,10.27734375,10.27734375,14.0732421875,10.951171875,5.2021484375,5.9453125,10.130859375,17.2021484375,8.892578125,6.1142578125,6.1142578125,6.1142578125,6.1142578125,6.1142578125,7.982421875,13.0556640625,7.517578125,7.4443359375,8.572265625,15.45703125,11.4638671875,8.3876953125,8.3876953125,8.3876953125,8.3876953125,8.3876953125,9.8701171875,14.630859375,7.66796875,6.1640625,10.158203125,17.6220703125,9.7294921875,0.4951171875,0.4951171875,0.4951171875,0.4951171875,0.4951171875,9.078125,13.51953125,6.8359375,6.7431640625,9.3515625,14.3896484375,15.5048828125,6.1826171875,6.1826171875,6.1826171875,6.1826171875,6.1826171875,13.1826171875,12.44921875,7.6513671875,7.7685546875,10.044921875,16.7919921875,17.46875,8.9345703125,9.3798828125,9.3798828125,9.3798828125,9.3798828125,13.02734375,14.3671875,7.853515625,6.98046875,9.8857421875,16.2568359375,11.4052734375,9.5263671875,9.5263671875,9.5263671875,9.5263671875,9.5263671875,14.0849609375,13.119140625,8.3798828125,8.4560546875,11.796875,19.140625,12.841796875,11.5751953125,11.5751953125,11.5751953125,11.5751953125,11.5751953125,11.9521484375,13.8828125,6.5634765625,8.01171875,9.7587890625,17.2392578125,9.666015625,7.9296875,7.9296875,7.9296875,7.9296875,7.9296875,9.8134765625,15.2919921875,6.6923828125,7.13671875,10.5947265625,15.958984375,7.74609375,5.76953125
NA_1717,12.671875,12.671875,12.671875,12.671875,17.2314453125,24.3291015625,13.13671875,10.0947265625,18.7919921875,24.98828125,15.2578125,10.751953125,10.751953125,10.751953125,10.751953125,10.751953125,18.5458984375,20.5791015625,12.3134765625,10.87890625,15.46875,23.8759765625,19.5322265625,16.4365234375,16.4365234375,16.4365234375,16.4365234375,16.4365234375,16.4365234375,21.79296875,12.5244140625,11.05078125,14.2099609375,22.982421875,16.509765625,16.509765625,16.509765625,16.509765625,16.509765625,16.509765625,19.140625,17.6953125,9.66796875,10.490234375,14.994140625,24.990234375,19.431640625,18.7666015625,18.7666015625,18.7666015625,18.7666015625,18.7666015625,18.7666015625,23.900390625,14.84375,12.541015625,18.005859375,24.341796875,18.5322265625,16.5537109375,16.5537109375,16.5537109375,16.5537109375,16.5537109375,20.046875,20.4150390625,11.583984375,12.248046875,15.8857421875,24.818359375,20.0400390625,16.1982421875,16.1982421875,16.1982421875,16.1982421875,16.1982421875,19.74609375,19.3046875,10.5947265625,11.84765625,16.158203125,24.4296875,8.806640625,4.9970703125,4.9970703125,4.9970703125,4.9970703125,4.9970703125,16.0849609375,22.6748046875,11.703125,11.5126953125,20.2001953125,24.912109375,18.9306640625,15.4619140625,15.4619140625,15.4619140625,15.4619140625,15.4619140625,15.5283203125,22.0244140625,11.7236328125,10.8271484375,16.0224609375,24.6728515625,20.751953125,17.2509765625,17.2509765625,17.2509765625,17.2509765625,17.2509765625,17.2509765625,22.541015625,16.314453125,11.94921875,12.9052734375,24.2294921875,16.3876953125,13.1298828125,13.1298828125,13.1298828125,13.1298828125,13.1298828125,19.921875,19.619140625,9.107421875,10.361328125,19.580078125,24.9384765625,23.5732421875,21.646484375,21.646484375,21.646484375,21.646484375,21.646484375,22.3759765625,23.4716796875,11.0927734375,9.9541015625,14.1748046875,22.794921875,20.5595703125,17.7509765625,17.7509765625,17.7509765625,17.7509765625,17.7509765625,19.4296875,22.75,8.8310546875,9.53515625,19.0859375,24.8056640625,20.857421875,20.9326171875,20.9326171875,20.9326171875,20.9326171875,20.9326171875,21.0009765625,21.310546875,12.0546875,10.6484375,14.6142578125,23.1806640625,21.1572265625,20.3056640625,20.3056640625,20.3056640625,20.3056640625,20.3056640625,20.40234375,23.2744140625,12.45703125,9.859375,18.837890625,24.4990234375,8.23046875,-7.10543413386458e-15,-7.10543413386458e-15,-7.10543413386458e-15,-7.10543413386458e-15,-7.10543413386458e-15,4.34375,22.341796875,11.1025390625,10.3564453125,13.662109375,23.7255859375,18.8271484375,17.9990234375,17.9990234375,17.9990234375,17.9990234375,17.9990234375,20.7646484375,23.1962890625,11.552734375,11.185546875,16.82421875,24.5107421875,20.5791015625,13.4287109375,13.4287109375,13.4287109375,13.4287109375,13.4287109375,14.7314453125,23.1474609375,11.8037109375,9.3720703125,15.8828125,23.07421875,16.0654296875,15.6806640625,15.6806640625,15.6806640625,15.6806640625,15.6806640625,17.6708984375,19.7294921875,9.9033203125,11.3671875,18.3564453125,23.9462890625,16.2294921875,16.0927734375,16.0927734375,16.0927734375,16.0927734375,16.0927734375,16.51171875,21.81640625,11.2470703125,11.7861328125,14.9892578125,24.4462890625,14.794921875,12.5986328125,12.5986328125,12.5986328125,12.5986328125,12.5986328125,14.2900390625,23.447265625,11.205078125,9.900390625,19.087890625,24.2880859375,4.1787109375,3.001953125
NA_172,8.96484375,8.96484375,8.96484375,8.96484375,11.4736328125,3.2373046875,1.7373046875,1.818359375,3.599609375,7.2255859375,19.2314453125,9.5498046875,5.671875,5.671875,5.671875,5.671875,7.482421875,2.2353515625,1.9443359375,2.0703125,2.6025390625,5.8212890625,19.794921875,12.6923828125,5.6162109375,5.56640625,5.56640625,5.56640625,9.2841796875,3.2890625,2.0107421875,2.119140625,2.279296875,9.4052734375,19.17578125,9.078125,8.361328125,8.361328125,8.361328125,8.361328125,8.8046875,5.2119140625,2.03515625,2.2119140625,2.3271484375,7.458984375,20.4658203125,7.619140625,5.1796875,5.1796875,5.1796875,5.1796875,7.94140625,5.0478515625,1.5869140625,2.2724609375,2.69140625,4.61328125,19.220703125,7.7861328125,4.728515625,4.728515625,4.728515625,4.728515625,7.6552734375,2.0537109375,1.7294921875,1.9140625,2.8505859375,5.201171875,19.5146484375,9.28515625,4.8369140625,4.8369140625,4.8369140625,4.8369140625,8.4736328125,1.5078125,1.66015625,2.4892578125,2.6298828125,7.71875,20.8701171875,12.4423828125,5.4912109375,5.400390625,5.400390625,5.400390625,8.232421875,1.908203125,1.83984375,2.240234375,3.2705078125,4.21484375,19.2890625,8.912109375,6.3828125,6.3828125,6.3828125,6.3828125,9.2626953125,1.6923828125,1.9482421875,2.1025390625,2.65234375,6.21875,18.39453125,9.51953125,6.1162109375,6.1162109375,6.1162109375,6.1162109375,9.634765625,3.345703125,1.9404296875,2.162109375,2.4677734375,8.677734375,20.33984375,13.8701171875,9.51171875,9.51171875,9.51171875,9.5927734375,9.1240234375,2.0322265625,1.8359375,1.8798828125,2.9375,9.095703125,20.7763671875,10.248046875,6.228515625,6.228515625,6.228515625,6.228515625,9.609375,2.607421875,1.6162109375,1.9638671875,2.404296875,5.1767578125,18.716796875,13.6875,6.4599609375,6.4599609375,6.4599609375,6.4599609375,8.443359375,1.65234375,1.80859375,1.9814453125,2.947265625,5.1396484375,18.3115234375,10.0654296875,4.6123046875,4.6123046875,4.6123046875,4.6123046875,8.00390625,2.1171875,1.568359375,1.8564453125,2.806640625,5.8193359375,20.3681640625,8.486328125,7.3193359375,7.3193359375,7.3193359375,7.3193359375,8.7119140625,3.4423828125,1.955078125,1.8701171875,2.9404296875,4.884765625,19.208984375,7.9375,6.154296875,6.154296875,6.154296875,6.154296875,9.91796875,2.39453125,1.73046875,1.759765625,2.24609375,9.5234375,21.1787109375,12.9130859375,5.34375,5.2998046875,5.2998046875,5.2998046875,8.013671875,2.611328125,1.7041015625,1.982421875,2.560546875,5.99609375,20.6943359375,12.4111328125,5.30078125,5.30078125,5.30078125,5.30078125,8.9990234375,2.1962890625,1.7685546875,2.2626953125,2.0029296875,4.1787109375,18.9462890625,7.6962890625,3.7529296875,3.7529296875,3.7529296875,3.7529296875,7.5390625,2.611328125,1.7314453125,1.8466796875,2.966796875,11.7626953125,17.595703125,3.78515625,3.408203125,3.408203125,3.408203125,3.408203125,5.7919921875,4.5625,1.7421875,1.951171875,2.826171875,5.140625,17.9873046875,2.640625,1.5751953125,1.5751953125,1.5751953125,1.5751953125,5.68359375,2.853515625,1.4228515625,2.265625,3.2783203125,8.291015625,20.341796875,10.1044921875
NA_1792,1.34375,1.34375,1.34375,1.34375,16.2216796875,19.505859375,11.845703125,8.607421875,14.6142578125,16.4052734375,22.6318359375,9.31640625,1.9921875,1.9921875,1.9921875,1.9921875,16.392578125,14.904296875,7.8095703125,6.9912109375,10.298828125,17.1748046875,21.5634765625,19.091796875,2.115234375,1.2763671875,1.2763671875,1.2763671875,5.9208984375,19.212890625,6.607421875,7.64453125,9.2001953125,17.970703125,21.0830078125,6.5712890625,1.65625,1.65625,1.65625,1.65625,9.763671875,17.005859375,7.123046875,7.0732421875,10.0673828125,18.267578125,22.376953125,11.6728515625,1.2099609375,1.1005859375,1.1005859375,1.1005859375,7.890625,20.4970703125,9.552734375,9.62109375,10.66015625,16.763671875,22.86328125,23.8251953125,12.748046875,12.748046875,12.748046875,12.748046875,16.1181640625,14.73046875,7.568359375,7.5869140625,9.291015625,14.857421875,21.0576171875,10.0732421875,2.126953125,2.126953125,2.126953125,2.126953125,19.0,11.44921875,6.923828125,7.5048828125,10.1044921875,17.478515625,25.0087890625,27.689453125,14.697265625,14.2919921875,14.2919921875,14.2919921875,18.5009765625,17.3330078125,7.216796875,8.291015625,11.173828125,15.966796875,22.953125,16.677734375,8.568359375,8.568359375,8.568359375,8.568359375,12.2158203125,20.8564453125,7.96875,7.419921875,10.09375,16.99609375,24.7685546875,21.470703125,13.9921875,13.9921875,13.9921875,13.9921875,14.3203125,17.7177734375,9.4638671875,7.814453125,8.1611328125,17.271484375,19.08203125,18.72265625,9.0166015625,9.013671875,9.013671875,10.951171875,20.095703125,9.7919921875,7.0419921875,7.533203125,13.431640625,17.3974609375,22.931640625,20.02734375,13.2158203125,13.201171875,13.201171875,13.201171875,16.1923828125,17.923828125,7.294921875,7.3447265625,9.8134765625,15.791015625,21.6064453125,25.9697265625,11.4482421875,11.0615234375,11.0615234375,11.0634765625,22.654296875,10.673828125,6.0068359375,8.125,10.3671875,16.9990234375,24.658203125,24.7470703125,13.650390625,13.6064453125,13.6064453125,13.6064453125,14.5791015625,18.91015625,8.212890625,7.6435546875,10.021484375,15.6865234375,23.06640625,7.7021484375,1.5634765625,1.5634765625,1.5634765625,1.5634765625,4.8310546875,20.1669921875,9.146484375,7.1669921875,12.2734375,17.150390625,21.5625,3.5341796875,1.3544921875,1.3544921875,1.3544921875,1.3544921875,11.9736328125,17.9931640625,7.740234375,7.9912109375,9.0263671875,15.421875,20.6865234375,28.7646484375,11.4306640625,10.826171875,10.826171875,10.826171875,16.14453125,18.052734375,7.486328125,6.828125,8.7373046875,16.1591796875,19.2490234375,21.337890625,9.375,9.43359375,9.43359375,9.43359375,14.0361328125,17.41015625,7.8427734375,7.4169921875,10.7001953125,16.1611328125,23.861328125,9.3876953125,1.2392578125,1.2392578125,1.2392578125,1.2392578125,7.7412109375,16.5322265625,7.2470703125,7.4716796875,10.2998046875,18.455078125,24.009765625,12.5810546875,6.6171875,6.6171875,6.6171875,6.6171875,9.5263671875,18.5615234375,7.6962890625,8.3115234375,10.2353515625,16.8134765625,21.794921875,9.03515625,2.2734375,2.2734375,2.2734375,2.2734375,7.55859375,20.025390625,6.9072265625,7.3017578125,14.0166015625,17.93359375,21.2587890625,12.806640625
NA_229,0.599609375,0.599609375,0.599609375,0.599609375,13.7783203125,21.11328125,16.486328125,11.849609375,18.275390625,23.0068359375,20.5849609375,16.9970703125,16.9970703125,16.9970703125,16.9970703125,16.9970703125,19.2783203125,16.158203125,10.27734375,9.4951171875,12.9228515625,21.0986328125,17.69921875,1.8994140625,1.8515625,1.8515625,1.8515625,1.8515625,2.060546875,19.818359375,9.7021484375,10.0263671875,14.552734375,22.15625,19.47265625,18.7119140625,18.7119140625,18.7119140625,18.7119140625,18.7119140625,19.1953125,19.0146484375,11.470703125,9.8837890625,15.9423828125,22.015625,21.427734375,18.9208984375,18.9208984375,18.9208984375,18.9208984375,18.9208984375,18.953125,21.6142578125,12.26953125,11.140625,17.296875,21.5986328125,16.91796875,1.8515625,1.8515625,1.8515625,1.8515625,1.8515625,17.6025390625,14.7587890625,10.0322265625,10.7509765625,12.9912109375,21.1416015625,17.1494140625,7.3193359375,7.3193359375,7.3193359375,7.3193359375,7.3310546875,19.1884765625,13.240234375,8.806640625,10.740234375,13.3583984375,22.443359375,7.3740234375,1.6298828125,1.6298828125,1.6298828125,1.6298828125,1.6298828125,17.2060546875,17.27734375,9.3916015625,10.48046875,15.1650390625,21.3779296875,15.7548828125,1.771484375,1.771484375,1.771484375,1.771484375,1.771484375,3.712890625,18.2275390625,10.2578125,9.5634765625,12.7607421875,20.912109375,22.1123046875,19.3935546875,19.3935546875,19.3935546875,19.3935546875,19.3935546875,19.478515625,20.9208984375,16.7724609375,12.361328125,12.5546875,22.234375,22.59375,16.615234375,16.615234375,16.615234375,16.615234375,17.09375,21.1181640625,16.0595703125,9.0625,10.015625,18.404296875,21.4091796875,15.9873046875,1.87109375,1.87109375,1.87109375,1.87109375,1.87109375,10.294921875,17.623046875,9.0986328125,9.857421875,13.458984375,20.8134765625,21.322265625,16.1025390625,16.0888671875,16.0888671875,16.0888671875,16.0947265625,20.33203125,15.9375,7.265625,9.8330078125,14.28515625,22.779296875,9.435546875,1.6005859375,1.6005859375,1.6005859375,1.6005859375,1.6005859375,4.9697265625,18.85546875,10.392578125,9.9345703125,12.701171875,20.142578125,11.103515625,1.96875,1.96875,1.96875,1.96875,1.96875,5.169921875,20.4052734375,11.2099609375,8.58203125,17.16015625,21.2646484375,10.88671875,2.3525390625,2.3525390625,2.3525390625,2.3525390625,2.3525390625,13.8212890625,19.0107421875,9.3359375,10.234375,13.9833984375,21.30078125,17.712890625,1.7236328125,1.71875,1.71875,1.71875,1.71875,14.552734375,17.91796875,10.009765625,10.01171875,12.9013671875,20.748046875,23.0,16.919921875,16.650390625,16.650390625,16.650390625,16.650390625,17.720703125,19.3203125,10.349609375,8.3134765625,14.490234375,21.3642578125,8.5341796875,2.5009765625,2.5009765625,2.5009765625,2.5009765625,2.5009765625,10.12109375,18.4580078125,10.658203125,11.162109375,16.5244140625,23.54296875,7.853515625,2.1591796875,2.1591796875,2.1591796875,2.1591796875,2.1591796875,7.47265625,17.8623046875,9.1640625,11.0986328125,12.52734375,21.86328125,7.55859375,2.26171875,2.26171875,2.26171875,2.26171875,2.26171875,7.595703125,18.787109375,8.3017578125,9.4267578125,17.3994140625,22.4248046875,5.8046875,1.9765625
NA_241,9.4541015625,9.4541015625,9.4541015625,9.4541015625,9.4541015625,9.7041015625,22.3486328125,17.232421875,24.2294921875,10.501953125,7.916015625,7.916015625,7.916015625,7.916015625,7.916015625,7.916015625,7.916015625,7.9755859375,23.1015625,17.068359375,19.2294921875,9.4453125,0.56640625,0.56640625,0.568359375,0.568359375,0.568359375,0.568359375,0.568359375,3.2333984375,22.3388671875,21.4443359375,24.873046875,18.59375,14.51953125,14.51953125,14.51953125,14.51953125,14.51953125,14.51953125,14.51953125,15.8427734375,23.341796875,17.6923828125,22.12109375,17.7861328125,9.9326171875,9.9326171875,9.9326171875,9.9326171875,9.9326171875,9.9326171875,9.9326171875,13.23828125,18.0439453125,14.2861328125,22.486328125,19.90625,17.2939453125,17.2939453125,17.2939453125,17.2939453125,17.2939453125,17.2939453125,17.2939453125,20.4443359375,24.99609375,20.310546875,24.9609375,16.826171875,15.9658203125,15.9658203125,15.9658203125,15.9658203125,15.9658203125,15.9658203125,15.9658203125,20.09765625,19.90234375,12.822265625,18.7001953125,19.458984375,10.1552734375,10.1552734375,10.1552734375,10.1552734375,10.1552734375,10.1552734375,10.1552734375,16.8671875,20.7548828125,22.0771484375,24.703125,19.9013671875,16.7509765625,16.7509765625,16.7509765625,16.7509765625,16.7509765625,16.7509765625,16.7509765625,19.357421875,24.3916015625,24.9677734375,24.998046875,8.1220703125,2.322265625,2.322265625,2.322265625,2.322265625,2.322265625,2.322265625,2.322265625,10.8447265625,24.1357421875,16.9052734375,23.6103515625,13.03515625,4.36328125,4.36328125,4.36328125,4.36328125,4.36328125,4.36328125,4.36328125,16.814453125,16.876953125,12.8837890625,19.947265625,17.1171875,14.0048828125,14.0048828125,14.0048828125,14.0048828125,14.0048828125,14.0048828125,14.0048828125,17.720703125,18.021484375,13.384765625,20.3837890625,18.9609375,10.078125,10.078125,10.078125,10.078125,10.078125,10.078125,10.078125,19.3759765625,12.892578125,11.2177734375,22.7255859375,20.7294921875,11.5693359375,11.5693359375,11.5693359375,11.5693359375,11.5693359375,11.5693359375,11.5693359375,12.9052734375,23.1689453125,14.3642578125,24.4501953125,21.486328125,13.7529296875,13.7529296875,13.7529296875,13.7529296875,13.7529296875,13.7529296875,13.7529296875,17.3271484375,18.365234375,15.1357421875,23.876953125,11.302734375,0.34765625,0.34765625,0.34765625,0.34765625,0.34765625,0.34765625,0.34765625,15.70703125,14.8134765625,14.21875,22.5126953125,13.5859375,10.5283203125,10.5283203125,10.5283203125,10.5283203125,10.5283203125,10.5283203125,10.5283203125,16.755859375,16.4619140625,13.2646484375,23.3388671875,16.048828125,9.6162109375,9.6162109375,9.6162109375,9.6162109375,9.6162109375,9.6162109375,9.6162109375,16.2646484375,18.2705078125,10.8974609375,22.1513671875,19.837890625,10.779296875,10.779296875,10.779296875,10.779296875,10.779296875,10.779296875,10.779296875,12.3720703125,20.78125,17.978515625,24.4775390625,16.6474609375,16.0087890625,16.0087890625,16.0087890625,16.0087890625,16.0087890625,16.0087890625,16.0087890625,21.25,21.0224609375,19.1142578125,23.546875,22.2509765625,14.99609375,14.99609375,14.99609375,14.99609375,14.99609375,14.99609375,14.99609375,19.07421875,24.0712890625,15.091796875,21.6171875,21.216796875,15.8828125,15.8828125
NA_242,3.5029296875,3.5029296875,3.5068359375,3.7431640625,2.0693359375,1.572265625,1.3798828125,1.376953125,1.8310546875,2.470703125,2.83984375,-7.10543413386458e-15,-7.10543413386458e-15,-7.10543413386458e-15,-7.10543413386458e-15,0.16015625,2.0849609375,1.42578125,1.4228515625,1.4306640625,1.734375,3.1083984375,3.9775390625,3.0849609375,2.4033203125,2.4033203125,2.4033203125,2.63671875,3.0302734375,1.5234375,1.490234375,1.470703125,1.572265625,3.46484375,3.603515625,3.361328125,3.361328125,3.361328125,3.361328125,3.43359375,2.939453125,1.3896484375,1.4091796875,1.361328125,1.640625,2.96875,3.7548828125,0.1611328125,-7.10543413386458e-15,-7.10543413386458e-15,-7.10543413386458e-15,0.185546875,1.677734375,1.6806640625,1.294921875,1.513671875,1.52734375,2.5078125,3.8447265625,0.24609375,-7.10543413386458e-15,-7.10543413386458e-15,-7.10543413386458e-15,0.1748046875,1.8125,1.392578125,1.3505859375,1.41015625,1.5732421875,2.734375,3.1162109375,0.0263671875,-7.10543413386458e-15,-7.10543413386458e-15,-7.10543413386458e-15,0.3486328125,1.974609375,1.4765625,1.3662109375,1.4365234375,1.7060546875,3.0546875,3.87109375,0.4345703125,0.0390625,-7.10543413386458e-15,-7.10543413386458e-15,0.1943359375,1.9619140625,1.443359375,1.3583984375,1.4111328125,1.619140625,2.2783203125,3.0546875,-7.10543413386458e-15,-7.10543413386458e-15,-7.10543413386458e-15,-7.10543413386458e-15,0.2001953125,2.0546875,1.3759765625,1.521484375,1.3134765625,1.458984375,2.783203125,3.533203125,3.0732421875,3.0732421875,3.0732421875,3.0732421875,3.2255859375,2.712890625,1.427734375,1.486328125,1.4912109375,1.3720703125,3.2099609375,3.974609375,2.423828125,2.048828125,2.048828125,2.048828125,2.7998046875,1.681640625,1.44140625,1.478515625,1.4912109375,1.8818359375,3.0634765625,3.451171875,0.0380859375,-7.10543413386458e-15,-7.10543413386458e-15,-7.10543413386458e-15,0.0966796875,1.8447265625,1.4130859375,1.3564453125,1.3984375,1.4736328125,3.0634765625,3.9580078125,3.29296875,3.203125,3.203125,3.365234375,3.70703125,1.537109375,1.453125,1.32421875,1.4013671875,1.6767578125,2.8466796875,3.5986328125,2.01171875,2.1103515625,2.1103515625,2.1103515625,2.1826171875,2.0771484375,1.4951171875,1.3525390625,1.40625,1.4951171875,2.486328125,2.958984375,-7.10543413386458e-15,-7.10543413386458e-15,-7.10543413386458e-15,-7.10543413386458e-15,0.017578125,1.337890625,1.4150390625,1.5693359375,1.3154296875,1.5859375,2.7919921875,2.2744140625,-7.10543413386458e-15,-7.10543413386458e-15,-7.10543413386458e-15,-7.10543413386458e-15,0.158203125,1.8896484375,1.43359375,1.37890625,1.421875,1.4443359375,3.1240234375,3.70703125,2.9130859375,-7.10543413386458e-15,-7.10543413386458e-15,-7.10543413386458e-15,0.14453125,1.7841796875,1.5908203125,1.4560546875,1.3115234375,1.47265625,2.4287109375,3.548828125,0.96875,-7.10543413386458e-15,-7.10543413386458e-15,-7.10543413386458e-15,0.6591796875,2.2978515625,1.51171875,1.3779296875,1.3828125,1.3095703125,2.09765625,2.8935546875,0.0390625,-7.10543413386458e-15,-7.10543413386458e-15,-7.10543413386458e-15,-7.10543413386458e-15,1.2138671875,1.3779296875,1.369140625,1.3125,1.6494140625,3.224609375,3.525390625,3.20703125,3.20703125,3.20703125,3.20703125,3.3505859375,2.8349609375,1.4873046875,1.3408203125,1.435546875,1.6171875,2.9228515625,1.5634765625,0.001953125,-7.10543413386458e-15,-7.10543413386458e-15,-7.10543413386458e-15,0.22265625,2.328125,1.431640625,1.337890625,1.3837890625,1.76953125,3.1904296875,3.5068359375,0.5126953125
NA_284,1.8046875,1.8046875,1.8046875,1.8046875,9.890625,17.3955078125,7.625,6.74609375,12.1298828125,18.7548828125,19.388671875,12.5673828125,12.5673828125,12.5673828125,12.5673828125,12.5673828125,13.689453125,12.154296875,6.771484375,6.244140625,8.4453125,17.640625,19.88671875,2.3291015625,2.3935546875,2.3935546875,2.3935546875,2.3935546875,2.44140625,15.7001953125,6.353515625,6.6533203125,9.927734375,19.55078125,15.96484375,14.15625,14.15625,14.15625,14.15625,14.15625,14.5146484375,12.9404296875,5.234375,5.818359375,8.2958984375,19.09765625,17.27734375,12.5166015625,12.5166015625,12.5166015625,12.5166015625,12.5166015625,12.5341796875,16.9501953125,8.05078125,7.814453125,10.158203125,17.5830078125,19.822265625,8.5380859375,8.5380859375,8.5380859375,8.5380859375,8.5380859375,14.380859375,13.54296875,7.16015625,7.03515625,9.4052734375,17.017578125,21.2001953125,14.654296875,14.654296875,14.654296875,14.654296875,14.654296875,15.580078125,10.509765625,6.130859375,7.2685546875,9.060546875,19.9853515625,14.873046875,9.5537109375,9.5537109375,9.5537109375,9.5537109375,9.5537109375,14.916015625,13.830078125,6.3876953125,8.0986328125,9.8837890625,17.484375,18.5361328125,6.798828125,6.798828125,6.798828125,6.798828125,6.798828125,7.2900390625,15.3798828125,7.4921875,6.4052734375,8.802734375,16.24609375,19.0146484375,11.5205078125,11.5205078125,11.5205078125,11.5205078125,11.5205078125,11.5791015625,16.1025390625,10.9453125,6.99609375,7.4677734375,19.0126953125,20.8671875,10.353515625,10.2587890625,10.2587890625,10.2587890625,10.3427734375,16.3876953125,9.5791015625,5.9912109375,6.7509765625,12.6494140625,17.5087890625,19.6845703125,13.39453125,13.3779296875,13.3779296875,13.3779296875,13.3779296875,13.669921875,13.873046875,6.4111328125,6.6796875,8.9287109375,15.18359375,20.4140625,13.3583984375,13.2705078125,13.2705078125,13.2705078125,13.2705078125,15.1328125,11.5361328125,5.1181640625,6.7470703125,10.732421875,19.763671875,17.4150390625,12.1845703125,12.1845703125,12.1845703125,12.1845703125,12.1845703125,12.3173828125,14.8876953125,7.3916015625,6.669921875,8.8857421875,16.6875,14.353515625,1.578125,1.578125,1.578125,1.578125,1.578125,3.30078125,16.0,7.8623046875,5.6591796875,10.8525390625,17.0517578125,12.345703125,1.970703125,1.970703125,1.970703125,1.970703125,1.970703125,8.2001953125,15.056640625,6.2080078125,6.7431640625,9.337890625,16.80078125,19.6083984375,1.99609375,1.8564453125,1.8564453125,1.8564453125,1.8564453125,9.9482421875,14.744140625,6.78515625,6.6611328125,9.00390625,16.9287109375,22.4150390625,10.05078125,9.083984375,9.083984375,9.083984375,9.083984375,11.16015625,13.111328125,6.541015625,5.779296875,9.1455078125,16.4345703125,9.9384765625,2.6142578125,2.6142578125,2.6142578125,2.6142578125,2.6142578125,6.845703125,14.029296875,6.7001953125,7.267578125,11.0771484375,21.23828125,9.2626953125,2.1259765625,2.1259765625,2.1259765625,2.1259765625,2.1259765625,5.1259765625,14.5546875,6.7939453125,7.7841796875,8.4375,17.853515625,9.2646484375,1.7724609375,1.7724609375,1.7724609375,1.7724609375,1.7724609375,4.177734375,14.3388671875,6.0087890625,6.4638671875,11.1162109375,19.41796875,16.578125,13.107421875
NA_328,1.6533203125,1.6533203125,1.6533203125,1.6533203125,5.8818359375,16.3798828125,7.2900390625,8.943359375,9.5703125,21.1005859375,13.9716796875,2.1552734375,2.1513671875,2.1513671875,2.1513671875,2.1513671875,12.140625,8.9482421875,6.560546875,6.1552734375,8.857421875,15.458984375,0.6611328125,0.6611328125,0.6611328125,0.6611328125,0.6611328125,0.6611328125,4.00390625,14.501953125,7.029296875,5.3330078125,10.7822265625,14.8154296875,22.8408203125,11.2724609375,4.4951171875,4.4951171875,4.4951171875,4.486328125,17.8994140625,9.5068359375,6.013671875,6.1513671875,8.7001953125,17.513671875,15.3662109375,13.1328125,13.1328125,13.1328125,13.1328125,13.1328125,13.51171875,16.1865234375,6.435546875,5.1357421875,9.4736328125,16.9462890625,8.58203125,3.0654296875,2.9453125,2.9453125,2.9453125,2.9453125,12.0771484375,11.525390625,6.4365234375,6.1875,10.171875,18.6611328125,9.1728515625,3.787109375,3.787109375,3.787109375,3.787109375,3.787109375,4.5888671875,17.333984375,8.7294921875,7.498046875,7.9619140625,16.5400390625,10.2041015625,4.2412109375,4.2412109375,4.2412109375,4.2412109375,4.2412109375,5.087890625,17.78515625,6.263671875,6.9384765625,9.9716796875,20.654296875,10.6357421875,2.451171875,2.4375,2.4375,2.4375,2.4375,2.8896484375,19.1650390625,10.2314453125,5.46875,8.47265625,16.595703125,0.71484375,0.4287109375,0.4287109375,0.4287109375,0.4287109375,0.4287109375,3.3583984375,14.9052734375,6.6376953125,7.509765625,8.9970703125,15.0107421875,9.5732421875,0.3603515625,0.3603515625,0.3603515625,0.3603515625,0.3603515625,3.3779296875,16.3203125,7.73828125,6.83984375,8.451171875,19.7744140625,8.5869140625,4.2177734375,4.2177734375,4.2177734375,4.2177734375,4.2177734375,6.240234375,17.9033203125,9.17578125,7.4482421875,8.05078125,16.986328125,11.2822265625,4.6318359375,4.6318359375,4.6318359375,4.6318359375,4.6318359375,5.068359375,19.1181640625,9.2744140625,7.2626953125,10.57421875,15.830078125,2.310546875,1.9423828125,1.9423828125,1.9423828125,1.9423828125,1.9423828125,2.22265625,13.9990234375,7.0009765625,6.958984375,11.228515625,21.193359375,17.556640625,1.6611328125,1.6611328125,1.6611328125,1.6611328125,1.6611328125,14.2265625,11.8818359375,6.1494140625,5.626953125,8.5185546875,21.5791015625,10.98046875,4.7578125,3.3720703125,3.3720703125,3.3720703125,3.5947265625,18.4189453125,7.654296875,6.1044921875,7.419921875,10.7138671875,15.37109375,14.357421875,2.03125,2.03125,2.03125,2.03125,5.2841796875,19.6904296875,8.3291015625,6.701171875,6.1845703125,7.4013671875,16.66015625,15.1689453125,0.4697265625,0.4697265625,0.4697265625,0.4697265625,0.4697265625,6.6875,12.2578125,5.8671875,6.8935546875,9.591796875,18.296875,14.4619140625,0.482421875,0.482421875,0.482421875,0.482421875,0.576171875,15.4765625,9.681640625,7.416015625,7.6552734375,7.2041015625,13.24609375,22.42578125,5.55078125,3.4365234375,3.4365234375,3.4365234375,3.568359375,17.62890625,7.6123046875,5.0693359375,5.513671875,8.2099609375,17.140625,24.6328125,3.3154296875,1.80859375,1.80859375,1.80859375,1.80859375,9.521484375,11.5966796875,5.3857421875,5.0869140625,9.66015625,14.701171875,9.52734375,0.1767578125
NA_350,1.951171875,1.92578125,1.873046875,1.8828125,1.8701171875,1.8671875,1.8837890625,1.8779296875,1.8720703125,1.923828125,1.9140625,1.984375,1.951171875,1.93359375,1.8623046875,1.8427734375,1.87109375,1.8935546875,1.84375,1.8544921875,1.8798828125,1.892578125,1.978515625,1.96875,1.8486328125,1.7529296875,1.873046875,1.8984375,1.865234375,1.8369140625,1.8603515625,1.8564453125,1.8037109375,1.642578125,1.80859375,1.8271484375,1.8349609375,1.7119140625,1.8193359375,1.8369140625,1.85546875,1.8603515625,1.8671875,1.8173828125,1.8310546875,1.82421875,1.85546875,1.8896484375,1.8935546875,1.8583984375,1.875,1.869140625,1.8642578125,1.8662109375,1.86328125,1.833984375,1.8447265625,1.830078125,1.87890625,1.9423828125,1.7939453125,1.822265625,1.8623046875,1.865234375,1.8251953125,1.8525390625,1.837890625,1.8671875,1.82421875,1.859375,1.9111328125,1.8837890625,1.91796875,1.951171875,1.9296875,1.9326171875,1.9033203125,1.912109375,1.9482421875,1.896484375,1.9765625,1.9794921875,1.9326171875,1.81640625,1.9404296875,1.916015625,1.9599609375,1.916015625,1.9365234375,1.974609375,1.9609375,1.94921875,1.970703125,1.9521484375,1.9638671875,1.974609375,1.91796875,1.8798828125,1.8671875,1.849609375,1.8681640625,1.8369140625,1.8525390625,1.826171875,1.8701171875,1.9111328125,1.9326171875,1.9453125,1.955078125,1.9208984375,1.9169921875,1.8447265625,1.8388671875,1.8125,1.8818359375,1.8427734375,1.8388671875,1.865234375,1.90625,1.9150390625,1.7841796875,1.875,1.875,1.8896484375,1.857421875,1.8310546875,1.82421875,1.830078125,1.861328125,1.8359375,1.9169921875,1.9873046875,1.8681640625,1.9384765625,2.0029296875,1.935546875,1.9052734375,1.95703125,1.9580078125,1.9482421875,1.841796875,1.9228515625,1.888671875,1.95703125,1.94140625,1.912109375,1.9892578125,1.94140625,1.9443359375,1.9658203125,1.9443359375,1.939453125,1.97265625,1.9736328125,2.0126953125,1.9697265625,1.9580078125,1.890625,1.833984375,1.900390625,1.884765625,1.8876953125,1.8544921875,1.890625,1.93359375,1.9052734375,1.9521484375,1.8857421875,1.8681640625,1.888671875,1.8642578125,1.8623046875,1.7421875,1.8818359375,1.8994140625,1.8798828125,1.9306640625,1.955078125,1.96484375,1.94140625,2.00390625,1.92578125,1.91015625,1.8701171875,1.8515625,1.8701171875,1.8818359375,1.861328125,1.865234375,1.8955078125,1.935546875,1.923828125,1.9921875,1.919921875,1.763671875,1.861328125,1.8720703125,1.849609375,1.8251953125,1.859375,1.8212890625,1.873046875,1.9384765625,1.92578125,1.9619140625,1.93359375,1.984375,1.9384765625,1.9716796875,1.9775390625,1.9404296875,1.9755859375,1.966796875,1.9794921875,1.939453125,1.7978515625,1.8525390625,1.84375,1.853515625,1.884765625,1.87109375,1.8427734375,1.8681640625,1.869140625,1.8720703125,1.853515625,1.8486328125,1.916015625,1.916015625,1.8984375,1.9375,1.943359375,1.923828125,1.9140625,1.9716796875,1.9404296875,1.9912109375,1.96484375,1.978515625,1.96484375,1.9501953125,1.91796875,1.921875,1.884765625,1.8974609375,1.865234375,1.845703125,1.8798828125,1.88671875,1.7958984375,1.9375,1.931640625
NA_355,2.1083984375,2.0947265625,2.1123046875,2.0966796875,2.091796875,2.1123046875,2.06640625,2.0869140625,2.09765625,2.0927734375,2.109375,2.1123046875,2.1123046875,2.0908203125,2.1103515625,2.1123046875,2.1044921875,2.099609375,2.060546875,2.10546875,2.07421875,2.1123046875,2.0791015625,2.1123046875,2.1123046875,2.1044921875,2.1123046875,2.1123046875,2.1123046875,2.0966796875,2.0517578125,2.107421875,2.0166015625,1.919921875,2.103515625,2.1103515625,2.1123046875,2.1123046875,1.9775390625,2.078125,2.095703125,2.0830078125,2.0751953125,2.07421875,2.072265625,1.943359375,2.0986328125,2.1123046875,2.1123046875,2.1123046875,2.1064453125,2.1083984375,2.1044921875,2.087890625,2.05859375,2.08203125,2.0673828125,2.0908203125,2.1044921875,2.107421875,2.0986328125,2.0927734375,2.091796875,2.109375,2.09375,2.0810546875,2.0546875,2.04296875,2.05078125,2.068359375,1.9716796875,2.111328125,2.107421875,2.1123046875,2.1123046875,2.1083984375,2.0947265625,2.0439453125,2.0654296875,2.068359375,2.0771484375,2.0,2.0849609375,1.9853515625,2.1123046875,2.08203125,2.0,2.083984375,2.068359375,2.07421875,2.0888671875,2.0361328125,2.083984375,2.1044921875,2.0322265625,2.1123046875,2.1123046875,2.1123046875,2.1123046875,2.1083984375,2.111328125,2.08984375,2.0771484375,2.0419921875,2.1123046875,2.087890625,2.0927734375,2.10546875,2.1123046875,2.1123046875,2.109375,2.1123046875,2.1064453125,2.1044921875,2.0908203125,2.0771484375,1.9765625,2.08984375,2.1123046875,2.099609375,2.099609375,2.1123046875,2.103515625,2.10546875,2.0869140625,2.1044921875,2.087890625,2.0791015625,2.0849609375,2.076171875,2.1123046875,2.1103515625,2.1123046875,2.1123046875,2.099609375,2.1123046875,2.103515625,2.1083984375,2.080078125,2.0712890625,1.9033203125,2.080078125,2.1123046875,2.1123046875,2.1123046875,2.107421875,2.0712890625,2.1015625,2.0986328125,2.0791015625,1.875,1.986328125,2.0322265625,2.0029296875,2.0712890625,2.1103515625,2.1044921875,2.091796875,2.1123046875,2.1123046875,2.0400390625,2.1083984375,2.0732421875,2.060546875,2.0595703125,1.96484375,2.1083984375,2.1044921875,2.111328125,2.111328125,2.0693359375,2.103515625,2.080078125,2.103515625,1.8828125,2.080078125,2.09375,2.0380859375,2.1123046875,2.1123046875,2.1025390625,2.107421875,2.0693359375,2.095703125,2.0849609375,2.06640625,2.099609375,2.0361328125,2.0859375,1.95703125,2.1064453125,2.087890625,2.1123046875,2.109375,2.1123046875,2.1123046875,2.05078125,2.0830078125,2.0859375,2.0595703125,2.0498046875,2.1064453125,2.0625,2.083984375,2.1064453125,2.1123046875,2.103515625,2.109375,1.9091796875,2.080078125,2.041015625,2.05859375,1.8134765625,2.091796875,2.0986328125,2.0771484375,2.0595703125,2.1123046875,2.1123046875,2.0947265625,2.103515625,2.1005859375,2.025390625,2.1025390625,2.00390625,2.111328125,2.0244140625,2.109375,2.109375,2.1123046875,2.01953125,2.1123046875,2.09765625,1.9716796875,2.1005859375,2.052734375,2.09375,2.0732421875,2.09765625,2.0625,2.111328125,2.09765625,2.08203125,2.099609375,2.1044921875,2.10546875,2.0966796875,2.048828125,2.0849609375,2.10546875,2.1044921875,2.107421875
NA_363,0.744140625,0.744140625,0.744140625,0.8359375,3.921875,3.490234375,2.375,2.51953125,3.71875,4.4267578125,1.94921875,0.75,0.75,0.75,0.75,0.75,2.96875,2.3505859375,1.765625,1.9169921875,2.7255859375,4.5537109375,4.03125,1.2685546875,1.2685546875,1.2685546875,1.2685546875,1.2685546875,2.4921875,2.3876953125,2.177734375,2.513671875,3.15625,3.912109375,2.056640625,2.056640625,2.056640625,2.056640625,2.056640625,2.056640625,3.2763671875,1.994140625,1.8134765625,1.8564453125,3.0859375,4.1865234375,1.5595703125,1.3173828125,1.3173828125,1.3173828125,1.3173828125,1.3173828125,3.2900390625,3.3232421875,2.435546875,3.3427734375,3.4931640625,4.427734375,3.080078125,1.259765625,1.259765625,1.259765625,1.259765625,1.5419921875,4.0078125,2.591796875,2.4599609375,2.73046875,3.341796875,4.3759765625,2.994140625,-7.10543413386458e-15,-7.10543413386458e-15,-7.10543413386458e-15,-7.10543413386458e-15,0.140625,3.8466796875,2.6298828125,2.4228515625,2.740234375,3.4873046875,4.5,0.8759765625,0.7919921875,0.7919921875,0.7919921875,0.7919921875,0.7919921875,3.6083984375,3.03515625,2.212890625,3.2509765625,3.6728515625,4.1728515625,3.365234375,1.0859375,1.0859375,1.0859375,1.0859375,1.0859375,2.5263671875,2.51171875,2.1728515625,2.3076171875,3.3427734375,4.3505859375,2.0927734375,0.6259765625,0.6259765625,0.6259765625,0.6259765625,0.6259765625,1.888671875,3.126953125,2.8798828125,3.0703125,3.3486328125,4.7265625,4.291015625,2.6123046875,2.6123046875,2.6123046875,2.6123046875,2.916015625,3.4814453125,2.2314453125,2.0869140625,2.330078125,3.390625,4.083984375,3.3271484375,1.2958984375,1.2958984375,1.2958984375,1.2958984375,1.2958984375,2.8818359375,2.8671875,2.3369140625,2.548828125,3.306640625,4.3701171875,3.2685546875,1.4580078125,1.4580078125,1.4580078125,1.4580078125,1.99609375,4.19921875,3.4169921875,2.4765625,3.2685546875,3.6630859375,4.5927734375,1.8203125,1.2470703125,1.2470703125,1.2470703125,1.2470703125,1.2470703125,2.2646484375,2.8212890625,2.4326171875,2.03125,3.03125,4.3994140625,2.0400390625,1.0849609375,1.0849609375,1.0849609375,1.0849609375,1.0849609375,2.107421875,2.8017578125,2.533203125,2.4169921875,3.3486328125,4.283203125,1.7001953125,-7.10543413386458e-15,-7.10543413386458e-15,-7.10543413386458e-15,-7.10543413386458e-15,-7.10543413386458e-15,2.6884765625,1.8935546875,1.8125,1.6689453125,2.701171875,4.16015625,3.544921875,-7.10543413386458e-15,-7.10543413386458e-15,-7.10543413386458e-15,-7.10543413386458e-15,-7.10543413386458e-15,2.4921875,2.2294921875,1.69921875,1.7021484375,2.6767578125,4.4140625,4.7490234375,3.056640625,3.033203125,3.033203125,3.033203125,3.033203125,3.822265625,3.5380859375,2.826171875,2.8271484375,3.7470703125,4.525390625,0.88671875,-7.10543413386458e-15,-7.10543413386458e-15,-7.10543413386458e-15,-7.10543413386458e-15,-7.10543413386458e-15,1.546875,1.912109375,2.4814453125,2.498046875,3.435546875,4.9755859375,1.302734375,-7.10543413386458e-15,-7.10543413386458e-15,-7.10543413386458e-15,-7.10543413386458e-15,-7.10543413386458e-15,2.08984375,2.759765625,2.390625,2.6279296875,3.0576171875,4.63671875,1.265625,1.1708984375,1.1708984375,1.1708984375,1.1708984375,1.1708984375,2.4677734375,3.2470703125,2.447265625,2.8603515625,3.7099609375,3.783203125,0.8359375,0.8212890625
NA_371,4.234375,4.234375,4.234375,4.234375,9.3212890625,7.1357421875,5.52734375,5.7080078125,7.298828125,12.599609375,6.52734375,4.3564453125,4.3564453125,4.3564453125,4.3564453125,4.3564453125,7.705078125,7.5654296875,5.3427734375,5.3759765625,6.55078125,11.4853515625,2.6533203125,0.95703125,0.95703125,0.95703125,0.95703125,0.95703125,7.08984375,6.228515625,5.0908203125,5.6591796875,7.16015625,12.05078125,3.7294921875,3.0615234375,3.0615234375,3.0615234375,3.0615234375,3.0615234375,8.5234375,6.0341796875,5.4072265625,5.40625,6.9765625,10.4755859375,5.0859375,3.857421875,3.857421875,3.857421875,3.857421875,3.865234375,9.66015625,6.1904296875,4.7626953125,4.4013671875,7.048828125,10.52734375,5.27734375,3.7890625,3.7890625,3.7890625,3.7890625,3.7890625,9.751953125,6.5087890625,5.6435546875,5.2822265625,7.701171875,12.4921875,7.2314453125,3.0185546875,3.0185546875,3.0185546875,3.0185546875,3.0185546875,7.2265625,5.5302734375,4.7490234375,5.33984375,6.26171875,10.1630859375,6.3388671875,4.294921875,4.294921875,4.294921875,4.294921875,4.294921875,8.3583984375,6.7333984375,4.9423828125,6.1591796875,7.646484375,12.9462890625,5.4453125,2.587890625,2.587890625,2.587890625,2.587890625,2.587890625,5.8916015625,7.7890625,5.408203125,5.4013671875,6.349609375,11.572265625,7.265625,3.3623046875,3.3623046875,3.3623046875,3.3623046875,3.3623046875,6.6767578125,6.5546875,4.330078125,5.0576171875,6.0576171875,12.3564453125,5.7275390625,4.328125,4.328125,4.328125,4.328125,4.328125,9.0986328125,6.5,5.3544921875,5.2431640625,7.0361328125,10.1552734375,9.0244140625,4.6298828125,4.6298828125,4.6298828125,4.6298828125,4.6298828125,7.6279296875,6.4326171875,5.4951171875,5.248046875,6.37109375,10.5478515625,6.83203125,5.404296875,5.404296875,5.404296875,5.404296875,5.404296875,8.439453125,7.1015625,4.3564453125,4.9814453125,5.9912109375,10.9677734375,8.408203125,4.5166015625,4.5166015625,4.5166015625,4.5166015625,4.5166015625,8.7314453125,5.9560546875,4.8369140625,4.6630859375,5.32421875,12.671875,7.375,7.140625,7.140625,7.140625,7.140625,7.140625,8.7490234375,6.501953125,4.5302734375,4.384765625,5.7861328125,9.58203125,8.734375,5.1357421875,5.1357421875,5.1357421875,5.1357421875,5.107421875,9.3818359375,5.224609375,5.0400390625,5.380859375,7.2451171875,9.78125,9.12109375,4.34765625,4.34765625,4.34765625,4.34765625,5.4716796875,8.90625,5.9140625,4.9990234375,5.1328125,6.98046875,11.6875,11.328125,3.1337890625,3.095703125,3.095703125,3.095703125,3.095703125,6.9697265625,6.60546875,5.412109375,4.837890625,6.421875,12.408203125,4.3798828125,2.5048828125,2.5048828125,2.5048828125,2.5048828125,2.5048828125,6.9560546875,6.7509765625,5.017578125,5.259765625,7.3955078125,12.46875,6.66796875,3.1728515625,3.1728515625,3.1728515625,3.1728515625,3.1728515625,8.2236328125,6.640625,4.935546875,5.3798828125,6.81640625,12.5361328125,1.6748046875,1.16796875,1.16796875,1.16796875,1.16796875,1.16796875,7.1123046875,6.78125,5.5146484375,5.7158203125,5.857421875,9.61328125,5.583984375,4.5546875
NA_377,3.5400390625,3.5400390625,3.5400390625,3.5400390625,3.5400390625,11.642578125,1.51953125,3.0673828125,5.40625,17.826171875,15.2802734375,1.796875,1.796875,1.796875,1.796875,1.796875,1.796875,10.4150390625,1.2451171875,2.2490234375,4.5869140625,14.9794921875,26.2119140625,2.8330078125,2.8310546875,2.8310546875,2.8310546875,2.8310546875,2.8310546875,10.0927734375,5.453125,2.689453125,4.45703125,18.10546875,20.9189453125,3.9736328125,3.7724609375,3.7724609375,3.7724609375,3.7724609375,3.7724609375,13.6513671875,1.3876953125,2.3603515625,5.1279296875,8.759765625,28.185546875,2.96484375,2.96484375,2.96484375,2.96484375,2.96484375,2.96484375,10.7158203125,1.2861328125,2.4140625,6.005859375,19.8037109375,16.9560546875,1.1533203125,1.1533203125,1.1533203125,1.1533203125,1.1533203125,1.1552734375,15.3212890625,1.408203125,2.533203125,4.3369140625,10.7900390625,26.1337890625,2.6640625,2.6064453125,2.6064453125,2.6064453125,2.6064453125,2.6064453125,10.76953125,1.248046875,2.21484375,4.19140625,11.1005859375,20.3974609375,3.2236328125,3.2236328125,3.2236328125,3.2236328125,3.2236328125,3.2236328125,11.455078125,1.111328125,2.4833984375,5.353515625,13.2783203125,26.0625,7.3828125,7.388671875,7.388671875,7.388671875,7.388671875,7.388671875,15.6806640625,1.5439453125,2.375,4.2919921875,12.1240234375,26.5166015625,5.6298828125,5.4404296875,5.4404296875,5.4404296875,5.4404296875,5.4404296875,13.8154296875,2.0732421875,1.888671875,4.0458984375,15.037109375,24.9140625,6.08203125,6.1552734375,6.1552734375,6.1552734375,6.1552734375,6.1552734375,12.478515625,1.4501953125,2.1923828125,4.78515625,11.423828125,26.78125,0.80859375,0.80859375,0.80859375,0.80859375,0.80859375,0.80859375,10.6357421875,1.376953125,2.2626953125,4.630859375,9.787109375,22.5830078125,2.0654296875,2.0654296875,2.0654296875,2.0654296875,2.0654296875,2.0654296875,11.8056640625,1.216796875,2.3134765625,3.7451171875,17.7705078125,18.552734375,1.69921875,1.69921875,1.69921875,1.69921875,1.69921875,1.69921875,11.9775390625,1.75390625,2.134765625,3.8330078125,8.60546875,23.748046875,2.1494140625,2.1494140625,2.1494140625,2.1494140625,2.1494140625,2.1494140625,11.6953125,1.037109375,1.9189453125,4.212890625,11.1953125,22.833984375,3.525390625,3.525390625,3.525390625,3.525390625,3.525390625,3.751953125,11.9931640625,1.396484375,2.6640625,5.94921875,9.3779296875,28.9404296875,4.603515625,4.5263671875,4.5263671875,4.5263671875,4.5263671875,4.544921875,12.17578125,1.2197265625,2.2490234375,4.5166015625,14.41015625,29.0537109375,9.314453125,9.7138671875,9.7138671875,9.7138671875,9.7138671875,9.7138671875,14.41015625,1.51171875,2.2158203125,3.7890625,11.4091796875,22.373046875,2.3759765625,2.3759765625,2.3759765625,2.3759765625,2.3759765625,2.3759765625,11.3984375,1.6015625,2.6630859375,5.3564453125,15.333984375,20.962890625,0.93359375,0.9296875,0.9296875,0.9296875,0.9296875,0.9296875,11.0634765625,1.4521484375,2.755859375,3.880859375,13.154296875,21.05078125,5.7880859375,5.7880859375,5.7880859375,5.7880859375,5.7880859375,5.7880859375,15.3916015625,1.720703125,2.267578125,3.7392578125,18.5322265625,16.578125,4.654296875
NA_378,37.8486328125,29.9970703125,16.5732421875,13.3154296875,9.455078125,5.373046875,5.251953125,4.568359375,5.2607421875,6.33203125,14.0478515625,31.8564453125,37.412109375,35.24609375,13.6318359375,11.1318359375,9.333984375,7.0595703125,4.8515625,4.59375,4.8193359375,5.828125,9.59765625,35.033203125,37.4970703125,25.5439453125,12.1572265625,12.35546875,10.8466796875,5.634765625,4.0380859375,4.521484375,5.2978515625,5.9833984375,8.9931640625,24.3232421875,30.0556640625,28.2822265625,15.0654296875,15.095703125,10.5810546875,5.2451171875,4.201171875,4.5859375,4.767578125,5.6162109375,11.7158203125,21.08984375,36.00390625,34.3994140625,13.81640625,14.1787109375,9.6416015625,5.55859375,4.4169921875,4.552734375,5.7109375,6.9970703125,13.5576171875,42.38671875,35.806640625,30.12890625,15.2470703125,14.0791015625,9.029296875,7.322265625,4.0439453125,4.2978515625,5.53125,6.6611328125,9.033203125,20.5341796875,40.734375,29.3955078125,29.1533203125,11.0078125,8.9150390625,5.275390625,4.328125,4.861328125,5.2294921875,6.625,12.201171875,44.326171875,36.7548828125,28.5400390625,11.669921875,13.296875,10.1494140625,6.171875,4.46484375,5.056640625,5.966796875,8.1015625,9.271484375,41.2431640625,38.0986328125,27.7568359375,9.486328125,10.8173828125,9.6728515625,6.3701171875,4.4697265625,4.5166015625,4.970703125,5.8154296875,7.83984375,21.2119140625,34.75,31.8203125,12.880859375,13.3193359375,9.611328125,5.3935546875,4.4443359375,4.4697265625,4.708984375,6.77734375,10.18359375,22.9716796875,37.0322265625,26.4658203125,11.572265625,13.1005859375,13.017578125,7.6943359375,4.37109375,5.056640625,4.990234375,6.0576171875,11.08984375,17.3779296875,31.6376953125,35.609375,19.7177734375,11.0546875,13.2802734375,6.6640625,4.7412109375,4.6318359375,3.9462890625,5.9697265625,11.0302734375,22.302734375,35.5908203125,25.296875,20.3017578125,11.9189453125,10.376953125,6.8359375,4.759765625,4.337890625,4.3408203125,6.02734375,9.0107421875,24.66796875,35.3603515625,31.904296875,9.181640625,12.533203125,9.2333984375,5.7021484375,4.0146484375,4.8310546875,5.75390625,6.9462890625,9.5419921875,33.0302734375,33.064453125,25.9296875,14.474609375,13.326171875,9.384765625,6.04296875,3.6630859375,4.3447265625,5.10546875,5.7744140625,8.193359375,16.8212890625,34.88671875,19.970703125,13.623046875,12.787109375,7.353515625,4.833984375,3.826171875,4.59375,5.2021484375,5.6376953125,10.7255859375,27.6767578125,36.3388671875,20.2158203125,12.232421875,12.7314453125,8.2109375,5.88671875,5.09765625,4.2626953125,5.3212890625,7.8994140625,8.63671875,20.669921875,40.720703125,31.0771484375,14.509765625,13.953125,7.662109375,5.595703125,3.9833984375,3.634765625,5.5009765625,6.3310546875,10.34765625,37.880859375,38.236328125,32.5185546875,20.69140625,12.4736328125,8.6875,5.8857421875,3.8095703125,4.62109375,5.498046875,6.4287109375,8.4931640625,32.7451171875,37.353515625,39.076171875,19.7568359375,11.8212890625,8.8623046875,5.599609375,4.5498046875,4.1435546875,5.712890625,7.03125,8.1513671875,29.03515625,35.923828125,23.05078125,12.1630859375,12.642578125,8.947265625,6.1708984375,4.2021484375,4.00390625,4.3876953125,4.9814453125,8.9912109375,18.5625
NA_390,4.626953125,4.626953125,4.626953125,4.626953125,5.486328125,12.2431640625,3.470703125,3.4365234375,7.21875,16.4619140625,22.451171875,7.3955078125,7.056640625,7.056640625,7.056640625,7.056640625,8.0458984375,11.51171875,3.44921875,4.0439453125,6.134765625,12.4912109375,21.591796875,6.634765625,6.29296875,6.29296875,6.29296875,6.29296875,6.423828125,11.171875,3.9453125,4.2177734375,5.5439453125,16.6044921875,14.5302734375,7.3759765625,7.3759765625,7.3759765625,7.3759765625,7.3759765625,7.529296875,11.8095703125,3.46875,3.8271484375,5.3896484375,12.9365234375,19.240234375,6.7421875,6.6279296875,6.6279296875,6.6279296875,6.6279296875,6.6279296875,13.02734375,3.619140625,4.67578125,5.9072265625,8.892578125,20.6708984375,8.927734375,8.5537109375,8.5537109375,8.5537109375,8.5537109375,8.66015625,11.3603515625,3.41015625,4.01171875,5.509765625,10.6259765625,21.2978515625,6.6298828125,6.0166015625,6.0166015625,6.0166015625,6.0166015625,8.0009765625,8.623046875,3.1630859375,4.81640625,5.8623046875,15.521484375,23.63671875,9.6650390625,9.4130859375,9.4130859375,9.4130859375,9.4130859375,9.40234375,9.5947265625,3.80859375,4.1328125,6.7626953125,10.2646484375,21.0263671875,7.923828125,7.83984375,7.83984375,7.83984375,7.83984375,9.2783203125,11.22265625,3.6435546875,3.689453125,5.603515625,13.908203125,21.818359375,6.220703125,5.9482421875,5.9482421875,5.9482421875,5.9482421875,6.4609375,10.349609375,3.3349609375,4.1669921875,5.39453125,14.7080078125,21.828125,5.306640625,4.4052734375,4.4052734375,4.4052734375,4.4052734375,8.91796875,9.2841796875,3.349609375,3.65234375,6.1298828125,16.1279296875,21.662109375,6.421875,5.357421875,5.357421875,5.357421875,5.357421875,6.126953125,9.8525390625,3.1982421875,3.451171875,5.5029296875,9.638671875,23.9052734375,5.1728515625,4.0517578125,4.0517578125,4.0517578125,4.0517578125,6.3525390625,7.65234375,3.8583984375,3.49609375,6.083984375,13.6591796875,24.1220703125,5.1279296875,4.33203125,4.33203125,4.33203125,4.33203125,6.365234375,11.751953125,3.7666015625,3.9970703125,6.279296875,10.783203125,21.671875,6.1982421875,6.193359375,6.193359375,6.193359375,6.193359375,6.7216796875,12.515625,3.85546875,3.177734375,6.626953125,10.232421875,18.556640625,4.5185546875,4.5185546875,4.5185546875,4.5185546875,4.5185546875,5.0380859375,12.2890625,3.8916015625,3.2880859375,4.9033203125,14.775390625,21.376953125,4.55078125,4.4033203125,4.4033203125,4.4033203125,4.4033203125,5.138671875,11.0341796875,3.4033203125,3.5048828125,5.3115234375,11.7685546875,25.1474609375,6.4697265625,5.1318359375,5.1318359375,5.1318359375,5.1318359375,5.8779296875,11.365234375,4.2958984375,4.5146484375,4.6142578125,10.2177734375,20.380859375,5.3486328125,5.2822265625,5.2822265625,5.2822265625,5.2822265625,5.412109375,12.4619140625,4.2763671875,3.275390625,7.1826171875,17.775390625,13.6875,2.439453125,2.439453125,2.439453125,2.439453125,2.439453125,2.439453125,11.396484375,3.8994140625,3.814453125,6.0224609375,10.9619140625,17.384765625,6.6650390625,6.6435546875,6.6435546875,6.6435546875,6.6435546875,6.77734375,12.275390625,2.986328125,3.7021484375,7.2548828125,14.4443359375,18.09765625,3.4951171875
NA_405,3.2587890625,3.2587890625,3.2587890625,3.2587890625,3.2587890625,3.998046875,1.685546875,2.201171875,5.7041015625,4.041015625,3.189453125,3.189453125,3.189453125,3.189453125,3.189453125,3.189453125,3.189453125,3.189453125,2.48828125,1.9892578125,3.4951171875,6.0546875,4.2412109375,4.2412109375,4.2412109375,4.2412109375,4.2412109375,4.2412109375,4.2412109375,4.2373046875,2.955078125,2.4150390625,3.8701171875,4.380859375,2.8369140625,2.8369140625,2.8369140625,2.8369140625,2.8369140625,2.8369140625,2.8369140625,3.171875,1.9990234375,1.9326171875,4.927734375,5.7958984375,3.08203125,3.08203125,3.08203125,3.08203125,3.08203125,3.08203125,3.08203125,3.08203125,2.357421875,1.830078125,5.3388671875,4.6279296875,3.4736328125,3.4736328125,3.4736328125,3.4736328125,3.4736328125,3.4736328125,3.4736328125,3.5595703125,2.5830078125,1.9365234375,4.669921875,3.966796875,2.5302734375,2.5302734375,2.5302734375,2.5302734375,2.5302734375,2.5302734375,2.5302734375,3.083984375,1.6796875,1.826171875,3.5986328125,5.3720703125,2.318359375,2.318359375,2.318359375,2.318359375,2.318359375,2.318359375,2.318359375,2.341796875,2.6611328125,2.0654296875,5.3349609375,3.392578125,2.3701171875,2.3701171875,2.3701171875,2.3701171875,2.3701171875,2.3701171875,2.3701171875,2.9033203125,1.8310546875,2.505859375,6.4140625,4.5546875,2.7705078125,2.7705078125,2.7705078125,2.7705078125,2.7705078125,2.7705078125,2.7705078125,2.7705078125,2.896484375,1.919921875,4.1416015625,4.388671875,1.6513671875,1.6513671875,1.6513671875,1.6513671875,1.6513671875,1.6513671875,1.6513671875,3.3662109375,1.4658203125,1.83203125,4.8046875,4.7998046875,2.7265625,2.7265625,2.7265625,2.7265625,2.7265625,2.7265625,2.7265625,3.349609375,1.2763671875,1.8095703125,3.4248046875,5.7734375,2.39453125,2.39453125,2.39453125,2.39453125,2.39453125,2.39453125,2.39453125,2.98046875,1.4169921875,1.5703125,3.380859375,5.845703125,3.4970703125,3.4970703125,3.4970703125,3.4970703125,3.4970703125,3.4970703125,3.4970703125,3.912109375,1.6904296875,1.69921875,4.2734375,6.8623046875,3.8193359375,3.8193359375,3.8193359375,3.8193359375,3.8193359375,3.8193359375,3.8193359375,4.27734375,1.3974609375,1.830078125,5.400390625,5.9638671875,4.7294921875,4.7294921875,4.7294921875,4.7294921875,4.7294921875,4.7294921875,4.7294921875,4.6787109375,1.642578125,1.892578125,4.62890625,4.1748046875,2.4765625,2.4765625,2.4765625,2.4765625,2.4765625,2.4765625,2.4765625,3.236328125,1.564453125,1.70703125,5.48046875,5.12890625,2.935546875,2.935546875,2.935546875,2.935546875,2.935546875,2.935546875,2.935546875,3.234375,1.3857421875,1.552734375,2.9833984375,5.5068359375,2.9248046875,2.9248046875,2.9248046875,2.9248046875,2.9248046875,2.9248046875,2.9248046875,3.1865234375,2.3310546875,2.505859375,6.4580078125,3.236328125,3.04296875,3.04296875,3.04296875,3.04296875,3.04296875,3.04296875,3.04296875,3.3271484375,2.095703125,2.330078125,3.6083984375,5.9111328125,3.458984375,3.458984375,3.458984375,3.458984375,3.458984375,3.458984375,3.458984375,3.4609375,2.736328125,1.546875,4.1982421875,5.685546875,3.091796875,3.091796875
NA_417,8.9443359375,8.9443359375,8.9443359375,8.9443359375,10.146484375,13.7705078125,6.318359375,5.47265625,7.6005859375,18.185546875,16.1513671875,8.80078125,8.8037109375,8.8037109375,8.8037109375,8.8037109375,12.26953125,10.7783203125,5.9580078125,4.8388671875,5.9580078125,15.4296875,18.77734375,10.509765625,10.4716796875,10.4716796875,10.4716796875,10.4716796875,10.591796875,12.8662109375,7.123046875,5.3203125,7.25390625,18.6748046875,10.171875,8.5869140625,8.5869140625,8.5869140625,8.5869140625,8.5869140625,12.0380859375,10.1435546875,5.8603515625,4.708984375,6.916015625,12.6484375,13.3076171875,8.9189453125,8.9189453125,8.9189453125,8.9189453125,8.9189453125,9.423828125,15.5341796875,7.0126953125,5.9736328125,7.1259765625,16.4873046875,16.1298828125,9.962890625,9.962890625,9.962890625,9.962890625,9.962890625,12.302734375,12.2919921875,6.4443359375,5.8818359375,7.1435546875,14.755859375,19.3935546875,10.65625,10.533203125,10.533203125,10.533203125,10.55859375,13.7685546875,10.029296875,5.4306640625,5.0029296875,6.4892578125,17.4345703125,12.9052734375,8.61328125,8.61328125,8.61328125,8.61328125,8.61328125,12.630859375,12.001953125,4.9638671875,5.845703125,7.2275390625,14.900390625,17.86328125,9.2509765625,9.2509765625,9.2509765625,9.2509765625,9.2509765625,9.734375,12.9697265625,6.0234375,5.412109375,7.103515625,13.6455078125,17.646484375,12.212890625,12.1162109375,12.1162109375,12.1162109375,12.1162109375,11.765625,11.67578125,8.2158203125,5.1298828125,5.677734375,17.763671875,15.8837890625,10.1650390625,10.1728515625,10.1728515625,10.1728515625,10.1826171875,12.322265625,10.1689453125,5.21484375,5.2607421875,7.779296875,12.7060546875,17.228515625,7.9189453125,7.9189453125,7.9189453125,7.9189453125,7.9189453125,9.208984375,12.49609375,6.5302734375,5.041015625,5.939453125,11.19921875,18.2646484375,10.1728515625,10.1044921875,10.1044921875,10.1044921875,10.1044921875,12.9384765625,11.3349609375,5.21484375,4.470703125,6.6123046875,16.1787109375,13.4462890625,8.396484375,8.396484375,8.396484375,8.396484375,8.396484375,8.70703125,12.7939453125,7.0087890625,4.30078125,5.8330078125,14.228515625,16.111328125,10.21484375,10.21484375,10.21484375,10.21484375,10.21484375,10.6875,14.9921875,7.2529296875,4.306640625,6.4482421875,13.76171875,17.2021484375,10.1328125,10.1328125,10.1328125,10.1328125,10.1328125,14.0703125,11.7822265625,5.9150390625,4.4306640625,6.6669921875,10.904296875,19.7646484375,8.9921875,8.751953125,8.751953125,8.751953125,8.751953125,12.765625,10.0732421875,5.033203125,4.8076171875,6.2900390625,17.34765625,19.9033203125,11.7109375,11.697265625,11.697265625,11.697265625,11.697265625,11.9375,11.708984375,5.83984375,5.0439453125,6.533203125,14.5625,15.8994140625,12.3525390625,12.3525390625,12.3525390625,12.3525390625,12.3525390625,13.91796875,13.0322265625,6.0146484375,5.537109375,9.6767578125,21.775390625,14.3046875,11.505859375,11.505859375,11.505859375,11.505859375,11.505859375,12.3701171875,13.1083984375,6.1982421875,5.5009765625,6.6884765625,17.71484375,13.48046875,10.064453125,10.064453125,10.064453125,10.064453125,10.064453125,10.931640625,13.51171875,6.5458984375,5.564453125,7.32421875,17.1787109375,11.77734375,8.7861328125
NA_426,2.3466796875,2.3466796875,2.3466796875,2.3466796875,4.93359375,3.1806640625,1.9609375,2.552734375,3.171875,8.9462890625,25.533203125,3.91796875,0.94921875,0.94921875,0.94921875,0.94921875,1.5546875,6.0966796875,2.095703125,2.1376953125,3.369140625,10.5810546875,24.099609375,3.0439453125,3.2099609375,3.2099609375,3.2099609375,3.2099609375,3.5380859375,5.8916015625,2.3447265625,2.3935546875,3.7978515625,6.24609375,25.41796875,7.6494140625,2.4208984375,2.4208984375,2.4208984375,2.4208984375,6.263671875,2.44140625,2.0419921875,2.3447265625,3.7041015625,6.4599609375,23.240234375,2.0048828125,1.4921875,1.4921875,1.4921875,1.4921875,5.666015625,1.6337890625,1.904296875,2.1640625,3.958984375,10.8037109375,25.3125,3.46875,0.8173828125,0.8173828125,0.8173828125,0.8173828125,5.4326171875,1.73828125,2.376953125,2.158203125,3.3583984375,10.1845703125,25.5244140625,3.666015625,0.83984375,0.83984375,0.83984375,0.83984375,4.966796875,1.875,1.98046875,2.4443359375,3.0869140625,7.7412109375,21.9638671875,2.25390625,2.25390625,2.25390625,2.25390625,2.25390625,3.90625,3.185546875,1.83203125,2.298828125,3.3603515625,8.638671875,25.302734375,1.5654296875,0.5859375,0.5859375,0.5859375,0.5859375,1.412109375,5.794921875,2.263671875,2.3017578125,2.880859375,10.44921875,25.529296875,4.859375,1.810546875,1.810546875,1.810546875,1.810546875,1.900390625,4.693359375,1.4951171875,2.3056640625,3.1435546875,12.236328125,23.865234375,1.0869140625,0.392578125,0.392578125,0.392578125,0.392578125,5.158203125,2.2958984375,2.3046875,2.3857421875,3.2939453125,8.3291015625,21.8046875,1.7265625,1.4541015625,1.4541015625,1.4541015625,1.4541015625,2.08984375,5.4677734375,2.3515625,2.453125,3.4287109375,8.5751953125,20.314453125,1.4580078125,0.962890625,0.962890625,0.962890625,0.962890625,4.1279296875,4.0576171875,1.681640625,2.1689453125,2.8671875,10.9375,20.740234375,1.8154296875,1.544921875,1.544921875,1.544921875,1.544921875,5.216796875,1.873046875,2.052734375,2.021484375,2.7900390625,5.087890625,24.6953125,5.7763671875,3.384765625,3.384765625,3.384765625,3.384765625,6.392578125,2.81640625,1.8876953125,2.123046875,2.7451171875,5.931640625,24.736328125,2.7060546875,1.3896484375,1.3896484375,1.3896484375,1.3896484375,5.02734375,1.81640625,2.1748046875,2.3798828125,3.2490234375,6.6806640625,25.3125,3.4150390625,1.6982421875,1.6982421875,1.6982421875,1.7001953125,6.2138671875,1.966796875,2.1220703125,2.2197265625,3.169921875,12.62890625,25.5966796875,5.9453125,1.1435546875,1.1435546875,1.1435546875,1.1435546875,3.720703125,3.083984375,2.2080078125,2.5361328125,2.7978515625,8.2373046875,22.8515625,2.6279296875,2.6201171875,2.6201171875,2.6201171875,2.6201171875,6.0400390625,3.1044921875,1.8701171875,2.349609375,3.5908203125,7.564453125,25.615234375,8.9794921875,1.8212890625,1.8212890625,1.8212890625,1.8212890625,4.9521484375,2.03515625,1.9716796875,2.2705078125,3.0439453125,11.26171875,25.5,2.5869140625,1.126953125,1.126953125,1.126953125,1.126953125,5.3037109375,2.384765625,1.9931640625,2.5693359375,2.955078125,10.279296875,23.5751953125,3.4638671875
NA_431,5.330078125,5.330078125,5.330078125,5.330078125,5.330078125,6.021484375,3.2998046875,2.681640625,7.58203125,4.77734375,3.6630859375,3.6630859375,3.6630859375,3.6630859375,3.6630859375,3.6630859375,3.6630859375,3.6630859375,3.091796875,2.375,4.431640625,7.0380859375,4.4033203125,4.4033203125,4.40234375,4.40234375,4.40234375,4.40234375,4.40234375,4.4033203125,3.580078125,2.9423828125,4.703125,6.18359375,4.6259765625,4.6259765625,4.6259765625,4.6259765625,4.6259765625,4.6259765625,4.6259765625,4.8056640625,2.7373046875,2.412109375,6.2275390625,6.1025390625,1.830078125,1.830078125,1.830078125,1.830078125,1.830078125,1.830078125,1.830078125,1.830078125,2.41015625,2.17578125,6.6162109375,5.4453125,4.1259765625,4.1259765625,4.1259765625,4.1259765625,4.1259765625,4.1259765625,4.1259765625,4.12109375,3.4462890625,2.3203125,6.0,6.0849609375,5.1318359375,5.1318359375,5.1318359375,5.1318359375,5.1318359375,5.1318359375,5.1318359375,5.8154296875,1.94921875,2.138671875,4.65625,7.33203125,4.5498046875,4.5498046875,4.5498046875,4.5498046875,4.5498046875,4.5498046875,4.5498046875,4.5556640625,3.4521484375,2.3369140625,6.44140625,5.3515625,4.4921875,4.4921875,4.4921875,4.4921875,4.4921875,4.4921875,4.4921875,5.119140625,2.345703125,3.0146484375,8.2216796875,5.0732421875,3.1884765625,3.1884765625,3.1884765625,3.1884765625,3.1884765625,3.1884765625,3.1884765625,3.1884765625,3.408203125,2.26953125,5.2685546875,5.7109375,2.2265625,2.2265625,2.2265625,2.2265625,2.2265625,2.2265625,2.2265625,4.828125,1.7373046875,2.19140625,5.9931640625,6.2578125,3.85546875,3.85546875,3.85546875,3.85546875,3.85546875,3.85546875,3.85546875,4.810546875,1.470703125,2.1748046875,4.3291015625,7.1845703125,3.240234375,3.240234375,3.240234375,3.240234375,3.240234375,3.240234375,3.240234375,3.837890625,1.5703125,1.7919921875,4.33203125,7.7197265625,2.8212890625,2.8212890625,2.8212890625,2.8212890625,2.8212890625,2.8212890625,2.8212890625,3.6630859375,2.4169921875,1.9443359375,5.4775390625,7.755859375,3.52734375,3.52734375,3.52734375,3.52734375,3.52734375,3.52734375,3.52734375,4.26171875,1.611328125,2.197265625,7.3603515625,6.0986328125,3.0673828125,3.0673828125,3.0673828125,3.0673828125,3.0673828125,3.0673828125,3.0673828125,3.7099609375,1.98828125,2.318359375,5.91796875,6.216796875,4.71875,4.71875,4.71875,4.71875,4.71875,4.71875,4.71875,5.314453125,1.8388671875,2.087890625,7.25390625,6.6083984375,3.916015625,3.916015625,3.916015625,3.916015625,3.916015625,3.916015625,3.916015625,4.560546875,1.56640625,1.80859375,3.8466796875,6.822265625,3.9306640625,3.9306640625,3.9306640625,3.9306640625,3.9306640625,3.9306640625,3.9306640625,4.0185546875,3.2626953125,3.1181640625,8.2470703125,4.0576171875,3.9091796875,3.9091796875,3.9091796875,3.9091796875,3.9091796875,3.9091796875,3.9091796875,4.490234375,2.2802734375,3.0498046875,4.3984375,7.517578125,4.8857421875,4.8857421875,4.8857421875,4.8857421875,4.8857421875,4.8857421875,4.8857421875,4.8291015625,3.7392578125,1.798828125,6.4150390625,7.912109375,5.3310546875,5.3310546875
NA_437,7.939453125,7.939453125,7.939453125,7.939453125,7.939453125,9.98046875,5.2119140625,4.2861328125,8.6474609375,11.626953125,5.87109375,5.12890625,5.12890625,5.12890625,5.12890625,5.12890625,5.3193359375,9.5048828125,4.8828125,4.638671875,6.0205078125,11.025390625,6.826171875,6.3876953125,6.3876953125,6.3876953125,6.3876953125,6.3876953125,6.3876953125,7.875,6.36328125,5.1513671875,6.9453125,9.5185546875,6.3359375,6.3359375,6.3359375,6.3359375,6.3359375,6.3359375,6.5625,9.5322265625,5.2294921875,4.4365234375,6.8125,11.35546875,7.009765625,6.7861328125,6.7861328125,6.7861328125,6.7861328125,6.7861328125,6.7861328125,7.6484375,6.56640625,5.380859375,7.517578125,10.42578125,6.3818359375,6.3173828125,6.3173828125,6.3173828125,6.3173828125,6.3173828125,6.3173828125,9.201171875,5.42578125,4.75,6.9775390625,11.693359375,7.0517578125,5.767578125,5.767578125,5.767578125,5.767578125,5.767578125,6.7939453125,7.99609375,4.498046875,4.1376953125,6.66015625,10.55859375,6.31640625,6.158203125,6.158203125,6.158203125,6.158203125,6.158203125,6.990234375,9.490234375,3.9931640625,5.39453125,9.408203125,11.8681640625,7.1953125,6.390625,6.390625,6.390625,6.390625,6.390625,6.390625,8.6953125,4.875,4.568359375,7.943359375,11.615234375,6.8076171875,5.6533203125,5.6533203125,5.6533203125,5.6533203125,5.6533203125,5.6533203125,7.33203125,6.998046875,4.474609375,5.3671875,10.09765625,5.560546875,5.3916015625,5.3916015625,5.3916015625,5.3916015625,5.3916015625,5.8603515625,8.708984375,4.4072265625,4.25,7.8916015625,10.845703125,6.90234375,5.8193359375,5.8193359375,5.8193359375,5.8193359375,5.8193359375,5.8193359375,9.3388671875,4.921875,4.3857421875,5.794921875,11.0087890625,7.654296875,6.388671875,6.388671875,6.388671875,6.388671875,6.388671875,6.4208984375,8.8984375,4.2353515625,3.921875,6.49609375,10.6279296875,7.9091796875,8.017578125,8.017578125,8.017578125,8.017578125,8.017578125,8.017578125,8.6787109375,4.9736328125,3.98046875,5.3564453125,11.390625,5.7861328125,5.2548828125,5.2548828125,5.2548828125,5.2548828125,5.2548828125,5.2548828125,7.6513671875,5.046875,4.0830078125,8.2265625,11.5107421875,8.509765625,8.0947265625,8.0947265625,8.0947265625,8.0947265625,8.0947265625,8.0947265625,9.123046875,4.84375,4.2734375,7.216796875,11.2001953125,7.0810546875,6.7138671875,6.7138671875,6.7138671875,6.7138671875,6.7138671875,6.9892578125,8.603515625,4.791015625,3.8193359375,6.1787109375,10.71484375,5.59765625,5.2763671875,5.2763671875,5.2763671875,5.2763671875,5.2763671875,5.3955078125,8.966796875,4.5634765625,3.759765625,6.38671875,10.94140625,7.5361328125,7.40625,7.40625,7.40625,7.40625,7.40625,7.552734375,9.1904296875,4.3798828125,4.7822265625,9.361328125,8.2001953125,6.546875,6.546875,6.546875,6.546875,6.546875,6.546875,6.546875,8.5419921875,5.619140625,4.7255859375,5.7001953125,11.3994140625,7.814453125,7.740234375,7.740234375,7.740234375,7.740234375,7.740234375,7.740234375,9.587890625,5.46484375,4.62109375,8.9423828125,10.1630859375,6.0703125,6.0703125
NA_448,49.509765625,47.154296875,36.94921875,19.79296875,17.5830078125,11.2802734375,10.4716796875,9.822265625,10.158203125,10.1728515625,22.0126953125,41.1259765625,10.8583984375,11.7734375,36.056640625,30.4404296875,15.3115234375,13.7158203125,9.6259765625,7.4375,8.3037109375,13.3125,17.0166015625,39.046875,49.0634765625,45.279296875,48.7373046875,31.330078125,16.8095703125,12.4892578125,9.115234375,7.2744140625,8.29296875,10.484375,19.873046875,42.2216796875,45.49609375,45.90625,38.25390625,22.0478515625,15.810546875,11.8291015625,8.75,7.9814453125,7.4814453125,11.4033203125,27.509765625,40.9267578125,24.9111328125,17.6123046875,41.9375,20.3583984375,15.533203125,11.0322265625,9.0048828125,8.5166015625,10.3935546875,11.18359375,17.958984375,29.587890625,48.279296875,48.7802734375,39.2578125,23.455078125,12.8505859375,15.4453125,9.6787109375,7.9306640625,9.16015625,11.3515625,20.9912109375,47.087890625,48.546875,45.4677734375,46.15625,27.1015625,15.0791015625,10.900390625,9.421875,7.56640625,7.662109375,10.63671875,23.470703125,43.9033203125,28.2958984375,19.857421875,41.9814453125,29.65625,15.5009765625,13.052734375,8.0625,8.73046875,9.6171875,14.8642578125,17.806640625,44.7802734375,42.365234375,42.8359375,48.669921875,40.5341796875,19.587890625,15.7705078125,9.5341796875,9.2099609375,7.6845703125,10.1005859375,17.3671875,37.6748046875,40.9892578125,14.4912109375,40.3447265625,33.4560546875,18.109375,11.2578125,8.1845703125,8.189453125,8.3984375,13.7421875,18.326171875,43.552734375,19.673828125,36.56640625,36.271484375,28.818359375,18.826171875,14.916015625,9.7685546875,8.701171875,9.4140625,8.611328125,21.134765625,41.4765625,46.10546875,42.7900390625,48.01953125,42.7587890625,22.859375,15.697265625,10.0859375,8.66015625,7.7529296875,11.0478515625,25.125,45.3798828125,49.0732421875,47.1923828125,47.216796875,25.494140625,18.169921875,14.853515625,8.484375,7.8193359375,7.0859375,12.9521484375,14.6943359375,38.09375,47.2197265625,48.2548828125,43.228515625,30.5166015625,14.73828125,10.455078125,8.7197265625,7.1396484375,8.77734375,9.7265625,25.837890625,48.892578125,31.23046875,19.5693359375,40.5224609375,28.9853515625,17.39453125,12.6318359375,8.583984375,7.4833984375,8.8525390625,10.361328125,22.3642578125,47.1962890625,47.806640625,38.1865234375,22.8642578125,20.5419921875,11.400390625,8.9072265625,9.474609375,8.234375,10.00390625,9.97265625,23.310546875,41.3642578125,49.3662109375,45.724609375,33.5771484375,17.021484375,13.8193359375,11.0546875,9.96875,7.1123046875,9.892578125,12.447265625,15.353515625,43.0419921875,13.67578125,5.75390625,32.685546875,36.3408203125,14.517578125,12.8271484375,8.677734375,6.1318359375,7.8564453125,12.3798828125,21.228515625,38.4521484375,48.173828125,49.3486328125,44.837890625,24.697265625,12.7724609375,11.5634765625,8.6787109375,8.04296875,9.109375,10.2841796875,18.705078125,39.64453125,48.642578125,29.4287109375,20.521484375,31.75,13.267578125,12.8974609375,10.291015625,7.7080078125,10.087890625,15.6474609375,17.4208984375,41.279296875,46.955078125,48.2734375,42.2294921875,26.509765625,14.734375,12.9716796875,10.73828125,8.076171875,7.453125,13.5859375,19.576171875,44.40234375
NA_450,7.08203125,7.08203125,7.08203125,7.08203125,9.3984375,17.9169921875,2.2861328125,3.234375,6.26171875,9.3671875,38.6552734375,8.72265625,5.2587890625,5.2587890625,5.2587890625,5.2587890625,8.59375,13.4306640625,2.158203125,2.59375,4.560546875,12.6591796875,36.158203125,14.92578125,3.1806640625,3.1806640625,3.1806640625,3.1806640625,3.1806640625,15.5166015625,3.01953125,3.029296875,6.2607421875,16.5283203125,42.1357421875,8.0390625,6.046875,6.046875,6.046875,6.046875,9.1259765625,17.6279296875,1.9423828125,2.5302734375,5.8955078125,8.6162109375,43.4482421875,7.59765625,4.3271484375,4.3271484375,4.3271484375,4.3271484375,5.5361328125,19.591796875,2.4052734375,3.0908203125,6.20703125,13.56640625,41.8642578125,12.41796875,10.919921875,10.919921875,10.919921875,10.919921875,12.775390625,17.732421875,2.291015625,3.9716796875,5.11328125,9.3349609375,36.599609375,15.1875,5.96484375,5.96484375,5.96484375,5.96484375,18.712890625,6.1708984375,1.880859375,2.7001953125,5.3310546875,11.82421875,40.75,7.509765625,7.248046875,7.248046875,7.248046875,7.248046875,9.7763671875,12.9853515625,1.3994140625,3.685546875,4.7822265625,9.11328125,40.5234375,7.755859375,5.58203125,5.58203125,5.58203125,5.58203125,5.90234375,14.8095703125,1.7939453125,2.9716796875,4.9140625,10.5302734375,36.2431640625,15.8388671875,6.970703125,6.970703125,6.970703125,6.970703125,7.0322265625,16.3779296875,2.5322265625,2.2490234375,4.0205078125,13.802734375,39.861328125,16.3662109375,7.462890625,7.462890625,7.462890625,7.462890625,12.259765625,15.4677734375,1.91796875,3.3330078125,5.8251953125,9.771484375,32.1796875,9.390625,9.12890625,9.12890625,9.12890625,9.12890625,9.1572265625,16.0126953125,2.31640625,2.8154296875,4.2919921875,8.275390625,36.1064453125,16.9970703125,8.2509765625,8.2509765625,8.2509765625,8.2509765625,10.5166015625,12.958984375,1.7060546875,2.7080078125,4.478515625,14.4169921875,42.4423828125,5.30078125,4.326171875,4.326171875,4.326171875,4.326171875,5.6337890625,17.45703125,2.24609375,1.9130859375,3.7783203125,10.046875,34.4755859375,9.85546875,8.9794921875,8.9794921875,8.9794921875,8.9794921875,8.9765625,20.8984375,1.8701171875,2.1591796875,4.798828125,7.3876953125,34.853515625,6.2470703125,5.353515625,5.353515625,5.353515625,5.353515625,8.5830078125,10.779296875,1.7958984375,2.4462890625,5.1865234375,7.5419921875,34.685546875,20.8271484375,5.1181640625,5.1181640625,5.1181640625,5.1181640625,18.8818359375,4.244140625,1.8115234375,2.90234375,4.8896484375,14.642578125,36.767578125,19.388671875,4.5205078125,4.5205078125,4.5205078125,4.5205078125,8.4091796875,12.4599609375,1.78515625,2.818359375,5.2197265625,10.37890625,37.87109375,9.8818359375,7.0224609375,7.0224609375,7.0224609375,7.0224609375,9.642578125,16.9287109375,2.4697265625,2.9736328125,7.7197265625,13.3017578125,34.5244140625,8.9521484375,8.5927734375,8.5927734375,8.5927734375,8.5927734375,9.525390625,16.9921875,2.2314453125,3.1611328125,5.21875,13.49609375,40.984375,6.904296875,4.783203125,4.783203125,4.783203125,4.783203125,6.142578125,17.2490234375,2.689453125,3.4638671875,5.83984375,17.6103515625,36.1923828125,7.3125
NA_475,5.6982421875,5.58984375,5.4560546875,5.4814453125,4.42578125,3.6123046875,3.541015625,3.1962890625,4.6611328125,4.306640625,4.994140625,4.2431640625,3.3349609375,5.6259765625,5.453125,5.3974609375,4.560546875,3.8466796875,2.98828125,3.6708984375,4.685546875,5.3017578125,5.4384765625,5.5830078125,5.7158203125,5.5859375,5.517578125,5.2216796875,5.0712890625,2.853515625,2.2880859375,2.4912109375,3.4814453125,5.3681640625,5.521484375,5.63671875,4.90234375,5.7470703125,5.4560546875,4.7099609375,3.5087890625,3.0966796875,2.693359375,2.3466796875,3.568359375,4.83984375,5.1376953125,5.794921875,5.779296875,5.7177734375,5.4208984375,5.474609375,3.798828125,2.6123046875,2.431640625,3.3388671875,4.533203125,4.90625,5.2763671875,5.705078125,5.6748046875,5.583984375,5.462890625,5.44921875,3.6044921875,2.6318359375,2.3349609375,2.3251953125,4.513671875,5.416015625,5.513671875,5.83984375,5.595703125,5.630859375,5.5078125,5.4453125,4.4658203125,3.0732421875,2.7509765625,2.4716796875,4.427734375,5.2666015625,5.5009765625,5.5908203125,5.6279296875,5.8349609375,4.955078125,5.1376953125,3.857421875,2.87109375,2.6787109375,2.3017578125,4.1806640625,5.4072265625,5.490234375,5.529296875,5.83203125,5.6240234375,5.5029296875,5.126953125,4.9443359375,3.0771484375,2.75,3.3037109375,4.7626953125,5.314453125,5.244140625,5.7783203125,5.796875,5.6640625,5.4306640625,5.4931640625,5.462890625,3.4921875,4.400390625,4.44921875,5.0947265625,5.4716796875,5.455078125,5.73046875,3.314453125,5.826171875,5.5185546875,5.34375,4.5830078125,2.794921875,2.8076171875,2.744140625,5.1064453125,5.0517578125,5.3076171875,5.869140625,4.5849609375,5.73046875,5.4931640625,5.4833984375,5.17578125,3.796875,3.0107421875,3.8212890625,5.296875,5.3369140625,5.5029296875,5.5390625,5.6376953125,5.537109375,4.9453125,4.8564453125,2.9228515625,3.052734375,2.2978515625,2.404296875,3.6142578125,5.4697265625,5.4501953125,5.568359375,5.7333984375,5.6328125,5.58984375,5.4658203125,5.349609375,4.5302734375,4.9150390625,5.0869140625,5.2001953125,5.2001953125,5.564453125,5.736328125,4.0009765625,5.1435546875,5.4892578125,5.166015625,3.984375,2.806640625,2.9765625,3.1259765625,3.5830078125,5.099609375,5.578125,5.5263671875,5.8154296875,5.4755859375,5.17578125,5.4716796875,4.3564453125,3.4462890625,3.7568359375,4.4375,4.177734375,5.1943359375,5.2578125,5.490234375,5.7919921875,5.697265625,5.4970703125,4.962890625,4.77734375,2.787109375,2.6962890625,2.728515625,3.1328125,5.2080078125,5.296875,5.67578125,5.61328125,5.404296875,5.4873046875,4.662109375,3.794921875,2.9091796875,2.265625,2.603515625,3.458984375,5.40625,5.474609375,5.6240234375,2.931640625,5.62890625,5.5166015625,5.48046875,3.7158203125,2.7705078125,2.5810546875,2.892578125,3.2294921875,4.607421875,5.5546875,5.595703125,5.6884765625,5.5068359375,5.5,4.9658203125,3.16796875,2.7490234375,2.310546875,2.2333984375,2.419921875,4.4208984375,5.4970703125,5.5439453125,5.587890625,5.552734375,5.46875,5.2900390625,5.3720703125,4.9580078125,4.099609375,4.783203125,5.4267578125,5.0,5.4384765625,5.6240234375
NA_492,1.12890625,1.12890625,1.12890625,1.12890625,1.12890625,1.0322265625,0.951171875,1.15234375,2.1611328125,0.25,-7.10543413386458e-15,-7.10543413386458e-15,-7.10543413386458e-15,-7.10543413386458e-15,-7.10543413386458e-15,-7.10543413386458e-15,-7.10543413386458e-15,0.638671875,0.9755859375,1.328125,1.84765625,1.2490234375,-7.10543413386458e-15,-7.10543413386458e-15,-7.10543413386458e-15,-7.10543413386458e-15,-7.10543413386458e-15,-7.10543413386458e-15,-7.10543413386458e-15,0.19921875,0.9482421875,1.021484375,1.5244140625,0.68359375,-7.10543413386458e-15,-7.10543413386458e-15,-7.10543413386458e-15,-7.10543413386458e-15,-7.10543413386458e-15,-7.10543413386458e-15,-7.10543413386458e-15,0.6435546875,0.9404296875,1.0302734375,1.7470703125,1.9091796875,-7.10543413386458e-15,-7.10543413386458e-15,-7.10543413386458e-15,-7.10543413386458e-15,-7.10543413386458e-15,-7.10543413386458e-15,-7.10543413386458e-15,0.0068359375,0.9609375,1.0634765625,2.087890625,1.36328125,0.951171875,0.951171875,0.951171875,0.951171875,0.951171875,0.951171875,0.951171875,1.0947265625,0.9921875,1.130859375,1.859375,1.1533203125,-7.10543413386458e-15,-7.10543413386458e-15,-7.10543413386458e-15,-7.10543413386458e-15,-7.10543413386458e-15,-7.10543413386458e-15,-7.10543413386458e-15,0.6806640625,0.9794921875,1.033203125,1.8310546875,1.908203125,1.689453125,1.689453125,1.689453125,1.689453125,1.689453125,1.689453125,1.689453125,1.423828125,0.927734375,1.1357421875,1.9482421875,1.52734375,0.8994140625,0.8994140625,0.8994140625,0.8994140625,0.8994140625,0.8994140625,0.8994140625,1.001953125,0.953125,1.0712890625,2.025390625,1.3466796875,-7.10543413386458e-15,-7.10543413386458e-15,-7.10543413386458e-15,-7.10543413386458e-15,-7.10543413386458e-15,-7.10543413386458e-15,-7.10543413386458e-15,0.2412109375,0.9248046875,1.009765625,1.6123046875,1.91015625,1.751953125,1.751953125,1.751953125,1.751953125,1.751953125,1.751953125,1.751953125,1.4384765625,0.912109375,1.12890625,1.9814453125,1.1904296875,-7.10543413386458e-15,-7.10543413386458e-15,-7.10543413386458e-15,-7.10543413386458e-15,-7.10543413386458e-15,-7.10543413386458e-15,-7.10543413386458e-15,0.4150390625,0.91796875,1.0322265625,1.59765625,2.00390625,1.6337890625,1.6337890625,1.6337890625,1.6337890625,1.6337890625,1.6337890625,1.6337890625,1.33984375,0.9033203125,0.8740234375,1.5634765625,1.4365234375,-7.10543413386458e-15,-7.10543413386458e-15,-7.10543413386458e-15,-7.10543413386458e-15,-7.10543413386458e-15,-7.10543413386458e-15,-7.10543413386458e-15,0.384765625,1.06640625,1.1123046875,1.6513671875,1.84765625,-7.10543413386458e-15,-7.10543413386458e-15,-7.10543413386458e-15,-7.10543413386458e-15,-7.10543413386458e-15,-7.10543413386458e-15,-7.10543413386458e-15,0.4560546875,0.943359375,1.126953125,1.9482421875,1.49609375,0.791015625,0.791015625,0.791015625,0.791015625,0.791015625,0.791015625,0.791015625,1.03125,0.9453125,1.1142578125,1.83203125,0.841796875,-7.10543413386458e-15,-7.10543413386458e-15,-7.10543413386458e-15,-7.10543413386458e-15,-7.10543413386458e-15,-7.10543413386458e-15,-7.10543413386458e-15,0.775390625,1.0537109375,0.990234375,2.06640625,1.68359375,1.4404296875,1.4404296875,1.4404296875,1.4404296875,1.4404296875,1.4404296875,1.4404296875,1.2978515625,0.9462890625,0.8779296875,1.390625,1.623046875,1.2236328125,1.2236328125,1.2236328125,1.2236328125,1.2236328125,1.2236328125,1.2236328125,1.107421875,0.865234375,0.9267578125,2.126953125,0.1162109375,-7.10543413386458e-15,-7.10543413386458e-15,-7.10543413386458e-15,-7.10543413386458e-15,-7.10543413386458e-15,-7.10543413386458e-15,-7.10543413386458e-15,0.326171875,1.009765625,1.1171875,1.701171875,1.6142578125,0.8876953125,0.8876953125,0.8876953125,0.8876953125,0.8876953125,0.8876953125,0.8876953125,1.03515625,0.9287109375,1.0185546875,1.994140625,1.0341796875,-7.10543413386458e-15,-7.10543413386458e-15
NA_508,6.294921875,6.0498046875,5.42578125,5.412109375,5.0615234375,5.193359375,5.337890625,4.9970703125,4.9130859375,5.197265625,6.365234375,7.5244140625,6.9775390625,7.4931640625,7.4501953125,7.7744140625,7.775390625,7.498046875,7.8115234375,7.732421875,7.529296875,7.712890625,7.705078125,7.380859375,7.044921875,7.1083984375,6.71875,5.6484375,5.4453125,4.9462890625,5.4189453125,5.0556640625,4.77734375,4.7265625,6.9892578125,7.5361328125,7.6279296875,6.2216796875,5.787109375,5.525390625,4.88671875,4.73828125,4.9853515625,4.8486328125,4.671875,4.865234375,5.7724609375,7.3369140625,7.4560546875,7.228515625,6.009765625,5.728515625,5.896484375,5.4794921875,5.5341796875,5.458984375,5.2119140625,5.796875,7.201171875,7.6455078125,7.38671875,6.064453125,5.3017578125,5.4541015625,4.9365234375,4.8642578125,4.849609375,4.783203125,4.662109375,4.8486328125,6.21484375,7.2060546875,7.193359375,7.3583984375,7.5556640625,7.2548828125,6.248046875,6.107421875,6.0517578125,6.0625,6.0166015625,6.5400390625,7.0439453125,6.572265625,7.6162109375,6.3125,6.17578125,5.759765625,5.4580078125,5.45703125,5.521484375,5.421875,5.13671875,5.7919921875,6.5771484375,7.134765625,7.2607421875,7.3583984375,7.3193359375,7.3759765625,5.7734375,6.1103515625,6.05859375,5.609375,6.0869140625,7.52734375,7.529296875,7.1376953125,6.8525390625,6.876953125,7.1025390625,6.6640625,5.1943359375,4.8203125,5.4609375,5.5546875,4.89453125,6.4228515625,7.6171875,7.078125,7.0029296875,6.546875,7.31640625,5.9990234375,5.4521484375,5.2353515625,4.7939453125,5.0126953125,4.9609375,5.9248046875,7.8232421875,7.287109375,7.2763671875,6.8876953125,5.669921875,5.63671875,5.53515625,5.4619140625,5.4775390625,5.396484375,5.1689453125,5.6650390625,6.822265625,7.736328125,7.0078125,6.328125,6.130859375,4.65625,5.08203125,4.9580078125,5.3994140625,5.001953125,4.955078125,5.4150390625,7.041015625,7.6865234375,7.0712890625,5.5625,7.0986328125,7.5068359375,7.5869140625,7.671875,7.73828125,7.65234375,6.8232421875,7.181640625,6.73828125,7.40234375,7.2265625,6.62109375,5.646484375,5.3046875,5.30078125,5.138671875,5.154296875,4.9453125,4.6357421875,4.7783203125,7.0908203125,7.455078125,7.2890625,6.037109375,5.7255859375,4.734375,5.083984375,4.9619140625,5.2744140625,4.646484375,4.6611328125,4.611328125,6.1884765625,7.0458984375,7.447265625,6.845703125,5.169921875,5.1201171875,4.9716796875,4.9296875,5.458984375,5.0341796875,4.791015625,4.9619140625,5.9619140625,6.4404296875,6.48828125,5.796875,6.0869140625,5.7509765625,5.578125,4.9443359375,5.42578125,5.0869140625,5.185546875,5.595703125,7.044921875,6.5302734375,6.7607421875,5.3642578125,5.123046875,5.2109375,4.7236328125,4.759765625,4.9404296875,4.9599609375,4.412109375,4.888671875,5.9677734375,6.638671875,7.3779296875,5.8720703125,6.6103515625,5.951171875,5.53515625,5.119140625,5.529296875,5.4501953125,5.5361328125,5.81640625,6.63671875,6.6806640625,7.5498046875,7.4560546875,6.3447265625,5.1201171875,5.580078125,5.66015625,5.634765625,5.271484375,5.5703125,5.2705078125,7.3583984375,7.537109375
NA_515,1.986328125,1.986328125,1.986328125,1.986328125,1.986328125,2.7138671875,3.40234375,2.90625,6.193359375,3.8125,3.138671875,3.138671875,3.138671875,3.138671875,3.138671875,3.138671875,3.138671875,3.1748046875,3.5869140625,2.6279296875,4.255859375,5.056640625,3.5849609375,3.5849609375,3.5849609375,3.5849609375,3.5849609375,3.5849609375,3.5849609375,3.70703125,3.3720703125,3.0859375,4.3232421875,4.7060546875,3.6708984375,3.6708984375,3.6708984375,3.6708984375,3.6708984375,3.6708984375,3.6708984375,3.8857421875,2.9765625,2.646484375,5.3154296875,4.7470703125,1.8837890625,1.8837890625,1.8837890625,1.8837890625,1.8837890625,1.8837890625,1.8837890625,1.9345703125,2.8916015625,2.48828125,5.888671875,4.4375,3.0703125,3.0703125,3.0703125,3.0703125,3.0703125,3.0703125,3.0703125,3.427734375,3.890625,2.55078125,5.3564453125,4.728515625,4.2353515625,4.2353515625,4.2353515625,4.2353515625,4.2353515625,4.2353515625,4.2353515625,5.1787109375,2.390625,2.4375,4.408203125,5.7939453125,3.9697265625,3.9697265625,3.9697265625,3.9697265625,3.9697265625,3.9697265625,3.9697265625,4.1123046875,3.49609375,2.5908203125,5.5859375,3.947265625,3.3603515625,3.3603515625,3.3603515625,3.3603515625,3.3603515625,3.3603515625,3.3603515625,4.197265625,2.6640625,3.1025390625,7.13671875,4.1201171875,2.77734375,2.77734375,2.77734375,2.77734375,2.77734375,2.77734375,2.77734375,2.9267578125,3.4580078125,2.4677734375,4.84375,4.5361328125,2.296875,2.296875,2.296875,2.296875,2.296875,2.296875,2.296875,4.34765625,2.1591796875,2.482421875,5.06640625,3.98046875,1.62890625,1.62890625,1.62890625,1.62890625,1.62890625,1.62890625,1.62890625,2.818359375,1.7734375,2.49609375,4.1640625,5.501953125,2.5087890625,2.5087890625,2.5087890625,2.5087890625,2.5087890625,2.5087890625,2.5087890625,3.470703125,1.9990234375,2.2099609375,4.560546875,6.1201171875,2.232421875,2.232421875,2.232421875,2.232421875,2.232421875,2.232421875,2.232421875,2.873046875,3.0478515625,2.298828125,5.3359375,6.291015625,2.76953125,2.76953125,2.76953125,2.76953125,2.76953125,2.76953125,2.76953125,3.6708984375,2.0341796875,2.541015625,6.4814453125,4.529296875,2.2744140625,2.2744140625,2.2744140625,2.2744140625,2.2744140625,2.2744140625,2.2744140625,3.201171875,2.3046875,2.548828125,5.3193359375,4.8544921875,4.1806640625,4.1806640625,4.1806640625,4.1806640625,4.1806640625,4.1806640625,4.1806640625,4.8720703125,2.1943359375,2.4169921875,6.3974609375,3.6201171875,1.2705078125,1.2705078125,1.2705078125,1.2705078125,1.2705078125,1.2705078125,1.2705078125,2.2392578125,1.9423828125,2.154296875,3.7314453125,5.2705078125,2.90625,2.90625,2.90625,2.90625,2.90625,2.90625,2.90625,3.10546875,3.369140625,3.1640625,6.3740234375,2.64453125,2.5419921875,2.5419921875,2.5419921875,2.5419921875,2.5419921875,2.5419921875,2.5419921875,3.3525390625,2.3349609375,3.26953125,4.208984375,5.8671875,3.828125,3.828125,3.828125,3.828125,3.828125,3.828125,3.828125,4.0966796875,3.767578125,2.1943359375,5.8017578125,5.4794921875,2.419921875,2.419921875
NA_546,12.083984375,12.083984375,12.083984375,12.083984375,16.39453125,18.0634765625,8.6142578125,9.259765625,13.041015625,21.9208984375,18.6787109375,10.634765625,10.2919921875,10.2919921875,10.2919921875,10.2919921875,13.66015625,19.74609375,10.373046875,7.8095703125,11.8486328125,23.4326171875,19.080078125,14.85546875,14.85546875,14.85546875,14.85546875,14.85546875,14.259765625,17.7724609375,11.306640625,10.7880859375,13.7822265625,20.279296875,21.6337890625,6.310546875,5.8427734375,5.8427734375,5.8427734375,5.8427734375,17.203125,16.4248046875,8.93359375,9.083984375,13.841796875,18.23046875,16.6982421875,10.39453125,10.39453125,10.39453125,10.39453125,10.396484375,17.0205078125,10.7607421875,7.0341796875,6.1591796875,14.0244140625,20.1298828125,18.4912109375,14.1220703125,14.0703125,14.0703125,14.0703125,14.255859375,18.638671875,11.923828125,10.205078125,8.0185546875,13.7744140625,22.029296875,21.732421875,13.6533203125,13.6494140625,13.6494140625,13.6494140625,13.6494140625,17.0986328125,13.728515625,8.1845703125,10.115234375,10.919921875,18.7490234375,18.2978515625,11.5810546875,11.5810546875,11.5810546875,11.5810546875,11.5810546875,15.103515625,15.1123046875,8.4169921875,8.1708984375,12.927734375,22.671875,20.978515625,10.8994140625,10.8994140625,10.8994140625,10.8994140625,10.8994140625,13.416015625,20.2734375,11.041015625,8.3427734375,11.6162109375,20.775390625,21.794921875,9.9560546875,9.6630859375,9.6630859375,9.6630859375,9.6630859375,11.541015625,19.3310546875,7.361328125,9.595703125,9.4228515625,23.314453125,17.408203125,10.0869140625,10.0869140625,10.0869140625,10.0869140625,10.0869140625,16.3349609375,14.5751953125,11.490234375,9.171875,12.0400390625,20.9033203125,23.37890625,18.87890625,18.87890625,18.87890625,18.87890625,18.87890625,19.25,21.5068359375,12.15234375,10.146484375,11.78515625,22.427734375,21.5380859375,14.5087890625,14.5087890625,14.5087890625,14.5087890625,14.5087890625,19.62109375,20.5224609375,8.3203125,8.2626953125,10.7763671875,19.3994140625,13.66796875,11.787109375,11.787109375,11.787109375,11.787109375,11.787109375,16.666015625,14.77734375,9.02734375,6.8134765625,9.466796875,17.587890625,21.9306640625,16.1591796875,16.267578125,16.267578125,16.267578125,16.267578125,19.935546875,18.6474609375,8.9482421875,8.24609375,10.560546875,17.27734375,21.3125,15.98046875,15.98046875,15.98046875,15.98046875,16.3095703125,18.5791015625,11.154296875,9.8310546875,9.177734375,12.564453125,17.8173828125,22.5400390625,8.5341796875,8.5341796875,8.5341796875,8.5341796875,9.9384765625,23.0234375,11.01953125,8.6904296875,8.5,11.1279296875,23.4306640625,23.2822265625,17.806640625,18.0068359375,18.0068359375,18.0068359375,18.0068359375,18.9658203125,17.87890625,9.94921875,8.6259765625,8.970703125,21.79296875,17.921875,14.5546875,14.5546875,14.5546875,14.5546875,14.5546875,17.798828125,18.732421875,8.9931640625,9.8037109375,13.90625,25.71484375,19.263671875,6.064453125,6.00390625,6.00390625,6.00390625,6.00390625,15.8251953125,14.1728515625,8.5263671875,7.8662109375,11.1669921875,23.7138671875,21.43359375,11.0126953125,11.0126953125,11.0126953125,11.0126953125,11.0126953125,17.76171875,16.783203125,9.8525390625,10.037109375,9.978515625,20.248046875,18.73046875,12.501953125
NA_547,5.181640625,5.05078125,5.05078125,5.05078125,13.4326171875,13.296875,3.8232421875,4.44140625,7.744140625,12.0263671875,37.88671875,16.0478515625,6.73046875,6.73046875,6.73046875,6.73046875,12.6708984375,14.052734375,4.009765625,4.087890625,6.0712890625,15.2646484375,30.5791015625,20.814453125,7.30078125,7.30078125,7.30078125,7.30078125,7.6201171875,18.3974609375,5.515625,4.6015625,7.8349609375,18.005859375,39.25,12.34765625,4.384765625,4.384765625,4.384765625,4.384765625,13.1875,13.9609375,3.6943359375,3.927734375,7.6015625,10.2001953125,37.251953125,11.5888671875,6.7685546875,6.7685546875,6.7685546875,6.7685546875,9.6826171875,18.5390625,3.9267578125,4.3095703125,7.3837890625,15.8798828125,33.8212890625,17.18359375,7.708984375,7.708984375,7.708984375,7.708984375,16.00390625,12.359375,3.7314453125,5.5205078125,6.8896484375,12.1298828125,32.21484375,19.9033203125,6.677734375,6.08203125,6.08203125,6.0869140625,21.5400390625,6.9765625,3.4140625,3.982421875,7.0888671875,14.33203125,38.625,9.224609375,8.138671875,8.138671875,8.138671875,8.138671875,13.01171875,12.3369140625,3.033203125,4.9619140625,6.3837890625,11.5986328125,35.7626953125,11.5166015625,6.16015625,6.16015625,6.16015625,6.16015625,8.302734375,16.2265625,3.505859375,4.4150390625,6.671875,12.2099609375,32.390625,20.9013671875,7.2265625,7.2265625,7.2265625,7.2265625,8.0791015625,15.75390625,4.5869140625,3.6767578125,5.4716796875,16.1796875,33.5673828125,17.697265625,5.501953125,5.501953125,5.501953125,5.501953125,15.94921875,11.98046875,3.5087890625,4.5595703125,7.4384765625,11.955078125,31.2021484375,13.2841796875,7.4130859375,7.4130859375,7.4130859375,7.4130859375,10.599609375,15.2451171875,4.3056640625,3.9765625,5.7431640625,10.0439453125,34.1064453125,22.4921875,9.46484375,9.2216796875,9.2216796875,9.2216796875,16.4970703125,9.7197265625,3.10546875,3.654296875,6.005859375,16.376953125,40.09375,8.5751953125,6.5595703125,6.5595703125,6.5595703125,6.5595703125,9.587890625,15.435546875,4.0595703125,3.1083984375,5.140625,12.0615234375,35.6484375,11.1572265625,5.712890625,5.712890625,5.712890625,5.712890625,6.41796875,19.4453125,3.6865234375,3.3017578125,5.9501953125,9.8193359375,34.732421875,11.2197265625,8.3642578125,8.3642578125,8.3642578125,8.3642578125,14.7421875,10.095703125,3.658203125,3.64453125,6.546875,9.6552734375,32.1171875,28.953125,7.3486328125,7.1103515625,7.1103515625,7.1103515625,19.7958984375,6.923828125,3.3095703125,3.6728515625,6.701171875,16.9375,28.375,22.333984375,5.4423828125,5.4423828125,5.4423828125,5.4423828125,13.416015625,10.939453125,3.2294921875,3.9931640625,6.388671875,12.4306640625,38.29296875,11.390625,8.2177734375,8.2177734375,8.2177734375,8.2177734375,12.603515625,16.1962890625,3.9140625,3.9658203125,9.53515625,17.5732421875,37.9775390625,10.0732421875,6.0615234375,6.0615234375,6.0615234375,6.0615234375,10.5869140625,14.9072265625,3.662109375,4.515625,6.3525390625,14.7119140625,39.9267578125,12.005859375,7.7353515625,7.7353515625,7.7353515625,7.7353515625,10.33984375,19.390625,4.09765625,4.87109375,7.4384765625,18.67578125,35.4462890625,10.7958984375
NA_563,10.02734375,9.173828125,9.173828125,9.2939453125,33.6279296875,15.7236328125,8.5771484375,8.9189453125,10.4443359375,17.361328125,29.974609375,8.326171875,4.134765625,4.134765625,4.134765625,4.134765625,20.81640625,17.599609375,8.8603515625,8.2353515625,10.5537109375,18.99609375,28.02734375,20.525390625,4.982421875,4.982421875,4.982421875,5.1533203125,23.4013671875,16.6181640625,9.9287109375,8.693359375,11.5244140625,14.9296875,28.4462890625,29.85546875,5.408203125,2.353515625,2.353515625,8.9482421875,30.015625,11.9169921875,8.671875,7.78125,10.2724609375,13.107421875,31.796875,10.083984375,6.2587890625,6.2587890625,6.2587890625,7.146484375,30.1689453125,12.765625,8.4052734375,6.560546875,11.0751953125,15.2509765625,29.3564453125,21.01171875,12.66015625,12.7421875,12.7421875,13.6318359375,32.544921875,12.0078125,9.849609375,8.494140625,11.1201171875,15.650390625,31.5537109375,12.1162109375,3.0390625,3.0390625,3.0390625,4.6826171875,25.2138671875,11.7890625,7.9912109375,8.404296875,9.2158203125,14.650390625,33.6162109375,11.7236328125,8.5126953125,8.5126953125,8.5126953125,7.6953125,31.4755859375,13.5693359375,8.2158203125,9.23046875,11.56640625,18.369140625,31.916015625,15.4580078125,9.4970703125,9.4970703125,9.4970703125,9.4970703125,19.693359375,22.111328125,10.2333984375,9.8271484375,9.8310546875,17.373046875,27.0576171875,26.8701171875,11.396484375,11.396484375,11.396484375,11.396484375,20.05859375,21.4287109375,8.6416015625,8.3740234375,9.931640625,18.59765625,35.2841796875,15.1025390625,5.6103515625,5.6103515625,5.6103515625,6.9140625,27.412109375,15.0380859375,9.6982421875,9.052734375,11.1923828125,14.4853515625,26.3291015625,9.5126953125,6.6064453125,6.6064453125,6.6064453125,6.626953125,21.337890625,19.8115234375,12.1220703125,8.3828125,10.44921875,15.4208984375,31.67578125,12.53125,6.47265625,6.0048828125,6.0048828125,6.181640625,28.1787109375,16.8369140625,7.8212890625,7.8994140625,8.7138671875,16.984375,27.6416015625,23.603515625,4.00390625,3.9365234375,3.9365234375,5.3134765625,26.0498046875,12.8173828125,8.048828125,7.404296875,8.9365234375,14.8125,28.72265625,11.8623046875,2.951171875,2.951171875,2.951171875,3.3056640625,23.861328125,14.025390625,7.8408203125,6.7373046875,9.4765625,13.9970703125,29.69140625,12.19921875,8.9296875,8.9091796875,8.7939453125,19.5556640625,23.1943359375,9.21484375,8.8662109375,8.3310546875,11.1513671875,11.6845703125,29.1162109375,19.3154296875,5.625,5.625,5.625,15.1435546875,24.701171875,11.658203125,8.673828125,8.6591796875,11.5712890625,16.8291015625,23.240234375,18.5556640625,5.306640625,5.306640625,5.306640625,5.306640625,17.611328125,17.033203125,9.517578125,7.560546875,9.5947265625,19.2236328125,35.724609375,15.1669921875,6.11328125,6.11328125,6.11328125,6.1435546875,26.8515625,15.736328125,9.30859375,8.166015625,10.478515625,14.9208984375,27.9560546875,23.1630859375,5.13671875,3.0244140625,3.0244140625,3.76953125,23.8369140625,14.9521484375,8.4248046875,8.470703125,10.7158203125,20.736328125,27.55859375,13.5888671875,0.353515625,0.353515625,0.353515625,1.6591796875,24.994140625,15.091796875,10.32421875,8.7294921875,8.6162109375,14.291015625,33.8798828125,17.0126953125
NA_585,4.994140625,4.994140625,4.994140625,5.4267578125,9.6337890625,2.9248046875,2.08203125,2.4619140625,3.75,5.6630859375,19.5732421875,7.8125,6.7587890625,6.7587890625,6.7587890625,6.7587890625,10.5751953125,3.18359375,2.1923828125,2.1953125,2.92578125,10.0380859375,21.982421875,10.4951171875,4.791015625,4.791015625,4.791015625,4.791015625,9.416015625,3.6064453125,2.1728515625,2.8916015625,3.6767578125,12.5048828125,20.921875,6.30078125,5.166015625,5.166015625,5.166015625,5.2509765625,9.7294921875,2.677734375,1.986328125,2.0048828125,4.0244140625,5.8232421875,19.4609375,7.650390625,7.1484375,7.1484375,7.1484375,7.298828125,11.4912109375,3.3076171875,2.474609375,2.8544921875,3.0009765625,7.52734375,21.5634765625,8.021484375,5.4228515625,5.4228515625,5.4228515625,6.1982421875,11.716796875,2.3623046875,2.2275390625,2.736328125,3.146484375,5.8232421875,21.1259765625,10.7294921875,7.6533203125,7.6533203125,7.6533203125,7.470703125,9.0244140625,2.708984375,2.0654296875,2.3193359375,3.5517578125,11.7255859375,20.5322265625,7.6435546875,7.28125,7.28125,7.28125,7.298828125,9.583984375,2.462890625,1.6611328125,2.9912109375,3.685546875,6.6572265625,21.9873046875,7.2021484375,6.3857421875,6.3857421875,6.3857421875,6.3857421875,11.7021484375,2.998046875,2.3681640625,2.6162109375,3.423828125,9.7421875,22.08984375,10.51953125,7.7021484375,7.7021484375,7.7021484375,7.7021484375,10.5810546875,2.625,2.5869140625,2.6318359375,2.9169921875,13.6318359375,22.294921875,8.4072265625,6.08203125,6.08203125,6.08203125,6.193359375,10.6171875,2.1005859375,2.30859375,2.5185546875,3.7939453125,5.3486328125,19.984375,4.076171875,3.240234375,3.240234375,3.240234375,3.240234375,10.8408203125,2.498046875,2.365234375,2.2978515625,2.865234375,5.6357421875,21.68359375,8.13671875,5.25,5.25,5.25,7.087890625,9.623046875,2.67578125,2.1259765625,2.333984375,3.3388671875,9.037109375,19.0185546875,5.4423828125,4.9765625,4.9765625,4.9765625,4.9765625,9.4365234375,2.8125,2.212890625,2.009765625,3.1875,9.173828125,21.201171875,7.279296875,6.4111328125,6.4111328125,6.4111328125,6.4111328125,10.1904296875,3.08984375,2.4189453125,2.169921875,3.193359375,5.6513671875,19.0439453125,6.2294921875,5.97265625,5.97265625,5.97265625,6.1181640625,9.1025390625,2.041015625,2.3017578125,2.228515625,3.3623046875,5.4599609375,20.9423828125,11.853515625,2.78515625,2.78515625,2.78515625,6.2001953125,6.044921875,2.478515625,2.1298828125,2.6279296875,3.2666015625,6.501953125,16.1220703125,11.8701171875,7.52734375,7.52734375,7.52734375,7.755859375,8.935546875,3.201171875,2.06640625,2.3525390625,3.2392578125,6.884765625,18.01953125,7.9755859375,7.013671875,7.013671875,7.013671875,7.013671875,8.69921875,2.3369140625,2.4921875,2.376953125,4.421875,15.0634765625,20.783203125,7.6650390625,6.1318359375,6.1318359375,6.1318359375,6.1416015625,9.3408203125,2.43359375,2.3974609375,2.796875,3.4453125,11.7548828125,20.7314453125,6.892578125,5.9814453125,5.9814453125,5.9814453125,5.9814453125,9.0390625,3.25,2.474609375,2.46484375,3.7490234375,11.7119140625,20.5849609375,6.306640625
NA_586,3.60546875,3.60546875,3.60546875,3.60546875,3.755859375,3.8935546875,1.505859375,1.7392578125,2.884765625,9.443359375,6.6953125,3.4931640625,3.4931640625,3.4931640625,3.4931640625,3.4931640625,4.0390625,2.58203125,1.6171875,1.5732421875,2.0322265625,7.3701171875,7.3193359375,2.517578125,2.517578125,2.517578125,2.517578125,2.517578125,2.517578125,2.9404296875,1.6591796875,1.6513671875,2.6435546875,8.892578125,3.841796875,3.7138671875,3.7138671875,3.7138671875,3.7138671875,3.7138671875,4.466796875,1.578125,1.509765625,1.6552734375,2.5625,6.3369140625,5.1162109375,3.4404296875,3.4404296875,3.4404296875,3.4404296875,3.4404296875,3.4404296875,4.8671875,1.3876953125,1.9775390625,2.1923828125,7.6630859375,7.66015625,5.080078125,5.080078125,5.080078125,5.080078125,5.080078125,5.236328125,3.4296875,1.5126953125,1.8916015625,2.4375,6.6728515625,9.2529296875,3.4140625,3.4140625,3.4140625,3.4140625,3.4140625,5.7626953125,1.4921875,1.4765625,1.869140625,2.4580078125,8.986328125,5.0849609375,3.1689453125,3.1689453125,3.1689453125,3.1689453125,3.1689453125,3.3896484375,3.2109375,1.33203125,1.9248046875,2.61328125,5.6884765625,7.9970703125,2.77734375,2.77734375,2.77734375,2.77734375,2.77734375,2.77734375,2.94140625,1.5302734375,1.701171875,2.3583984375,6.7138671875,7.51171875,3.7431640625,3.7431640625,3.7431640625,3.7431640625,3.7431640625,3.7431640625,3.4384765625,1.740234375,1.6181640625,1.7822265625,8.8544921875,7.20703125,2.5390625,2.5390625,2.5390625,2.5390625,2.5390625,4.7314453125,1.458984375,1.453125,1.6318359375,2.701171875,5.2041015625,8.1591796875,3.509765625,3.509765625,3.509765625,3.509765625,3.509765625,3.525390625,2.9677734375,1.5517578125,1.482421875,1.9228515625,6.865234375,8.427734375,3.3994140625,3.3994140625,3.3994140625,3.3994140625,3.3994140625,4.5634765625,1.6748046875,1.365234375,1.5478515625,2.302734375,9.2138671875,5.95703125,3.9384765625,3.9384765625,3.9384765625,3.9384765625,3.9384765625,3.9384765625,2.955078125,1.6298828125,1.4443359375,1.896484375,7.0693359375,6.2451171875,3.5751953125,3.5751953125,3.5751953125,3.5751953125,3.5751953125,3.5751953125,3.560546875,1.5703125,1.6181640625,2.2158203125,6.5302734375,7.5244140625,4.7802734375,4.7802734375,4.7802734375,4.7802734375,4.7802734375,4.76171875,2.9189453125,1.4951171875,1.5166015625,2.240234375,6.330078125,9.4130859375,3.3564453125,3.3564453125,3.3564453125,3.3564453125,3.3564453125,5.2392578125,1.7705078125,1.5390625,1.640625,2.29296875,9.115234375,9.83203125,2.181640625,2.109375,2.109375,2.109375,2.109375,2.1162109375,3.400390625,1.44140625,1.5146484375,2.3173828125,7.625,5.6376953125,2.7666015625,2.7666015625,2.7666015625,2.7666015625,2.7666015625,3.5068359375,3.51953125,1.66015625,1.73828125,3.3837890625,11.6025390625,4.638671875,3.6982421875,3.6982421875,3.6982421875,3.6982421875,3.6982421875,3.697265625,3.484375,1.54296875,1.95703125,2.1416015625,9.0859375,6.33203125,4.6318359375,4.6318359375,4.6318359375,4.6318359375,4.6318359375,4.6318359375,5.1279296875,1.3984375,1.8740234375,2.5322265625,8.60546875,4.119140625,3.513671875
NA_588,2.8662109375,2.8662109375,2.8662109375,2.8662109375,4.1162109375,2.474609375,1.3134765625,1.58984375,2.5029296875,6.421875,9.5078125,3.3076171875,3.0986328125,3.0986328125,3.0986328125,3.0986328125,4.6591796875,1.6728515625,1.3955078125,1.458984375,1.8583984375,6.7333984375,10.4833984375,5.572265625,5.1591796875,5.1591796875,5.1591796875,5.1591796875,5.1591796875,4.443359375,1.3408203125,1.62890625,2.2783203125,8.3564453125,5.6875,3.4541015625,3.4541015625,3.4541015625,3.4541015625,3.4541015625,4.494140625,1.4052734375,1.3525390625,1.478515625,2.24609375,7.140625,8.2568359375,4.7890625,4.7421875,4.7421875,4.7421875,4.7421875,4.7421875,4.548828125,1.3505859375,1.8564453125,1.822265625,5.77734375,9.8271484375,3.0634765625,2.95703125,2.95703125,2.95703125,2.95703125,4.1884765625,1.927734375,1.501953125,1.67578125,1.9482421875,5.0927734375,10.591796875,5.607421875,5.5927734375,5.5927734375,5.5927734375,5.5927734375,5.564453125,1.2265625,1.435546875,1.5556640625,2.19921875,8.7197265625,6.5537109375,2.349609375,2.330078125,2.330078125,2.330078125,2.330078125,4.4111328125,2.025390625,1.26953125,1.8935546875,2.111328125,5.1318359375,9.61328125,2.337890625,2.3310546875,2.3310546875,2.3310546875,2.3310546875,2.3310546875,3.935546875,1.4765625,1.517578125,1.9921875,5.2841796875,8.5263671875,3.380859375,3.3271484375,3.3271484375,3.3271484375,3.3271484375,3.3271484375,3.37109375,1.779296875,1.47265625,1.4755859375,7.34375,10.3603515625,2.6337890625,2.0224609375,2.0224609375,2.0224609375,2.0224609375,3.556640625,1.3486328125,1.3759765625,1.5302734375,2.9306640625,5.3359375,10.4130859375,4.078125,3.90234375,3.90234375,3.90234375,3.90234375,4.0703125,3.29296875,1.41015625,1.5,2.0107421875,4.7822265625,9.94921875,3.95703125,3.7080078125,3.7080078125,3.7080078125,3.7080078125,4.7470703125,1.4052734375,1.2548828125,1.5380859375,2.3154296875,7.8681640625,7.6044921875,2.2978515625,2.2470703125,2.2470703125,2.2470703125,2.2470703125,2.2470703125,2.6376953125,1.4951171875,1.3779296875,1.7841796875,5.3857421875,9.978515625,4.4091796875,4.4072265625,4.4072265625,4.4072265625,4.4072265625,4.4072265625,4.4970703125,1.51953125,1.427734375,1.966796875,5.396484375,9.9716796875,5.7158203125,5.7158203125,5.7158203125,5.7158203125,5.7158203125,5.859375,3.08203125,1.3564453125,1.55078125,1.9794921875,5.7275390625,10.9169921875,3.9775390625,3.2333984375,3.2333984375,3.2333984375,3.2333984375,5.203125,2.0234375,1.4287109375,1.4697265625,2.0087890625,6.2138671875,11.0771484375,3.794921875,2.689453125,2.689453125,2.689453125,2.689453125,3.8876953125,2.0517578125,1.3759765625,1.4697265625,2.1611328125,4.916015625,7.7109375,3.4453125,3.43359375,3.43359375,3.43359375,3.43359375,3.806640625,3.6689453125,1.583984375,1.5107421875,2.6943359375,10.46875,5.8369140625,2.6796875,2.6796875,2.6796875,2.6796875,2.6796875,2.6708984375,3.0478515625,1.419921875,1.896484375,2.0908203125,6.8525390625,7.1455078125,3.248046875,3.248046875,3.248046875,3.248046875,3.248046875,3.392578125,3.36328125,1.3994140625,1.5380859375,2.3564453125,7.845703125,5.853515625,2.15625
NA_646,27.953125,27.953125,27.953125,28.0029296875,47.1748046875,33.30859375,16.599609375,13.841796875,23.3994140625,31.5810546875,48.0087890625,27.8564453125,21.0927734375,21.0927734375,21.0927734375,23.3642578125,49.1328125,31.9541015625,18.384765625,15.98046875,20.462890625,31.6640625,50.0,43.1806640625,33.43359375,33.4169921875,33.4169921875,32.361328125,39.09765625,38.67578125,19.2119140625,16.3935546875,18.8837890625,35.8642578125,49.0009765625,28.3115234375,26.87890625,26.87890625,26.87890625,26.87890625,38.0634765625,36.1142578125,18.423828125,14.4033203125,19.625,31.1884765625,49.240234375,31.619140625,27.05859375,27.05859375,27.05859375,27.548828125,43.0869140625,36.8671875,16.16796875,18.8583984375,19.37109375,25.6181640625,49.0693359375,36.2421875,29.208984375,29.208984375,29.208984375,29.1982421875,41.6435546875,34.2490234375,16.158203125,14.478515625,17.890625,28.9619140625,48.8408203125,33.283203125,25.5322265625,25.5322265625,25.5322265625,27.111328125,47.1484375,29.2294921875,15.400390625,15.982421875,18.671875,36.5615234375,50.0,35.7705078125,23.1103515625,23.1103515625,23.1103515625,22.7509765625,45.033203125,28.697265625,17.2421875,15.76171875,20.2412109375,23.1591796875,47.5732421875,30.7109375,26.0576171875,26.0576171875,26.0576171875,26.7568359375,44.26171875,30.72265625,18.4052734375,14.5126953125,16.6337890625,31.609375,48.5341796875,30.2587890625,26.6376953125,26.6376953125,26.6376953125,26.5732421875,40.6298828125,33.33984375,18.2626953125,15.9150390625,16.599609375,38.236328125,49.9931640625,34.455078125,18.45703125,18.45703125,18.45703125,30.9296875,47.44921875,26.0,17.365234375,15.1767578125,21.1201171875,32.203125,49.9140625,40.6025390625,39.1171875,39.1171875,39.1171875,39.1171875,41.2587890625,32.4033203125,16.6689453125,14.6025390625,16.6923828125,26.4169921875,48.89453125,43.078125,36.2421875,36.2421875,36.83984375,40.0546875,49.2294921875,29.244140625,14.9140625,15.701171875,18.4423828125,33.9599609375,49.9970703125,33.9736328125,21.7734375,21.7734375,21.7734375,21.8046875,44.400390625,35.6416015625,18.7861328125,14.8779296875,17.482421875,28.017578125,49.4755859375,34.470703125,32.61328125,32.61328125,32.61328125,32.61328125,40.1845703125,36.826171875,20.564453125,13.7568359375,20.96875,26.85546875,49.1806640625,26.7060546875,24.8154296875,24.8154296875,24.8154296875,24.8203125,41.7099609375,31.7744140625,17.3662109375,15.0380859375,16.751953125,31.6142578125,49.9580078125,47.63671875,34.259765625,33.8896484375,33.8896484375,33.8896484375,37.0625,41.88671875,19.9462890625,14.4130859375,17.099609375,29.857421875,49.875,37.853515625,27.541015625,27.541015625,27.541015625,28.73828125,41.107421875,34.587890625,16.8642578125,14.328125,15.2333984375,26.169921875,47.3896484375,39.6171875,36.5009765625,36.5009765625,36.5009765625,36.5009765625,41.220703125,39.0966796875,18.6796875,12.9140625,19.2001953125,37.67578125,46.658203125,27.2099609375,26.14453125,26.14453125,26.14453125,26.14453125,32.15625,42.4873046875,19.1533203125,15.5244140625,19.541015625,31.3330078125,48.0234375,31.7578125,27.625,27.625,27.625,27.67578125,40.662109375,40.35546875,15.96484375,12.6513671875,22.20703125,36.107421875,49.6865234375,35.3095703125
NA_651,10.013671875,10.013671875,10.013671875,10.013671875,10.013671875,13.666015625,9.2041015625,5.67578125,12.673828125,18.5224609375,9.7080078125,9.4462890625,9.4462890625,9.4462890625,9.4462890625,9.4462890625,9.4833984375,14.82421875,8.4267578125,6.8564453125,10.6171875,18.24609375,15.380859375,13.494140625,13.4931640625,13.4931640625,13.4931640625,13.4931640625,13.4931640625,14.2578125,12.1484375,7.7001953125,10.2705078125,18.447265625,8.6064453125,8.48046875,8.48046875,8.48046875,8.48046875,8.48046875,8.48046875,12.7978515625,7.3583984375,6.390625,9.3173828125,15.9775390625,9.361328125,5.76953125,5.76953125,5.76953125,5.76953125,5.76953125,5.76953125,8.4326171875,11.9384765625,7.0986328125,10.873046875,17.3681640625,11.5830078125,8.474609375,8.474609375,8.474609375,8.474609375,8.474609375,8.408203125,14.3046875,7.2734375,6.7958984375,10.1591796875,17.6728515625,13.234375,10.775390625,10.775390625,10.775390625,10.775390625,10.775390625,10.775390625,14.1005859375,7.505859375,7.7587890625,11.0068359375,18.3212890625,11.033203125,8.640625,8.640625,8.640625,8.640625,8.640625,8.640625,13.4443359375,9.9599609375,7.2119140625,12.08203125,18.6982421875,8.8759765625,5.7900390625,5.7900390625,5.7900390625,5.7900390625,5.7900390625,5.9404296875,13.4443359375,7.3828125,5.4931640625,10.376953125,18.3984375,12.98046875,9.1943359375,9.1943359375,9.1943359375,9.1943359375,9.1943359375,9.1943359375,10.6064453125,11.525390625,7.7626953125,11.23828125,16.62890625,13.12109375,11.974609375,11.974609375,11.974609375,11.974609375,11.974609375,11.974609375,15.3701171875,7.4306640625,6.267578125,10.0498046875,18.0224609375,13.8984375,11.8193359375,11.8193359375,11.8193359375,11.8193359375,11.8193359375,11.8193359375,13.13671875,11.703125,6.1162109375,11.16015625,16.5712890625,14.4541015625,9.6005859375,9.6005859375,9.6005859375,9.6005859375,9.6005859375,9.6025390625,12.6611328125,7.06640625,5.7216796875,9.572265625,15.9521484375,13.8232421875,10.5625,10.5625,10.5625,10.5625,10.5625,10.5625,12.666015625,9.6845703125,5.4599609375,12.599609375,17.595703125,11.689453125,8.763671875,8.763671875,8.763671875,8.763671875,8.763671875,8.763671875,13.04296875,8.0478515625,5.16796875,11.341796875,18.375,12.5712890625,9.5029296875,9.5029296875,9.5029296875,9.5029296875,9.5029296875,9.5029296875,12.08984375,10.5556640625,5.2138671875,9.13671875,16.90625,9.4326171875,7.767578125,7.767578125,7.767578125,7.767578125,7.767578125,7.767578125,13.9423828125,8.015625,6.0166015625,9.9697265625,17.5498046875,8.9560546875,6.3603515625,6.3603515625,6.3603515625,6.3603515625,6.3603515625,6.3603515625,12.0634765625,9.2705078125,6.3623046875,9.3017578125,18.01171875,12.14453125,6.0400390625,6.0400390625,6.0400390625,6.0400390625,6.0400390625,6.0400390625,7.8115234375,12.787109375,6.181640625,11.392578125,16.9619140625,7.3408203125,7.173828125,7.173828125,7.173828125,7.173828125,7.173828125,7.173828125,11.861328125,9.673828125,5.966796875,10.6640625,18.197265625,12.4326171875,9.28515625,9.28515625,9.28515625,9.28515625,9.28515625,9.28515625,12.7001953125,9.71484375,5.3115234375,12.328125,17.9541015625,9.4462890625,7.873046875
NA_652,2.947265625,2.947265625,2.947265625,2.947265625,2.947265625,4.2158203125,2.490234375,2.6318359375,5.8154296875,4.46875,4.0888671875,4.0888671875,4.0888671875,4.0888671875,4.0888671875,4.0888671875,4.0888671875,4.244140625,2.998046875,2.521484375,4.0517578125,5.953125,4.4775390625,4.4775390625,4.4775390625,4.4775390625,4.4775390625,4.4775390625,4.4775390625,4.650390625,3.453125,2.875,4.10546875,4.3349609375,2.873046875,2.873046875,2.873046875,2.873046875,2.873046875,2.873046875,2.873046875,3.6982421875,2.37890625,2.4052734375,5.1162109375,5.521484375,2.8193359375,2.8193359375,2.8193359375,2.8193359375,2.8193359375,2.8193359375,2.8193359375,2.953125,2.611328125,2.29296875,5.5078125,4.1220703125,2.9697265625,2.9697265625,2.9697265625,2.9697265625,2.9697265625,2.9697265625,2.9697265625,3.5185546875,2.7275390625,2.34375,5.025390625,3.890625,2.5166015625,2.5166015625,2.5166015625,2.5166015625,2.5166015625,2.5166015625,2.5166015625,3.33203125,2.2001953125,2.34375,4.0556640625,5.4677734375,2.779296875,2.779296875,2.779296875,2.779296875,2.779296875,2.779296875,2.779296875,3.060546875,2.833984375,2.4541015625,5.4482421875,3.5654296875,2.7099609375,2.7099609375,2.7099609375,2.7099609375,2.7099609375,2.7099609375,2.7099609375,3.4677734375,2.3125,2.92578125,6.5810546875,4.078125,2.2412109375,2.2412109375,2.2412109375,2.2412109375,2.2412109375,2.2412109375,2.2412109375,2.44140625,3.1884765625,2.41796875,4.470703125,4.0908203125,1.2216796875,1.2216796875,1.2216796875,1.2216796875,1.2216796875,1.2216796875,1.2216796875,3.94140625,1.9970703125,2.35546875,4.9775390625,5.890625,4.4267578125,4.4267578125,4.4267578125,4.4267578125,4.4267578125,4.4267578125,4.4267578125,5.2265625,1.75390625,2.3095703125,3.75390625,5.744140625,2.4892578125,2.4892578125,2.4892578125,2.4892578125,2.4892578125,2.4892578125,2.4892578125,3.244140625,1.7548828125,2.015625,3.6650390625,5.662109375,3.1015625,3.1015625,3.1015625,3.1015625,3.1015625,3.1015625,3.1015625,3.7568359375,2.068359375,2.19140625,4.54296875,6.70703125,3.17578125,3.17578125,3.17578125,3.17578125,3.17578125,3.17578125,3.17578125,3.947265625,1.8291015625,2.3701171875,5.64453125,5.6708984375,4.4462890625,4.4462890625,4.4462890625,4.4462890625,4.4462890625,4.4462890625,4.4462890625,4.791015625,2.126953125,2.466796875,5.0244140625,4.2470703125,2.74609375,2.74609375,2.74609375,2.74609375,2.74609375,2.74609375,2.74609375,3.767578125,2.0302734375,2.2470703125,5.5888671875,4.9326171875,2.0087890625,2.0087890625,2.0087890625,2.0087890625,2.0087890625,2.0087890625,2.0087890625,3.171875,1.8837890625,2.0439453125,3.4033203125,5.19140625,2.30078125,2.30078125,2.30078125,2.30078125,2.30078125,2.30078125,2.30078125,3.0712890625,2.666015625,2.962890625,6.794921875,3.9873046875,3.80078125,3.80078125,3.80078125,3.80078125,3.80078125,3.80078125,3.80078125,4.3046875,2.3994140625,2.900390625,3.8984375,5.728515625,3.2138671875,3.2138671875,3.2138671875,3.2138671875,3.2138671875,3.2138671875,3.2138671875,3.619140625,2.9560546875,2.125,4.267578125,5.6708984375,2.9248046875,2.9248046875
NA_660,3.8388671875,3.759765625,3.759765625,6.091796875,26.4677734375,10.06640625,6.8408203125,7.642578125,8.08203125,11.8515625,32.8876953125,8.9404296875,8.0771484375,8.0771484375,8.0771484375,8.1298828125,21.884765625,14.0947265625,7.173828125,6.4775390625,7.9326171875,14.5078125,25.3125,17.2021484375,1.978515625,1.978515625,1.978515625,2.4521484375,21.583984375,12.5791015625,7.09765625,6.861328125,8.677734375,11.390625,29.9560546875,21.4892578125,2.4287109375,2.2109375,2.2109375,5.6953125,27.7216796875,9.2255859375,7.427734375,7.2255859375,8.2763671875,10.1923828125,36.5869140625,3.58203125,0.8466796875,0.8466796875,0.8466796875,4.3310546875,27.9599609375,8.7578125,6.392578125,5.8798828125,8.3857421875,12.654296875,33.7587890625,20.09765625,7.4423828125,7.2138671875,7.2138671875,8.708984375,26.580078125,8.7763671875,7.3896484375,6.80078125,8.201171875,11.7861328125,34.2353515625,10.5498046875,1.775390625,1.775390625,1.775390625,3.6728515625,22.1630859375,8.7138671875,6.7255859375,6.501953125,6.8017578125,10.6123046875,34.373046875,5.4765625,4.5380859375,4.5380859375,4.5380859375,4.7216796875,24.53515625,10.044921875,6.8173828125,7.3818359375,8.4970703125,12.9189453125,32.2685546875,8.880859375,4.1142578125,4.1142578125,4.1142578125,4.1337890625,20.1494140625,12.7734375,7.767578125,7.3681640625,7.0751953125,12.833984375,24.4404296875,28.0986328125,7.5849609375,7.5849609375,7.5849609375,7.5849609375,19.232421875,15.1689453125,7.0439453125,7.2431640625,7.8515625,14.962890625,35.9140625,16.23046875,6.248046875,6.248046875,6.248046875,6.9638671875,24.49609375,10.185546875,6.5185546875,6.771484375,8.029296875,10.359375,21.8896484375,4.52734375,3.841796875,3.841796875,3.841796875,3.923828125,22.15234375,12.205078125,8.1435546875,6.25,7.8408203125,11.8427734375,34.224609375,8.716796875,3.19921875,2.9609375,2.9609375,4.19140625,22.400390625,10.625,5.849609375,6.2666015625,6.5556640625,13.291015625,27.9921875,21.998046875,2.5263671875,2.42578125,2.42578125,5.7119140625,23.9521484375,8.6953125,6.7568359375,6.392578125,6.8603515625,11.6171875,31.47265625,8.013671875,4.392578125,4.392578125,4.392578125,4.50390625,19.2060546875,11.2041015625,6.8828125,5.349609375,6.30078125,10.7734375,32.72265625,5.3369140625,7.0537109375,7.0537109375,7.0537109375,16.650390625,21.7490234375,7.3349609375,7.4287109375,6.6279296875,8.75,9.0869140625,32.5634765625,8.953125,4.396484375,4.396484375,4.396484375,14.3154296875,19.705078125,9.4296875,6.5078125,6.5986328125,8.1484375,12.0712890625,17.8798828125,20.033203125,7.0234375,7.0234375,7.0234375,7.0234375,18.2197265625,13.7890625,8.236328125,6.7548828125,7.7861328125,12.9404296875,43.310546875,15.912109375,5.3583984375,5.3583984375,5.3583984375,5.494140625,20.2685546875,11.177734375,6.099609375,6.1240234375,7.83203125,11.78515625,28.400390625,20.0771484375,1.8154296875,1.1796875,1.1796875,1.7587890625,20.986328125,10.236328125,6.0751953125,6.1337890625,8.0068359375,15.953125,33.865234375,9.4560546875,1.65234375,1.5126953125,1.5126953125,1.8994140625,21.580078125,10.283203125,6.6171875,6.646484375,6.630859375,13.13671875,39.421875,13.697265625
NA_663,12.5947265625,12.5947265625,12.5947265625,12.5947265625,27.783203125,34.37109375,14.2197265625,11.73046875,16.841796875,31.1728515625,37.0478515625,16.638671875,16.6494140625,16.6494140625,16.6494140625,16.6494140625,30.423828125,28.689453125,14.208984375,11.103515625,13.4853515625,31.0263671875,47.6591796875,19.1796875,18.4052734375,18.4052734375,18.4052734375,18.4052734375,20.9541015625,37.8544921875,17.4091796875,11.3427734375,15.9130859375,37.7197265625,25.505859375,14.7373046875,14.7373046875,14.7373046875,14.7373046875,14.7373046875,31.30078125,24.255859375,12.1279296875,10.0234375,14.255859375,26.3515625,35.3896484375,18.673828125,18.6025390625,18.6025390625,18.6025390625,18.6025390625,22.0439453125,40.9111328125,15.1376953125,12.806640625,15.263671875,34.595703125,43.4990234375,16.1650390625,16.009765625,16.009765625,16.009765625,17.171875,33.98828125,32.494140625,14.642578125,13.0703125,17.3330078125,27.9609375,47.3212890625,17.6416015625,15.7578125,15.7578125,15.7578125,15.8974609375,32.81640625,22.25,11.6962890625,11.74609375,14.6787109375,36.853515625,33.1455078125,15.5439453125,15.5439453125,15.5439453125,15.5439453125,15.5439453125,33.46875,30.8115234375,9.5830078125,13.26953125,17.5830078125,25.4775390625,42.654296875,13.875,13.87109375,13.87109375,13.87109375,13.87109375,18.55078125,33.1748046875,13.8828125,11.8564453125,17.1953125,26.4111328125,44.0810546875,21.921875,20.2939453125,20.2939453125,20.2939453125,20.2939453125,21.0546875,34.208984375,17.5078125,10.171875,13.134765625,28.056640625,45.61328125,20.3720703125,17.8291015625,17.8291015625,17.8291015625,17.9638671875,33.92578125,23.7041015625,10.9794921875,10.416015625,17.2001953125,25.2275390625,38.1630859375,7.8154296875,7.8134765625,7.8134765625,7.8134765625,7.8134765625,21.6513671875,31.0498046875,14.873046875,10.3798828125,13.01171875,23.0859375,42.1181640625,21.86328125,20.75,20.75,20.75,20.7548828125,33.408203125,27.54296875,10.6904296875,9.146484375,16.7333984375,31.466796875,34.3154296875,11.296875,11.296875,11.296875,11.296875,11.296875,17.49609375,33.3515625,14.7470703125,9.498046875,12.392578125,29.5927734375,35.958984375,13.9833984375,13.9833984375,13.9833984375,13.9833984375,13.9833984375,17.009765625,35.75,14.83984375,9.078125,15.095703125,26.2578125,37.4013671875,12.576171875,12.576171875,12.576171875,12.576171875,12.576171875,29.91015625,28.048828125,12.75,9.1279296875,13.9794921875,21.83984375,45.3310546875,16.5205078125,13.275390625,13.275390625,13.275390625,13.275390625,31.185546875,26.3056640625,10.810546875,10.2568359375,14.380859375,34.3369140625,49.841796875,22.4521484375,16.5771484375,16.5771484375,16.5771484375,16.5771484375,28.822265625,28.70703125,13.4404296875,10.8798828125,15.5517578125,27.044921875,33.119140625,15.349609375,15.349609375,15.349609375,15.349609375,15.349609375,26.61328125,29.537109375,13.640625,12.8486328125,19.8525390625,46.3310546875,29.892578125,18.052734375,18.052734375,18.052734375,18.052734375,18.052734375,21.66796875,31.48828125,13.9072265625,12.37109375,14.4375,34.6845703125,31.787109375,14.6962890625,14.6962890625,14.6962890625,14.6962890625,14.6962890625,21.5234375,35.1015625,13.89453125,12.2373046875,16.1611328125,37.1572265625,26.8310546875,8.28125
NA_687,3.078125,3.078125,3.078125,3.078125,8.607421875,8.896484375,4.7978515625,5.0,8.484375,11.634765625,5.779296875,2.55078125,2.55078125,2.55078125,2.55078125,2.55078125,8.1376953125,7.90625,6.77734375,7.435546875,7.9423828125,10.94921875,8.3388671875,0.888671875,0.888671875,0.888671875,0.888671875,0.888671875,1.71875,8.6201171875,5.07421875,6.564453125,8.25390625,11.3759765625,6.576171875,6.1044921875,6.1044921875,6.1044921875,6.1044921875,6.1044921875,8.75,5.4072265625,4.533203125,4.79296875,6.9287109375,10.50390625,3.951171875,2.68359375,2.68359375,2.68359375,2.68359375,2.68359375,3.53515625,9.828125,4.904296875,6.3583984375,8.2275390625,11.0791015625,6.6083984375,2.087890625,2.087890625,2.087890625,2.087890625,2.087890625,9.1005859375,7.404296875,4.580078125,5.927734375,7.662109375,10.6865234375,8.986328125,3.2275390625,3.2275390625,3.2275390625,3.2275390625,3.265625,10.4453125,6.689453125,4.451171875,5.6826171875,7.765625,11.6669921875,2.935546875,1.376953125,1.376953125,1.376953125,1.376953125,1.376953125,8.1328125,7.103515625,3.80078125,5.1982421875,7.791015625,10.1572265625,8.0087890625,2.091796875,2.091796875,2.091796875,2.091796875,2.091796875,3.86328125,8.322265625,4.8818359375,5.1240234375,7.947265625,10.6005859375,6.8291015625,2.90234375,2.90234375,2.90234375,2.90234375,2.90234375,4.1171875,8.2607421875,5.1162109375,4.55859375,5.357421875,11.48828125,7.6875,2.6337890625,2.658203125,2.658203125,2.658203125,3.13671875,9.802734375,7.6796875,4.9306640625,6.126953125,8.654296875,10.0244140625,8.4560546875,2.8056640625,2.8056640625,2.8056640625,2.8056640625,2.8056640625,5.9130859375,7.9306640625,4.794921875,4.494140625,6.619140625,10.7333984375,8.189453125,2.3857421875,2.3857421875,2.3857421875,2.3857421875,2.3857421875,8.3134765625,5.9306640625,3.7021484375,4.294921875,7.515625,11.7119140625,4.5908203125,3.125,3.125,3.125,3.125,3.125,4.9833984375,6.91796875,4.8056640625,4.2197265625,5.6025390625,10.744140625,5.658203125,2.6669921875,2.6669921875,2.6669921875,2.6669921875,2.6669921875,4.166015625,9.0810546875,5.998046875,5.181640625,8.166015625,10.4736328125,6.048828125,2.7314453125,2.7314453125,2.7314453125,2.7314453125,2.7314453125,7.505859375,6.8046875,4.484375,4.2353515625,6.787109375,10.26953125,9.603515625,2.5361328125,2.5361328125,2.5361328125,2.5361328125,2.5361328125,8.2958984375,7.947265625,6.4716796875,6.82421875,8.1552734375,11.6044921875,11.3583984375,1.994140625,2.041015625,2.041015625,2.041015625,2.041015625,5.2958984375,8.7509765625,5.94140625,5.0205078125,8.0205078125,10.9599609375,4.8974609375,2.7958984375,2.7958984375,2.7958984375,2.7958984375,2.7958984375,6.994140625,6.77734375,4.865234375,5.3095703125,8.7119140625,12.7705078125,3.9052734375,3.146484375,3.146484375,3.146484375,3.146484375,3.146484375,6.3125,7.8740234375,4.572265625,5.6015625,7.333984375,11.6796875,4.9208984375,3.48828125,3.48828125,3.48828125,3.48828125,3.48828125,5.60546875,9.2998046875,4.5419921875,5.3876953125,8.375,10.359375,4.037109375,3.9091796875
NA_702,3.8740234375,3.8740234375,3.8740234375,3.8759765625,7.2119140625,2.1025390625,1.3798828125,1.8173828125,2.98046875,4.13671875,14.5859375,6.8076171875,3.2587890625,3.2587890625,3.2587890625,3.2587890625,7.46484375,1.6240234375,1.5048828125,1.69921875,2.4169921875,6.736328125,17.9384765625,11.9658203125,3.7138671875,3.7138671875,3.7138671875,3.7138671875,4.8955078125,3.7841796875,1.3330078125,1.9560546875,2.63671875,8.642578125,18.08984375,4.71875,4.435546875,4.435546875,4.435546875,4.435546875,7.1279296875,1.505859375,1.4296875,1.6513671875,3.0166015625,5.6748046875,18.33203125,5.47265625,2.9814453125,2.9814453125,2.9814453125,2.9814453125,5.615234375,3.701171875,1.4267578125,2.3427734375,2.0478515625,4.7626953125,16.521484375,7.9443359375,3.4833984375,3.4833984375,3.4833984375,3.478515625,7.96875,1.6826171875,1.6298828125,2.0751953125,2.35546875,4.5185546875,15.1962890625,6.7255859375,3.7587890625,3.7587890625,3.7587890625,3.85546875,7.947265625,1.4033203125,1.544921875,1.8603515625,2.6357421875,9.0009765625,18.970703125,6.9443359375,3.6611328125,3.6611328125,3.6611328125,3.6611328125,7.7392578125,1.6005859375,1.4091796875,2.1318359375,2.73828125,4.6865234375,16.3603515625,6.126953125,3.623046875,3.623046875,3.623046875,3.623046875,4.2802734375,5.3818359375,1.689453125,1.736328125,2.4306640625,5.2275390625,16.1181640625,6.0,3.4208984375,3.4208984375,3.4208984375,3.4208984375,4.0185546875,5.283203125,1.9931640625,1.8251953125,1.78125,6.794921875,15.8857421875,8.66796875,2.60546875,2.60546875,2.60546875,2.6494140625,5.9375,1.4921875,1.5498046875,1.8759765625,3.4033203125,4.7900390625,15.44140625,7.978515625,4.1142578125,4.1142578125,4.1142578125,4.1142578125,6.4326171875,3.7138671875,1.435546875,1.740234375,2.544921875,4.236328125,15.6748046875,9.0263671875,4.205078125,4.205078125,4.205078125,4.4345703125,6.203125,1.4921875,1.333984375,1.9189453125,2.8173828125,5.91015625,19.1435546875,6.9755859375,3.0947265625,3.0947265625,3.0947265625,3.0947265625,4.4267578125,4.4658203125,1.544921875,1.6240234375,2.208984375,5.5078125,16.8212890625,6.2978515625,4.3115234375,4.3115234375,4.3115234375,4.3115234375,4.7919921875,6.6044921875,1.5458984375,1.689453125,2.5654296875,4.63671875,15.62109375,4.619140625,4.275390625,4.275390625,4.275390625,4.275390625,7.1884765625,1.5830078125,1.4970703125,1.935546875,2.298828125,4.9619140625,13.021484375,12.7802734375,1.2841796875,1.2841796875,1.2841796875,1.2841796875,5.591796875,1.6796875,1.4921875,1.78515625,2.5283203125,4.7353515625,12.8603515625,11.9208984375,4.7158203125,4.7158203125,4.7158203125,4.7158203125,7.423828125,1.7841796875,1.396484375,1.7880859375,2.634765625,5.1083984375,17.734375,5.9609375,3.865234375,3.865234375,3.865234375,3.865234375,6.8115234375,3.1708984375,1.6298828125,1.8505859375,3.142578125,8.20703125,15.36328125,3.775390625,3.359375,3.359375,3.359375,3.359375,5.080078125,3.0234375,1.4541015625,2.251953125,2.6669921875,5.802734375,17.2490234375,3.7412109375,2.2919921875,2.2919921875,2.2919921875,2.2919921875,6.3955078125,2.791015625,1.4755859375,1.83203125,2.9140625,8.02734375,19.068359375,7.87890625
NA_720,2.814453125,2.814453125,2.814453125,2.814453125,3.80859375,9.31640625,3.77734375,3.7666015625,5.9423828125,10.3837890625,21.056640625,3.9208984375,3.0439453125,3.0439453125,3.0439453125,3.0439453125,4.486328125,8.4404296875,3.533203125,4.3955078125,5.431640625,8.365234375,20.892578125,3.474609375,1.599609375,1.599609375,1.599609375,1.599609375,1.9765625,8.4794921875,3.314453125,3.7939453125,4.98828125,11.5751953125,14.376953125,1.7666015625,1.7666015625,1.7666015625,1.7666015625,1.7666015625,2.1943359375,8.255859375,3.966796875,4.4052734375,4.8701171875,9.609375,21.0458984375,5.2607421875,4.78125,4.78125,4.78125,4.78125,4.78125,10.07421875,3.0810546875,4.283203125,5.2998046875,6.66015625,17.9716796875,5.236328125,4.99609375,4.99609375,4.99609375,4.99609375,5.91015625,8.8662109375,3.6025390625,4.49609375,5.2890625,7.763671875,18.4169921875,5.21484375,4.755859375,4.755859375,4.755859375,4.755859375,6.6953125,5.9873046875,2.9658203125,4.2744140625,5.150390625,11.0966796875,21.716796875,4.30078125,3.197265625,3.197265625,3.197265625,3.197265625,4.5859375,7.92578125,3.26953125,3.7744140625,5.5478515625,7.2724609375,20.32421875,3.537109375,2.884765625,2.884765625,2.884765625,2.884765625,4.01171875,8.2880859375,4.0224609375,4.4560546875,5.5166015625,8.5830078125,19.994140625,4.748046875,4.3974609375,4.3974609375,4.3974609375,4.3974609375,5.2236328125,8.455078125,2.8876953125,3.732421875,5.142578125,10.9462890625,19.9326171875,5.546875,5.46484375,5.46484375,5.46484375,5.46484375,9.798828125,5.34765625,3.52734375,3.7587890625,5.4052734375,12.4169921875,21.1875,6.349609375,5.0166015625,5.0166015625,5.0166015625,5.0166015625,5.0888671875,7.9248046875,3.1591796875,3.4794921875,5.0166015625,7.3056640625,21.775390625,4.109375,2.4345703125,2.4345703125,2.4345703125,2.4345703125,5.0478515625,6.404296875,4.158203125,4.017578125,5.5283203125,7.96875,20.9775390625,6.6279296875,6.0595703125,6.0595703125,6.0595703125,6.0595703125,6.82421875,8.306640625,3.42578125,3.64453125,5.5068359375,8.2314453125,20.0361328125,4.9443359375,5.1806640625,5.1806640625,5.1806640625,5.1806640625,5.7421875,11.2666015625,3.4052734375,3.234375,5.4609375,7.359375,16.8671875,4.3779296875,4.330078125,4.330078125,4.330078125,4.330078125,4.927734375,10.3466796875,3.99609375,3.9482421875,4.908203125,11.3291015625,20.0341796875,3.5205078125,3.01171875,3.01171875,3.01171875,3.01171875,3.6689453125,8.94140625,3.8984375,4.1953125,5.244140625,8.4912109375,22.865234375,4.8154296875,1.744140625,1.744140625,1.744140625,1.744140625,2.91015625,8.185546875,3.6943359375,4.267578125,4.6416015625,6.8193359375,18.23828125,3.5830078125,3.056640625,3.056640625,3.056640625,3.056640625,3.408203125,8.3671875,3.6474609375,3.767578125,5.6796875,13.744140625,13.2109375,2.8203125,2.8203125,2.8203125,2.8203125,2.8203125,2.8505859375,10.619140625,3.263671875,3.5810546875,5.3740234375,7.9267578125,14.49609375,3.248046875,3.17578125,3.17578125,3.17578125,3.17578125,3.38671875,7.466796875,2.6748046875,3.8544921875,5.7958984375,10.9560546875,16.0927734375,4.080078125
NA_74,16.3203125,16.3203125,16.3203125,16.1220703125,21.478515625,21.73046875,12.2099609375,15.61328125,21.2275390625,24.947265625,23.248046875,21.2783203125,20.509765625,20.6328125,20.6328125,21.580078125,24.46875,16.1171875,10.224609375,10.890625,14.42578125,22.0048828125,-7.10543413386458e-15,-7.10543413386458e-15,-7.10543413386458e-15,-7.10543413386458e-15,-7.10543413386458e-15,-7.10543413386458e-15,12.3095703125,18.7431640625,13.6103515625,9.67578125,16.9892578125,23.7021484375,24.736328125,20.3564453125,14.8984375,16.3310546875,14.8466796875,15.140625,23.9658203125,17.966796875,10.6474609375,11.177734375,15.078125,24.9287109375,14.236328125,-7.10543413386458e-15,-7.10543413386458e-15,-7.10543413386458e-15,-7.10543413386458e-15,2.2373046875,24.5595703125,15.6484375,11.291015625,9.755859375,14.904296875,24.978515625,24.24609375,2.9638671875,1.0556640625,1.0556640625,1.0556640625,3.4873046875,24.0927734375,16.57421875,10.8408203125,10.1376953125,17.439453125,24.7158203125,6.0341796875,-7.10543413386458e-15,-7.10543413386458e-15,-7.10543413386458e-15,-7.10543413386458e-15,-7.10543413386458e-15,11.4150390625,20.5029296875,12.6474609375,11.1796875,14.892578125,24.263671875,8.5185546875,-7.10543413386458e-15,-7.10543413386458e-15,-7.10543413386458e-15,-7.10543413386458e-15,0.171875,20.2734375,19.8095703125,9.6689453125,11.1123046875,14.11328125,24.119140625,21.81640625,12.7998046875,12.38671875,12.38671875,12.38671875,12.38671875,18.5537109375,21.869140625,15.80859375,9.5458984375,15.5,22.0224609375,7.9130859375,7.9130859375,7.9130859375,7.9130859375,7.9130859375,7.9130859375,18.09375,19.3740234375,13.3681640625,12.4189453125,13.6875,24.9267578125,20.1376953125,16.505859375,16.505859375,16.505859375,16.505859375,16.505859375,21.4765625,21.884765625,15.5986328125,13.8134765625,15.0107421875,24.984375,21.568359375,22.310546875,22.310546875,22.310546875,22.310546875,22.310546875,23.486328125,23.044921875,15.1103515625,11.7138671875,16.2490234375,24.08984375,22.8828125,21.9130859375,21.9130859375,21.9130859375,21.9130859375,21.9130859375,23.2294921875,22.2744140625,15.48828125,13.4462890625,19.5361328125,21.4794921875,12.5830078125,11.857421875,11.857421875,11.857421875,11.857421875,11.857421875,14.5537109375,20.134765625,11.6025390625,10.896484375,18.845703125,24.9990234375,24.00390625,22.34375,22.83203125,5.62109375,-7.10543413386458e-15,1.0439453125,24.466796875,18.94140625,11.7978515625,10.6142578125,15.458984375,24.0732421875,19.3994140625,12.86328125,12.3203125,10.87890625,10.87890625,14.7099609375,23.9580078125,14.572265625,11.7197265625,11.8212890625,18.3037109375,24.89453125,22.5869140625,17.927734375,17.14453125,16.8623046875,18.126953125,24.6435546875,23.400390625,14.5244140625,10.5888671875,10.55859375,14.0068359375,24.1142578125,20.5166015625,14.3955078125,14.3955078125,14.3955078125,14.3955078125,14.3955078125,21.8515625,16.1943359375,9.4921875,11.8349609375,15.37890625,23.6611328125,21.7548828125,16.2294921875,13.0185546875,13.0185546875,13.0185546875,14.5771484375,24.8818359375,17.76953125,13.6318359375,12.8466796875,13.1123046875,22.3271484375,24.548828125,23.4228515625,22.7587890625,22.7587890625,22.8447265625,22.5986328125,24.9453125,14.802734375,8.39453125,9.51953125,14.9287109375,24.61328125,24.8955078125,16.892578125,13.1240234375,13.1240234375,13.1240234375,13.1240234375,20.10546875,19.86328125,10.595703125,8.44921875,16.7275390625,23.48828125,17.4736328125,9.2802734375
NA_749,1.6748046875,1.4501953125,1.2255859375,1.228515625,1.1884765625,1.1298828125,1.0859375,1.0966796875,1.390625,1.275390625,1.6630859375,1.8427734375,1.3671875,1.1611328125,1.1884765625,1.1650390625,1.1064453125,1.0830078125,1.0390625,1.0693359375,1.2041015625,1.6220703125,1.7275390625,1.7626953125,1.822265625,1.5986328125,1.9755859375,1.544921875,1.65234375,1.5576171875,1.6865234375,1.5771484375,1.7041015625,1.73046875,1.802734375,1.6591796875,1.7412109375,1.642578125,1.3359375,1.5009765625,1.1865234375,1.126953125,1.12890625,1.1650390625,1.5732421875,1.5029296875,1.55078125,1.8720703125,1.666015625,1.6845703125,1.205078125,1.2109375,1.1455078125,1.0810546875,1.0546875,1.10546875,1.150390625,1.388671875,1.7939453125,1.87109375,1.388671875,1.763671875,1.6533203125,1.8525390625,1.388671875,1.1845703125,1.1953125,1.2255859375,1.716796875,1.7333984375,1.611328125,1.763671875,1.69140625,1.7763671875,1.3046875,1.216796875,1.1611328125,1.0810546875,1.087890625,1.1005859375,1.4345703125,1.720703125,1.5400390625,1.5341796875,1.779296875,1.529296875,1.2470703125,1.3125,1.166015625,1.091796875,1.0634765625,1.087890625,1.1650390625,1.681640625,1.447265625,1.501953125,1.8505859375,1.3759765625,1.5087890625,1.4052734375,1.298828125,1.1767578125,1.1552734375,1.224609375,1.6923828125,1.8427734375,1.619140625,1.685546875,1.7998046875,1.9951171875,1.736328125,1.9169921875,1.7783203125,1.802734375,1.7197265625,1.7548828125,1.6484375,1.806640625,1.80078125,1.7568359375,1.6474609375,1.962890625,1.5986328125,1.876953125,1.8291015625,1.8515625,1.744140625,1.6787109375,1.8671875,1.525390625,1.611328125,1.876953125,1.8486328125,1.529296875,1.181640625,1.236328125,1.212890625,1.08984375,1.0205078125,1.0380859375,1.181640625,1.7021484375,1.9345703125,1.6279296875,1.6845703125,1.49609375,1.220703125,1.203125,1.087890625,1.09765625,1.064453125,1.1357421875,1.2119140625,1.634765625,1.4384765625,1.7236328125,1.583984375,1.2705078125,1.5166015625,1.8291015625,1.4453125,1.1357421875,1.1962890625,1.25,1.48046875,1.6943359375,1.6787109375,1.6435546875,1.9404296875,1.4501953125,1.3427734375,1.2158203125,1.1826171875,1.099609375,1.044921875,1.0810546875,1.1455078125,1.576171875,1.91015625,1.791015625,1.67578125,1.650390625,1.173828125,1.1240234375,1.1396484375,1.0771484375,1.0703125,1.087890625,1.1728515625,1.650390625,1.7314453125,1.6787109375,1.7275390625,1.4990234375,1.412109375,1.4130859375,1.2470703125,1.123046875,1.1513671875,1.2568359375,1.6396484375,1.767578125,1.7119140625,1.5625,1.474609375,1.4599609375,1.671875,1.880859375,1.611328125,1.8193359375,1.6962890625,1.759765625,1.4384765625,1.7646484375,1.517578125,1.6171875,1.8662109375,1.4267578125,1.310546875,1.328125,1.1259765625,1.1455078125,1.0849609375,1.1171875,1.2373046875,1.728515625,1.4853515625,1.7509765625,1.7197265625,1.6259765625,1.5771484375,1.4052734375,1.2548828125,1.1591796875,1.171875,1.1201171875,1.52734375,1.65234375,1.48046875,1.451171875,1.4833984375,1.70703125,1.2451171875,1.216796875,1.16015625,1.1416015625,1.134765625,1.125,1.4140625,1.5615234375,1.5927734375,1.7431640625
NA_764,29.4345703125,29.4345703125,29.4345703125,28.9765625,42.7177734375,33.158203125,15.0458984375,13.1435546875,20.47265625,30.0791015625,45.9033203125,25.8017578125,20.470703125,20.470703125,20.470703125,21.30078125,41.794921875,28.232421875,16.7333984375,12.869140625,16.728515625,28.8857421875,47.9970703125,41.1435546875,28.962890625,28.9521484375,28.9521484375,29.5009765625,39.5810546875,33.708984375,17.4609375,13.6103515625,16.7822265625,32.90625,46.2158203125,27.7587890625,26.1240234375,26.1240234375,26.1240234375,26.1240234375,33.73828125,33.44140625,16.7060546875,12.4619140625,16.818359375,29.111328125,47.533203125,27.78125,23.8046875,23.8046875,23.8046875,25.56640625,43.1982421875,33.939453125,13.5361328125,15.4326171875,17.4580078125,25.361328125,47.177734375,32.5712890625,27.3017578125,27.3017578125,27.3017578125,27.6044921875,39.048828125,28.255859375,13.7392578125,12.5966796875,15.8798828125,25.3876953125,46.908203125,31.7041015625,24.2236328125,24.2236328125,24.2236328125,25.2890625,42.7578125,25.6630859375,13.2529296875,13.9208984375,16.5810546875,31.7412109375,47.53125,33.8564453125,21.119140625,21.119140625,21.119140625,21.25,42.3955078125,27.5205078125,15.4169921875,14.0361328125,18.216796875,20.58203125,45.0400390625,28.9619140625,24.0869140625,24.0869140625,24.0869140625,24.9658203125,42.236328125,25.7939453125,15.13671875,12.6201171875,15.1015625,28.2275390625,46.7529296875,31.3544921875,27.4267578125,27.4267578125,27.4267578125,28.4521484375,41.2158203125,27.404296875,15.6689453125,13.06640625,15.8857421875,32.51953125,47.8515625,34.615234375,19.8720703125,19.8720703125,19.8720703125,33.0341796875,45.3056640625,23.3935546875,14.244140625,13.685546875,17.76171875,32.291015625,47.83203125,36.052734375,31.9853515625,31.9853515625,31.9853515625,31.9658203125,40.08984375,31.19921875,14.337890625,11.5166015625,14.5283203125,26.146484375,47.17578125,37.859375,22.576171875,22.576171875,22.576171875,29.4951171875,43.2275390625,26.37109375,14.2998046875,12.927734375,18.4169921875,30.5263671875,45.923828125,36.701171875,30.9921875,30.9921875,30.9921875,30.119140625,44.083984375,32.1875,14.83203125,13.2685546875,16.5546875,26.9091796875,47.67578125,33.3515625,32.5947265625,32.5947265625,32.5947265625,32.5947265625,39.9716796875,33.302734375,17.638671875,13.3173828125,18.4208984375,25.935546875,46.53125,26.0546875,22.876953125,22.876953125,22.876953125,22.9169921875,38.0439453125,27.6455078125,14.6220703125,12.5634765625,13.818359375,31.73828125,47.900390625,40.05078125,30.5966796875,30.666015625,30.666015625,30.6650390625,36.9296875,39.044921875,17.1728515625,13.28125,16.1904296875,26.5703125,47.736328125,35.5068359375,25.4287109375,25.4287109375,25.4287109375,26.314453125,41.39453125,28.2001953125,13.873046875,13.8583984375,12.287109375,22.9326171875,43.1123046875,38.34765625,35.1650390625,35.1650390625,35.1650390625,35.1650390625,39.8916015625,33.01953125,15.224609375,11.4384765625,16.7568359375,34.30859375,46.9755859375,20.8837890625,17.822265625,17.822265625,17.822265625,17.8251953125,37.2373046875,38.2685546875,15.8623046875,13.9833984375,17.5888671875,26.662109375,44.9111328125,25.275390625,23.833984375,23.833984375,23.833984375,24.001953125,37.130859375,32.76171875,13.4052734375,10.8310546875,20.8828125,31.375,47.4462890625,34.1513671875
NA_770,24.423828125,12.3896484375,6.087890625,4.5595703125,3.6884765625,2.6220703125,2.4111328125,2.193359375,3.0537109375,3.373046875,5.8759765625,13.03515625,35.3818359375,21.3310546875,8.103515625,5.7841796875,2.6494140625,2.6962890625,2.2958984375,2.052734375,2.5205078125,3.1904296875,4.421875,18.4697265625,34.46875,22.435546875,11.4765625,4.4658203125,3.41796875,2.6142578125,2.203125,2.556640625,2.5849609375,3.1240234375,4.5732421875,9.5107421875,26.2431640625,18.2607421875,7.693359375,6.2939453125,3.46875,2.77734375,1.994140625,2.154296875,2.720703125,3.017578125,5.287109375,11.888671875,34.2783203125,23.2197265625,8.2041015625,4.734375,3.6396484375,2.552734375,2.26953125,2.6083984375,3.0224609375,4.2470703125,5.1357421875,18.4423828125,28.0048828125,15.4619140625,6.400390625,4.9853515625,3.380859375,3.126953125,2.0283203125,2.3330078125,2.7900390625,3.3505859375,4.5830078125,10.6171875,28.3017578125,18.1171875,8.1474609375,4.79296875,2.994140625,2.34765625,1.9912109375,2.439453125,2.8828125,3.3056640625,4.2626953125,11.271484375,31.8779296875,17.455078125,7.765625,4.326171875,3.15625,2.626953125,1.94921875,2.3203125,3.05859375,3.60546875,3.6640625,11.1953125,33.5107421875,18.818359375,8.92578125,5.2294921875,3.953125,2.5087890625,2.16015625,2.162109375,2.5126953125,3.3779296875,3.931640625,9.5263671875,24.771484375,17.5859375,7.8564453125,5.982421875,2.55078125,3.001953125,2.2861328125,2.546875,2.6083984375,4.0947265625,3.9521484375,16.7763671875,24.7216796875,13.85546875,11.8310546875,6.509765625,4.81640625,2.7177734375,2.2099609375,2.48828125,2.498046875,3.3994140625,5.57421875,5.7685546875,21.7373046875,20.1123046875,10.25,6.154296875,4.625,3.0810546875,2.1796875,2.1435546875,2.3173828125,3.2880859375,4.6533203125,11.833984375,19.208984375,15.685546875,7.734375,4.646484375,3.384765625,2.6513671875,2.0634765625,2.0302734375,2.3876953125,3.326171875,3.728515625,9.5087890625,24.8701171875,12.861328125,9.2802734375,4.6455078125,3.638671875,2.458984375,2.130859375,2.2255859375,2.826171875,3.5322265625,4.06640625,14.005859375,14.0498046875,13.09375,5.79296875,4.67578125,4.046875,2.845703125,2.1875,2.376953125,2.3125,2.7275390625,4.697265625,6.232421875,15.1220703125,6.349609375,4.11328125,4.26953125,3.5576171875,2.0888671875,2.4931640625,2.1943359375,2.423828125,2.8134765625,4.8515625,11.0859375,24.4169921875,16.19921875,7.43359375,4.4775390625,3.7666015625,2.2646484375,2.5068359375,2.326171875,2.9609375,3.0205078125,4.31640625,9.888671875,30.6396484375,13.958984375,5.55078125,3.9765625,3.2548828125,2.6826171875,2.0947265625,2.28515625,2.98828125,3.255859375,3.9912109375,6.0234375,9.2509765625,9.517578125,6.791015625,4.623046875,3.1435546875,2.6728515625,2.0361328125,2.462890625,2.466796875,3.5048828125,4.76953125,10.6923828125,33.6357421875,25.6318359375,10.7783203125,4.451171875,3.7587890625,2.53515625,2.173828125,2.3974609375,3.216796875,3.9482421875,4.7568359375,18.8564453125,30.7763671875,25.0283203125,7.525390625,4.333984375,3.19921875,3.1904296875,2.31640625,2.3125,2.6123046875,3.2578125,4.712890625,17.365234375
NA_817,28.419921875,28.240234375,22.8740234375,15.927734375,9.669921875,7.119140625,6.7802734375,6.880859375,8.1357421875,9.3291015625,19.4609375,28.041015625,17.21875,28.228515625,28.2734375,18.7138671875,9.0234375,7.0693359375,6.23046875,5.8662109375,7.654296875,13.931640625,17.0791015625,20.70703125,28.8447265625,28.9150390625,25.3154296875,14.9814453125,10.6728515625,6.1484375,5.5283203125,5.998046875,7.3974609375,8.01171875,19.4638671875,28.8857421875,28.1103515625,27.783203125,25.4482421875,20.9111328125,11.0009765625,7.669921875,5.982421875,5.1484375,7.453125,11.0224609375,17.7724609375,28.9384765625,28.8369140625,28.1962890625,26.6376953125,17.6630859375,8.9619140625,6.1005859375,6.271484375,6.4169921875,7.6474609375,8.3408203125,13.8154296875,26.81640625,26.224609375,28.322265625,26.5908203125,15.7333984375,9.7119140625,6.2353515625,6.2705078125,4.9462890625,7.1015625,9.87890625,18.9091796875,28.98046875,28.9013671875,28.755859375,28.6162109375,15.9794921875,10.35546875,7.625,6.177734375,5.3046875,8.140625,12.3779296875,22.2265625,26.787109375,28.34765625,28.353515625,24.4453125,18.7470703125,8.9609375,7.30859375,6.70703125,5.73046875,6.6875,9.8681640625,18.3154296875,27.474609375,28.9140625,28.7412109375,28.43359375,17.3515625,11.431640625,7.365234375,6.0556640625,6.2724609375,8.0341796875,11.330078125,22.7041015625,28.3349609375,28.0439453125,28.45703125,25.853515625,17.4033203125,9.484375,6.595703125,7.72265625,6.8759765625,5.82421875,10.6103515625,14.2822265625,28.0283203125,24.4033203125,26.37109375,28.208984375,16.509765625,9.34765625,5.98046875,5.8720703125,5.40234375,7.587890625,11.4189453125,15.8564453125,26.5625,23.8388671875,28.30859375,24.6396484375,17.7763671875,9.5009765625,6.869140625,5.18359375,6.900390625,7.0166015625,11.5107421875,18.3017578125,25.8427734375,27.8203125,27.8173828125,20.3828125,13.138671875,7.2490234375,7.4091796875,5.5908203125,5.5283203125,7.294921875,10.7880859375,26.4013671875,27.1455078125,27.740234375,28.677734375,28.6259765625,18.072265625,10.6123046875,6.89453125,6.220703125,5.7392578125,6.5322265625,10.171875,21.302734375,28.583984375,27.0546875,25.6904296875,28.3564453125,19.3984375,9.9091796875,6.4892578125,7.2734375,6.056640625,6.94140625,11.73828125,23.55078125,27.9169921875,28.8505859375,28.2275390625,28.2841796875,19.75390625,9.5732421875,6.865234375,6.232421875,6.4794921875,5.966796875,9.12890625,14.73046875,26.0078125,28.6318359375,28.8759765625,24.0078125,14.9794921875,10.966796875,7.095703125,6.3291015625,6.1728515625,7.2197265625,10.7841796875,14.705078125,27.162109375,26.1845703125,26.4697265625,25.9931640625,15.6162109375,10.2216796875,7.203125,5.5458984375,6.533203125,8.1328125,11.537109375,22.40234375,27.951171875,27.1484375,28.17578125,27.560546875,25.6767578125,8.7685546875,6.32421875,5.6337890625,6.2021484375,6.70703125,11.4130859375,24.8779296875,28.4873046875,28.3369140625,27.619140625,27.7412109375,17.46484375,9.1044921875,7.599609375,5.8359375,6.0556640625,6.6083984375,10.3505859375,24.21875,27.572265625,28.1875,28.701171875,23.21875,16.107421875,10.818359375,8.4794921875,5.6416015625,5.85546875,7.869140625,9.6826171875,15.5556640625,28.6748046875
NA_824,1.9990234375,1.9970703125,2.0,1.9990234375,2.0,1.9990234375,1.9951171875,1.998046875,2.0,1.9970703125,1.99609375,1.998046875,1.9384765625,1.998046875,1.998046875,2.0,2.0,1.9892578125,1.9931640625,1.9990234375,1.9892578125,1.9990234375,1.9951171875,2.0,1.9951171875,2.0,1.9921875,1.9990234375,2.0,1.998046875,1.998046875,1.994140625,1.9931640625,1.9970703125,1.9990234375,1.9990234375,2.0,1.9990234375,1.998046875,1.998046875,1.998046875,1.9921875,1.9990234375,1.998046875,1.99609375,1.9716796875,1.998046875,1.9990234375,1.9619140625,2.0,1.998046875,1.9970703125,1.9990234375,1.990234375,1.9951171875,1.9990234375,1.9853515625,1.9736328125,2.0,2.0,2.0,1.994140625,2.0,1.9990234375,2.0,1.986328125,1.98828125,1.9951171875,1.9990234375,1.998046875,1.9921875,2.0,2.0,1.9990234375,2.0,1.998046875,1.9990234375,1.9951171875,1.9970703125,1.9990234375,1.99609375,1.99609375,1.984375,2.0,2.0,1.998046875,1.9931640625,1.9970703125,1.9990234375,1.998046875,1.998046875,1.9990234375,1.9990234375,1.9990234375,1.9990234375,1.9990234375,2.0,1.99609375,1.9990234375,1.9951171875,2.0,1.9951171875,1.9970703125,1.9140625,2.0,1.9990234375,1.9990234375,2.0,2.0,2.0,2.0,2.0,1.9990234375,1.9912109375,2.0,1.998046875,1.9990234375,2.0,1.994140625,1.998046875,1.6787109375,2.0,2.0,2.0,2.0,1.99609375,1.9990234375,1.9921875,1.98828125,1.998046875,1.998046875,1.98828125,1.9990234375,1.99609375,2.0,1.998046875,2.0,1.9921875,1.998046875,1.9931640625,1.998046875,1.9990234375,2.0,2.0,1.9990234375,1.9990234375,1.998046875,1.9990234375,1.9990234375,1.99609375,2.0,1.9833984375,1.9931640625,1.9521484375,1.9990234375,2.0,1.9970703125,2.0,1.9990234375,1.990234375,1.986328125,1.998046875,1.9951171875,1.9951171875,2.0,1.9892578125,2.0,1.9951171875,1.9453125,1.998046875,1.9990234375,1.9990234375,1.9970703125,1.9990234375,1.994140625,1.994140625,2.0,1.99609375,2.0,2.0,1.9990234375,2.0,1.998046875,1.998046875,2.0,1.998046875,2.0,1.9912109375,2.0,1.9873046875,2.0,1.9990234375,2.0,1.998046875,1.9990234375,2.0,2.0,1.9921875,1.9970703125,1.98828125,1.9990234375,1.9951171875,2.0,1.9990234375,2.0,2.0,1.9990234375,1.9990234375,1.9990234375,2.0,1.9990234375,2.0,1.9970703125,1.9970703125,1.9619140625,2.0,1.5908203125,2.0,2.0,1.998046875,1.9921875,1.9970703125,1.9921875,1.9912109375,1.994140625,1.9990234375,1.9921875,1.9970703125,1.9990234375,1.998046875,1.9990234375,1.9873046875,2.0,1.9990234375,1.998046875,1.986328125,2.0,1.99609375,2.0,2.0,2.0,2.0,2.0,2.0,2.0,2.0,2.0,2.0,1.99609375,1.99609375,2.0,2.0
NA_834,14.958984375,14.07421875,7.8515625,7.947265625,5.55078125,5.9775390625,5.314453125,5.3134765625,4.404296875,8.4716796875,14.27734375,23.46484375,22.3095703125,12.4765625,8.205078125,7.2216796875,6.4365234375,5.3046875,5.2880859375,4.810546875,4.4775390625,7.353515625,7.837890625,19.1220703125,20.5234375,21.26953125,15.876953125,7.4306640625,6.4375,5.306640625,5.423828125,5.3271484375,4.5126953125,5.5166015625,10.0732421875,22.9287109375,22.5205078125,16.6943359375,8.744140625,7.849609375,4.921875,4.623046875,4.7958984375,4.23046875,4.703125,5.4794921875,8.849609375,23.0537109375,22.025390625,20.6337890625,8.7822265625,6.8232421875,6.7578125,5.3681640625,5.025390625,4.2607421875,4.3486328125,4.4228515625,6.896484375,19.9306640625,15.6484375,14.9921875,7.95703125,8.03515625,6.646484375,5.599609375,5.0478515625,4.7734375,4.5322265625,6.1376953125,7.03515625,23.0859375,18.9501953125,17.330078125,9.8271484375,6.642578125,6.318359375,4.8955078125,5.009765625,4.8525390625,4.673828125,5.880859375,9.0234375,21.451171875,23.9208984375,16.7041015625,9.9755859375,7.8388671875,5.609375,5.0615234375,4.8486328125,5.3994140625,5.1474609375,6.0634765625,8.4443359375,17.484375,22.69140625,14.42578125,9.5537109375,6.5537109375,5.654296875,6.6484375,5.962890625,4.166015625,3.861328125,6.83203125,9.0615234375,21.6259765625,21.4375,18.900390625,11.66796875,9.5849609375,5.0634765625,5.7470703125,4.60546875,4.9111328125,4.728515625,7.5625,10.03515625,23.5087890625,20.08203125,17.5791015625,13.083984375,7.6552734375,6.0947265625,5.8544921875,5.1943359375,4.556640625,4.8154296875,5.2333984375,9.7138671875,20.91015625,22.654296875,18.98046875,8.9345703125,6.66015625,5.814453125,6.3017578125,5.4716796875,4.576171875,3.7568359375,6.4150390625,9.4921875,21.9033203125,20.5283203125,14.3095703125,9.5009765625,6.740234375,5.7236328125,5.5068359375,4.9912109375,4.525390625,5.17578125,6.1796875,9.19140625,16.1669921875,20.3447265625,11.3095703125,10.2490234375,7.94921875,6.1279296875,5.521484375,4.603515625,4.2744140625,4.4658203125,6.201171875,11.3115234375,22.5849609375,22.04296875,17.474609375,9.255859375,7.431640625,6.4560546875,6.3369140625,5.318359375,4.236328125,4.7578125,5.408203125,11.759765625,13.318359375,20.31640625,14.4521484375,9.443359375,6.1171875,6.3603515625,5.806640625,6.1044921875,4.51953125,4.720703125,5.6279296875,8.44921875,16.6962890625,23.748046875,15.5322265625,8.53125,6.1806640625,5.6201171875,5.326171875,5.5859375,4.6865234375,4.4541015625,6.24609375,6.87890625,16.1728515625,15.888671875,12.5986328125,8.5107421875,7.2099609375,6.2421875,5.2138671875,5.42578125,4.623046875,5.046875,6.2373046875,7.4814453125,20.232421875,24.6845703125,15.8310546875,8.826171875,7.4716796875,6.6640625,6.044921875,4.3583984375,4.978515625,4.072265625,6.390625,14.2021484375,23.32421875,21.865234375,14.966796875,9.990234375,7.7626953125,6.11328125,4.7314453125,5.0029296875,4.666015625,5.2919921875,6.251953125,13.341796875,20.0810546875,22.380859375,19.8564453125,9.2890625,6.888671875,6.2861328125,5.849609375,5.3408203125,4.927734375,4.5400390625,7.251953125,10.447265625,23.740234375
NA_852,15.603515625,8.3642578125,6.0224609375,4.939453125,4.1455078125,4.41015625,3.81640625,4.7392578125,5.5576171875,4.6943359375,6.1591796875,12.7216796875,18.6748046875,9.7958984375,9.099609375,4.6845703125,4.8203125,4.181640625,3.8828125,4.423828125,5.375,7.2421875,13.6083984375,19.248046875,16.79296875,8.751953125,6.498046875,3.91796875,3.7177734375,4.8095703125,3.857421875,4.349609375,4.6240234375,4.240234375,10.5732421875,17.3857421875,17.0947265625,10.4990234375,7.83203125,5.5615234375,4.12890625,4.11328125,3.978515625,4.181640625,4.7216796875,6.177734375,6.1787109375,18.7470703125,22.318359375,16.3115234375,7.5390625,6.7734375,3.66015625,3.9384765625,4.009765625,3.916015625,4.330078125,4.4638671875,5.4052734375,9.677734375,12.8994140625,8.57421875,11.119140625,4.609375,4.6181640625,4.8359375,4.3544921875,4.4814453125,5.275390625,5.6865234375,7.244140625,10.052734375,16.9443359375,8.1494140625,6.4853515625,4.4443359375,3.9326171875,4.609375,4.822265625,4.052734375,4.7099609375,5.1484375,10.6396484375,21.8779296875,16.2314453125,9.4091796875,5.2939453125,6.14453125,4.2177734375,3.51953125,3.5751953125,4.927734375,5.1806640625,7.4072265625,8.6259765625,6.4521484375,18.1201171875,9.0859375,8.24609375,4.6923828125,5.044921875,4.26171875,4.2314453125,4.0126953125,5.90625,7.2685546875,12.8623046875,17.037109375,16.9423828125,12.556640625,7.5576171875,6.5341796875,4.7685546875,4.1982421875,4.4423828125,4.0439453125,4.8037109375,5.341796875,12.2373046875,19.607421875,22.556640625,22.4462890625,10.4501953125,6.9912109375,4.1162109375,3.513671875,4.208984375,4.57421875,5.5947265625,6.0048828125,7.90625,17.6865234375,20.6318359375,14.0830078125,5.779296875,4.2998046875,3.75390625,5.1708984375,4.181640625,4.2451171875,5.46484375,6.27734375,6.142578125,7.744140625,16.5439453125,16.7724609375,6.5537109375,6.6064453125,4.9990234375,4.728515625,4.1298828125,4.72265625,4.8466796875,5.4443359375,7.9443359375,13.419921875,20.228515625,11.6396484375,10.8798828125,6.291015625,4.6328125,4.791015625,3.935546875,5.109375,5.572265625,4.96484375,7.3896484375,14.2255859375,19.404296875,6.8896484375,8.0478515625,5.455078125,4.6689453125,4.28125,4.1279296875,3.966796875,5.2939453125,5.36328125,7.216796875,17.9990234375,15.8076171875,16.740234375,8.60546875,5.345703125,3.625,4.2744140625,3.8642578125,4.3388671875,4.1123046875,6.0888671875,5.6279296875,8.2568359375,19.9833984375,15.34765625,10.736328125,6.4853515625,3.9716796875,4.029296875,3.77734375,4.1240234375,4.8896484375,6.541015625,7.5,8.7685546875,13.986328125,15.1142578125,7.029296875,6.1337890625,4.1318359375,4.375,4.1650390625,4.212890625,5.5732421875,7.5,10.302734375,18.322265625,18.662109375,8.3359375,5.171875,4.8193359375,3.822265625,4.25390625,4.1064453125,4.0859375,3.8330078125,5.587890625,4.9150390625,12.9609375,14.4501953125,10.3798828125,5.8916015625,6.29296875,4.6826171875,4.447265625,3.6435546875,3.8623046875,4.21875,5.10546875,5.4697265625,10.0869140625,17.48046875,13.150390625,5.0263671875,5.41015625,4.5419921875,5.0830078125,3.78515625,4.7138671875,5.1015625,6.072265625,8.619140625,10.642578125
NA_883,1.9013671875,1.8623046875,1.7841796875,1.7919921875,1.7470703125,1.74609375,1.7578125,1.7255859375,1.7509765625,1.767578125,1.845703125,1.8828125,1.64453125,1.814453125,1.8662109375,1.787109375,1.7626953125,1.73828125,1.7216796875,1.744140625,1.7265625,1.8056640625,1.826171875,1.9052734375,1.900390625,1.8232421875,1.76953125,1.7666015625,1.7548828125,1.732421875,1.7529296875,1.748046875,1.75390625,1.74609375,1.8359375,2.060546875,1.8486328125,1.8427734375,1.763671875,1.7724609375,1.740234375,1.75,1.7587890625,1.7509765625,1.7490234375,1.7578125,1.7626953125,2.0,1.986328125,1.9609375,1.78125,1.7890625,1.7607421875,1.7626953125,1.7587890625,1.736328125,1.7685546875,1.7666015625,1.794921875,2.001953125,1.9033203125,1.9013671875,1.8974609375,1.8134765625,1.759765625,1.744140625,1.7451171875,1.7021484375,1.7724609375,1.7978515625,1.849609375,2.0478515625,1.8427734375,1.916015625,1.810546875,1.7734375,1.76953125,1.7587890625,1.734375,1.7333984375,1.7646484375,1.771484375,1.841796875,1.8447265625,1.90234375,1.974609375,1.7802734375,1.7939453125,1.7724609375,1.7626953125,1.7587890625,1.712890625,1.7509765625,1.7587890625,1.908203125,1.8935546875,1.935546875,1.8349609375,1.814453125,1.78515625,1.775390625,1.75,1.7607421875,1.7392578125,1.740234375,1.7900390625,1.89453125,1.884765625,1.96484375,1.88671875,1.8125,1.798828125,1.7705078125,1.7392578125,1.7646484375,1.755859375,1.765625,1.7626953125,1.7734375,2.08203125,1.5791015625,1.96484375,1.884765625,1.77734375,1.7490234375,1.7333984375,1.75390625,1.7587890625,1.744140625,1.775390625,1.873046875,1.97265625,1.9013671875,1.8623046875,1.8017578125,1.78515625,1.7568359375,1.7587890625,1.7158203125,1.7275390625,1.7470703125,1.783203125,1.7958984375,1.916015625,1.904296875,1.826171875,1.7763671875,1.7490234375,1.734375,1.734375,1.72265625,1.74609375,1.6826171875,1.7529296875,1.9609375,1.89453125,1.8955078125,1.935546875,1.9619140625,1.791015625,1.771484375,1.74609375,1.7568359375,1.7392578125,1.75,1.7275390625,1.9423828125,1.8818359375,1.9501953125,1.8310546875,1.8515625,1.783203125,1.76171875,1.7509765625,1.7578125,1.736328125,1.7255859375,1.7255859375,1.8984375,1.8994140625,1.9765625,2.0087890625,1.8173828125,1.7490234375,1.7421875,1.7490234375,1.759765625,1.751953125,1.7177734375,1.734375,1.7998046875,1.818359375,2.00390625,1.8984375,1.7841796875,1.7822265625,1.7626953125,1.7431640625,1.7490234375,1.7607421875,1.7548828125,1.765625,1.8017578125,1.89453125,1.8623046875,1.802734375,1.8291015625,1.775390625,1.7802734375,1.7626953125,1.748046875,1.71875,1.755859375,1.7783203125,1.865234375,1.92578125,1.546875,1.7822265625,1.828125,1.783203125,1.744140625,1.751953125,1.748046875,1.7158203125,1.7646484375,1.744140625,1.814453125,1.892578125,1.8994140625,1.794921875,1.80078125,1.7861328125,1.7236328125,1.7666015625,1.6962890625,1.7177734375,1.716796875,1.75390625,1.9052734375,1.9560546875,1.89453125,1.8603515625,1.78515625,1.79296875,1.765625,1.71875,1.73828125,1.73046875,1.73046875,1.70703125,1.798828125,1.990234375
NA_887,1.96484375,1.9150390625,1.7666015625,1.763671875,1.75390625,1.70703125,1.669921875,1.673828125,1.6943359375,1.6943359375,1.9208984375,2.294921875,1.9423828125,1.7705078125,1.787109375,1.767578125,1.7177734375,1.703125,1.65625,1.673828125,1.6591796875,1.708984375,1.689453125,1.8046875,1.96484375,1.861328125,1.880859375,1.75,1.75,1.68359375,1.6708984375,1.6806640625,1.7021484375,1.68359375,1.802734375,2.09375,2.234375,1.853515625,1.734375,1.763671875,1.734375,1.6875,1.669921875,1.68359375,1.6533203125,1.59375,1.724609375,1.9423828125,2.01953125,2.134765625,1.7841796875,1.7744140625,1.732421875,1.6943359375,1.673828125,1.6845703125,1.662109375,1.6953125,1.7783203125,2.0771484375,1.8359375,1.8173828125,1.787109375,1.77734375,1.7099609375,1.6845703125,1.654296875,1.6572265625,1.68359375,1.7080078125,1.7822265625,2.0205078125,1.857421875,1.953125,1.8134765625,1.76953125,1.7294921875,1.6708984375,1.6708984375,1.6650390625,1.6669921875,1.6728515625,1.845703125,1.9912109375,2.0634765625,1.994140625,1.78125,1.798828125,1.7255859375,1.677734375,1.6787109375,1.662109375,1.666015625,1.73828125,1.7763671875,1.923828125,2.0986328125,1.8740234375,1.841796875,1.77734375,1.7421875,1.7080078125,1.681640625,1.6748046875,1.7001953125,1.69921875,1.759765625,2.109375,2.0498046875,1.9755859375,1.8134765625,1.8369140625,1.7373046875,1.697265625,1.6904296875,1.658203125,1.681640625,1.7626953125,1.837890625,2.2451171875,2.11328125,2.0537109375,1.84375,1.779296875,1.7216796875,1.6943359375,1.673828125,1.669921875,1.69140625,1.7041015625,1.732421875,2.19921875,2.1005859375,2.0244140625,1.7705078125,1.8134765625,1.7685546875,1.7041015625,1.6630859375,1.6640625,1.55078125,1.70703125,1.7919921875,1.9501953125,1.8876953125,1.875,1.78125,1.7626953125,1.6962890625,1.69140625,1.587890625,1.7041015625,1.6611328125,1.7099609375,1.8076171875,2.02734375,2.0693359375,1.8408203125,1.8662109375,1.794921875,1.75,1.68359375,1.68359375,1.6728515625,1.666015625,1.5859375,1.9072265625,2.0859375,2.1591796875,1.95703125,1.828125,1.755859375,1.7275390625,1.69140625,1.58984375,1.65234375,1.6689453125,1.685546875,1.912109375,1.783203125,2.0703125,1.9453125,1.7431640625,1.71484375,1.7265625,1.6865234375,1.6865234375,1.66015625,1.6708984375,1.6904296875,1.77734375,1.8310546875,2.1962890625,1.9326171875,1.8134765625,1.7685546875,1.72265625,1.6884765625,1.6806640625,1.662109375,1.6650390625,1.677734375,1.7470703125,1.92578125,1.876953125,1.79296875,1.7978515625,1.765625,1.7294921875,1.7001953125,1.6513671875,1.6923828125,1.67578125,1.7109375,1.740234375,1.9873046875,1.9892578125,1.759765625,1.779296875,1.76953125,1.69921875,1.6904296875,1.6591796875,1.671875,1.640625,1.6943359375,1.7744140625,1.8173828125,1.890625,1.7841796875,1.7880859375,1.779296875,1.7333984375,1.66796875,1.6943359375,1.6572265625,1.6748046875,1.6923828125,1.81640625,1.91796875,1.955078125,1.9521484375,1.8037109375,1.7841796875,1.75390625,1.7216796875,1.712890625,1.6904296875,1.7353515625,1.732421875,1.791015625,2.224609375
NA_890,9.5126953125,3.5859375,5.6884765625,16.9130859375,12.455078125,7.3271484375,7.26171875,7.134765625,7.015625,8.9296875,21.779296875,15.404296875,11.2900390625,7.251953125,9.89453125,11.6865234375,15.6201171875,9.8955078125,7.7451171875,6.1982421875,6.6181640625,11.875,24.302734375,15.904296875,10.1123046875,4.8369140625,5.1923828125,8.0224609375,15.8876953125,6.5693359375,6.6044921875,6.361328125,7.056640625,9.1552734375,19.7373046875,20.048828125,11.6298828125,10.79296875,8.0341796875,15.638671875,12.1513671875,8.0556640625,6.6630859375,6.7080078125,7.16015625,7.6484375,23.021484375,12.869140625,5.2099609375,3.3583984375,7.08984375,15.0419921875,8.396484375,7.615234375,6.2626953125,6.2763671875,7.0498046875,9.64453125,23.73046875,18.51953125,10.9345703125,6.62890625,9.8974609375,11.6337890625,12.232421875,8.7109375,7.115234375,6.10546875,7.9912109375,8.8828125,24.28515625,12.8525390625,10.8203125,6.115234375,6.2236328125,15.5458984375,10.884765625,7.2041015625,6.86328125,6.8154296875,6.5869140625,9.275390625,24.201171875,12.6103515625,7.7490234375,3.3486328125,5.6953125,14.462890625,13.763671875,6.6181640625,6.1181640625,6.1787109375,7.59765625,9.6826171875,22.3701171875,13.2802734375,8.6357421875,3.712890625,7.228515625,8.166015625,13.6943359375,9.2236328125,7.1484375,5.9228515625,5.9677734375,9.7958984375,19.12109375,23.8193359375,10.13671875,8.7578125,9.380859375,10.787109375,16.8798828125,8.892578125,6.0693359375,6.486328125,6.1572265625,10.4736328125,25.599609375,14.9580078125,9.9267578125,5.4833984375,7.560546875,14.2890625,13.9912109375,8.7861328125,7.38671875,6.447265625,7.0,7.876953125,16.5869140625,13.06640625,5.4541015625,4.83984375,4.9658203125,9.78515625,16.73046875,7.1474609375,7.5048828125,6.8876953125,6.193359375,9.275390625,21.3046875,11.6357421875,8.025390625,3.03515625,4.1591796875,11.2275390625,14.17578125,6.568359375,6.0478515625,6.16015625,5.9638671875,10.193359375,22.6328125,17.951171875,8.125,2.8076171875,5.1767578125,13.0771484375,9.484375,7.9580078125,6.8388671875,5.693359375,5.7470703125,9.78515625,24.71875,15.58984375,12.3330078125,5.439453125,5.455078125,9.8310546875,11.9697265625,8.92578125,6.0458984375,5.6259765625,6.017578125,7.7626953125,22.966796875,12.6279296875,10.130859375,5.9892578125,5.802734375,21.09765625,10.95703125,7.837890625,6.8466796875,6.45703125,7.5654296875,8.40234375,19.4814453125,8.6103515625,1.26953125,1.279296875,4.365234375,15.1572265625,9.349609375,7.8408203125,7.140625,6.3017578125,6.9794921875,9.0302734375,16.119140625,21.05859375,9.5576171875,8.1787109375,8.12890625,9.4404296875,14.013671875,8.0908203125,7.4716796875,6.142578125,6.7490234375,10.84375,27.87109375,13.5751953125,7.3388671875,3.4287109375,3.96484375,9.2509765625,9.224609375,8.47265625,5.986328125,6.3935546875,6.9462890625,8.8603515625,21.50390625,19.607421875,10.5634765625,3.4150390625,2.6494140625,8.6279296875,10.2509765625,8.66796875,6.6904296875,5.984375,7.01953125,11.2431640625,24.3046875,12.931640625,9.3251953125,3.32421875,5.5400390625,14.06640625,9.7802734375,8.349609375,7.2060546875,7.0556640625,6.1142578125,10.7109375,26.171875,16.4208984375
NA_920,0.4755859375,0.4755859375,1.9384765625,5.9599609375,5.89453125,5.6953125,5.4404296875,5.6123046875,5.63671875,5.994140625,2.58984375,0.390625,0.390625,0.390625,0.4013671875,5.3330078125,5.44140625,5.1103515625,3.6904296875,3.4287109375,5.123046875,5.9453125,5.9541015625,0.0302734375,-7.10543413386458e-15,-7.10543413386458e-15,-7.10543413386458e-15,4.8232421875,5.677734375,4.208984375,3.3955078125,5.0439453125,5.7109375,5.9443359375,5.5146484375,2.03515625,0.2998046875,0.2998046875,3.75,5.990234375,5.4052734375,4.4453125,3.365234375,3.908203125,5.060546875,5.3994140625,4.3857421875,-7.10543413386458e-15,-7.10543413386458e-15,-7.10543413386458e-15,0.7900390625,5.890625,5.8330078125,4.68359375,4.3359375,5.30078125,5.599609375,5.5888671875,5.5556640625,-7.10543413386458e-15,-7.10543413386458e-15,-7.10543413386458e-15,0.8271484375,5.978515625,5.763671875,5.9580078125,4.771484375,5.1142578125,5.8779296875,5.8818359375,5.140625,0.29296875,0.29296875,0.29296875,0.310546875,5.365234375,5.0595703125,4.5458984375,3.244140625,5.11328125,5.103515625,5.94140625,5.62109375,-7.10543413386458e-15,-7.10543413386458e-15,-7.10543413386458e-15,1.8173828125,5.9677734375,5.4248046875,4.8740234375,4.552734375,5.4853515625,5.6376953125,5.9140625,5.5126953125,0.5615234375,0.5615234375,0.5615234375,0.5615234375,3.69140625,5.4013671875,4.67578125,3.5,3.8037109375,5.412109375,5.841796875,5.9150390625,2.591796875,0.6044921875,0.6044921875,0.6044921875,4.9248046875,4.982421875,3.7568359375,3.21875,3.8076171875,4.94921875,5.9697265625,4.486328125,-7.10543413386458e-15,-7.10543413386458e-15,-7.10543413386458e-15,-7.10543413386458e-15,3.8681640625,5.859375,5.2490234375,5.068359375,5.3935546875,5.5673828125,5.7841796875,4.6171875,-7.10543413386458e-15,-7.10543413386458e-15,-7.10543413386458e-15,0.2177734375,5.9814453125,5.9921875,5.8505859375,5.4521484375,5.3330078125,5.705078125,5.986328125,3.7421875,-7.10543413386458e-15,-7.10543413386458e-15,-7.10543413386458e-15,1.361328125,5.8076171875,5.6005859375,5.634765625,4.2841796875,5.1337890625,5.642578125,5.8984375,5.91796875,3.14453125,0.5693359375,0.5693359375,0.5693359375,5.1181640625,5.3994140625,5.412109375,3.5576171875,4.2021484375,5.0,5.9287109375,5.6259765625,0.8037109375,0.4150390625,0.4150390625,4.6474609375,5.99609375,5.8349609375,5.5810546875,4.82421875,4.3232421875,5.2275390625,5.857421875,5.1572265625,3.1650390625,0.66015625,0.8828125,4.2060546875,5.982421875,5.8203125,3.8564453125,3.884765625,4.6357421875,5.2724609375,5.62109375,5.0546875,0.537109375,0.537109375,0.537109375,3.654296875,5.849609375,5.7451171875,5.0908203125,5.2900390625,5.43359375,5.6328125,5.818359375,5.94921875,1.1357421875,0.716796875,0.716796875,2.6484375,5.9990234375,4.9921875,4.8876953125,3.482421875,4.681640625,5.640625,5.9501953125,5.9638671875,3.7333984375,3.2705078125,2.447265625,1.8740234375,5.994140625,4.8310546875,5.1767578125,4.2783203125,4.9716796875,5.7275390625,5.9248046875,4.4755859375,0.29296875,0.29296875,0.29296875,0.294921875,5.173828125,5.771484375,4.9052734375,3.9033203125,4.3125,5.7998046875,5.9462890625,4.83984375,0.1298828125,0.1298828125,0.1298828125,2.0283203125,5.9765625,5.7509765625,5.2939453125,5.0107421875,4.6298828125,5.521484375,5.8427734375,4.6943359375,0.3671875
NA_946,11.068359375,11.068359375,11.068359375,11.326171875,15.4853515625,6.39453125,3.9072265625,4.28125,6.921875,11.6474609375,17.34375,9.1123046875,8.716796875,8.716796875,8.716796875,8.7314453125,14.4384765625,5.4658203125,3.546875,4.208984375,5.5205078125,13.90234375,23.2001953125,11.0859375,8.1474609375,8.1474609375,8.1474609375,8.1474609375,12.2939453125,6.486328125,3.8603515625,4.1328125,6.2421875,16.69140625,15.890625,6.359375,6.3486328125,6.3486328125,6.3486328125,6.3857421875,13.3955078125,4.5283203125,3.8837890625,4.177734375,6.703125,12.0625,18.548828125,7.2568359375,6.943359375,6.943359375,6.943359375,6.943359375,13.9453125,8.017578125,3.6044921875,5.1845703125,5.130859375,11.4052734375,22.3662109375,7.6044921875,6.38671875,6.38671875,6.38671875,7.5595703125,14.2587890625,5.7431640625,4.3623046875,5.0146484375,5.6552734375,11.4921875,20.6787109375,8.8935546875,8.9541015625,8.9541015625,8.9541015625,10.15625,14.888671875,4.4248046875,3.8427734375,4.7958984375,6.1962890625,15.7216796875,20.77734375,9.8369140625,9.7255859375,9.7255859375,9.7255859375,9.7587890625,15.40234375,5.7783203125,3.8037109375,5.13671875,6.4453125,11.375,21.9912109375,9.9111328125,9.732421875,9.732421875,9.732421875,9.732421875,12.6806640625,6.58984375,4.314453125,4.5244140625,5.9013671875,10.9453125,20.8369140625,7.5693359375,6.640625,6.640625,6.640625,6.640625,11.1240234375,8.9140625,4.990234375,4.12890625,4.5458984375,12.951171875,22.92578125,10.3447265625,7.61328125,7.61328125,7.61328125,8.15625,13.1962890625,4.388671875,4.046875,4.1796875,7.0634765625,10.328125,21.248046875,4.4677734375,3.5751953125,3.5751953125,3.5751953125,3.5751953125,11.021484375,6.41796875,4.2978515625,4.505859375,5.921875,10.6845703125,22.0966796875,10.1162109375,7.98828125,7.98828125,7.98828125,10.6875,13.4619140625,4.625,3.134765625,4.0361328125,6.70703125,15.677734375,19.2705078125,8.158203125,7.984375,7.984375,7.984375,7.984375,10.6328125,9.2451171875,3.7158203125,3.943359375,5.5712890625,11.5048828125,20.2099609375,10.0185546875,10.2587890625,10.2587890625,10.2587890625,10.2587890625,12.369140625,9.6220703125,4.4580078125,3.796875,6.2724609375,11.2294921875,19.0791015625,8.5810546875,8.5810546875,8.5810546875,8.5810546875,8.6533203125,12.599609375,4.7900390625,3.78125,4.2119140625,5.7763671875,9.9423828125,22.0556640625,10.1279296875,4.5712890625,4.5712890625,4.5712890625,4.5849609375,12.6787109375,5.2158203125,3.888671875,4.40625,5.748046875,11.45703125,22.4150390625,11.7021484375,5.765625,5.765625,5.765625,6.2958984375,14.2734375,5.5595703125,3.83984375,3.734375,6.2548828125,11.2392578125,17.90234375,10.337890625,10.5029296875,10.5029296875,10.5029296875,10.5029296875,13.08203125,5.1865234375,4.7998046875,4.3056640625,6.6572265625,18.9208984375,17.947265625,7.580078125,7.580078125,7.580078125,7.580078125,7.580078125,11.9228515625,5.5703125,4.248046875,5.2958984375,5.6123046875,14.626953125,16.7197265625,8.12890625,7.91796875,7.91796875,7.91796875,7.91796875,12.078125,6.216796875,4.0166015625,4.056640625,7.0322265625,16.525390625,19.267578125,7.3173828125
NA_947,15.474609375,5.486328125,5.4404296875,13.69140625,2.0107421875,1.4619140625,1.705078125,1.693359375,2.146484375,2.931640625,12.5546875,23.154296875,3.7177734375,2.0595703125,2.0595703125,8.5146484375,1.8662109375,1.53125,1.7958984375,1.6259765625,2.216796875,3.439453125,9.6357421875,23.2255859375,24.3935546875,14.5107421875,15.8076171875,9.51171875,3.0458984375,1.49609375,1.603515625,1.7041015625,1.845703125,3.90234375,11.6953125,25.2890625,8.505859375,3.9892578125,4.001953125,8.2626953125,2.9033203125,1.4091796875,1.59765625,1.626953125,2.3671875,3.873046875,14.314453125,25.025390625,11.947265625,5.162109375,5.162109375,10.3486328125,1.87890625,1.66015625,1.5517578125,1.70703125,1.9248046875,3.6396484375,15.533203125,25.669921875,16.1083984375,3.9013671875,3.9013671875,8.5703125,2.3134765625,1.205078125,1.5078125,1.7431640625,2.0908203125,4.107421875,12.5458984375,25.3349609375,18.767578125,6.9912109375,3.2998046875,9.79296875,2.2919921875,1.4912109375,1.4443359375,1.814453125,2.28515625,4.0625,8.4423828125,23.71875,21.2939453125,6.806640625,4.98828125,9.7119140625,1.962890625,1.576171875,1.7431640625,1.8359375,2.0126953125,2.70703125,13.0791015625,25.380859375,17.4990234375,4.5859375,3.0263671875,8.42578125,2.515625,1.3818359375,1.4970703125,1.78125,1.955078125,3.611328125,13.361328125,25.2734375,8.1396484375,3.923828125,3.9658203125,9.916015625,2.0478515625,1.607421875,1.751953125,1.6171875,2.2548828125,3.595703125,8.578125,25.3857421875,10.90625,0.849609375,4.4921875,7.720703125,1.9609375,1.71484375,1.5380859375,1.7001953125,2.1953125,3.58984375,10.22265625,24.302734375,5.1943359375,2.447265625,2.5048828125,9.3251953125,1.6298828125,1.529296875,1.55078125,1.8857421875,1.9970703125,3.767578125,7.869140625,24.9091796875,23.3173828125,10.1806640625,10.5380859375,4.7060546875,1.4267578125,1.7421875,1.5546875,1.6064453125,2.0791015625,2.720703125,6.388671875,23.6318359375,10.0634765625,1.6572265625,1.658203125,9.494140625,2.0751953125,1.6005859375,1.380859375,1.7265625,2.2607421875,3.328125,16.8447265625,24.4091796875,6.439453125,1.8037109375,1.8037109375,4.4794921875,6.0166015625,1.3583984375,1.67578125,1.8203125,2.072265625,3.287109375,14.6025390625,24.8583984375,10.5654296875,1.1220703125,1.1220703125,3.8056640625,3.802734375,1.591796875,1.533203125,1.7705078125,1.7822265625,3.693359375,10.0107421875,21.916015625,24.7509765625,11.111328125,14.95703125,7.552734375,2.0517578125,1.830078125,1.607421875,1.587890625,1.9248046875,3.486328125,6.248046875,24.3115234375,9.6943359375,5.2998046875,7.28125,10.7666015625,2.3251953125,1.603515625,1.4912109375,1.7509765625,1.810546875,2.7265625,14.1455078125,25.37109375,5.2783203125,2.44921875,2.58984375,11.7294921875,1.64453125,1.69140625,1.5478515625,1.615234375,2.17578125,4.0546875,17.7109375,24.908203125,13.8876953125,3.5078125,3.54296875,8.783203125,2.0439453125,1.720703125,1.404296875,1.8447265625,1.9716796875,3.1513671875,18.23046875,25.095703125,17.8994140625,5.625,14.9970703125,7.4443359375,2.5107421875,1.689453125,1.486328125,1.685546875,2.0107421875,3.044921875,4.8603515625,17.4091796875
NA_98,10.6904296875,10.6904296875,10.6904296875,10.6904296875,10.6904296875,13.8876953125,2.75,3.234375,8.087890625,19.796875,11.333984375,9.796875,9.796875,9.796875,9.796875,9.796875,9.796875,10.0224609375,2.96484375,3.43359375,4.7451171875,14.6396484375,12.5888671875,11.1728515625,11.171875,11.171875,11.171875,11.171875,11.171875,12.1025390625,7.0361328125,3.4375,6.9326171875,16.498046875,9.0380859375,9.0380859375,9.0380859375,9.0380859375,9.0380859375,9.0380859375,9.0380859375,11.1748046875,2.8134765625,3.1787109375,5.21484375,14.58984375,13.70703125,12.5166015625,12.5166015625,12.5166015625,12.5166015625,12.5166015625,12.5166015625,12.2900390625,7.6552734375,3.703125,6.0263671875,16.9833984375,12.2421875,11.11328125,11.11328125,11.11328125,11.11328125,11.11328125,11.11328125,12.3505859375,3.3251953125,3.7451171875,6.263671875,18.87109375,14.0390625,9.2353515625,9.2353515625,9.2353515625,9.2353515625,9.2353515625,9.1103515625,8.828125,2.6875,3.1572265625,4.9853515625,16.396484375,11.2607421875,10.4248046875,10.4248046875,10.4248046875,10.4248046875,10.4248046875,10.4248046875,10.58984375,2.21875,4.373046875,6.9423828125,19.2158203125,12.9580078125,9.4462890625,9.4462890625,9.4462890625,9.4462890625,9.4462890625,9.4462890625,11.23828125,2.51953125,3.25,7.2802734375,17.22265625,13.517578125,9.4296875,9.4296875,9.4296875,9.4296875,9.4296875,9.4296875,10.41796875,9.6376953125,3.0341796875,4.7099609375,16.556640625,10.1015625,7.7802734375,7.7802734375,7.7802734375,7.7802734375,7.7802734375,7.7802734375,8.1591796875,2.3505859375,3.2314453125,7.2197265625,14.626953125,13.1640625,8.244140625,8.244140625,8.244140625,8.244140625,8.244140625,8.244140625,11.8193359375,3.162109375,3.2109375,4.46484375,14.2509765625,15.1015625,13.5927734375,13.5927734375,13.5927734375,13.5927734375,13.5927734375,13.5927734375,11.6728515625,2.1806640625,2.8134765625,5.5029296875,15.8935546875,10.369140625,8.453125,8.453125,8.453125,8.453125,8.453125,8.453125,9.166015625,2.7451171875,2.513671875,4.1298828125,15.8349609375,11.7783203125,10.4384765625,10.4384765625,10.4384765625,10.4384765625,10.4384765625,10.4384765625,12.8134765625,3.322265625,2.7626953125,6.4140625,18.603515625,15.55078125,12.6572265625,12.6572265625,12.6572265625,12.6572265625,12.6572265625,12.6572265625,14.8369140625,2.279296875,3.0390625,6.03515625,17.0302734375,13.19140625,9.486328125,9.486328125,9.486328125,9.486328125,9.486328125,9.486328125,10.0107421875,2.9267578125,3.0146484375,5.474609375,17.1455078125,12.3447265625,7.4912109375,7.4912109375,7.4912109375,7.4912109375,7.4912109375,7.4912109375,10.5927734375,2.38671875,2.66796875,5.08984375,15.72265625,13.9296875,13.14453125,13.14453125,13.14453125,13.14453125,13.14453125,13.14453125,13.2763671875,2.5712890625,3.005859375,10.7080078125,16.708984375,7.8193359375,8.1650390625,8.1650390625,8.1650390625,8.1650390625,8.1650390625,8.1650390625,12.1240234375,3.4921875,3.982421875,4.55078125,17.7705078125,10.9638671875,10.005859375,10.005859375,10.005859375,10.005859375,10.005859375,10.005859375,11.06640625,5.5966796875,3.359375,6.3017578125,14.46875,7.4130859375,7.4130859375
OC_1109,10.1220703125,7.7294921875,8.1953125,9.60546875,13.8583984375,38.10546875,38.9130859375,37.8857421875,28.8994140625,17.8916015625,9.6484375,10.353515625,7.8671875,7.6318359375,9.0234375,9.9619140625,13.4521484375,26.8876953125,38.6513671875,38.693359375,24.2255859375,18.9794921875,13.9677734375,13.349609375,10.1162109375,9.1962890625,8.91015625,8.4228515625,12.970703125,29.671875,38.7880859375,37.7958984375,28.0068359375,17.78515625,11.86328125,11.1962890625,9.650390625,8.435546875,9.67578125,10.8798828125,11.60546875,25.50390625,38.9765625,38.5791015625,32.58203125,19.509765625,11.9697265625,8.794921875,10.447265625,8.923828125,9.7880859375,9.9794921875,16.38671875,31.390625,39.1220703125,35.240234375,22.2841796875,14.1171875,12.4375,9.97265625,9.1357421875,8.6318359375,9.619140625,8.56640625,12.1552734375,21.7509765625,36.806640625,37.900390625,27.09765625,15.1015625,12.1298828125,12.2265625,8.37109375,8.7412109375,8.31640625,13.953125,16.517578125,36.0185546875,38.0205078125,35.435546875,22.57421875,15.2265625,13.0625,11.283203125,10.255859375,7.19921875,8.818359375,9.2373046875,12.6884765625,26.6669921875,39.0400390625,34.7705078125,22.1328125,16.28515625,7.748046875,8.373046875,7.203125,8.2373046875,9.12109375,10.140625,12.84375,19.65234375,38.845703125,38.8076171875,29.115234375,14.115234375,12.23828125,11.8388671875,9.7392578125,8.5869140625,9.5556640625,10.12890625,14.291015625,28.0869140625,39.2607421875,38.3828125,26.9814453125,15.4638671875,9.244140625,10.3642578125,10.24609375,7.373046875,7.9501953125,9.26953125,13.0234375,31.306640625,38.1884765625,38.947265625,25.681640625,14.216796875,11.1298828125,11.5810546875,8.2626953125,7.6123046875,7.9560546875,9.6025390625,15.916015625,33.5048828125,39.078125,27.115234375,21.6484375,13.7314453125,10.74609375,8.5595703125,8.24609375,7.0703125,9.47265625,10.42578125,15.0458984375,31.3212890625,38.544921875,38.9580078125,26.978515625,16.0498046875,11.6025390625,10.3232421875,9.30078125,7.203125,8.76953125,9.861328125,14.041015625,25.646484375,36.10546875,36.4892578125,19.3017578125,18.2861328125,13.1796875,10.640625,8.4873046875,8.53515625,8.1982421875,9.6357421875,12.2109375,20.7919921875,39.0625,36.3798828125,23.0576171875,14.833984375,11.25,10.3828125,9.0009765625,6.8740234375,10.576171875,11.24609375,16.5908203125,35.650390625,39.22265625,34.9482421875,22.3828125,10.4228515625,10.630859375,9.138671875,7.7333984375,8.7705078125,7.3515625,9.251953125,14.8447265625,18.890625,33.1865234375,37.3759765625,22.32421875,20.6201171875,14.4912109375,10.0751953125,8.333984375,8.943359375,8.40234375,9.822265625,13.6533203125,32.912109375,39.328125,37.669921875,33.748046875,13.4345703125,9.220703125,9.53515625,8.509765625,8.96484375,9.1845703125,9.4853515625,14.107421875,24.8291015625,39.1064453125,38.689453125,26.4375,13.1982421875,11.00390625,8.6943359375,7.3134765625,8.5283203125,9.3505859375,9.65234375,13.5439453125,24.9755859375,37.966796875,38.421875,25.96875,14.3173828125,15.087890625,11.6611328125,8.27734375,8.8544921875,8.32421875,11.7646484375,16.59375,25.3466796875,38.521484375,37.9189453125,22.3544921875,13.03125,10.646484375,10.3994140625
OC_1204,2.0087890625,1.935546875,2.064453125,2.275390625,3.0693359375,5.814453125,5.931640625,5.08984375,3.7216796875,2.5380859375,1.939453125,2.1123046875,1.9287109375,1.953125,2.056640625,2.2314453125,2.4892578125,4.580078125,5.6474609375,5.203125,2.6669921875,2.2802734375,2.07421875,2.0908203125,1.982421875,2.0390625,2.0986328125,2.1025390625,2.4560546875,5.076171875,6.05859375,5.548828125,3.921875,2.5234375,2.1611328125,2.072265625,1.98828125,1.9267578125,2.03125,2.1259765625,2.359375,4.6455078125,6.009765625,5.6923828125,4.84375,2.4833984375,2.099609375,2.0810546875,2.0986328125,1.9970703125,2.037109375,2.1787109375,3.029296875,5.7919921875,6.0869140625,5.5400390625,2.9423828125,2.3017578125,2.21484375,2.0029296875,2.05078125,2.0634765625,2.056640625,2.1552734375,2.830078125,3.51953125,5.7548828125,5.2548828125,2.72265625,2.3525390625,2.0625,2.140625,1.978515625,2.0205078125,1.9736328125,2.6220703125,3.4091796875,5.927734375,5.693359375,5.255859375,2.890625,2.447265625,2.154296875,2.0693359375,2.0009765625,1.8173828125,2.076171875,2.05859375,2.728515625,4.361328125,6.0400390625,5.6103515625,2.9921875,2.619140625,1.880859375,2.0478515625,1.96484375,1.9677734375,2.0048828125,2.275390625,2.501953125,3.27734375,5.8154296875,5.7021484375,3.8681640625,2.4384765625,2.115234375,2.1357421875,1.9931640625,1.947265625,2.05859375,2.365234375,2.7734375,3.42578125,6.0341796875,5.32421875,3.7607421875,2.3134765625,1.9853515625,2.0830078125,1.998046875,1.9248046875,2.03515625,2.2509765625,2.6181640625,5.046875,5.84375,5.6181640625,3.8408203125,2.380859375,2.0361328125,2.1171875,1.98828125,1.974609375,2.0947265625,2.197265625,2.7724609375,5.4306640625,5.005859375,4.279296875,3.1943359375,2.1943359375,2.1611328125,1.9296875,1.9931640625,1.958984375,2.1279296875,2.25390625,2.92578125,4.3427734375,5.8525390625,6.056640625,3.5263671875,2.296875,2.0400390625,2.095703125,2.0419921875,1.9287109375,2.0380859375,2.41796875,2.6953125,4.171875,5.0361328125,5.703125,2.8017578125,2.7587890625,2.06640625,2.095703125,2.0107421875,1.9521484375,2.04296875,2.2841796875,2.6728515625,3.3203125,5.4443359375,4.4482421875,2.72265625,2.3623046875,2.1669921875,1.9970703125,2.078125,1.9072265625,2.201171875,2.18359375,3.21484375,5.6875,6.02734375,5.53515625,3.130859375,2.05078125,2.146484375,1.986328125,1.9296875,2.0380859375,1.96875,2.2177734375,2.91796875,3.9052734375,6.0966796875,5.5029296875,2.529296875,2.6728515625,2.279296875,2.0712890625,2.015625,2.05859375,1.9169921875,2.10546875,2.6083984375,4.0048828125,5.9521484375,6.0009765625,4.802734375,2.28515625,1.9443359375,2.068359375,1.9208984375,2.015625,2.1220703125,2.197265625,2.9384765625,4.88671875,6.0986328125,5.49609375,3.8251953125,2.0810546875,2.1533203125,1.96484375,1.9609375,2.0595703125,2.0625,2.275390625,2.734375,5.0888671875,5.97265625,5.7275390625,2.8876953125,2.212890625,2.38671875,2.154296875,1.994140625,2.00390625,2.0654296875,2.48046875,2.7578125,4.748046875,5.8857421875,4.8974609375,3.1025390625,2.1806640625,2.0517578125,2.1142578125
OC_1245,1.9990234375,1.998046875,1.9990234375,2.0,1.9990234375,2.0,2.0,2.0,2.0,2.0,1.9990234375,1.9990234375,1.9990234375,1.9951171875,2.0,1.9990234375,2.0,2.0,2.0,2.0,2.0,2.0,2.0,2.0,2.0,1.9990234375,2.0,2.0,2.0,2.0,2.0,2.0,2.0,2.0,2.0,1.9990234375,2.0,1.998046875,1.9990234375,1.998046875,1.9990234375,2.0,2.0,2.0,2.0,1.9990234375,2.0,1.9990234375,2.0,2.0,1.998046875,1.9990234375,2.0,2.0,2.0,2.0,2.0,2.0,2.0,1.9990234375,2.0,2.0,1.998046875,2.0,1.9990234375,2.0,2.0,1.9990234375,1.9990234375,2.0,2.0,1.9990234375,1.9990234375,1.9990234375,1.9990234375,1.9990234375,1.9990234375,2.0,1.9970703125,2.0,2.0,2.0,1.998046875,1.9990234375,2.0,1.99609375,1.998046875,2.0,1.998046875,2.0,2.0,2.0,2.0,2.0,2.0,1.998046875,1.998046875,1.9970703125,1.9990234375,2.0,1.9990234375,2.0,1.9990234375,2.0,2.0,2.0,1.9990234375,1.9990234375,1.9990234375,2.0,2.0,2.0,2.0,2.0,2.0,2.0,2.0,1.9990234375,1.998046875,1.9990234375,1.9990234375,2.0,2.0,2.0,2.0,2.0,2.0,2.0,2.0,2.0,1.9990234375,2.0,2.0,1.998046875,1.9990234375,2.0,2.0,2.0,2.0,1.9990234375,2.0,1.9990234375,1.9990234375,1.9990234375,2.0,2.0,1.9990234375,2.0,2.0,1.9990234375,2.0,1.9990234375,2.0,1.9990234375,1.994140625,2.0,1.9990234375,1.9990234375,1.9990234375,1.9990234375,1.9990234375,2.0,2.0,2.0,2.0,2.0,1.9990234375,2.0,2.0,2.0,1.9990234375,1.9970703125,2.0,1.9990234375,2.0,2.0,2.0,2.0,1.998046875,1.9990234375,2.0,2.0,1.9990234375,2.0,2.0,1.9990234375,2.0,2.0,1.9970703125,1.998046875,1.998046875,1.9990234375,2.0,1.9990234375,1.9990234375,1.9990234375,1.9990234375,2.0,2.0,2.0,2.0,2.0,1.99609375,1.99609375,1.9990234375,1.9990234375,2.0,1.9990234375,1.9990234375,2.0,2.0,2.0,2.0,1.9990234375,2.0,1.9990234375,2.0,1.994140625,2.0,1.9990234375,2.0,2.0,2.0,1.9990234375,2.0,1.9990234375,2.0,1.9970703125,1.9970703125,1.998046875,1.998046875,2.0,2.0,2.0,1.9990234375,2.0,2.0,1.9990234375,2.0,1.9990234375,1.994140625,1.998046875,2.0,2.0,2.0,2.0,2.0,2.0,1.9990234375,1.9990234375,1.9990234375,2.0
OC_317,2.607421875,2.5947265625,3.2158203125,3.953125,5.244140625,19.998046875,43.6484375,34.6591796875,9.7890625,6.3173828125,5.5419921875,2.9638671875,3.111328125,2.29296875,2.994140625,3.72265625,6.8251953125,15.2529296875,44.8681640625,28.2255859375,9.28515625,3.6650390625,3.732421875,3.060546875,2.4794921875,2.865234375,3.1171875,3.359375,6.2548828125,7.4267578125,10.458984375,11.00390625,6.13671875,5.95703125,4.4814453125,3.3876953125,3.2529296875,2.9033203125,2.578125,3.28515625,4.4169921875,6.6181640625,11.6865234375,16.70703125,7.0146484375,4.443359375,4.0205078125,3.0166015625,2.2685546875,4.0234375,3.3251953125,3.8232421875,5.462890625,7.9453125,21.5185546875,34.3408203125,17.84375,4.86328125,3.6962890625,5.015625,2.6630859375,2.703125,2.8740234375,4.0224609375,4.9541015625,10.833984375,36.52734375,24.7548828125,5.6103515625,4.03515625,3.9443359375,3.076171875,3.0791015625,2.658203125,3.6015625,4.1025390625,4.8515625,21.71875,43.3125,33.1142578125,9.1435546875,6.328125,5.287109375,3.474609375,2.646484375,2.501953125,3.4873046875,3.6259765625,4.5966796875,17.2880859375,40.818359375,34.9462890625,11.193359375,7.88671875,3.12109375,2.80078125,2.6748046875,3.037109375,2.98046875,3.7763671875,5.880859375,15.7236328125,43.572265625,36.115234375,6.826171875,5.8623046875,3.4912109375,2.931640625,2.54296875,2.6494140625,3.5048828125,3.78515625,8.544921875,31.9853515625,44.9091796875,27.7939453125,6.912109375,6.123046875,4.169921875,3.2294921875,2.8115234375,2.3671875,3.4501953125,3.7021484375,4.1318359375,7.9384765625,30.2451171875,20.615234375,12.263671875,5.435546875,2.46875,2.7578125,3.009765625,2.3525390625,2.9453125,4.3603515625,4.9814453125,6.6171875,27.71484375,32.765625,9.888671875,3.66796875,4.6474609375,2.875,3.15234375,2.650390625,3.666015625,3.708984375,5.2197265625,10.970703125,40.2177734375,17.3828125,9.6025390625,6.673828125,3.4248046875,2.662109375,2.9931640625,2.212890625,2.6533203125,3.759765625,4.6181640625,7.11328125,24.0,17.2744140625,8.8447265625,4.91796875,2.9013671875,2.9453125,3.5341796875,2.78125,2.947265625,3.6044921875,4.95703125,5.98046875,21.1474609375,33.4482421875,8.7216796875,5.6826171875,5.3037109375,2.7705078125,2.0859375,2.896484375,2.8544921875,3.912109375,5.5556640625,12.767578125,42.076171875,28.302734375,10.7421875,5.0712890625,3.638671875,3.130859375,2.5263671875,2.4619140625,2.9501953125,3.103515625,5.2578125,6.4404296875,26.736328125,25.328125,6.6162109375,4.279296875,4.546875,3.3154296875,3.5087890625,2.5888671875,2.8642578125,3.1396484375,4.833984375,6.220703125,23.0107421875,19.1875,7.513671875,4.7060546875,2.9912109375,2.4755859375,2.171875,3.0205078125,2.8720703125,4.5244140625,5.6259765625,8.369140625,32.025390625,17.7548828125,6.78125,3.5263671875,3.080078125,2.5224609375,2.662109375,2.6455078125,2.4609375,3.5849609375,4.634765625,7.515625,12.2021484375,37.552734375,12.2978515625,6.15234375,2.9921875,3.2099609375,2.900390625,2.4443359375,3.1591796875,3.9521484375,4.7890625,7.5888671875,28.0263671875,28.919921875,11.875,3.55859375,3.3125,3.0595703125
OC_851,11.20703125,9.23046875,10.7958984375,12.29296875,19.279296875,34.150390625,34.4794921875,33.3916015625,30.8828125,21.0087890625,12.939453125,11.94140625,10.3486328125,8.859375,11.4638671875,15.5146484375,18.5634765625,29.228515625,33.884765625,33.95703125,22.89453125,18.99609375,14.1923828125,13.888671875,11.6796875,10.7587890625,11.470703125,9.357421875,14.4599609375,30.63671875,34.5859375,33.888671875,33.2724609375,21.5791015625,13.6943359375,12.71875,10.8203125,8.703125,11.3583984375,12.1357421875,14.076171875,32.294921875,34.7236328125,34.7109375,33.146484375,22.4326171875,13.4716796875,10.193359375,10.67578125,9.314453125,10.6552734375,12.2216796875,20.818359375,32.3173828125,34.5869140625,32.46875,24.7158203125,15.0146484375,13.244140625,10.609375,10.4873046875,10.3076171875,10.5703125,11.1005859375,15.9296875,24.8310546875,33.9736328125,33.9541015625,25.255859375,16.7333984375,11.9052734375,12.9599609375,9.3466796875,9.537109375,8.583984375,15.611328125,23.1806640625,34.1953125,34.3125,33.0576171875,24.2919921875,17.373046875,13.7412109375,12.12109375,9.8603515625,8.7783203125,10.482421875,10.802734375,17.076171875,29.0234375,34.6845703125,33.119140625,26.6328125,22.0595703125,10.755859375,9.822265625,8.8095703125,10.6591796875,10.0576171875,13.3017578125,19.8642578125,26.55859375,34.513671875,34.3681640625,28.6962890625,18.4501953125,15.0400390625,13.1689453125,10.140625,10.220703125,10.55078125,12.2958984375,18.1689453125,29.2490234375,34.7783203125,34.443359375,30.6328125,20.4384765625,9.0546875,10.697265625,9.2197265625,8.8076171875,8.9189453125,11.7568359375,15.8974609375,28.4150390625,34.0078125,34.6259765625,32.95703125,16.7001953125,12.921875,11.1533203125,8.3017578125,8.2880859375,9.373046875,12.0283203125,19.25,33.0341796875,34.7041015625,27.484375,24.1396484375,14.923828125,12.12109375,10.640625,10.8740234375,8.916015625,11.75,12.494140625,21.4921875,30.85546875,34.0146484375,34.5751953125,25.3173828125,17.453125,10.8837890625,11.447265625,9.7236328125,9.3017578125,10.392578125,12.6982421875,17.552734375,26.65625,33.7919921875,34.046875,18.84765625,18.962890625,14.3232421875,11.154296875,10.4306640625,9.1591796875,9.1142578125,12.3759765625,15.73046875,21.4951171875,34.5849609375,31.046875,19.6650390625,15.310546875,12.1376953125,10.5517578125,11.0654296875,8.7607421875,12.1513671875,13.2138671875,22.7880859375,33.3310546875,34.7978515625,34.3505859375,24.1640625,13.326171875,12.04296875,10.1689453125,9.474609375,8.955078125,8.6845703125,11.9951171875,19.158203125,26.3837890625,34.3330078125,33.826171875,22.9609375,20.470703125,14.3203125,10.8662109375,7.7021484375,10.0205078125,9.1396484375,10.353515625,15.7119140625,23.20703125,34.734375,34.43359375,30.109375,17.8046875,10.197265625,9.6142578125,8.544921875,9.64453125,11.6142578125,10.5517578125,20.1005859375,28.6982421875,34.6787109375,33.478515625,30.4189453125,15.9892578125,12.2265625,8.88671875,8.1826171875,9.7900390625,9.705078125,12.0185546875,18.5751953125,29.00390625,34.435546875,34.5986328125,28.0947265625,18.013671875,16.9111328125,13.20703125,9.7119140625,9.9150390625,11.4453125,14.99609375,23.404296875,32.4228515625,34.1328125,34.1806640625,29.1123046875,18.7587890625,13.357421875,12.1103515625
OC_939,4.177734375,3.6923828125,4.8857421875,5.7265625,7.115234375,8.8935546875,11.083984375,10.294921875,7.8427734375,5.7705078125,3.4755859375,4.5458984375,3.23828125,3.1904296875,3.583984375,5.7529296875,6.1533203125,11.1826171875,11.6494140625,9.01171875,6.505859375,5.56640625,5.2421875,5.5224609375,4.2822265625,4.2451171875,5.4482421875,5.2607421875,6.2802734375,11.4716796875,13.10546875,10.1259765625,8.083984375,6.111328125,5.263671875,4.5068359375,3.7578125,3.5517578125,4.41015625,5.4208984375,6.1162109375,10.4931640625,12.9365234375,9.150390625,8.40625,6.2568359375,5.6259765625,4.50390625,5.541015625,4.6240234375,5.5966796875,5.6533203125,7.521484375,12.1376953125,12.9111328125,11.201171875,6.6875,5.677734375,5.599609375,3.8310546875,4.2626953125,4.119140625,5.181640625,5.609375,6.875,7.7021484375,11.97265625,10.5341796875,6.0625,5.4384765625,4.7138671875,5.0693359375,4.4208984375,4.7177734375,4.4716796875,6.3876953125,8.447265625,12.98046875,11.7255859375,8.259765625,6.87890625,6.2177734375,5.4248046875,4.3515625,3.6513671875,2.70703125,3.8388671875,4.599609375,6.232421875,10.333984375,11.900390625,8.216796875,6.1513671875,6.388671875,4.2978515625,3.740234375,3.5498046875,3.9541015625,3.876953125,5.6826171875,6.1494140625,7.2529296875,12.2939453125,10.4287109375,7.4453125,6.072265625,5.421875,5.431640625,4.919921875,3.5556640625,4.93359375,5.751953125,6.72265625,8.4755859375,12.955078125,9.9697265625,6.9287109375,5.8330078125,4.2734375,5.1162109375,4.5732421875,3.69140625,4.6630859375,5.3818359375,6.1982421875,10.8115234375,11.890625,10.6142578125,8.677734375,5.849609375,4.798828125,4.712890625,4.3125,4.55859375,5.2431640625,5.7900390625,6.986328125,12.2978515625,12.5517578125,7.0859375,6.6572265625,5.341796875,5.3544921875,4.0185546875,3.798828125,3.2822265625,4.966796875,5.6669921875,6.76171875,9.1787109375,12.03515625,10.146484375,6.72265625,6.0869140625,4.328125,4.423828125,4.263671875,3.2353515625,3.677734375,6.04296875,6.07421875,8.5322265625,9.9013671875,9.3017578125,6.2529296875,6.8408203125,5.4072265625,5.0654296875,4.1806640625,3.4541015625,5.0595703125,5.451171875,6.369140625,6.68359375,9.982421875,9.9208984375,6.6953125,6.0830078125,5.7412109375,4.25390625,3.98828125,3.4541015625,5.8212890625,5.6494140625,8.18359375,12.5068359375,13.1142578125,10.4716796875,6.0107421875,5.2705078125,5.4208984375,4.2939453125,3.6123046875,4.220703125,4.4140625,5.5546875,6.708984375,7.357421875,10.6123046875,9.771484375,5.8095703125,6.4892578125,5.9345703125,5.03515625,4.88671875,5.4228515625,3.3134765625,5.2890625,6.3564453125,9.2451171875,13.046875,10.0283203125,7.7431640625,5.76171875,3.505859375,4.1640625,3.462890625,3.5322265625,4.546875,5.673828125,7.052734375,9.986328125,12.6962890625,9.8583984375,7.2255859375,4.8818359375,4.9599609375,3.857421875,3.8974609375,4.5869140625,4.5107421875,6.0166015625,6.826171875,10.103515625,13.2861328125,12.5517578125,7.345703125,5.740234375,6.166015625,4.890625,3.7880859375,3.98046875,4.3515625,6.400390625,6.9375,11.6875,12.79296875,10.1904296875,6.9716796875,5.7041015625,4.4423828125,4.822265625
SA_1051,1.8076171875,1.4970703125,1.55078125,1.6455078125,1.7275390625,1.66796875,1.78125,1.525390625,1.818359375,1.3837890625,1.5869140625,1.6162109375,1.7783203125,1.74609375,1.75,1.83984375,1.708984375,1.6083984375,1.724609375,1.5,1.755859375,1.7177734375,1.62109375,1.7978515625,1.4453125,1.626953125,1.8046875,1.76953125,1.77734375,1.4970703125,1.75390625,1.5888671875,1.73828125,1.3642578125,1.4619140625,1.4384765625,1.5341796875,1.7880859375,1.810546875,1.6416015625,1.76171875,1.6396484375,1.58984375,1.6806640625,1.7861328125,1.6455078125,1.4912109375,1.484375,1.6064453125,1.603515625,1.685546875,1.755859375,1.6904296875,1.5126953125,1.6083984375,1.490234375,1.791015625,1.6640625,1.689453125,1.5048828125,1.439453125,1.5927734375,1.5341796875,1.72265625,1.5732421875,1.7451171875,1.65625,1.4677734375,1.724609375,1.3603515625,1.6044921875,1.5712890625,1.5888671875,1.7373046875,1.7939453125,1.60546875,1.7041015625,1.7138671875,1.5,1.5498046875,1.68359375,1.720703125,1.54296875,1.3984375,1.5166015625,1.5439453125,1.78515625,1.78125,1.7802734375,1.4521484375,1.7861328125,1.3857421875,1.5029296875,1.703125,1.76171875,1.6865234375,1.8291015625,1.4609375,1.5849609375,1.5498046875,1.58203125,1.6796875,1.6650390625,1.822265625,1.7099609375,1.7021484375,1.6162109375,1.560546875,1.5029296875,1.6279296875,1.7890625,1.7548828125,1.7626953125,1.7353515625,1.6943359375,1.5771484375,1.4345703125,1.57421875,1.80078125,1.6708984375,1.85546875,1.849609375,1.4775390625,1.5986328125,1.6923828125,1.7490234375,1.7138671875,1.6787109375,1.6689453125,1.70703125,1.5908203125,1.390625,1.8916015625,1.869140625,1.609375,1.7861328125,1.7490234375,1.6162109375,1.6982421875,1.5908203125,1.705078125,1.8095703125,1.6494140625,1.6962890625,1.6669921875,1.861328125,1.6826171875,1.669921875,1.6904296875,1.5751953125,1.662109375,1.810546875,1.7578125,1.431640625,1.529296875,1.3671875,1.7958984375,1.7548828125,1.5419921875,1.71484375,1.6650390625,1.607421875,1.630859375,1.716796875,1.8037109375,1.673828125,1.65234375,1.5546875,1.5732421875,1.9169921875,1.8056640625,1.6826171875,1.5693359375,1.7119140625,1.8369140625,1.6533203125,1.787109375,1.703125,1.8056640625,1.734375,1.7666015625,1.7998046875,1.716796875,1.66796875,1.7783203125,1.6630859375,1.6142578125,1.8310546875,1.525390625,1.6552734375,1.697265625,1.46875,1.5712890625,1.52734375,1.7978515625,1.8173828125,1.5751953125,1.5048828125,1.4892578125,1.662109375,1.822265625,1.7119140625,1.80078125,1.51953125,1.7041015625,1.8369140625,1.7802734375,1.7109375,1.7294921875,1.6923828125,1.6953125,1.8349609375,1.888671875,1.7705078125,1.841796875,1.49609375,1.5322265625,1.546875,1.6162109375,1.7177734375,1.8076171875,1.68359375,1.490234375,1.669921875,1.5595703125,1.6416015625,1.603515625,1.5244140625,1.720703125,1.552734375,1.6630859375,1.6083984375,1.64453125,1.65234375,1.6328125,1.70703125,1.75390625,1.7275390625,1.662109375,1.5859375,1.5498046875,1.6103515625,1.580078125,1.7255859375,1.7431640625,1.568359375,1.7373046875,1.6201171875,1.3173828125,1.3935546875,1.46484375,1.41796875
SA_108,4.8876953125,3.8837890625,5.0283203125,5.21875,5.611328125,12.291015625,46.9990234375,45.4189453125,30.40625,5.6494140625,5.4677734375,6.9970703125,4.9248046875,5.5556640625,4.80078125,6.31640625,7.2880859375,21.78515625,48.287109375,44.8125,17.4775390625,4.9990234375,5.830078125,4.384765625,4.1640625,3.634765625,5.181640625,5.587890625,10.4755859375,39.9814453125,45.39453125,33.689453125,9.8515625,4.4423828125,5.0234375,4.029296875,5.349609375,4.7734375,4.6787109375,4.3994140625,6.5537109375,12.3837890625,35.8037109375,37.701171875,9.630859375,4.6796875,5.505859375,6.056640625,3.78515625,2.6611328125,4.1259765625,5.3583984375,6.025390625,8.1533203125,40.2900390625,35.5712890625,13.1044921875,5.494140625,3.4931640625,4.2587890625,5.70703125,2.978515625,5.0107421875,6.244140625,7.6787109375,28.6884765625,47.365234375,39.958984375,9.9892578125,4.7783203125,4.6298828125,4.224609375,4.0771484375,3.705078125,5.2353515625,5.876953125,6.169921875,12.6923828125,36.1376953125,41.33203125,11.1953125,4.755859375,5.8203125,4.998046875,4.5478515625,5.3095703125,5.376953125,6.1845703125,9.4248046875,15.833984375,45.9833984375,29.90625,17.69921875,5.50390625,6.740234375,5.4501953125,4.169921875,3.4091796875,3.66015625,7.1142578125,7.2119140625,15.0341796875,47.3466796875,44.216796875,12.5966796875,6.7216796875,5.2236328125,4.01171875,4.6787109375,4.7353515625,4.482421875,4.9921875,7.9208984375,13.6796875,42.0673828125,44.4736328125,20.744140625,6.4775390625,7.685546875,4.6484375,5.4111328125,4.8896484375,4.33984375,6.322265625,6.927734375,12.3974609375,44.443359375,38.3349609375,16.064453125,4.9453125,4.982421875,6.5439453125,4.1259765625,3.607421875,5.193359375,6.5595703125,7.5771484375,12.140625,46.6552734375,45.3203125,18.923828125,5.1787109375,4.94140625,3.6826171875,3.224609375,4.876953125,4.0703125,6.4296875,7.6005859375,37.87890625,48.421875,37.763671875,12.6123046875,5.27734375,5.3525390625,5.240234375,3.28515625,3.8330078125,3.8798828125,3.7900390625,7.5732421875,13.6064453125,37.45703125,44.9970703125,14.3837890625,5.203125,5.6494140625,6.0810546875,6.0263671875,4.4736328125,5.9169921875,4.51171875,6.8837890625,12.8701171875,41.935546875,29.724609375,9.41015625,5.365234375,6.107421875,5.802734375,4.19921875,4.109375,4.1865234375,5.771484375,6.21875,14.169921875,43.3271484375,41.822265625,23.17578125,5.1591796875,4.736328125,4.9404296875,3.4208984375,4.498046875,3.568359375,4.8427734375,4.9404296875,8.216796875,22.5400390625,34.35546875,8.310546875,3.966796875,5.716796875,4.7314453125,5.3759765625,3.4833984375,3.70703125,5.3974609375,6.505859375,24.22265625,46.9267578125,43.298828125,14.8857421875,5.140625,5.78515625,4.962890625,5.056640625,3.4130859375,5.1650390625,5.1005859375,6.7275390625,20.3974609375,47.646484375,39.369140625,11.138671875,6.5986328125,4.869140625,4.4072265625,5.5556640625,4.84765625,3.8466796875,5.744140625,7.015625,10.37109375,36.865234375,40.89453125,24.4833984375,6.896484375,5.34765625,5.0966796875,5.2255859375,4.5390625,3.6904296875,4.59765625,5.9716796875,12.8515625,48.875,45.8720703125,19.28125,5.5439453125,4.2568359375,5.4814453125
SA_1101,6.94140625,6.6884765625,7.0166015625,7.076171875,9.537109375,18.3125,33.4365234375,26.6357421875,24.7314453125,11.8466796875,8.9521484375,8.423828125,7.2548828125,6.599609375,6.556640625,7.6728515625,12.0478515625,15.294921875,31.296875,24.6767578125,20.224609375,9.7158203125,8.869140625,7.0126953125,6.4853515625,6.2666015625,6.9853515625,8.609375,9.2490234375,26.798828125,29.6748046875,22.314453125,15.09765625,14.4814453125,10.6806640625,7.3046875,6.990234375,6.5400390625,6.0498046875,6.6279296875,7.7763671875,14.962890625,20.01953125,25.90234375,17.158203125,11.0966796875,9.078125,9.1982421875,6.08984375,6.3232421875,5.9951171875,7.4130859375,9.6123046875,13.919921875,29.0087890625,25.4208984375,17.6318359375,12.228515625,8.4072265625,7.634765625,7.1162109375,5.5048828125,6.5009765625,7.5634765625,13.1455078125,23.890625,27.9052734375,28.328125,19.5009765625,10.689453125,9.337890625,7.3212890625,6.875,5.857421875,6.8095703125,7.2138671875,8.8671875,13.880859375,21.11328125,25.7001953125,17.220703125,11.47265625,9.7373046875,8.734375,6.498046875,6.6083984375,6.15625,7.8662109375,10.2783203125,24.8349609375,33.1005859375,32.5693359375,18.8896484375,12.263671875,9.08203125,7.740234375,6.3896484375,5.62890625,5.7060546875,6.8671875,8.958984375,11.10546875,13.9169921875,20.22265625,15.6513671875,10.681640625,8.1455078125,6.15625,6.6142578125,6.9755859375,6.2802734375,5.875,8.9521484375,11.58203125,23.5107421875,25.8291015625,17.126953125,13.2607421875,12.521484375,8.3935546875,7.3095703125,7.4228515625,5.62890625,7.955078125,9.1083984375,16.9892578125,30.8115234375,30.3056640625,16.1064453125,10.7236328125,9.31640625,7.908203125,6.341796875,6.1025390625,6.671875,7.541015625,7.6259765625,12.8154296875,27.5322265625,28.0830078125,20.13671875,11.109375,8.5888671875,6.728515625,6.0634765625,6.4697265625,5.9267578125,6.716796875,9.3310546875,13.7734375,26.5068359375,26.40625,14.474609375,10.4228515625,7.947265625,9.64453125,5.6474609375,6.140625,6.4912109375,6.18359375,8.546875,11.5166015625,24.8857421875,26.0947265625,18.9638671875,11.046875,8.6689453125,7.2158203125,7.0029296875,6.7685546875,6.9794921875,7.1240234375,8.8330078125,16.3369140625,26.1201171875,19.38671875,14.884765625,10.1494140625,9.5830078125,7.5185546875,6.7255859375,6.7041015625,6.373046875,5.83984375,8.3310546875,14.80859375,25.259765625,27.2255859375,23.0029296875,13.5751953125,9.0009765625,7.8896484375,5.4921875,6.0166015625,6.1005859375,8.228515625,7.6298828125,11.94140625,27.8427734375,25.435546875,16.076171875,10.0,8.3564453125,7.44140625,6.6259765625,5.85546875,6.1259765625,7.7041015625,9.0556640625,20.0517578125,27.5634765625,28.0654296875,21.755859375,14.6396484375,9.744140625,6.9677734375,6.7177734375,5.8662109375,6.8828125,6.849609375,7.2900390625,21.9462890625,28.3935546875,24.89453125,18.83203125,12.640625,9.3212890625,7.0703125,6.853515625,6.962890625,6.85546875,5.84765625,7.853515625,13.6875,26.712890625,25.9794921875,22.5048828125,13.138671875,9.0673828125,7.5087890625,6.857421875,7.0380859375,6.30859375,6.6005859375,7.6259765625,16.623046875,29.2822265625,26.6630859375,18.4619140625,12.484375,7.9677734375,7.515625
SA_118,1.513671875,1.5263671875,1.67578125,1.646484375,2.7607421875,5.6484375,7.837890625,2.724609375,2.5810546875,1.5068359375,1.68359375,1.5224609375,1.4072265625,1.2451171875,1.41796875,1.5849609375,2.6044921875,4.2744140625,4.8388671875,2.544921875,2.3369140625,2.046875,1.736328125,1.533203125,1.494140625,1.474609375,1.51953125,1.7587890625,2.5478515625,6.2158203125,4.13671875,3.3291015625,2.4453125,1.84765625,1.8447265625,1.7734375,1.306640625,1.5537109375,1.4873046875,1.765625,2.1640625,1.8671875,5.2080078125,4.080078125,2.7802734375,1.80859375,1.73828125,1.6796875,1.453125,1.650390625,1.51953125,1.92578125,4.2900390625,4.8203125,7.0087890625,4.9541015625,2.263671875,2.2412109375,1.9091796875,1.6025390625,1.5283203125,1.505859375,1.4658203125,2.044921875,2.3486328125,2.5908203125,7.7138671875,4.0380859375,6.2197265625,2.5390625,1.7412109375,1.58203125,1.40234375,1.474609375,1.419921875,1.83203125,3.822265625,3.9189453125,3.8427734375,5.0439453125,4.107421875,1.58203125,1.9951171875,1.37890625,1.4892578125,1.5830078125,1.5224609375,1.7763671875,6.30078125,6.0166015625,8.5478515625,5.3203125,1.8359375,1.521484375,1.95703125,1.4130859375,1.4697265625,1.380859375,1.6201171875,1.71484375,2.787109375,5.1083984375,2.326171875,2.82421875,3.1318359375,1.87109375,1.6181640625,1.5458984375,1.4765625,1.361328125,1.3154296875,1.609375,2.1201171875,7.1884765625,8.8837890625,3.3388671875,2.568359375,2.08203125,1.544921875,1.505859375,1.498046875,1.6298828125,1.4384765625,1.9580078125,2.703125,3.576171875,6.564453125,4.9462890625,2.0927734375,2.15234375,1.705078125,1.3955078125,1.2392578125,1.546875,1.462890625,1.58203125,2.0576171875,3.701171875,5.3271484375,4.005859375,2.4189453125,1.9443359375,1.72265625,1.5546875,1.4482421875,1.3291015625,1.462890625,1.8994140625,1.7333984375,3.81640625,5.998046875,2.5537109375,1.9951171875,1.91796875,1.6533203125,1.6259765625,1.5126953125,1.4736328125,1.8701171875,1.501953125,2.623046875,3.10546875,5.2216796875,5.91796875,2.5927734375,1.9677734375,1.9833984375,1.3203125,1.478515625,1.5029296875,1.625,1.8720703125,2.6201171875,3.9521484375,3.9951171875,2.7744140625,2.130859375,1.7880859375,1.75,1.75,1.556640625,1.3154296875,1.4775390625,1.7470703125,2.171875,3.6005859375,5.7216796875,2.6484375,2.3388671875,2.48046875,1.9228515625,1.6376953125,1.494140625,1.4208984375,2.0166015625,2.0712890625,5.9287109375,8.7275390625,4.9443359375,2.59765625,2.669921875,1.978515625,1.7021484375,1.5771484375,1.3935546875,1.2783203125,1.5185546875,1.919921875,2.259765625,3.7646484375,4.15625,2.9560546875,2.06640625,2.0283203125,1.8740234375,1.384765625,1.51171875,1.505859375,1.4912109375,1.3388671875,2.3369140625,7.16015625,5.8310546875,5.76171875,2.0234375,1.921875,1.759765625,1.62890625,1.5634765625,1.732421875,1.6376953125,1.6552734375,2.369140625,3.3203125,6.322265625,5.05078125,2.998046875,1.9521484375,1.71875,1.53125,1.4794921875,1.658203125,1.298828125,1.8876953125,2.900390625,5.4208984375,7.05859375,4.052734375,2.423828125,1.7587890625,1.4951171875,1.5009765625
SA_127,8.8076171875,6.6328125,7.4267578125,7.068359375,15.611328125,40.3515625,30.59375,23.1162109375,21.3310546875,16.251953125,12.544921875,11.484375,8.6201171875,8.533203125,8.7451171875,9.1201171875,22.708984375,38.6962890625,31.21484375,17.609375,14.892578125,13.912109375,12.4814453125,9.3349609375,7.439453125,6.5283203125,8.482421875,8.265625,29.5322265625,36.03125,30.634765625,20.583984375,15.650390625,15.2236328125,11.640625,8.8369140625,9.099609375,8.0947265625,7.404296875,7.2919921875,13.546875,43.95703125,31.564453125,28.171875,14.0166015625,15.5087890625,11.056640625,9.1787109375,7.203125,4.7998046875,6.1064453125,7.2333984375,10.900390625,32.9609375,32.953125,17.818359375,18.6845703125,18.609375,8.8828125,8.0478515625,8.7509765625,5.3798828125,7.212890625,8.3388671875,21.94921875,38.7294921875,31.197265625,25.3759765625,16.0302734375,16.5283203125,10.21875,9.181640625,6.7900390625,6.75,8.125,9.072265625,12.4580078125,45.3427734375,31.7041015625,23.3564453125,16.4365234375,17.779296875,12.71875,10.0927734375,7.1982421875,8.72265625,8.0537109375,7.828125,21.2783203125,40.5458984375,31.3505859375,22.4619140625,15.5947265625,16.591796875,14.4140625,9.0517578125,7.4345703125,6.3828125,6.0078125,8.9921875,19.298828125,42.2734375,31.23828125,15.802734375,13.5078125,17.8662109375,12.3232421875,8.3662109375,8.1376953125,7.466796875,8.107421875,9.0458984375,20.4345703125,43.88671875,32.94921875,30.3056640625,18.1533203125,20.2197265625,12.529296875,10.201171875,8.775390625,7.830078125,6.7998046875,8.072265625,12.853515625,39.7216796875,31.6767578125,13.1455078125,17.40234375,16.5966796875,10.6171875,11.16015625,7.4921875,6.1279296875,8.205078125,9.724609375,17.9658203125,47.125,32.3720703125,30.1181640625,18.126953125,13.9228515625,10.7314453125,7.8212890625,6.7490234375,7.7373046875,7.3740234375,9.494140625,22.86328125,39.4140625,31.841796875,27.3115234375,18.1884765625,17.1630859375,8.712890625,8.20703125,6.8642578125,7.138671875,6.208984375,6.7041015625,13.1015625,44.2802734375,35.1474609375,31.025390625,17.8583984375,16.6123046875,12.357421875,9.9677734375,9.189453125,6.51171875,8.8447265625,6.8466796875,18.0126953125,41.0146484375,32.7529296875,25.431640625,14.7314453125,16.919921875,12.5126953125,9.5595703125,6.927734375,7.6484375,7.119140625,7.6591796875,11.947265625,39.1455078125,32.6865234375,27.6650390625,22.8798828125,16.1826171875,12.0986328125,9.40234375,7.173828125,7.2060546875,6.4521484375,8.5576171875,15.28515625,47.4501953125,35.228515625,28.66015625,13.8974609375,18.3642578125,12.3037109375,8.666015625,8.685546875,5.9775390625,5.607421875,7.1943359375,10.8291015625,40.2548828125,31.5791015625,30.361328125,20.630859375,15.7626953125,10.2783203125,9.3798828125,7.7548828125,5.8212890625,8.12890625,8.1328125,16.56640625,44.537109375,31.388671875,27.6767578125,15.49609375,15.5390625,11.8916015625,8.8466796875,9.666015625,7.9228515625,6.208984375,7.4765625,10.9365234375,38.81640625,32.818359375,25.51171875,21.5380859375,18.423828125,11.1923828125,8.6376953125,8.001953125,7.365234375,5.9169921875,7.1083984375,9.0625,40.62109375,32.935546875,23.7939453125,16.41796875,17.52734375,10.533203125,8.9580078125
SA_1453,7.2568359375,7.328125,6.5830078125,7.123046875,7.7314453125,18.71484375,43.37890625,28.0849609375,12.388671875,8.1669921875,6.5283203125,6.73828125,6.728515625,6.44140625,6.7685546875,7.275390625,9.6923828125,20.5751953125,41.3984375,32.490234375,12.060546875,7.732421875,6.2763671875,6.255859375,6.2001953125,5.9990234375,5.8388671875,6.1728515625,8.6318359375,13.177734375,44.4990234375,27.7509765625,10.6689453125,7.3115234375,6.09375,6.0009765625,6.3759765625,5.6298828125,6.8046875,6.763671875,8.294921875,18.56640625,43.740234375,39.921875,16.626953125,8.736328125,7.328125,5.763671875,7.0234375,6.8203125,6.1572265625,6.5595703125,10.3779296875,30.0908203125,43.0263671875,38.9521484375,14.044921875,8.3291015625,5.4814453125,6.8583984375,6.580078125,6.5390625,5.708984375,6.6142578125,7.927734375,17.8330078125,42.1142578125,28.0947265625,20.712890625,7.0546875,6.67578125,7.87890625,7.283203125,6.2548828125,6.0625,6.7001953125,8.373046875,16.4619140625,38.4384765625,20.0185546875,10.5537109375,6.83203125,6.1474609375,6.7939453125,5.662109375,6.4111328125,6.3740234375,6.59765625,9.3330078125,11.7626953125,35.900390625,29.6884765625,9.875,7.4794921875,7.08203125,7.4423828125,6.43359375,7.5185546875,7.4658203125,7.060546875,10.1787109375,31.185546875,40.3154296875,31.40625,12.173828125,8.0546875,7.20703125,6.6865234375,7.14453125,6.2060546875,6.740234375,7.6318359375,8.80078125,20.154296875,43.6015625,39.740234375,16.421875,8.16015625,7.1630859375,6.2421875,5.3642578125,6.2958984375,6.4208984375,6.2958984375,9.2705078125,9.91015625,26.849609375,28.2041015625,12.685546875,8.9130859375,7.404296875,7.40234375,7.359375,7.0576171875,7.2158203125,6.8017578125,8.8857421875,26.490234375,42.1728515625,23.8486328125,9.6962890625,7.69921875,7.46484375,6.4638671875,7.001953125,7.3310546875,7.5537109375,6.826171875,8.9248046875,29.228515625,43.275390625,34.8134765625,13.1123046875,7.830078125,6.8837890625,6.7939453125,6.32421875,6.9287109375,5.7998046875,6.80859375,7.9482421875,19.4453125,41.0234375,28.5625,18.8017578125,8.0791015625,7.3466796875,7.4873046875,7.0087890625,6.9765625,6.583984375,6.453125,9.8193359375,13.63671875,29.3349609375,30.7275390625,10.697265625,8.587890625,7.68359375,6.546875,7.203125,6.748046875,6.9130859375,6.896484375,9.599609375,12.81640625,38.0234375,37.1923828125,15.140625,9.072265625,6.455078125,6.3046875,6.0927734375,5.53125,5.91796875,6.2177734375,8.478515625,16.7958984375,39.2119140625,30.6025390625,14.830078125,7.2939453125,5.80859375,6.79296875,7.83203125,7.0830078125,6.80859375,6.484375,10.375,15.9677734375,35.02734375,36.65625,11.8271484375,9.1728515625,6.9453125,7.2373046875,6.2265625,6.5595703125,5.826171875,8.3193359375,8.5751953125,37.73828125,41.3515625,36.3974609375,15.7548828125,7.9306640625,6.1669921875,6.39453125,6.7802734375,6.177734375,6.115234375,6.546875,8.53515625,15.2890625,40.5732421875,31.1259765625,17.390625,9.3837890625,8.1123046875,6.55859375,6.244140625,5.501953125,5.7451171875,6.400390625,8.5,18.30078125,40.005859375,37.9794921875,11.96484375,8.4130859375,8.3271484375,7.318359375
SA_1562,9.57421875,10.45703125,10.630859375,12.5,20.0869140625,21.748046875,23.42578125,21.001953125,16.345703125,12.5732421875,11.0322265625,9.02734375,7.8583984375,7.955078125,7.642578125,9.609375,15.16015625,15.591796875,22.3173828125,15.884765625,19.71875,19.1083984375,12.87890625,13.25390625,10.5322265625,10.8447265625,8.759765625,12.8076171875,17.0849609375,24.7607421875,23.326171875,24.4677734375,23.9833984375,12.7802734375,13.2744140625,10.7412109375,11.150390625,7.2314453125,9.1533203125,13.7470703125,20.29296875,23.3203125,23.6748046875,22.611328125,24.9111328125,23.0498046875,19.2685546875,15.98828125,13.4755859375,11.15234375,13.2041015625,13.60546875,24.1806640625,23.2822265625,22.3115234375,23.5458984375,18.673828125,17.5205078125,13.5888671875,12.74609375,10.7353515625,11.1328125,10.4833984375,11.1552734375,15.8134765625,16.771484375,23.3837890625,19.68359375,23.6640625,14.291015625,12.8662109375,12.0126953125,8.5224609375,9.1328125,9.2802734375,12.2861328125,24.03125,24.3720703125,22.6875,21.4228515625,19.912109375,14.62109375,13.501953125,10.46875,9.9404296875,8.8173828125,7.4931640625,9.466796875,17.03125,22.720703125,24.3505859375,24.8662109375,16.0087890625,13.5322265625,12.26953125,10.3115234375,11.1591796875,10.236328125,8.9970703125,10.30078125,22.4296875,23.9013671875,16.4228515625,17.3466796875,23.5078125,22.8583984375,17.384765625,13.3388671875,11.2001953125,10.5419921875,10.4912109375,14.083984375,20.1826171875,24.7109375,24.125,21.296875,15.173828125,15.4208984375,9.0263671875,10.134765625,8.3330078125,6.984375,9.6796875,10.296875,14.7734375,22.3916015625,22.912109375,23.9189453125,16.537109375,14.62109375,12.7861328125,10.552734375,7.7353515625,8.5234375,11.4677734375,9.9853515625,16.408203125,22.880859375,20.1171875,24.4638671875,24.7041015625,17.96484375,15.783203125,11.0419921875,10.8701171875,8.2919921875,9.7373046875,12.72265625,22.32421875,23.6689453125,23.587890625,20.0751953125,15.298828125,13.12109375,11.99609375,9.7109375,10.861328125,8.8681640625,11.3828125,12.912109375,18.3955078125,24.2353515625,23.68359375,24.25,15.5185546875,14.5830078125,13.4765625,10.6953125,7.2001953125,7.7861328125,9.5302734375,11.5576171875,14.1689453125,23.2607421875,24.013671875,21.9228515625,21.751953125,24.0166015625,21.318359375,21.494140625,11.83203125,14.486328125,19.65234375,24.294921875,23.2294921875,24.0869140625,24.083984375,15.998046875,18.3740234375,17.244140625,13.55078125,11.48046875,10.2734375,9.0068359375,11.02734375,10.0458984375,22.748046875,23.8486328125,23.25390625,23.5849609375,23.64453125,21.8193359375,24.296875,18.2666015625,11.3740234375,10.4873046875,15.810546875,24.6455078125,23.826171875,24.638671875,23.2451171875,18.9443359375,13.587890625,12.9267578125,13.7841796875,10.783203125,9.306640625,9.6171875,8.859375,9.0361328125,15.9482421875,23.6787109375,23.001953125,24.822265625,17.7197265625,14.2392578125,13.1689453125,10.6962890625,8.158203125,8.3955078125,10.30859375,9.416015625,12.5849609375,16.984375,23.482421875,24.2099609375,18.7587890625,12.65625,12.5732421875,11.2470703125,9.6552734375,10.4580078125,11.0927734375,14.541015625,18.0556640625,22.9462890625,21.9775390625,19.2646484375,18.1767578125,14.1357421875,11.7119140625,10.748046875
SA_1653,3.2216796875,3.7734375,4.3515625,4.4404296875,8.6357421875,8.794921875,8.7578125,8.705078125,7.73046875,5.1865234375,4.40234375,4.3701171875,3.939453125,3.1396484375,3.6044921875,5.484375,8.380859375,8.9013671875,8.8369140625,7.2333984375,7.3583984375,4.2197265625,4.2099609375,3.41015625,3.216796875,3.765625,4.54296875,6.3662109375,8.357421875,8.986328125,8.642578125,8.2978515625,8.0439453125,7.373046875,6.7509765625,5.7763671875,5.740234375,6.0517578125,5.9482421875,8.7509765625,8.353515625,8.7822265625,8.8623046875,8.380859375,7.599609375,5.4345703125,4.7509765625,4.9375,3.0390625,3.2021484375,3.2802734375,5.7744140625,8.6171875,8.8134765625,8.806640625,8.0126953125,8.41015625,7.2431640625,6.205078125,4.681640625,4.8818359375,3.658203125,6.3955078125,8.48828125,8.4140625,8.94921875,8.9287109375,8.8515625,7.1484375,5.0634765625,4.9345703125,4.15625,3.888671875,3.1923828125,3.9775390625,5.62109375,8.5556640625,8.9091796875,8.06640625,8.595703125,6.95703125,5.818359375,5.8369140625,6.00390625,3.5595703125,5.3291015625,5.056640625,6.0478515625,8.28515625,8.9814453125,8.9951171875,8.9697265625,7.662109375,5.6669921875,5.166015625,4.3359375,3.3583984375,2.6396484375,3.9765625,6.0654296875,8.5712890625,8.904296875,8.494140625,8.64453125,7.5234375,4.8955078125,3.6484375,3.2939453125,3.20703125,3.62890625,3.9345703125,5.11328125,8.1630859375,8.7939453125,8.9208984375,8.4384765625,5.8125,6.4638671875,6.646484375,4.615234375,4.3349609375,4.84765625,4.5498046875,6.646484375,7.263671875,8.9423828125,8.8916015625,8.8984375,6.5009765625,5.0166015625,4.2578125,4.3359375,3.3671875,3.5048828125,3.8134765625,5.685546875,8.7861328125,8.88671875,8.8515625,8.9619140625,8.1376953125,6.458984375,5.0693359375,4.2060546875,3.5849609375,4.021484375,4.447265625,7.009765625,7.96875,8.9111328125,8.9423828125,8.8115234375,6.22265625,4.2568359375,3.47265625,4.6259765625,3.3974609375,3.7509765625,4.189453125,4.1708984375,7.1123046875,8.947265625,8.6767578125,8.8349609375,7.177734375,4.52734375,3.9794921875,3.2666015625,3.720703125,3.8203125,4.2705078125,5.0234375,6.5361328125,8.8232421875,8.7744140625,7.7353515625,5.744140625,4.552734375,4.4072265625,3.5888671875,3.2744140625,3.1181640625,3.013671875,4.0673828125,7.26171875,8.9248046875,8.748046875,8.8603515625,8.265625,7.9150390625,4.2783203125,4.3701171875,3.3759765625,3.712890625,4.1513671875,7.7392578125,8.8701171875,8.8642578125,8.7841796875,7.53125,6.3583984375,4.12890625,4.2529296875,3.5810546875,3.4833984375,3.0712890625,3.5693359375,5.7724609375,8.19921875,8.7685546875,8.8095703125,8.73828125,7.5546875,7.2470703125,7.2939453125,8.3369140625,6.138671875,5.7548828125,7.4794921875,8.0283203125,8.6591796875,8.884765625,8.833984375,8.505859375,6.626953125,7.626953125,4.8525390625,4.0615234375,4.2880859375,3.8095703125,5.3330078125,5.75,8.732421875,8.921875,8.8291015625,8.3095703125,8.1083984375,5.931640625,4.4990234375,3.7734375,3.779296875,3.8798828125,3.1640625,4.2236328125,8.4560546875,8.9541015625,8.9345703125,8.341796875,7.783203125,6.8642578125,3.880859375,4.15234375
SA_1679,7.7861328125,7.599609375,8.11328125,8.5966796875,14.01171875,35.9189453125,47.619140625,40.55078125,37.060546875,14.3125,10.4853515625,9.25390625,8.01953125,7.5185546875,7.7451171875,9.08984375,20.4677734375,34.7216796875,47.71484375,38.599609375,27.763671875,11.30078125,10.2373046875,7.6259765625,7.0703125,6.7021484375,8.203125,9.880859375,10.8701171875,32.70703125,42.201171875,32.3876953125,19.3271484375,16.4931640625,11.9970703125,8.1875,7.6923828125,7.125,6.599609375,7.59375,9.201171875,15.3291015625,27.7099609375,36.857421875,20.78125,13.685546875,10.134765625,10.271484375,6.8203125,6.6103515625,6.9423828125,8.412109375,11.09765625,15.548828125,39.658203125,35.76953125,21.0810546875,13.755859375,9.40234375,8.5517578125,7.7333984375,5.765625,7.4853515625,8.9052734375,15.3447265625,34.7255859375,44.8076171875,42.962890625,25.95703125,13.041015625,10.2431640625,7.955078125,7.48046875,6.33984375,7.755859375,8.4921875,10.11328125,16.6689453125,34.4794921875,38.859375,22.7783203125,13.53125,10.8759765625,9.884765625,7.3125,7.5,6.970703125,9.025390625,12.5439453125,34.2568359375,46.60546875,44.24609375,22.4970703125,14.9560546875,10.84765625,8.52734375,6.916015625,6.0986328125,6.3251953125,8.4033203125,10.4599609375,18.2109375,31.4482421875,42.4228515625,25.2392578125,12.728515625,9.3251953125,6.771484375,7.3193359375,7.9287109375,7.0791015625,7.1328125,11.7626953125,28.8935546875,46.58203125,41.283203125,25.5693359375,15.9052734375,14.0439453125,9.4775390625,8.1171875,8.2744140625,6.388671875,9.0576171875,11.302734375,32.4599609375,47.5458984375,44.0869140625,22.9990234375,13.3212890625,10.23046875,9.197265625,6.9287109375,6.5029296875,7.66796875,9.119140625,9.71484375,24.3349609375,45.2060546875,44.5087890625,29.0322265625,13.5654296875,9.8505859375,7.279296875,6.439453125,7.310546875,6.7822265625,7.9580078125,11.9736328125,31.3974609375,46.3759765625,42.6748046875,18.89453125,12.791015625,9.0810546875,10.474609375,5.927734375,6.72265625,7.3427734375,7.2529296875,10.474609375,18.0986328125,42.998046875,41.37109375,23.8603515625,12.7392578125,9.736328125,7.9248046875,7.4453125,7.3525390625,7.8271484375,7.8115234375,10.44140625,22.8955078125,45.3232421875,31.2724609375,17.3955078125,11.81640625,10.9814453125,8.5458984375,7.171875,7.119140625,7.2294921875,6.9755859375,9.8330078125,21.861328125,44.46484375,39.5380859375,22.8486328125,14.19140625,10.076171875,8.845703125,6.1728515625,6.9560546875,6.6640625,9.666015625,9.0888671875,14.9794921875,45.6728515625,40.5400390625,20.1689453125,11.453125,9.3056640625,8.287109375,7.2919921875,6.3916015625,6.9287109375,8.8369140625,10.9140625,28.958984375,45.9306640625,43.9931640625,28.0751953125,16.517578125,10.94140625,7.7158203125,7.19921875,6.419921875,7.9697265625,8.3173828125,9.2216796875,30.16015625,45.4443359375,39.0908203125,23.3232421875,14.69921875,10.42578125,7.7880859375,7.4853515625,7.5166015625,7.490234375,6.888671875,9.2734375,18.7509765625,44.921875,39.7109375,33.3369140625,16.455078125,10.1826171875,8.3447265625,7.2861328125,7.7548828125,7.052734375,7.77734375,9.0703125,28.923828125,47.666015625,42.703125,26.228515625,15.2373046875,9.1904296875,8.4599609375
SA_225,3.6044921875,3.6240234375,5.0712890625,5.18359375,4.8662109375,12.11328125,34.7568359375,26.509765625,11.193359375,5.2705078125,4.53125,4.708984375,4.197265625,4.0439453125,4.3662109375,5.494140625,9.240234375,10.9404296875,29.61328125,24.3466796875,8.1474609375,4.38671875,4.11328125,4.068359375,3.8603515625,3.9482421875,4.4609375,5.0107421875,6.7568359375,18.56640625,38.916015625,22.712890625,9.9208984375,10.9130859375,6.0634765625,4.01171875,3.751953125,4.0615234375,3.779296875,3.7744140625,5.521484375,11.35546875,11.4384765625,16.3681640625,8.205078125,5.6494140625,4.3935546875,4.5986328125,3.9306640625,3.6259765625,3.9033203125,5.2109375,4.6435546875,11.77734375,17.2412109375,12.9404296875,7.841796875,4.9384765625,3.7802734375,4.0205078125,4.2763671875,3.15625,4.0185546875,4.6298828125,11.0703125,25.294921875,41.8779296875,40.1494140625,11.6962890625,4.7685546875,4.7666015625,4.701171875,4.7548828125,3.8017578125,3.9921875,5.5478515625,6.5771484375,10.8056640625,24.6748046875,32.193359375,9.76953125,6.2314453125,5.8935546875,4.861328125,4.189453125,4.2646484375,4.3828125,6.5205078125,8.03515625,29.4404296875,45.662109375,40.4033203125,12.015625,7.095703125,4.69140625,4.2919921875,4.0546875,3.8681640625,4.080078125,6.3056640625,7.572265625,10.1279296875,19.41015625,45.130859375,11.390625,5.4931640625,5.09375,3.78515625,4.373046875,4.712890625,4.0625,4.9228515625,8.576171875,13.2939453125,44.6328125,36.4384765625,11.8076171875,7.326171875,6.033203125,4.859375,4.2294921875,5.30859375,4.162109375,4.8330078125,6.869140625,14.953125,44.8408203125,39.8349609375,9.287109375,6.7158203125,4.9423828125,4.0615234375,3.7783203125,3.6484375,4.056640625,5.359375,6.14453125,11.0126953125,32.046875,42.12109375,18.51953125,5.43359375,4.740234375,4.5771484375,4.1279296875,4.029296875,4.5751953125,4.7685546875,8.013671875,14.314453125,44.79296875,32.6865234375,9.3388671875,5.830078125,4.5771484375,6.671875,3.2646484375,4.51953125,3.7529296875,4.0458984375,7.63671875,10.1142578125,30.3505859375,40.2412109375,11.2294921875,5.58984375,5.4697265625,4.5830078125,4.255859375,3.9580078125,4.7353515625,3.9775390625,7.3544921875,14.435546875,42.1396484375,27.07421875,9.6982421875,5.1259765625,4.6875,4.12890625,3.58203125,4.3662109375,3.5361328125,4.0615234375,7.0087890625,11.7265625,31.8173828125,33.798828125,11.349609375,5.4453125,5.1337890625,4.0087890625,3.2578125,3.5,4.1748046875,5.6142578125,3.482421875,6.255859375,16.7099609375,22.330078125,6.955078125,4.357421875,5.2412109375,4.00390625,3.533203125,3.59765625,4.0322265625,3.599609375,6.8671875,12.4619140625,32.1015625,44.6455078125,18.310546875,8.162109375,5.044921875,4.287109375,4.62890625,3.5556640625,4.8994140625,5.228515625,5.4765625,13.5654296875,42.361328125,24.6044921875,10.0078125,6.91015625,5.1513671875,4.302734375,3.81640625,4.13671875,3.9189453125,4.611328125,6.0654296875,11.0849609375,23.6240234375,29.1162109375,11.583984375,5.6826171875,5.21484375,3.947265625,4.6259765625,3.8671875,4.0517578125,4.904296875,5.240234375,12.640625,39.591796875,38.1748046875,9.8203125,5.6904296875,4.501953125,4.087890625
SA_272,2.5703125,2.826171875,3.744140625,5.3525390625,5.7333984375,5.9951171875,5.994140625,4.9677734375,5.5048828125,4.71484375,4.5478515625,2.9443359375,2.533203125,2.646484375,3.1181640625,4.740234375,5.78125,4.7529296875,5.8154296875,5.8515625,5.7978515625,4.296875,3.25390625,2.7890625,2.7490234375,3.0087890625,2.892578125,5.302734375,5.4873046875,5.984375,5.9443359375,4.52734375,5.3173828125,4.8671875,4.6162109375,4.9580078125,3.4443359375,3.677734375,3.7236328125,5.21484375,5.41015625,5.46484375,5.8232421875,5.95703125,5.9990234375,5.974609375,5.3623046875,5.330078125,4.6005859375,5.048828125,5.3076171875,5.458984375,5.677734375,5.953125,5.982421875,5.6533203125,4.9453125,5.390625,5.2431640625,4.8125,3.5341796875,4.765625,5.056640625,5.5849609375,5.8154296875,5.7099609375,5.87109375,5.2646484375,5.4248046875,3.8740234375,3.2412109375,2.9072265625,2.490234375,2.443359375,2.8857421875,4.1923828125,5.93359375,5.96484375,5.345703125,5.916015625,5.1064453125,3.5849609375,3.36328125,2.369140625,2.4189453125,2.6337890625,2.751953125,3.3515625,5.7392578125,5.5205078125,5.8681640625,5.97265625,4.8134765625,3.568359375,3.658203125,2.9853515625,2.9599609375,2.6982421875,3.5302734375,4.404296875,5.85546875,5.8876953125,4.1220703125,5.4765625,5.91015625,5.94140625,5.091796875,5.3916015625,5.306640625,5.34765625,4.830078125,5.111328125,5.8359375,5.966796875,5.900390625,5.5390625,5.06640625,4.1435546875,2.740234375,2.7978515625,2.140625,2.5341796875,2.5693359375,4.767578125,5.9912109375,5.90625,5.3955078125,5.8251953125,5.4033203125,5.3193359375,5.0361328125,4.46875,4.6015625,5.0625,4.88671875,5.01953125,5.658203125,5.8828125,5.71484375,5.9951171875,5.6787109375,5.5595703125,5.0859375,5.5673828125,5.0830078125,5.236328125,5.2041015625,5.3046875,5.453125,4.8759765625,5.611328125,4.197265625,3.5048828125,3.244140625,2.5908203125,2.5751953125,2.3916015625,2.556640625,3.0478515625,3.22265625,4.8076171875,5.80859375,5.8466796875,5.298828125,5.6611328125,5.2685546875,5.91015625,3.9921875,4.6435546875,4.2470703125,5.701171875,5.701171875,5.828125,5.82421875,5.82421875,5.2724609375,5.92578125,5.5869140625,4.6318359375,4.3125,3.818359375,5.4697265625,5.40625,5.4462890625,5.9326171875,5.9775390625,5.9228515625,5.99609375,5.978515625,5.712890625,5.005859375,4.958984375,5.087890625,4.0400390625,5.6826171875,5.0517578125,5.865234375,5.8466796875,5.22265625,5.09765625,4.5732421875,3.4521484375,2.802734375,2.3349609375,2.255859375,2.041015625,2.7685546875,3.685546875,5.51171875,5.9638671875,5.50390625,4.720703125,5.3154296875,5.27734375,4.865234375,4.642578125,4.6171875,4.8251953125,4.60546875,4.314453125,5.541015625,5.9560546875,5.703125,5.99609375,4.298828125,4.0625,3.5478515625,2.9677734375,2.5791015625,2.6884765625,3.673828125,4.8125,5.6298828125,5.603515625,5.919921875,5.8671875,5.248046875,4.1318359375,3.0888671875,2.7470703125,2.767578125,2.912109375,2.53125,4.7041015625,5.7978515625,5.802734375,5.8642578125,5.3857421875,5.521484375,4.24609375,3.61328125,2.9189453125
SA_296,2.1962890625,2.302734375,2.1484375,2.1181640625,1.7548828125,2.1142578125,2.201171875,2.2197265625,2.4609375,2.3916015625,2.4814453125,2.5869140625,2.3984375,2.326171875,2.498046875,1.9306640625,1.935546875,2.400390625,2.3125,2.482421875,2.4072265625,2.5126953125,2.482421875,2.6474609375,2.4697265625,2.1982421875,1.998046875,2.140625,2.3740234375,2.4150390625,2.228515625,2.4443359375,2.4912109375,2.4677734375,2.41796875,2.52734375,2.732421875,2.083984375,2.3974609375,2.373046875,1.9765625,2.3583984375,2.3359375,2.40234375,2.2177734375,2.3662109375,2.263671875,2.4765625,2.1650390625,2.466796875,2.322265625,2.005859375,1.9873046875,2.4521484375,2.2421875,2.3251953125,2.427734375,2.4140625,2.380859375,2.42578125,2.333984375,2.3564453125,2.064453125,2.2119140625,2.4091796875,2.4345703125,2.330078125,2.455078125,2.42578125,2.5322265625,2.3125,2.4970703125,1.9775390625,2.091796875,2.5029296875,2.3486328125,2.123046875,2.1953125,2.4609375,2.3896484375,2.466796875,2.494140625,2.25,2.3076171875,2.416015625,2.3603515625,2.29296875,2.1337890625,2.0458984375,2.1337890625,2.1796875,2.318359375,2.390625,2.4326171875,2.5,2.2802734375,2.1640625,2.201171875,2.1923828125,2.169921875,2.025390625,2.169921875,2.3017578125,2.3212890625,2.328125,2.31640625,2.1953125,2.3994140625,2.39453125,2.1298828125,1.8046875,2.01171875,2.353515625,1.958984375,2.236328125,2.244140625,2.4658203125,2.4365234375,2.646484375,2.7109375,2.4990234375,2.6328125,2.51953125,2.1142578125,1.9501953125,2.1904296875,2.2568359375,2.2021484375,2.3583984375,2.3134765625,2.244140625,2.083984375,2.4267578125,2.2470703125,2.19140625,2.078125,1.8759765625,2.0224609375,2.30078125,2.228515625,2.478515625,2.3193359375,2.18359375,2.45703125,2.400390625,2.4697265625,2.060546875,2.2412109375,2.3232421875,2.4345703125,2.2021484375,2.3671875,2.494140625,2.4287109375,2.36328125,2.53125,2.4443359375,2.29296875,2.2392578125,2.283203125,2.072265625,2.1083984375,2.2197265625,2.3642578125,2.3212890625,2.3701171875,2.435546875,2.3408203125,2.39453125,2.4541015625,2.4208984375,2.189453125,2.2265625,2.3173828125,2.208984375,2.486328125,2.48046875,2.4736328125,2.3701171875,2.677734375,2.50390625,2.404296875,2.185546875,2.33203125,2.2021484375,2.3623046875,2.4794921875,2.4736328125,2.396484375,2.5,2.5791015625,2.693359375,2.662109375,2.72265625,2.4208984375,2.259765625,2.0234375,2.3076171875,2.013671875,2.3994140625,2.3125,2.4501953125,2.423828125,2.4306640625,2.3212890625,2.4111328125,2.3828125,2.2109375,2.0732421875,2.3369140625,2.15625,2.50390625,2.4140625,2.4091796875,2.4736328125,2.4931640625,2.4384765625,2.2705078125,1.9423828125,2.0576171875,2.298828125,2.1943359375,2.388671875,2.3837890625,2.4765625,2.50390625,2.5458984375,2.2900390625,2.314453125,2.392578125,2.18359375,2.3955078125,2.3662109375,2.306640625,2.2880859375,2.005859375,2.4072265625,2.3427734375,2.3583984375,2.375,2.458984375,2.2509765625,2.16796875,2.1904296875,1.97265625,2.1826171875,2.34765625,2.2822265625,1.89453125,2.28515625,2.5205078125,2.298828125
SA_335,14.439453125,11.6083984375,13.2568359375,16.3076171875,30.703125,27.5224609375,5.1611328125,4.6552734375,5.23828125,21.3310546875,14.2890625,12.8447265625,10.4560546875,10.7685546875,14.2890625,17.826171875,27.560546875,29.6015625,5.318359375,5.0947265625,4.09765625,19.4189453125,22.671875,14.408203125,10.8154296875,10.123046875,12.5712890625,16.4580078125,33.607421875,18.1337890625,4.6611328125,2.607421875,2.70703125,9.4072265625,19.8310546875,12.0322265625,10.47265625,10.353515625,9.7548828125,11.79296875,28.560546875,36.00390625,8.1474609375,5.9921875,6.779296875,23.83203125,16.6708984375,11.607421875,11.13671875,7.20703125,9.83984375,11.9345703125,32.3017578125,37.205078125,15.00390625,5.61328125,7.0654296875,22.8232421875,14.1103515625,11.2568359375,10.3857421875,9.7099609375,11.6259765625,18.1669921875,31.435546875,27.2333984375,5.513671875,4.8310546875,6.376953125,23.3671875,13.5009765625,12.89453125,9.46875,9.43359375,12.7080078125,17.939453125,31.7490234375,35.1015625,8.109375,5.197265625,6.1728515625,22.5322265625,17.46875,13.6142578125,11.2001953125,11.01171875,12.201171875,17.0263671875,33.66015625,24.2314453125,4.9873046875,4.140625,4.6044921875,20.990234375,22.9951171875,13.9189453125,10.255859375,9.857421875,9.4033203125,17.9755859375,32.7197265625,30.947265625,6.27734375,4.6435546875,3.880859375,19.189453125,21.6796875,12.4033203125,11.193359375,10.298828125,12.759765625,17.4033203125,35.5283203125,27.375,6.3212890625,3.0771484375,2.9423828125,17.1904296875,23.6552734375,14.7314453125,12.173828125,11.4423828125,12.4970703125,17.7392578125,32.02734375,27.228515625,5.390625,2.1630859375,2.2861328125,17.650390625,17.91796875,16.6416015625,11.673828125,10.19921875,11.7158203125,18.4853515625,35.4580078125,24.0810546875,4.814453125,2.59765625,2.1806640625,14.119140625,21.2138671875,11.8779296875,9.703125,11.62890625,11.794921875,18.91015625,31.29296875,19.5341796875,4.34765625,3.69921875,3.69921875,11.5849609375,22.9501953125,12.419921875,9.95703125,9.7294921875,9.61328125,11.466796875,30.9873046875,31.154296875,7.984375,5.9462890625,5.2412109375,24.94140625,17.5517578125,14.28515625,13.0029296875,11.037109375,14.3876953125,15.115234375,29.748046875,23.8876953125,5.5,3.92578125,6.447265625,24.7177734375,18.0634765625,13.7119140625,11.123046875,11.3037109375,11.5908203125,14.75390625,27.556640625,28.2177734375,6.74609375,6.568359375,6.154296875,13.197265625,22.3662109375,13.57421875,11.8798828125,10.58984375,11.1484375,17.015625,28.7060546875,36.4892578125,14.060546875,6.78125,8.115234375,23.5966796875,16.212890625,12.490234375,11.4404296875,9.466796875,9.064453125,13.8544921875,26.4462890625,31.693359375,6.5478515625,5.3291015625,7.5009765625,25.2646484375,14.8583984375,15.3076171875,10.9697265625,10.705078125,12.5927734375,18.169921875,32.615234375,30.34375,6.6845703125,5.1630859375,6.423828125,20.51953125,17.7890625,13.986328125,12.451171875,10.56640625,11.1455078125,16.326171875,29.330078125,33.65625,5.931640625,5.4365234375,6.3193359375,22.560546875,16.4853515625,13.3955078125,9.3232421875,8.5078125,9.7822265625,14.3916015625,28.27734375,39.2998046875,16.873046875,6.173828125,7.2255859375,22.568359375,14.3125,12.6943359375
SA_358,5.2470703125,5.3173828125,5.46875,6.333984375,8.3408203125,16.5791015625,40.8095703125,33.4853515625,15.7880859375,9.154296875,8.109375,7.318359375,5.814453125,5.318359375,5.443359375,6.068359375,10.73046875,14.30859375,32.4140625,26.1767578125,10.5244140625,8.205078125,7.78125,4.849609375,4.8369140625,4.611328125,6.2880859375,7.5087890625,9.78515625,19.6640625,39.150390625,26.744140625,12.2314453125,11.8125,8.9189453125,5.9580078125,5.9951171875,5.1220703125,4.474609375,5.6123046875,7.6904296875,13.7470703125,25.638671875,32.4365234375,13.2861328125,11.2392578125,8.6474609375,7.7080078125,4.4462890625,3.908203125,4.8515625,7.33984375,10.0283203125,25.9267578125,45.1806640625,32.416015625,14.212890625,11.3779296875,7.396484375,6.7587890625,5.55859375,3.5859375,5.7978515625,7.2216796875,13.9833984375,37.259765625,40.85546875,37.2119140625,16.4560546875,10.4609375,8.7958984375,5.5361328125,5.314453125,4.0380859375,5.98046875,6.447265625,9.1796875,31.056640625,46.859375,32.0478515625,13.1552734375,10.513671875,7.8671875,7.3603515625,4.8349609375,5.2861328125,4.8896484375,6.755859375,10.5078125,32.525390625,43.9951171875,38.29296875,10.99609375,11.013671875,9.5107421875,6.6171875,4.853515625,3.890625,4.779296875,6.89453125,8.6298828125,24.4873046875,45.1875,40.359375,13.1142578125,10.3828125,7.701171875,4.7080078125,4.6103515625,5.146484375,5.0546875,5.55859375,9.6982421875,22.53125,44.42578125,37.0966796875,11.421875,11.8369140625,11.2509765625,7.6923828125,6.20703125,5.767578125,4.43359375,6.9912109375,10.3935546875,22.7392578125,45.0888671875,37.5615234375,12.0517578125,10.17578125,7.875,7.1396484375,5.0595703125,4.619140625,5.9111328125,7.10546875,9.2744140625,15.197265625,43.0322265625,38.271484375,17.0322265625,9.9970703125,7.6630859375,4.6953125,4.2666015625,5.1376953125,4.5107421875,6.5986328125,9.177734375,27.7607421875,44.333984375,34.390625,12.1865234375,10.70703125,6.99609375,7.5654296875,4.06640625,4.4501953125,5.220703125,5.2998046875,10.208984375,29.2109375,43.26171875,39.6181640625,13.5107421875,9.2763671875,7.673828125,5.5791015625,5.46484375,5.3466796875,5.640625,6.2255859375,9.4375,23.8359375,43.28125,26.61328125,11.93359375,10.5146484375,9.2080078125,6.353515625,4.8291015625,4.3486328125,5.2001953125,5.9384765625,8.9951171875,17.5927734375,44.619140625,34.34765625,14.0400390625,10.5458984375,7.8515625,6.3212890625,4.490234375,5.1259765625,4.134765625,6.8232421875,7.8095703125,13.078125,36.9638671875,34.14453125,12.1591796875,9.4326171875,6.9765625,6.1787109375,5.8046875,4.333984375,4.6533203125,6.8544921875,9.26953125,30.220703125,44.158203125,41.455078125,16.9775390625,12.2294921875,8.1015625,5.9208984375,4.9140625,4.265625,6.0283203125,6.259765625,8.6279296875,35.21484375,43.267578125,35.4248046875,14.177734375,11.5048828125,7.9931640625,5.6318359375,5.6494140625,4.953125,5.23828125,5.6064453125,8.3095703125,19.162109375,45.4404296875,35.669921875,22.2548828125,10.9814453125,8.8291015625,6.115234375,4.798828125,5.181640625,4.4521484375,5.6708984375,8.3916015625,30.1357421875,44.708984375,35.513671875,14.283203125,10.8271484375,6.125,5.986328125
SA_402,3.0,2.9814453125,2.9306640625,2.9248046875,2.9921875,2.98828125,2.974609375,2.98828125,2.9638671875,2.951171875,2.9970703125,2.9755859375,2.9951171875,3.0,3.0,2.986328125,2.990234375,2.9853515625,2.982421875,2.990234375,2.970703125,2.9609375,2.970703125,2.98828125,2.9853515625,2.9814453125,2.9951171875,2.9931640625,2.990234375,2.9951171875,2.9716796875,2.9775390625,2.9541015625,2.9912109375,2.9287109375,2.99609375,2.9970703125,2.9990234375,2.998046875,2.9775390625,2.986328125,2.986328125,2.9794921875,2.9931640625,2.95703125,2.9736328125,2.9833984375,2.9951171875,2.9560546875,2.994140625,3.0,3.0,2.970703125,2.994140625,2.9736328125,2.9833984375,2.9658203125,2.9833984375,2.98046875,2.958984375,2.978515625,2.9951171875,2.9765625,2.9755859375,2.947265625,2.98828125,2.9677734375,2.9814453125,2.9482421875,2.974609375,2.962890625,2.9755859375,2.9873046875,2.990234375,2.9931640625,2.98046875,2.9921875,2.98046875,2.990234375,2.9482421875,2.953125,2.94140625,2.970703125,2.9794921875,2.9970703125,3.0,2.9912109375,2.986328125,2.958984375,2.953125,2.984375,2.9404296875,2.9521484375,2.9990234375,2.986328125,2.994140625,2.9931640625,2.9970703125,2.99609375,2.9130859375,2.955078125,2.9658203125,2.9765625,2.9677734375,2.9375,2.8837890625,2.91796875,2.970703125,2.990234375,2.99609375,2.9755859375,2.970703125,2.986328125,2.9853515625,2.99609375,2.9853515625,2.9765625,2.978515625,2.9814453125,2.98046875,2.9853515625,3.0,2.9990234375,2.986328125,2.9541015625,2.97265625,2.8037109375,2.75,2.9931640625,2.9375,2.9599609375,2.9794921875,2.9990234375,2.978515625,2.9912109375,2.966796875,2.9501953125,2.978515625,2.9912109375,2.998046875,2.9619140625,2.9560546875,2.9873046875,2.9482421875,2.994140625,2.9921875,2.98046875,2.990234375,2.9931640625,2.9814453125,2.9814453125,2.953125,3.0,2.986328125,2.978515625,2.9892578125,2.9970703125,2.9970703125,2.9970703125,2.9951171875,2.982421875,2.9794921875,2.94921875,2.9814453125,2.9892578125,2.9736328125,2.962890625,2.984375,2.9990234375,2.9931640625,2.9990234375,2.9990234375,2.9833984375,2.9921875,2.9638671875,2.9423828125,2.998046875,2.9921875,2.986328125,2.9921875,2.9921875,2.9990234375,2.9765625,2.9970703125,2.98828125,2.9853515625,2.9873046875,2.982421875,2.9716796875,2.984375,2.95703125,2.9990234375,2.9931640625,3.0,2.9912109375,2.9951171875,2.9833984375,2.95703125,2.93359375,2.9716796875,2.9384765625,2.9892578125,2.96875,2.9765625,2.9716796875,2.9921875,2.9912109375,2.9951171875,2.9814453125,2.9453125,2.9453125,2.9970703125,2.98828125,2.96875,2.974609375,2.9130859375,2.9990234375,2.9931640625,3.0,2.990234375,2.9931640625,2.95703125,2.9453125,2.9765625,2.978515625,2.9892578125,2.990234375,2.9970703125,2.9951171875,2.9970703125,2.99609375,2.98828125,2.97265625,2.98046875,2.9375,2.96875,2.95703125,2.9736328125,2.939453125,2.9990234375,2.974609375,3.0,2.9921875,2.94921875,2.955078125,2.9658203125,2.9609375,2.9951171875,2.9970703125,2.970703125,2.96875,2.9853515625
SA_453,4.4794921875,5.1826171875,6.05078125,5.9990234375,6.2236328125,6.8095703125,6.923828125,5.623046875,4.6650390625,3.28125,3.900390625,3.466796875,2.927734375,2.4873046875,3.17578125,3.775390625,5.599609375,6.439453125,6.2939453125,6.39453125,4.16015625,3.8759765625,2.8603515625,3.8720703125,3.6103515625,3.2919921875,3.7109375,3.9365234375,4.4326171875,7.1064453125,6.580078125,5.94140625,4.9345703125,3.294921875,3.361328125,3.1748046875,3.68359375,3.5205078125,3.4169921875,4.2001953125,6.310546875,6.2724609375,6.986328125,4.9765625,4.3388671875,3.7509765625,3.2958984375,3.0283203125,3.677734375,3.65625,3.51953125,3.669921875,5.0283203125,7.1357421875,7.068359375,5.2236328125,4.1171875,3.23046875,3.1455078125,2.5322265625,2.4716796875,2.5830078125,2.3212890625,3.0048828125,5.896484375,6.2353515625,5.69140625,4.3369140625,3.3603515625,3.0,3.005859375,3.009765625,2.8876953125,2.2998046875,2.59375,2.7958984375,3.7763671875,6.6943359375,6.4775390625,4.228515625,3.962890625,3.1484375,3.04296875,2.701171875,2.5908203125,2.95703125,3.2060546875,3.1455078125,5.29296875,6.8134765625,6.6533203125,6.8154296875,5.8544921875,4.0087890625,3.44140625,3.9033203125,3.7060546875,3.15625,3.5595703125,3.75390625,5.806640625,6.8349609375,6.677734375,4.8525390625,4.0654296875,3.701171875,3.099609375,3.4794921875,3.498046875,2.7998046875,2.794921875,3.5537109375,4.4423828125,5.78515625,5.71484375,6.7392578125,3.87109375,2.8603515625,2.73828125,3.2353515625,3.1103515625,2.9794921875,3.1240234375,5.201171875,6.1552734375,6.9814453125,6.92578125,6.1220703125,4.3583984375,2.6123046875,2.7294921875,2.517578125,2.8642578125,2.3759765625,2.8974609375,3.3154296875,4.6591796875,6.794921875,6.5234375,5.890625,6.078125,5.466796875,6.140625,5.4951171875,4.88671875,4.37890625,4.513671875,5.478515625,6.2275390625,4.837890625,6.890625,7.2392578125,5.109375,4.5498046875,3.248046875,2.6728515625,4.1640625,3.423828125,4.1708984375,5.9853515625,5.8037109375,6.2822265625,6.6015625,6.7734375,6.3583984375,5.33984375,4.220703125,3.3837890625,3.5361328125,4.392578125,4.37890625,4.6845703125,6.150390625,7.134765625,7.1337890625,5.638671875,4.740234375,4.509765625,3.2421875,4.388671875,2.994140625,5.0380859375,5.3037109375,4.7998046875,6.0791015625,6.236328125,5.650390625,6.5458984375,4.3525390625,4.2265625,3.255859375,3.529296875,3.83984375,2.552734375,3.18359375,4.3447265625,5.7685546875,6.5166015625,6.0869140625,5.669921875,5.13671875,4.4521484375,5.455078125,4.521484375,4.4326171875,5.7958984375,5.2373046875,6.1015625,6.1806640625,6.77734375,7.220703125,4.53515625,5.0126953125,3.8935546875,3.5908203125,3.140625,3.380859375,3.2001953125,2.8115234375,3.98828125,5.056640625,5.4443359375,6.701171875,6.072265625,4.833984375,3.173828125,4.298828125,3.7646484375,3.826171875,3.58984375,4.638671875,5.46484375,5.7958984375,6.794921875,6.6162109375,5.63671875,3.7470703125,2.716796875,2.5126953125,2.548828125,2.4677734375,2.7255859375,3.0625,3.6201171875,5.958984375,5.7470703125,6.755859375,6.6748046875,5.630859375,3.75390625,3.228515625,2.6640625
SA_490,6.5654296875,5.6611328125,5.89453125,6.6923828125,9.123046875,16.0380859375,15.73828125,17.5126953125,11.4921875,8.361328125,7.3798828125,8.9736328125,7.6943359375,7.0849609375,9.9189453125,10.6025390625,10.77734375,17.2490234375,17.515625,16.7705078125,9.1533203125,5.6474609375,5.2353515625,5.70703125,7.60546875,6.0244140625,6.2724609375,6.8837890625,7.7734375,13.4150390625,13.2265625,15.7177734375,10.8154296875,7.3828125,6.1083984375,6.0107421875,6.720703125,7.2041015625,6.5458984375,6.595703125,9.37109375,15.0927734375,17.5009765625,10.302734375,8.63671875,6.314453125,5.560546875,5.3818359375,6.470703125,6.5830078125,5.38671875,6.2392578125,9.16796875,15.6455078125,16.2705078125,15.34765625,11.244140625,6.095703125,6.2333984375,5.53515625,6.423828125,6.11328125,5.7119140625,7.6259765625,11.5361328125,17.41796875,17.810546875,14.416015625,8.875,6.6494140625,5.4521484375,5.7294921875,5.341796875,4.98046875,5.720703125,5.53125,7.4755859375,14.2509765625,16.8447265625,14.75,10.0830078125,6.40625,6.244140625,5.908203125,5.69140625,8.0380859375,7.169921875,6.119140625,8.6484375,14.5,14.4287109375,17.4521484375,13.67578125,6.77734375,5.837890625,6.0615234375,6.2607421875,6.3876953125,6.7265625,8.0234375,8.84765625,16.8740234375,17.6845703125,14.712890625,10.369140625,7.982421875,5.4404296875,5.984375,5.4775390625,5.7197265625,5.0400390625,6.4609375,8.48046875,13.080078125,16.623046875,15.8896484375,8.8115234375,5.7041015625,6.466796875,6.220703125,6.6259765625,6.451171875,5.6650390625,7.3046875,6.26953125,14.1767578125,17.7119140625,16.5244140625,11.5361328125,6.5458984375,5.2861328125,5.814453125,6.0927734375,5.671875,5.9423828125,6.119140625,9.263671875,13.564453125,17.51953125,13.771484375,11.25390625,6.7568359375,6.3935546875,5.7685546875,6.3916015625,6.96875,5.49609375,5.4638671875,7.771484375,10.3134765625,17.09375,17.02734375,9.470703125,6.4892578125,5.2099609375,5.310546875,5.126953125,4.9541015625,4.984375,5.982421875,7.1552734375,9.0732421875,14.1904296875,14.12890625,9.2783203125,8.1904296875,6.603515625,6.8759765625,6.76171875,7.38671875,6.6298828125,6.7373046875,8.9462890625,15.576171875,17.45703125,16.541015625,9.2158203125,7.75390625,5.966796875,6.60546875,5.9423828125,6.646484375,6.09765625,5.4892578125,8.705078125,13.439453125,17.2041015625,15.9228515625,8.95703125,7.6318359375,6.2021484375,6.205078125,7.6376953125,7.1298828125,5.525390625,6.580078125,7.2109375,11.267578125,14.443359375,12.66796875,7.4736328125,7.21484375,6.3017578125,5.9775390625,5.5498046875,6.12890625,5.1591796875,5.7490234375,7.8427734375,14.0361328125,17.84375,10.939453125,12.1318359375,7.341796875,5.443359375,5.4306640625,5.8818359375,5.900390625,5.814453125,6.9599609375,8.8515625,14.650390625,17.541015625,15.9228515625,12.4326171875,6.7451171875,6.2138671875,8.25390625,7.0810546875,6.568359375,7.7314453125,7.2744140625,9.5693359375,16.2353515625,16.173828125,16.0068359375,9.0380859375,6.103515625,5.3291015625,5.2734375,5.638671875,5.5458984375,6.3173828125,7.2451171875,9.169921875,15.203125,17.6474609375,14.216796875,9.7841796875,6.05859375,6.0869140625,5.1337890625
SA_60,2.3994140625,2.27734375,2.61328125,3.044921875,4.9990234375,5.771484375,5.2021484375,5.7724609375,5.2001953125,3.6708984375,2.8212890625,2.6630859375,2.9306640625,2.0849609375,2.4208984375,3.7919921875,4.3505859375,6.7158203125,6.2421875,6.0458984375,2.896484375,2.1923828125,1.8125,2.052734375,2.048828125,1.8974609375,1.927734375,1.935546875,2.5029296875,6.21484375,4.8291015625,6.0322265625,3.3984375,2.9658203125,2.28515625,1.98046875,1.705078125,2.060546875,1.9736328125,2.189453125,4.1962890625,6.2734375,6.732421875,4.787109375,4.9501953125,4.57421875,3.322265625,2.333984375,3.1806640625,2.3837890625,2.45703125,3.205078125,5.123046875,6.388671875,5.9609375,4.8212890625,3.52734375,2.330078125,2.31640625,1.8212890625,1.7373046875,1.810546875,1.6513671875,2.2666015625,3.978515625,6.2548828125,6.0068359375,5.6298828125,5.2353515625,4.068359375,3.4970703125,4.578125,4.4091796875,2.3876953125,3.8369140625,4.7275390625,5.7861328125,6.1220703125,5.6923828125,5.205078125,4.380859375,2.8232421875,2.564453125,1.9931640625,1.9736328125,2.1005859375,2.53515625,2.43359375,5.2509765625,6.4013671875,5.2548828125,6.0908203125,4.3388671875,2.7724609375,2.0869140625,1.9375,1.736328125,1.8662109375,1.7353515625,1.9140625,3.3623046875,6.1298828125,6.4072265625,4.6796875,3.1416015625,2.830078125,2.0478515625,1.853515625,1.7685546875,1.8544921875,1.546875,1.814453125,3.2421875,5.11328125,5.15234375,5.6572265625,3.4921875,2.2763671875,2.3544921875,1.974609375,2.041015625,2.1806640625,1.740234375,2.9404296875,3.6572265625,6.091796875,5.9658203125,5.380859375,5.0947265625,2.4326171875,2.3388671875,2.30078125,2.025390625,2.017578125,1.828125,2.4462890625,5.275390625,5.2919921875,6.1513671875,4.4833984375,5.0517578125,2.595703125,3.3427734375,2.34375,2.314453125,2.65234375,2.0810546875,2.2958984375,5.34375,6.2626953125,5.912109375,6.2490234375,2.966796875,2.4951171875,1.666015625,1.66015625,1.6064453125,1.75390625,1.6494140625,2.0146484375,2.47265625,3.326171875,6.130859375,5.591796875,5.3046875,3.83984375,2.89453125,2.482421875,2.7685546875,3.1875,3.21875,3.44140625,5.078125,6.447265625,6.70703125,5.908203125,4.302734375,4.947265625,3.8046875,4.240234375,3.7119140625,3.7109375,2.8525390625,3.2724609375,5.5234375,6.6015625,5.5654296875,5.328125,2.759765625,2.4072265625,1.837890625,2.01953125,1.8935546875,1.8828125,1.6650390625,2.091796875,2.681640625,4.9462890625,5.537109375,4.1630859375,2.8544921875,2.1923828125,2.0498046875,2.0009765625,1.619140625,1.677734375,1.6181640625,2.037109375,2.9580078125,5.712890625,6.271484375,3.3642578125,6.4580078125,4.7099609375,3.1162109375,2.94140625,3.20703125,2.7431640625,2.5419921875,3.80078125,5.51953125,6.3505859375,5.654296875,4.154296875,3.892578125,2.4697265625,2.744140625,2.6767578125,2.439453125,1.880859375,2.158203125,2.2216796875,4.451171875,6.66796875,5.9169921875,5.4072265625,3.021484375,2.3388671875,1.8857421875,1.8623046875,1.5205078125,1.498046875,1.6015625,1.84765625,2.5341796875,5.38671875,6.2978515625,4.9384765625,3.1943359375,1.9267578125,1.90234375,1.826171875
SA_607,2.443359375,2.4169921875,2.3466796875,2.2666015625,2.28515625,2.3759765625,2.19921875,1.5546875,1.6396484375,2.1474609375,2.1630859375,2.40625,2.533203125,2.4208984375,2.1953125,2.298828125,2.27734375,2.490234375,2.1298828125,2.0625,2.021484375,2.0302734375,2.0634765625,2.083984375,2.251953125,2.40625,2.3779296875,2.3076171875,2.349609375,2.408203125,2.3779296875,2.2841796875,2.4375,2.51953125,2.171875,2.5009765625,2.353515625,2.4189453125,2.3603515625,2.3857421875,2.3544921875,2.3662109375,2.2275390625,2.384765625,2.40625,2.37109375,2.4287109375,2.4169921875,2.361328125,2.47265625,2.4814453125,2.34375,2.25390625,2.4140625,2.478515625,2.26953125,2.25390625,2.291015625,2.349609375,2.48828125,2.4326171875,2.439453125,2.4423828125,2.44140625,2.4091796875,2.330078125,2.3662109375,2.36328125,2.2158203125,2.4814453125,2.4150390625,2.515625,2.3466796875,2.4736328125,2.376953125,2.3896484375,2.4111328125,2.224609375,2.2197265625,2.2529296875,2.3505859375,2.3173828125,2.4267578125,2.447265625,2.466796875,2.3837890625,2.390625,2.3251953125,2.1025390625,2.416015625,2.498046875,2.37890625,2.4296875,2.4296875,2.4755859375,2.484375,2.4736328125,2.4150390625,2.3408203125,2.291015625,2.3916015625,2.3134765625,2.203125,2.12890625,2.2080078125,2.228515625,2.15234375,2.46484375,2.509765625,2.5625,2.2431640625,2.28515625,2.353515625,2.3115234375,2.125,2.18359375,2.1748046875,2.1259765625,2.326171875,2.5244140625,2.421875,2.369140625,2.28515625,2.3642578125,2.3759765625,2.326171875,2.4169921875,2.1015625,2.080078125,2.046875,2.2099609375,2.4501953125,2.4404296875,2.306640625,2.3203125,2.4091796875,2.244140625,2.3173828125,2.4677734375,2.521484375,2.40625,2.47265625,2.3447265625,2.3876953125,2.5322265625,2.474609375,2.3369140625,2.2861328125,2.314453125,2.33984375,2.4638671875,2.353515625,2.55078125,2.322265625,2.46484375,2.556640625,2.4267578125,2.3818359375,2.3837890625,2.259765625,2.248046875,2.419921875,2.455078125,2.318359375,2.3681640625,2.333984375,2.4306640625,2.4033203125,2.396484375,2.548828125,2.3974609375,2.3271484375,2.3037109375,2.453125,2.19921875,2.109375,2.171875,2.119140625,2.28515625,2.3369140625,2.533203125,2.3701171875,2.3544921875,2.2890625,2.41015625,2.451171875,2.4755859375,2.5283203125,2.466796875,2.53515625,2.3984375,2.5673828125,2.482421875,2.41796875,2.4306640625,2.3525390625,2.1533203125,2.396484375,2.328125,2.515625,2.36328125,2.3876953125,2.392578125,2.54296875,2.4248046875,2.482421875,2.2880859375,2.3447265625,2.3271484375,2.466796875,2.5009765625,2.4130859375,2.486328125,2.353515625,2.318359375,2.505859375,2.4228515625,2.486328125,2.125,2.119140625,2.2490234375,2.10546875,2.1240234375,2.0654296875,2.0107421875,2.091796875,2.1748046875,2.46875,2.40625,2.49609375,2.279296875,2.40234375,2.35546875,2.3095703125,2.21484375,2.2265625,2.267578125,2.4443359375,2.3818359375,2.4951171875,2.240234375,2.453125,2.3642578125,2.302734375,2.2197265625,2.26953125,2.38671875,2.478515625,2.50390625,2.4248046875,2.533203125,2.462890625
SA_614,5.6923828125,6.80078125,8.298828125,9.2216796875,12.6328125,26.1669921875,40.0048828125,28.9326171875,19.15625,12.00390625,8.65625,7.0849609375,5.53125,6.3203125,6.791015625,8.8623046875,13.7099609375,16.1025390625,32.75,18.3720703125,16.0439453125,13.2392578125,8.375,6.6513671875,6.689453125,7.60546875,6.869140625,9.701171875,11.6982421875,23.0732421875,37.326171875,30.9873046875,15.779296875,9.88671875,10.5390625,8.2646484375,5.5732421875,6.7734375,7.0615234375,10.0771484375,12.6552734375,18.5185546875,31.7802734375,37.375,23.07421875,11.6181640625,10.1962890625,9.435546875,6.193359375,7.662109375,7.76953125,8.716796875,14.6142578125,29.76171875,32.44140625,29.80078125,17.5439453125,13.75390625,9.6044921875,8.1181640625,6.361328125,6.6416015625,7.357421875,10.6328125,16.5771484375,21.494140625,34.5703125,23.2265625,21.6474609375,12.8134765625,9.810546875,8.4453125,7.466796875,6.19140625,7.0908203125,8.6005859375,13.7939453125,26.1181640625,24.4892578125,35.5966796875,27.17578125,11.96875,9.66015625,6.5283203125,7.3359375,6.478515625,7.8681640625,10.025390625,18.41015625,38.873046875,39.4375,38.24609375,16.9189453125,10.5986328125,9.5556640625,7.298828125,6.8310546875,6.0029296875,8.42578125,7.58984375,10.5654296875,27.5478515625,23.1767578125,22.29296875,20.0966796875,12.1162109375,7.9404296875,7.3271484375,7.5537109375,6.53125,6.0966796875,7.5458984375,11.3544921875,29.6064453125,38.05859375,31.69921875,18.126953125,14.0390625,9.1416015625,7.685546875,6.046875,6.9775390625,5.796875,9.6513671875,11.9033203125,22.134765625,35.2333984375,32.556640625,17.72265625,12.0126953125,8.9345703125,7.6015625,6.759765625,7.283203125,7.22265625,8.583984375,11.3740234375,19.33984375,33.9580078125,28.47265625,18.4638671875,10.7314453125,8.4267578125,8.1943359375,6.65625,6.015625,7.5322265625,8.2744140625,11.2109375,18.830078125,36.4130859375,24.9453125,14.4443359375,11.0576171875,7.5732421875,7.5302734375,6.671875,7.1171875,8.4248046875,8.330078125,10.9736328125,16.19140625,33.572265625,34.6640625,23.3125,12.875,9.7939453125,5.234375,6.078125,6.908203125,8.0576171875,8.8017578125,10.6689453125,20.9111328125,33.7734375,26.20703125,16.01171875,11.1630859375,9.0224609375,7.8427734375,5.9931640625,6.1103515625,5.8935546875,7.978515625,11.1083984375,21.9794921875,35.6943359375,21.5986328125,17.5244140625,15.658203125,10.1982421875,7.1865234375,6.3447265625,6.1767578125,8.1669921875,10.6904296875,21.8720703125,39.48828125,36.3408203125,23.48828125,24.556640625,12.58203125,9.2783203125,7.1943359375,6.6845703125,5.9140625,7.7919921875,9.697265625,13.021484375,24.3037109375,28.64453125,20.626953125,13.6904296875,14.5341796875,10.4375,7.228515625,6.458984375,6.3046875,8.0205078125,7.6962890625,12.048828125,33.0556640625,38.9052734375,38.1943359375,18.7548828125,11.65625,9.890625,7.7783203125,6.7265625,6.7998046875,7.9853515625,8.5361328125,11.236328125,14.806640625,34.5244140625,36.16015625,18.9189453125,12.68359375,8.765625,8.1435546875,7.259765625,7.3193359375,6.498046875,8.90234375,14.9296875,31.7431640625,37.4580078125,25.7626953125,26.0517578125,13.9423828125,8.83203125,7.9130859375
