id,2000-01-01T00:00:00,2000-02-01T00:00:00,2000-03-01T00:00:00,2000-04-01T00:00:00,2000-05-01T00:00:00,2000-06-01T00:00:00,2000-07-01T00:00:00,2000-08-01T00:00:00,2000-09-01T00:00:00,2000-10-01T00:00:00,2000-11-01T00:00:00,2000-12-01T00:00:00,2001-01-01T00:00:00,2001-02-01T00:00:00,2001-03-01T00:00:00,2001-04-01T00:00:00,2001-05-01T00:00:00,2001-06-01T00:00:00,2001-07-01T00:00:00,2001-08-01T00:00:00,2001-09-01T00:00:00,2001-10-01T00:00:00,2001-11-01T00:00:00,2001-12-01T00:00:00,2002-01-01T00:00:00,2002-02-01T00:00:00,2002-03-01T00:00:00,2002-04-01T00:00:00,2002-05-01T00:00:00,2002-06-01T00:00:00,2002-07-01T00:00:00,2002-08-01T00:00:00,2002-09-01T00:00:00,2002-10-01T00:00:00,2002-11-01T00:00:00,2002-12-01T00:00:00,2003-01-01T00:00:00,2003-02-01T00:00:00,2003-03-01T00:00:00,2003-04-01T00:00:00,2003-05-01T00:00:00,2003-06-01T00:00:00,2003-07-01T00:00:00,2003-08-01T00:00:00,2003-09-01T00:00:00,2003-10-01T00:00:00,2003-11-01T00:00:00,2003-12-01T00:00:00,2004-01-01T00:00:00,2004-02-01T00:00:00,2004-03-01T00:00:00,2004-04-01T00:00:00,2004-05-01T00:00:00,2004-06-01T00:00:00,2004-07-01T00:00:00,2004-08-01T00:00:00,2004-09-01T00:00:00,2004-10-01T00:00:00,2004-11-01T00:00:00,2004-12-01T00:00:00,2005-01-01T00:00:00,2005-02-01T00:00:00,2005-03-01T00:00:00,2005-04-01T00:00:00,2005-05-01T00:00:00,2005-06-01T00:00:00,2005-07-01T00:00:00,2005-08-01T00:00:00,2005-09-01T00:00:00,2005-10-01T00:00:00,2005-11-01T00:00:00,2005-12-01T00:00:00,2006-01-01T00:00:00,2006-02-01T00:00:00,2006-03-01T00:00:00,2006-04-01T00:00:00,2006-05-01T00:00:00,2006-06-01T00:00:00,2006-07-01T00:00:00,2006-08-01T00:00:00,2006-09-01T00:00:00,2006-10-01T00:00:00,2006-11-01T00:00:00,2006-12-01T00:00:00,2007-01-01T00:00:00,2007-02-01T00:00:00,2007-03-01T00:00:00,2007-04-01T00:00:00,2007-05-01T00:00:00,2007-06-01T00:00:00,2007-07-01T00:00:00,2007-08-01T00:00:00,2007-09-01T00:00:00,2007-10-01T00:00:00,2007-11-01T00:00:00,2007-12-01T00:00:00,2008-01-01T00:00:00,2008-02-01T00:00:00,2008-03-01T00:00:00,2008-04-01T00:00:00,2008-05-01T00:00:00,2008-06-01T00:00:00,2008-07-01T00:00:00,2008-08-01T00:00:00,2008-09-01T00:00:00,2008-10-01T00:00:00,2008-11-01T00:00:00,2008-12-01T00:00:00,2009-01-01T00:00:00,2009-02-01T00:00:00,2009-03-01T00:00:00,2009-04-01T00:00:00,2009-05-01T00:00:00,2009-06-01T00:00:00,2009-07-01T00:00:00,2009-08-01T00:00:00,2009-09-01T00:00:00,2009-10-01T00:00:00,2009-11-01T00:00:00,2009-12-01T00:00:00,2010-01-01T00:00:00,2010-02-01T00:00:00,2010-03-01T00:00:00,2010-04-01T00:00:00,2010-05-01T00:00:00,2010-06-01T00:00:00,2010-07-01T00:00:00,2010-08-01T00:00:00,2010-09-01T00:00:00,2010-10-01T00:00:00,2010-11-01T00:00:00,2010-12-01T00:00:00,2011-01-01T00:00:00,2011-02-01T00:00:00,2011-03-01T00:00:00,2011-04-01T00:00:00,2011-05-01T00:00:00,2011-06-01T00:00:00,2011-07-01T00:00:00,2011-08-01T00:00:00,2011-09-01T00:00:00,2011-10-01T00:00:00,2011-11-01T00:00:00,2011-12-01T00:00:00,2012-01-01T00:00:00,2012-02-01T00:00:00,2012-03-01T00:00:00,2012-04-01T00:00:00,2012-05-01T00:00:00,2012-06-01T00:00:00,2012-07-01T00:00:00,2012-08-01T00:00:00,2012-09-01T00:00:00,2012-10-01T00:00:00,2012-11-01T00:00:00,2012-12-01T00:00:00,2013-01-01T00:00:00,2013-02-01T00:00:00,2013-03-01T00:00:00,2013-04-01T00:00:00,2013-05-01T00:00:00,2013-06-01T00:00:00,2013-07-01T00:00:00,2013-08-01T00:00:00,2013-09-01T00:00:00,2013-10-01T00:00:00,2013-11-01T00:00:00,2013-12-01T00:00:00,2014-01-01T00:00:00,2014-02-01T00:00:00,2014-03-01T00:00:00,2014-04-01T00:00:00,2014-05-01T00:00:00,2014-06-01T00:00:00,2014-07-01T00:00:00,2014-08-01T00:00:00,2014-09-01T00:00:00,2014-10-01T00:00:00,2014-11-01T00:00:00,2014-12-01T00:00:00,2015-01-01T00:00:00,2015-02-01T00:00:00,2015-03-01T00:00:00,2015-04-01T00:00:00,2015-05-01T00:00:00,2015-06-01T00:00:00,2015-07-01T00:00:00,2015-08-01T00:00:00,2015-09-01T00:00:00,2015-10-01T00:00:00,2015-11-01T00:00:00,2015-12-01T00:00:00,2016-01-01T00:00:00,2016-02-01T00:00:00,2016-03-01T00:00:00,2016-04-01T00:00:00,2016-05-01T00:00:00,2016-06-01T00:00:00,2016-07-01T00:00:00,2016-08-01T00:00:00,2016-09-01T00:00:00,2016-10-01T00:00:00,2016-11-01T00:00:00,2016-12-01T00:00:00,2017-01-01T00:00:00,2017-02-01T00:00:00,2017-03-01T00:00:00,2017-04-01T00:00:00,2017-05-01T00:00:00,2017-06-01T00:00:00,2017-07-01T00:00:00,2017-08-01T00:00:00,2017-09-01T00:00:00,2017-10-01T00:00:00,2017-11-01T00:00:00,2017-12-01T00:00:00,2018-01-01T00:00:00,2018-02-01T00:00:00,2018-03-01T00:00:00,2018-04-01T00:00:00,2018-05-01T00:00:00,2018-06-01T00:00:00,2018-07-01T00:00:00,2018-08-01T00:00:00,2018-09-01T00:00:00,2018-10-01T00:00:00,2018-11-01T00:00:00,2018-12-01T00:00:00,2019-01-01T00:00:00,2019-02-01T00:00:00,2019-03-01T00:00:00,2019-04-01T00:00:00,2019-05-01T00:00:00,2019-06-01T00:00:00,2019-07-01T00:00:00,2019-08-01T00:00:00,2019-09-01T00:00:00,2019-10-01T00:00:00,2019-11-01T00:00:00,2019-12-01T00:00:00,2020-01-01T00:00:00,2020-02-01T00:00:00,2020-03-01T00:00:00,2020-04-01T00:00:00,2020-05-01T00:00:00,2020-06-01T00:00:00,2020-07-01T00:00:00,2020-08-01T00:00:00,2020-09-01T00:00:00,2020-10-01T00:00:00,2020-11-01T00:00:00,2020-12-01T00:00:00
AF_1040,99780.703125,99991.75,100130.84375,100309.578125,100591.1875,100928.0,100902.71875,100840.734375,100624.1171875,100437.796875,100195.8125,100080.78125,99778.75,100099.703125,100170.265625,100319.375,100636.6953125,100910.25,100925.6328125,100923.25,100516.84375,100482.0703125,100339.6796875,100190.8828125,99909.640625,100098.140625,100105.65625,100273.1796875,100499.328125,100932.8359375,100944.8203125,100970.171875,100768.890625,100464.984375,100272.7578125,100168.359375,100052.734375,99940.8046875,100100.0625,100237.546875,100536.46875,100786.3203125,101072.0625,100892.1875,100774.8046875,100422.71875,100263.015625,100151.71875,99874.28125,99931.2109375,99942.640625,100342.375,100609.6640625,101129.453125,100904.578125,100912.5703125,100589.578125,100487.140625,100310.7734375,100011.28125,100012.703125,99936.65625,100047.1640625,100308.921875,100599.9453125,100814.3359375,101083.078125,100883.390625,100718.5,100493.84375,100313.578125,100110.34375,100121.2578125,100038.15625,100069.03125,100306.828125,100509.34375,100859.5,101059.25,100811.8359375,100786.65625,100563.1328125,100204.796875,100128.296875,100047.0703125,99712.1328125,100102.9296875,100311.15625,100593.0390625,100793.0390625,100895.328125,100796.0625,100661.859375,100473.171875,100189.125,99966.25,99914.6015625,99825.765625,100082.078125,100342.53125,100589.40625,100903.8515625,100941.890625,100689.53125,100559.8359375,100356.0859375,100146.515625,100074.40625,99946.671875,100014.5390625,99998.7890625,100321.0625,100504.8125,100802.125,101056.609375,100880.453125,100680.421875,100419.390625,100167.375,100105.875,99968.03125,100084.953125,100124.5078125,100374.390625,100466.734375,100857.6015625,100934.203125,100904.34375,100618.640625,100340.625,100178.03125,99975.6875,99843.96875,99736.8984375,100079.671875,100259.4609375,100532.8125,100663.96875,100823.6875,100721.90625,100703.765625,100328.90625,100108.7421875,99986.265625,99784.625,99785.953125,100089.578125,100284.734375,100561.359375,100803.25,100798.46875,100785.1328125,100713.9453125,100314.609375,100249.359375,100070.6875,100008.53125,99830.0390625,100206.96875,100277.328125,100660.3125,100908.6953125,100868.578125,100834.046875,100584.640625,100538.65625,100127.5625,100092.578125,99947.484375,99834.84375,100154.578125,100409.859375,100620.0625,100842.7890625,101034.9375,100808.34375,100707.109375,100426.3125,100256.5625,100120.5703125,99820.9375,99927.5703125,100184.125,100245.2734375,100623.2578125,100742.546875,100968.15625,100925.921875,100723.40625,100466.6796875,100268.890625,100144.46875,100027.2421875,100003.09375,100172.9140625,100342.953125,100793.34375,101028.078125,100920.59375,100947.671875,100763.53125,100437.15625,100324.6875,100240.953125,100154.265625,100101.0390625,100037.8125,100452.578125,100666.9375,100771.3671875,100894.296875,100790.5,100619.375,100402.84375,100240.171875,100119.359375,99807.515625,100079.0390625,99917.9921875,100312.609375,100555.125,100787.921875,101079.34375,100887.8125,100650.078125,100531.21875,100312.890625,100172.1953125,100044.6328125,100079.671875,100107.828125,100272.34375,100561.625,100821.90625,100867.6875,100878.5859375,100665.5546875,100349.734375,100156.1171875,100003.8515625,100015.625,100144.796875,100079.3828125,100428.609375,100739.421875,100895.2890625,100962.203125,100775.8125,100627.546875,100400.421875,100260.796875,100176.171875
AF_1059,100831.703125,100975.75,100788.84375,100832.578125,100994.1875,101202.0,101202.71875,101301.734375,101136.1171875,101122.796875,100934.8125,101022.78125,101017.75,100885.703125,100888.265625,100898.375,101032.6953125,101233.25,101295.6328125,101420.25,101188.84375,101118.0703125,101043.6796875,100934.8828125,101015.640625,100959.140625,100871.65625,100782.1796875,101003.328125,101236.8359375,101321.8203125,101288.171875,101206.890625,101077.984375,101083.7578125,101099.359375,101069.734375,100914.8046875,100868.0625,100930.546875,101041.46875,101179.3203125,101326.0625,101294.1875,101214.8046875,101024.71875,100953.015625,100983.71875,100877.28125,100957.2109375,100861.640625,100922.375,101101.6640625,101364.453125,101268.578125,101341.5703125,101164.578125,101077.140625,100985.7734375,100916.28125,100936.703125,100793.65625,100894.1640625,100891.921875,101053.9453125,101195.3359375,101359.078125,101315.390625,101219.5,101130.84375,100951.578125,100863.34375,100857.2578125,100842.15625,100899.03125,100821.828125,101085.34375,101175.5,101319.25,101262.8359375,101232.65625,101068.1328125,100971.796875,101067.296875,101066.0703125,100945.1328125,100847.9296875,100887.15625,100991.0390625,101215.0390625,101261.328125,101198.0625,101212.859375,101075.171875,100940.125,100947.25,100944.6015625,100955.765625,100817.078125,100781.53125,100948.40625,101159.8515625,101277.890625,101135.53125,101156.8359375,101086.0859375,100953.515625,100906.40625,100954.671875,100837.5390625,100778.7890625,100933.0625,100977.8125,101202.125,101298.609375,101224.453125,101244.421875,101056.390625,100997.375,100981.875,100984.03125,100886.953125,100910.5078125,100856.390625,100988.734375,101220.6015625,101251.203125,101233.34375,101130.640625,101041.625,100891.03125,100812.6875,100813.96875,100847.8984375,100810.671875,100822.4609375,100987.8125,101185.96875,101230.6875,101245.90625,101223.765625,100987.90625,100975.7421875,100996.265625,100993.625,100870.953125,100884.578125,100904.734375,101074.359375,101251.25,101257.46875,101338.1328125,101274.9453125,101063.609375,100986.359375,100944.6875,101000.53125,100866.0390625,100896.96875,100948.328125,101077.3125,101210.6953125,101330.578125,101255.046875,101230.640625,101134.65625,100945.5625,101024.578125,100975.484375,100882.84375,100907.578125,100950.859375,100987.0625,101192.7890625,101405.9375,101315.34375,101242.109375,101133.3125,101050.5625,101062.5703125,101139.9375,100955.5703125,100904.125,101007.2734375,101067.2578125,101301.546875,101320.15625,101273.921875,101225.40625,101145.6796875,101049.890625,101176.46875,101091.2421875,100987.09375,100993.9140625,100930.953125,101145.34375,101324.078125,101291.59375,101289.671875,101232.53125,101030.15625,100971.6875,100946.953125,100957.265625,100918.0390625,100864.8125,100904.578125,101065.9375,101161.3671875,101370.296875,101267.5,101222.375,101077.84375,100991.171875,100960.359375,100984.515625,100817.0390625,100923.9921875,100947.609375,101056.125,101244.921875,101317.34375,101310.8125,101110.078125,101068.21875,100959.890625,101052.1953125,101041.6328125,100948.671875,100949.828125,100908.34375,100990.625,101259.90625,101256.6875,101349.5859375,101192.5546875,101022.734375,100934.1171875,100958.8515625,101023.625,100954.796875,100910.3828125,100992.609375,101120.421875,101223.2890625,101207.203125,101272.8125,101181.546875,101106.421875,101035.796875,100990.171875
AF_1418,98258.703125,98399.75,98438.84375,98813.578125,98951.1875,99267.0,99283.71875,99235.734375,98828.1171875,98879.796875,98318.8125,98318.78125,98337.75,98404.703125,98529.265625,98738.375,98965.6953125,99169.25,99281.6328125,98920.25,98770.84375,98789.0703125,98568.6796875,98308.8828125,98334.640625,98522.140625,98619.65625,98628.1796875,98828.328125,99273.8359375,98984.8203125,99201.171875,98982.890625,98797.984375,98790.7578125,98566.359375,98367.734375,98356.8046875,98369.0625,98771.546875,98993.46875,99335.3203125,99428.0625,98985.1875,98926.8046875,98702.71875,98551.015625,98354.71875,98298.28125,98435.2109375,98565.640625,98799.375,99138.6640625,99435.453125,99216.578125,99032.5703125,98815.578125,98808.140625,98470.7734375,98231.28125,98332.703125,98457.65625,98615.1640625,98796.921875,98893.9453125,99034.3359375,99450.078125,98901.390625,98863.5,98816.84375,98463.578125,98365.34375,98296.2578125,98306.15625,98678.03125,98807.828125,98771.34375,99335.5,99157.25,98970.8359375,99084.65625,98783.1328125,98562.796875,98291.296875,98472.0703125,98240.1328125,98485.9296875,98720.15625,98878.0390625,99033.0390625,99166.328125,98925.0625,98905.859375,98826.171875,98356.125,98390.25,98370.6015625,98543.765625,98658.078125,98700.53125,98844.40625,99198.8515625,99124.890625,98861.53125,98752.8359375,98773.0859375,98457.515625,98336.40625,98221.671875,98502.5390625,98559.7890625,98870.0625,98709.8125,98977.125,99475.609375,99137.453125,98897.421875,98816.390625,98518.375,98319.875,98371.03125,98441.953125,98591.5078125,98724.390625,98794.734375,99217.6015625,99363.203125,99266.34375,98861.640625,98582.625,98339.03125,98204.6875,98221.96875,98522.8984375,98379.671875,98701.4609375,98678.8125,98763.96875,99279.6875,99193.90625,98885.765625,98498.90625,98414.7421875,98356.265625,98243.625,98189.953125,98379.578125,98863.734375,98946.359375,99025.25,99052.46875,98791.1328125,98943.9453125,98661.609375,98622.359375,98391.6875,98328.53125,98311.0390625,98704.96875,98758.328125,98963.3125,99007.6953125,99272.578125,98843.046875,98750.640625,98798.65625,98442.5625,98514.578125,98291.484375,98226.84375,98469.578125,98842.859375,98864.0625,99014.7890625,99251.9375,98998.34375,98942.109375,98814.3125,98681.5625,98382.5703125,98374.9375,98258.5703125,98618.125,98732.2734375,98858.2578125,99076.546875,99079.15625,99069.921875,98943.40625,98765.6796875,98476.890625,98415.46875,98542.2421875,98350.09375,98444.9140625,98792.953125,99295.34375,99324.078125,99281.59375,99232.671875,98850.53125,98646.15625,98590.6875,98386.953125,98329.265625,98434.0390625,98645.8125,98940.578125,98992.9375,99096.3671875,99246.296875,99083.5,98970.375,98664.84375,98571.171875,98434.359375,98427.515625,98385.0390625,98399.9921875,98737.609375,98852.125,99115.921875,99670.34375,98931.8125,98602.078125,99019.21875,98688.890625,98334.1953125,98346.6328125,98372.671875,98550.828125,98741.34375,99006.625,99277.90625,98990.6875,99152.5859375,99070.5546875,98597.734375,98355.1171875,98406.8515625,98382.625,98528.796875,98612.3828125,98832.609375,99076.421875,99304.2890625,99351.203125,98912.8125,99015.546875,98797.421875,98416.796875,98300.171875
AF_314,98613.703125,98730.75,98541.84375,98602.578125,98770.1875,98958.0,98933.71875,99021.734375,98878.1171875,98876.796875,98717.8125,98784.78125,98753.75,98629.703125,98648.265625,98667.375,98807.6953125,98977.25,99012.6328125,99128.25,98923.84375,98874.0703125,98814.6796875,98716.8828125,98762.640625,98694.140625,98630.65625,98550.1796875,98769.328125,98997.8359375,99046.8203125,99002.171875,98939.890625,98822.984375,98852.7578125,98866.359375,98824.734375,98667.8046875,98626.0625,98697.546875,98807.46875,98926.3203125,99059.0625,99015.1875,98942.8046875,98780.71875,98743.015625,98769.71875,98639.28125,98698.2109375,98635.640625,98699.375,98864.6640625,99115.453125,98997.578125,99057.5703125,98911.578125,98840.140625,98760.7734375,98706.28125,98707.703125,98569.65625,98674.1640625,98674.921875,98801.9453125,98939.3359375,99083.078125,99025.390625,98948.5,98890.84375,98735.578125,98643.34375,98625.2578125,98618.15625,98684.03125,98602.828125,98840.34375,98950.5,99059.25,98971.8359375,98962.65625,98832.1328125,98750.796875,98844.296875,98812.0703125,98696.1328125,98602.9296875,98668.15625,98766.0390625,98957.0390625,98994.328125,98930.0625,98960.859375,98845.171875,98727.125,98713.25,98699.6015625,98690.765625,98580.078125,98545.53125,98730.40625,98909.8515625,99016.890625,98868.53125,98907.8359375,98855.0859375,98731.515625,98673.40625,98719.671875,98607.5390625,98574.7890625,98695.0625,98729.8125,98953.125,99035.609375,98960.453125,98983.421875,98812.390625,98785.375,98752.875,98738.03125,98667.953125,98690.5078125,98642.390625,98765.734375,98965.6015625,98981.203125,98958.34375,98875.640625,98804.625,98688.03125,98596.6875,98562.96875,98605.8984375,98590.671875,98616.4609375,98750.8125,98927.96875,98962.6875,98969.90625,98956.765625,98742.90625,98751.7421875,98776.265625,98750.625,98623.953125,98654.578125,98681.734375,98848.359375,99000.25,99010.46875,99061.1328125,99017.9453125,98831.609375,98760.359375,98727.6875,98774.53125,98613.0390625,98671.96875,98711.328125,98852.3125,98959.6953125,99061.578125,98971.046875,98963.640625,98892.65625,98726.5625,98789.578125,98730.484375,98644.84375,98661.578125,98709.859375,98765.0625,98957.7890625,99134.9375,99037.34375,98976.109375,98900.3125,98828.5625,98845.5703125,98874.9375,98716.5703125,98676.125,98773.2734375,98840.2578125,99048.546875,99048.15625,98992.921875,98956.40625,98916.6796875,98832.890625,98945.46875,98865.2421875,98730.09375,98750.9140625,98695.953125,98903.34375,99076.078125,99017.59375,99002.671875,98978.53125,98798.15625,98763.6875,98720.953125,98708.265625,98667.0390625,98626.8125,98666.578125,98833.9375,98918.3671875,99098.296875,98981.5,98948.375,98851.84375,98773.171875,98734.359375,98723.515625,98561.0390625,98685.9921875,98710.609375,98827.125,99001.921875,99045.34375,99037.8125,98853.078125,98841.21875,98748.890625,98819.1953125,98800.6328125,98708.671875,98724.828125,98697.34375,98772.625,99009.90625,98997.6875,99078.5859375,98947.5546875,98769.734375,98720.1171875,98728.8515625,98779.625,98715.796875,98679.3828125,98760.609375,98878.421875,98980.2890625,98928.203125,98968.8125,98924.546875,98866.421875,98811.796875,98774.171875
AF_373,100648.703125,100758.75,100598.84375,100647.578125,100813.1875,101019.0,101011.71875,101108.734375,100958.1171875,100928.796875,100748.8125,100829.78125,100810.75,100686.703125,100709.265625,100715.375,100850.6953125,101044.25,101100.6328125,101224.25,101003.84375,100925.0703125,100854.6796875,100752.8828125,100801.640625,100764.140625,100688.65625,100594.1796875,100822.328125,101058.8359375,101129.8203125,101098.171875,101021.890625,100869.984375,100883.7578125,100894.359375,100866.734375,100726.8046875,100676.0625,100747.546875,100864.46875,100987.3203125,101140.0625,101109.1875,101009.8046875,100824.71875,100765.015625,100793.71875,100681.28125,100751.2109375,100679.640625,100745.375,100922.6640625,101191.453125,101078.578125,101149.5703125,100967.578125,100885.140625,100790.7734375,100737.28125,100719.703125,100608.65625,100715.1640625,100720.921875,100857.9453125,101009.3359375,101173.078125,101120.390625,101023.5,100934.84375,100768.578125,100676.34375,100676.2578125,100675.15625,100734.03125,100651.828125,100893.34375,101003.5,101139.25,101063.8359375,101036.65625,100878.1328125,100784.796875,100879.296875,100834.0703125,100758.1328125,100665.9296875,100717.15625,100802.0390625,101024.0390625,101071.328125,101012.0625,101015.859375,100886.171875,100753.125,100744.25,100706.6015625,100742.765625,100630.078125,100588.53125,100768.40625,100962.8515625,101079.890625,100942.53125,100962.8359375,100896.0859375,100768.515625,100706.40625,100760.671875,100655.5390625,100612.7890625,100738.0625,100775.8125,101014.125,101116.609375,101044.453125,101061.421875,100870.390625,100814.375,100798.875,100789.03125,100710.953125,100736.5078125,100683.390625,100805.734375,101023.6015625,101063.203125,101041.34375,100933.640625,100843.625,100709.03125,100626.6875,100602.96875,100652.8984375,100627.671875,100650.4609375,100795.8125,100988.96875,101043.6875,101059.90625,101024.765625,100781.90625,100791.7421875,100810.265625,100788.625,100691.953125,100708.578125,100734.734375,100901.359375,101065.25,101088.46875,101154.1328125,101088.9453125,100873.609375,100791.359375,100753.6875,100798.53125,100669.0390625,100716.96875,100758.328125,100895.3125,101031.6953125,101145.578125,101064.046875,101042.640625,100945.65625,100760.5625,100820.578125,100785.484375,100700.84375,100727.578125,100763.859375,100799.0625,101014.7890625,101217.9375,101128.34375,101050.109375,100953.3125,100865.5625,100880.5703125,100919.9375,100773.5703125,100720.125,100813.2734375,100893.2578125,101124.546875,101134.15625,101088.921875,101039.40625,100959.6796875,100860.890625,100960.46875,100881.2421875,100783.09375,100810.9140625,100746.953125,100965.34375,101143.078125,101106.59375,101094.671875,101038.53125,100834.15625,100785.6875,100753.953125,100760.265625,100724.0390625,100686.8125,100717.578125,100878.9375,100974.3671875,101177.296875,101075.5,101020.375,100892.84375,100804.171875,100772.359375,100773.515625,100629.0390625,100745.9921875,100768.609375,100879.125,101068.921875,101118.34375,101122.8125,100911.078125,100872.21875,100772.890625,100852.1953125,100849.6328125,100756.671875,100771.828125,100734.34375,100817.625,101075.90625,101074.6875,101165.5859375,101005.5546875,100814.734375,100735.1171875,100752.8515625,100823.625,100768.796875,100751.3828125,100827.609375,100953.421875,101060.2890625,101034.203125,101093.8125,101013.546875,100931.421875,100867.796875,100836.171875
AF_4,88463.703125,88553.75,88488.84375,88562.578125,88677.1875,88756.0,88699.71875,88744.734375,88601.1171875,88639.796875,88547.8125,88634.78125,88617.75,88534.703125,88571.265625,88613.375,88715.6953125,88799.25,88791.6328125,88814.25,88641.84375,88649.0703125,88662.6796875,88602.8828125,88646.640625,88605.140625,88569.65625,88513.1796875,88721.328125,88802.8359375,88833.8203125,88787.171875,88694.890625,88591.984375,88663.7578125,88704.359375,88690.734375,88561.8046875,88529.0625,88598.546875,88740.46875,88743.3203125,88843.0625,88771.1875,88720.8046875,88595.71875,88574.015625,88634.71875,88538.28125,88617.2109375,88551.640625,88629.375,88735.6640625,88906.453125,88767.578125,88802.5703125,88668.578125,88629.140625,88622.7734375,88586.28125,88604.703125,88492.65625,88613.1640625,88591.921875,88725.9453125,88762.3359375,88870.078125,88751.390625,88692.5,88649.84375,88579.578125,88479.34375,88496.2578125,88493.15625,88592.03125,88602.828125,88736.34375,88782.5,88833.25,88740.8359375,88717.65625,88638.1328125,88616.796875,88712.296875,88709.0703125,88598.1328125,88560.9296875,88596.15625,88684.0390625,88752.0390625,88761.328125,88719.0625,88709.859375,88592.171875,88535.125,88547.25,88541.6015625,88617.765625,88508.078125,88519.53125,88633.40625,88754.8515625,88777.890625,88650.53125,88653.8359375,88642.0859375,88590.515625,88544.40625,88592.671875,88505.5390625,88477.7890625,88632.0625,88650.8125,88753.125,88833.609375,88718.453125,88730.421875,88599.390625,88595.375,88651.875,88644.03125,88587.953125,88670.5078125,88641.390625,88684.734375,88816.6015625,88770.203125,88738.34375,88661.640625,88586.625,88494.03125,88479.6875,88452.96875,88466.8984375,88527.671875,88545.4609375,88685.8125,88739.96875,88717.6875,88733.90625,88747.765625,88551.90625,88611.7421875,88630.265625,88556.625,88434.953125,88550.578125,88636.734375,88724.359375,88805.25,88740.46875,88776.1328125,88762.9453125,88592.609375,88636.359375,88593.6875,88643.53125,88550.0390625,88597.96875,88672.328125,88768.3125,88772.6953125,88775.578125,88727.046875,88713.640625,88660.65625,88557.5625,88645.578125,88605.484375,88504.84375,88567.578125,88657.859375,88684.0625,88788.7890625,88896.9375,88793.34375,88742.109375,88669.3125,88643.5625,88664.5703125,88654.9375,88543.5703125,88547.125,88710.2734375,88769.2578125,88812.546875,88836.15625,88767.921875,88718.40625,88687.6796875,88670.890625,88771.46875,88710.2421875,88631.09375,88610.9140625,88663.953125,88821.34375,88900.078125,88811.59375,88804.671875,88746.53125,88608.15625,88629.6875,88607.953125,88573.265625,88578.0390625,88578.8125,88629.578125,88759.9375,88750.3671875,88845.296875,88744.5,88734.375,88623.84375,88614.171875,88597.359375,88590.515625,88475.0390625,88623.9921875,88678.609375,88726.125,88841.921875,88900.34375,88844.8125,88654.078125,88664.21875,88616.890625,88703.1953125,88672.6328125,88596.671875,88619.828125,88626.34375,88703.625,88847.90625,88796.6875,88852.5859375,88733.5546875,88618.734375,88606.1171875,88653.8515625,88698.625,88695.796875,88666.3828125,88728.609375,88849.421875,88825.2890625,88745.203125,88731.8125,88692.546875,88671.421875,88678.796875,88652.171875
AF_443,97866.703125,98133.75,97726.84375,97373.578125,97516.1875,97624.0,97682.71875,97790.734375,97657.1171875,97775.796875,97797.8125,98085.78125,98120.75,97942.703125,97655.265625,97393.375,97488.6953125,97650.25,97712.6328125,97847.25,97693.84375,97828.0703125,97898.6796875,97944.8828125,98270.640625,97952.140625,97600.65625,97245.1796875,97464.328125,97627.8359375,97762.8203125,97812.171875,97721.890625,97716.984375,97892.7578125,98145.359375,98071.734375,97810.8046875,97707.0625,97407.546875,97554.46875,97620.3203125,97793.0625,97804.1875,97768.8046875,97669.71875,97787.015625,98045.71875,97904.28125,98033.2109375,97764.640625,97411.375,97481.6640625,97757.453125,97749.578125,97829.5703125,97684.578125,97692.140625,97800.7734375,97900.28125,98114.703125,97598.65625,97618.1640625,97398.921875,97526.9453125,97616.3359375,97828.078125,97784.390625,97732.5,97764.84375,97862.578125,97799.34375,97772.2578125,97602.15625,97620.03125,97483.828125,97512.34375,97577.5,97701.25,97741.8359375,97745.65625,97687.1328125,97965.796875,98225.296875,98321.0703125,97883.1328125,97632.9296875,97361.15625,97443.0390625,97549.0390625,97658.328125,97746.0625,97788.859375,97683.171875,97755.125,97974.25,98093.6015625,98136.765625,97493.078125,97460.53125,97452.40625,97588.8515625,97715.890625,97684.53125,97705.8359375,97777.0859375,97842.515625,97859.40625,97875.671875,97707.5390625,97601.7890625,97380.0625,97510.8125,97586.125,97738.609375,97733.453125,97755.421875,97630.390625,97853.375,98004.875,97958.03125,97742.953125,97773.5078125,97414.390625,97405.734375,97633.6015625,97711.203125,97756.34375,97703.640625,97615.625,97672.03125,97877.6875,97983.96875,97636.8984375,97650.671875,97391.4609375,97471.8125,97557.96875,97652.6875,97727.90625,97766.765625,97624.90625,97886.7421875,98101.265625,98060.625,97640.953125,97781.578125,97326.734375,97500.359375,97661.25,97740.46875,97843.1328125,97839.9453125,97648.609375,97795.359375,97978.6875,97994.53125,97761.0390625,97479.96875,97481.328125,97509.3125,97584.6953125,97713.578125,97762.046875,97747.640625,97764.65625,97710.5625,98004.578125,97987.484375,97851.84375,97575.578125,97447.859375,97508.0625,97556.7890625,97772.9375,97805.34375,97764.109375,97741.3125,97847.5625,98064.5703125,98272.9375,97759.5703125,97624.125,97723.2734375,97525.2578125,97607.546875,97755.15625,97796.921875,97772.40625,97724.6796875,97943.890625,98444.46875,98294.2421875,98006.09375,97579.9140625,97448.953125,97586.34375,97744.078125,97765.59375,97816.671875,97770.53125,97693.15625,97815.6875,98004.953125,97910.265625,98016.0390625,97657.8125,97479.578125,97518.9375,97654.3671875,97823.296875,97771.5,97747.375,97753.84375,97871.171875,97968.359375,98174.515625,97614.0390625,97546.9921875,97435.609375,97413.125,97666.921875,97793.34375,97859.8125,97727.078125,97686.21875,97828.890625,98165.1953125,98058.6328125,97956.671875,97688.828125,97453.34375,97421.625,97687.90625,97733.6875,97893.5859375,97749.5546875,97696.734375,97721.1171875,98047.8515625,98260.625,98123.796875,97635.3828125,97493.609375,97592.421875,97602.2890625,97668.203125,97736.8125,97724.546875,97740.421875,97978.796875,97904.171875
AF_482,100702.703125,100813.75,100651.84375,100703.578125,100865.1875,101074.0,101064.71875,101162.734375,101010.1171875,100982.796875,100800.8125,100883.78125,100866.75,100741.703125,100765.265625,100771.375,100902.6953125,101101.25,101155.6328125,101279.25,101059.84375,100980.0703125,100907.6796875,100804.8828125,100855.640625,100819.140625,100745.65625,100651.1796875,100876.328125,101112.8359375,101187.8203125,101154.171875,101077.890625,100926.984375,100938.7578125,100948.359375,100922.734375,100783.8046875,100732.0625,100802.546875,100917.46875,101043.3203125,101193.0625,101162.1875,101064.8046875,100880.71875,100818.015625,100847.71875,100737.28125,100805.2109375,100730.640625,100800.375,100975.6640625,101243.453125,101134.578125,101206.5703125,101023.578125,100938.140625,100845.7734375,100792.28125,100777.703125,100664.65625,100770.1640625,100773.921875,100911.9453125,101062.3359375,101228.078125,101177.390625,101079.5,100989.84375,100821.578125,100728.34375,100731.2578125,100731.15625,100789.03125,100704.828125,100949.34375,101056.5,101194.25,101119.8359375,101092.65625,100930.1328125,100838.796875,100934.296875,100890.0703125,100812.1328125,100721.9296875,100773.15625,100859.0390625,101080.0390625,101127.328125,101065.0625,101070.859375,100940.171875,100806.125,100800.25,100763.6015625,100795.765625,100688.078125,100645.53125,100822.40625,101017.8515625,101136.890625,100996.53125,101017.8359375,100949.0859375,100822.515625,100761.40625,100816.671875,100711.5390625,100668.7890625,100795.0625,100832.8125,101067.125,101171.609375,101097.453125,101115.421875,100924.390625,100866.375,100852.875,100845.03125,100764.953125,100790.5078125,100735.390625,100859.734375,101077.6015625,101117.203125,101096.34375,100989.640625,100899.625,100763.03125,100678.6875,100657.96875,100710.8984375,100683.671875,100703.4609375,100849.8125,101044.96875,101099.6875,101114.90625,101081.765625,100836.90625,100844.7421875,100862.265625,100843.625,100748.953125,100763.578125,100789.734375,100955.359375,101120.25,101141.46875,101208.1328125,101143.9453125,100927.609375,100844.359375,100807.6875,100852.53125,100724.0390625,100773.96875,100814.328125,100948.3125,101086.6953125,101203.578125,101120.046875,101097.640625,100997.65625,100814.5625,100874.578125,100840.484375,100755.84375,100783.578125,100821.859375,100853.0625,101068.7890625,101273.9375,101184.34375,101105.109375,101006.3125,100917.5625,100934.5703125,100974.9375,100829.5703125,100777.125,100868.2734375,100944.2578125,101178.546875,101188.15625,101141.921875,101093.40625,101012.6796875,100913.890625,101013.46875,100932.2421875,100837.09375,100867.9140625,100802.953125,101018.34375,101196.078125,101161.59375,101150.671875,101093.53125,100889.15625,100837.6875,100806.953125,100815.265625,100778.0390625,100741.8125,100775.578125,100929.9375,101029.3671875,101235.296875,101133.5,101077.375,100947.84375,100856.171875,100825.359375,100828.515625,100688.0390625,100803.9921875,100825.609375,100935.125,101122.921875,101174.34375,101176.8125,100965.078125,100926.21875,100825.890625,100906.1953125,100905.6328125,100811.671875,100826.828125,100787.34375,100869.625,101129.90625,101127.6875,101220.5859375,101061.5546875,100871.734375,100788.1171875,100806.8515625,100861.625,100806.796875,100791.3828125,100866.609375,100993.421875,101098.2890625,101074.203125,101132.8125,101051.546875,100971.421875,100905.796875,100873.171875
AF_599,100922.703125,101063.75,101100.84375,101498.578125,101656.1875,101988.0,102015.71875,101974.734375,101548.1171875,101598.796875,101010.8125,100994.78125,101010.75,101078.703125,101200.265625,101427.375,101667.6953125,101889.25,102009.6328125,101641.25,101501.84375,101510.0703125,101257.6796875,100987.8828125,101013.640625,101204.140625,101308.65625,101318.1796875,101527.328125,101999.8359375,101703.8203125,101930.171875,101721.890625,101524.984375,101508.7578125,101267.359375,101049.734375,101024.8046875,101045.0625,101471.546875,101707.46875,102068.3203125,102172.0625,101724.1875,101664.8046875,101433.71875,101262.015625,101049.71875,100976.28125,101105.2109375,101230.640625,101482.375,101851.6640625,102168.453125,101951.578125,101758.5703125,101545.578125,101538.140625,101166.7734375,100907.28125,101003.703125,101132.65625,101297.1640625,101492.921875,101595.9453125,101747.3359375,102190.078125,101612.390625,101575.5,101536.84375,101166.578125,101059.34375,100965.2578125,100965.15625,101356.03125,101504.828125,101473.34375,102066.5,101885.25,101689.8359375,101824.65625,101500.1328125,101262.796875,100971.296875,101155.0703125,100908.1328125,101170.9296875,101399.15625,101577.0390625,101749.0390625,101893.328125,101652.0625,101636.859375,101543.171875,101057.125,101085.25,101053.6015625,101231.765625,101349.078125,101399.53125,101555.40625,101930.8515625,101856.890625,101586.53125,101475.8359375,101505.0859375,101159.515625,101019.40625,100881.671875,101172.5390625,101246.7890625,101573.0625,101407.8125,101684.125,102226.609375,101876.453125,101627.421875,101539.390625,101230.375,101003.875,101048.03125,101112.953125,101273.5078125,101406.390625,101483.734375,101939.6015625,102101.203125,102009.34375,101590.640625,101298.625,101029.03125,100883.6875,100886.96875,101221.8984375,101057.671875,101398.4609375,101372.8125,101474.96875,102016.6875,101940.90625,101611.765625,101218.90625,101118.7421875,101051.265625,100933.625,100870.953125,101049.578125,101565.734375,101652.359375,101739.25,101786.46875,101517.1328125,101678.9453125,101372.609375,101327.359375,101081.6875,100991.53125,100989.0390625,101391.96875,101452.328125,101675.3125,101719.6953125,102011.578125,101568.046875,101468.640625,101530.65625,101142.5625,101213.578125,100971.484375,100904.84375,101133.578125,101534.859375,101565.0625,101724.7890625,101983.9375,101726.34375,101673.109375,101538.3125,101393.5625,101074.5703125,101057.9375,100939.5703125,101305.125,101436.2734375,101555.2578125,101797.546875,101804.15625,101799.921875,101669.40625,101485.6796875,101192.890625,101108.46875,101245.2421875,101032.09375,101119.9140625,101479.953125,102021.34375,102047.078125,102018.59375,101969.671875,101573.53125,101366.15625,101287.6875,101074.953125,101002.265625,101099.0390625,101319.8125,101641.578125,101688.9375,101811.3671875,101979.296875,101825.5,101698.375,101386.84375,101287.171875,101129.359375,101126.515625,101063.0390625,101071.9921875,101422.609375,101548.125,101825.921875,102418.34375,101655.8125,101319.078125,101754.21875,101408.890625,101027.1953125,101029.6328125,101050.671875,101229.828125,101431.34375,101717.625,102000.90625,101701.6875,101881.5859375,101811.5546875,101312.734375,101051.1171875,101093.8515625,100893.625,101034.796875,101142.3828125,101361.609375,101619.421875,101862.2890625,101918.203125,101476.8125,101587.546875,101349.421875,100945.796875,100823.171875
AF_644,84916.703125,85050.75,85143.84375,85371.578125,85444.1875,85726.0,85688.71875,85636.734375,85290.1171875,85312.796875,84911.8125,85034.78125,84960.75,85050.703125,85194.265625,85350.375,85535.6953125,85636.25,85674.6328125,85411.25,85221.84375,85278.0703125,85168.6796875,84972.8828125,85056.640625,85171.140625,85307.65625,85262.1796875,85428.328125,85676.8359375,85483.8203125,85566.171875,85416.890625,85285.984375,85232.7578125,85183.359375,85082.734375,85114.8046875,85098.0625,85362.546875,85478.46875,85682.3203125,85784.0625,85404.1875,85320.8046875,85208.71875,85116.015625,84998.71875,85013.28125,85116.2109375,85233.640625,85422.375,85652.6640625,85806.453125,85596.578125,85521.5703125,85251.578125,85277.140625,85132.7734375,84977.28125,85043.703125,85184.65625,85221.1640625,85364.921875,85457.9453125,85548.3359375,85849.078125,85384.390625,85365.5,85287.84375,85025.578125,84942.34375,85014.2578125,85078.15625,85323.03125,85403.828125,85327.34375,85729.5,85658.25,85420.8359375,85495.65625,85313.1328125,85153.796875,85011.296875,85146.0703125,84983.1328125,85153.9296875,85353.15625,85473.0390625,85507.0390625,85642.328125,85436.0625,85372.859375,85269.171875,84973.125,84992.25,85045.6015625,85209.765625,85289.078125,85248.53125,85393.40625,85609.8515625,85588.890625,85352.53125,85235.8359375,85212.0859375,85036.515625,84981.40625,84955.671875,85199.5390625,85226.7890625,85438.0625,85307.8125,85499.125,85802.609375,85541.453125,85359.421875,85256.390625,85050.375,85009.875,85079.03125,85174.953125,85281.5078125,85352.390625,85437.734375,85676.6015625,85733.203125,85668.34375,85355.640625,85052.625,84950.03125,84876.6875,84923.96875,85136.8984375,85157.671875,85290.4609375,85320.8125,85335.96875,85595.6875,85532.90625,85376.765625,85016.90625,84970.7421875,84993.265625,84925.625,84944.953125,85079.578125,85363.734375,85503.359375,85539.25,85506.46875,85342.1328125,85320.9453125,85123.609375,85130.359375,85050.6875,85010.53125,84979.0390625,85270.96875,85338.328125,85510.3125,85557.6953125,85644.578125,85306.046875,85276.640625,85170.65625,85003.5625,85086.578125,84964.484375,84973.84375,85177.578125,85432.859375,85457.0625,85568.7890625,85673.9375,85482.34375,85418.109375,85160.3125,85174.5625,85009.5703125,85048.9375,84910.5703125,85282.125,85290.2734375,85504.2578125,85551.546875,85528.15625,85526.921875,85370.40625,85284.6796875,85026.890625,85084.46875,85156.2421875,85052.09375,85185.9140625,85448.953125,85706.34375,85769.078125,85625.59375,85680.671875,85302.53125,85102.15625,85122.6875,85065.953125,85009.265625,85130.0390625,85324.8125,85481.578125,85599.9375,85587.3671875,85686.296875,85475.5,85424.375,85144.84375,85031.171875,85013.359375,85023.515625,85035.0390625,85097.9921875,85378.609375,85426.125,85647.921875,85956.34375,85344.8125,85183.078125,85370.21875,85145.890625,84995.1953125,84995.6328125,85088.671875,85196.828125,85342.34375,85560.625,85741.90625,85599.6875,85612.5859375,85470.5546875,85122.734375,84973.1171875,85058.8515625,85106.625,85242.796875,85310.3828125,85418.609375,85655.421875,85753.2890625,85795.203125,85383.8125,85379.546875,85258.421875,85096.796875,85029.171875
AF_754,92664.703125,92795.75,92955.84375,93104.578125,93280.1875,93559.0,93487.71875,93533.734375,93438.1171875,93284.796875,93027.8125,92899.78125,92600.75,92910.703125,92985.265625,93067.375,93302.6953125,93504.25,93534.6328125,93602.25,93287.84375,93295.0703125,93212.6796875,92963.8828125,92767.640625,92881.140625,92868.65625,93041.1796875,93190.328125,93514.8359375,93613.8203125,93694.171875,93519.890625,93312.984375,93059.7578125,92957.359375,92865.734375,92782.8046875,92898.0625,92932.546875,93181.46875,93411.3203125,93604.0625,93546.1875,93549.8046875,93258.71875,93088.015625,92996.71875,92715.28125,92743.2109375,92846.640625,93091.375,93262.6640625,93729.453125,93516.578125,93625.5703125,93356.578125,93325.140625,93171.7734375,92843.28125,92866.703125,92707.65625,92809.1640625,93041.921875,93310.9453125,93480.3359375,93664.078125,93604.390625,93525.5,93363.84375,93118.578125,92896.34375,92943.2578125,92858.15625,92890.03125,93081.828125,93178.34375,93476.5,93659.25,93501.8359375,93533.65625,93430.1328125,93046.796875,92975.296875,92878.0703125,92478.1328125,92861.9296875,93113.15625,93293.0390625,93378.0390625,93484.328125,93483.0625,93465.859375,93310.171875,93033.125,92795.25,92735.6015625,92662.765625,92869.078125,93047.53125,93263.40625,93457.8515625,93556.890625,93422.53125,93324.8359375,93228.0859375,92973.515625,92888.40625,92803.671875,92825.5390625,92826.7890625,93000.0625,93153.8125,93435.125,93631.609375,93532.453125,93473.421875,93246.390625,92990.375,92933.875,92759.03125,92905.953125,92891.5078125,93204.390625,93204.734375,93488.6015625,93541.203125,93560.34375,93365.640625,93180.625,93061.03125,92776.6875,92682.96875,92528.8984375,92873.671875,93012.4609375,93218.8125,93299.96875,93368.6875,93388.90625,93471.765625,93118.90625,92979.7421875,92796.265625,92696.625,92571.953125,92903.578125,92989.734375,93269.359375,93450.25,93424.46875,93519.1328125,93513.9453125,93200.609375,93025.359375,92898.6875,92846.53125,92724.0390625,92992.96875,93046.328125,93331.3125,93502.6953125,93491.578125,93542.046875,93401.640625,93320.65625,92960.5625,92912.578125,92837.484375,92658.84375,92958.578125,93146.859375,93274.0625,93489.7890625,93642.9375,93485.34375,93493.109375,93125.3125,93048.5625,92899.5703125,92687.9375,92829.5703125,92965.125,92993.2734375,93325.2578125,93351.546875,93606.15625,93586.921875,93491.40625,93326.6796875,93075.890625,92939.46875,92829.2421875,92794.09375,92990.9140625,93111.953125,93381.34375,93621.078125,93538.59375,93617.671875,93577.53125,93216.15625,93140.6875,93064.953125,92969.265625,92893.0390625,92778.8125,93175.578125,93399.9375,93452.3671875,93521.296875,93482.5,93416.375,93216.84375,93035.171875,92934.359375,92580.515625,92867.0390625,92645.9921875,93081.609375,93281.125,93427.921875,93660.34375,93626.8125,93481.078125,93226.21875,93096.890625,92976.1953125,92916.6328125,92904.671875,92890.828125,93057.34375,93278.625,93446.90625,93469.6875,93617.5859375,93424.5546875,93228.734375,93027.1171875,92857.8515625,92628.625,92721.796875,92629.3828125,92983.609375,93187.421875,93303.2890625,93290.203125,93278.8125,93193.546875,93018.421875,92894.796875,92768.171875
AF_865,100568.703125,100723.75,100548.84375,100595.578125,100730.1875,100938.0,100950.71875,101046.734375,100877.1171875,100852.796875,100689.8125,100779.78125,100779.75,100650.703125,100659.265625,100643.375,100767.6953125,100978.25,101058.6328125,101163.25,100926.84375,100839.0703125,100783.6796875,100683.8828125,100741.640625,100711.140625,100629.65625,100519.1796875,100732.328125,100976.8359375,101076.8203125,101030.171875,100926.890625,100797.984375,100816.7578125,100821.359375,100819.734375,100671.8046875,100627.0625,100669.546875,100784.46875,100923.3203125,101051.0625,101042.1875,100943.8046875,100747.71875,100683.015625,100733.71875,100631.28125,100702.2109375,100610.640625,100675.375,100845.6640625,101117.453125,101020.578125,101086.5703125,100884.578125,100800.140625,100720.7734375,100666.28125,100652.703125,100539.65625,100651.1640625,100632.921875,100799.9453125,100977.3359375,101117.078125,101061.390625,100943.5,100859.84375,100689.578125,100616.34375,100591.2578125,100610.15625,100663.03125,100573.828125,100827.34375,100915.5,101076.25,101020.8359375,100969.65625,100791.1328125,100735.796875,100832.296875,100777.0703125,100708.1328125,100597.9296875,100647.15625,100729.0390625,100974.0390625,101015.328125,100932.0625,100927.859375,100793.171875,100679.125,100691.25,100672.6015625,100700.765625,100575.078125,100528.53125,100688.40625,100902.8515625,101031.890625,100859.53125,100869.8359375,100799.0859375,100699.515625,100649.40625,100705.671875,100592.5390625,100530.7890625,100673.0625,100707.8125,100946.125,101052.609375,100956.453125,100962.421875,100765.390625,100726.375,100735.875,100728.03125,100640.953125,100666.5078125,100596.390625,100728.734375,100969.6015625,101006.203125,100985.34375,100857.640625,100760.625,100627.03125,100563.6875,100557.96875,100597.8984375,100568.671875,100563.4609375,100708.8125,100933.96875,100987.6875,100992.90625,100944.765625,100703.90625,100722.7421875,100749.265625,100751.625,100620.953125,100644.578125,100651.734375,100796.359375,100990.25,101035.46875,101074.1328125,101001.9453125,100780.609375,100710.359375,100689.6875,100748.53125,100614.0390625,100654.96875,100686.328125,100791.3125,100961.6953125,101089.578125,101000.046875,100957.640625,100853.65625,100673.5625,100773.578125,100724.484375,100640.84375,100673.578125,100692.859375,100724.0625,100926.7890625,101184.9375,101069.34375,100969.109375,100851.3125,100777.5625,100809.5703125,100861.9375,100711.5703125,100657.125,100754.2734375,100802.2578125,101064.546875,101074.15625,101015.921875,100952.40625,100861.6796875,100782.890625,100894.46875,100816.2421875,100735.09375,100726.9140625,100672.953125,100874.34375,101056.078125,101029.59375,101026.671875,100948.53125,100745.15625,100710.6875,100690.953125,100709.265625,100668.0390625,100615.8125,100646.578125,100781.9375,100894.3671875,101134.296875,100998.5,100937.375,100797.84375,100723.171875,100701.359375,100732.515625,100578.0390625,100678.9921875,100703.609375,100789.125,100985.921875,101050.34375,101067.8125,100834.078125,100780.21875,100696.890625,100800.1953125,100806.6328125,100706.671875,100711.828125,100654.34375,100721.625,101013.90625,101001.6875,101101.5859375,100925.5546875,100749.734375,100671.1171875,100716.8515625,100755.625,100723.796875,100664.3828125,100744.609375,100865.421875,100974.2890625,100954.203125,100985.8125,100920.546875,100833.421875,100785.796875,100746.171875
AF_936,101211.703125,101387.75,101247.84375,100599.578125,100613.1875,100350.0,100043.71875,100205.734375,100510.1171875,100909.796875,101045.8125,101194.78125,101366.75,101176.703125,100818.265625,100716.375,100508.6953125,100361.25,100080.6328125,100249.25,100540.84375,100881.0703125,101148.6796875,101190.8828125,101502.640625,101218.140625,100780.65625,100699.1796875,100616.328125,100391.8359375,100194.8203125,100259.171875,100645.890625,100784.984375,101039.7578125,101215.359375,101213.734375,101035.8046875,100926.0625,100641.546875,100470.46875,100311.3203125,100089.0625,100217.1875,100647.8046875,100873.71875,101106.015625,101184.71875,100885.28125,101335.2109375,101205.640625,100689.375,100559.6640625,100536.453125,100141.578125,100259.5703125,100591.578125,100889.140625,101003.7734375,101326.28125,101132.703125,101019.65625,101051.1640625,100795.921875,100659.9453125,100419.3359375,100196.078125,100204.390625,100588.5,100975.84375,101184.578125,101191.34375,101215.2578125,100941.15625,100898.03125,100586.828125,100672.34375,100501.5,100203.25,100132.8359375,100546.65625,100754.1328125,101185.796875,101556.296875,101611.0703125,100918.1328125,100936.9296875,100697.15625,100407.0390625,100249.0390625,100066.328125,100154.0625,100543.859375,100918.171875,101155.125,101342.25,101354.6015625,101517.765625,100731.078125,100749.53125,100621.40625,100320.8515625,100058.890625,100033.53125,100478.8359375,101022.0859375,101142.515625,101245.40625,101291.671875,100942.5390625,100962.7890625,100713.0625,100683.8125,100380.125,100141.609375,100250.453125,100571.421875,100677.390625,101049.375,101017.875,101109.03125,100834.953125,100986.5078125,100755.390625,100543.734375,100299.6015625,100152.203125,100068.34375,100458.640625,100722.625,100980.03125,100973.6875,101092.96875,100878.8984375,101228.671875,100576.4609375,100666.8125,100379.96875,100070.6875,100139.90625,100391.765625,100881.90625,101168.7421875,101453.265625,101253.625,101074.953125,101218.578125,100617.734375,100573.359375,100248.25,99934.46875,100128.1328125,100461.9453125,100704.609375,100909.359375,101105.6875,101122.53125,101088.0390625,100746.96875,100739.328125,100502.3125,100343.6953125,100115.578125,100142.046875,100524.640625,100874.65625,100845.5625,101319.578125,101226.484375,101137.84375,100780.578125,100713.859375,100637.0625,100455.7890625,100269.9375,100182.34375,100557.109375,100880.3125,101116.5625,101258.5703125,101357.9375,100926.5703125,101028.125,100947.2734375,100578.2578125,100485.546875,100207.15625,100290.921875,100482.40625,100751.6796875,100990.890625,101587.46875,101485.2421875,101319.09375,100848.9140625,100606.953125,100652.34375,100327.078125,100104.59375,100295.671875,100592.53125,100818.15625,101119.6875,101479.953125,101359.265625,101406.0390625,100805.8125,100840.578125,100644.9375,100436.3671875,100059.296875,100197.5,100602.375,100858.84375,101119.171875,101330.359375,101328.515625,100903.0390625,100781.9921875,100644.609375,100362.125,100334.921875,100115.34375,100247.8125,100561.078125,100847.21875,100971.890625,101278.1953125,101100.6328125,101155.671875,100999.828125,100827.34375,100572.625,100381.90625,100130.6875,100204.5859375,100516.5546875,100768.734375,100903.1171875,101178.8515625,101419.625,101287.796875,100724.3828125,100731.609375,100679.421875,100409.2890625,100022.203125,100037.8125,100420.546875,100826.421875,101028.796875,101115.171875
AF_953,87416.703125,87516.75,87632.84375,87932.578125,88024.1875,88317.0,88323.71875,88231.734375,87822.1171875,87769.796875,87399.8125,87483.78125,87417.75,87510.703125,87685.265625,87879.375,88130.6953125,88263.25,88323.6328125,88015.25,87767.84375,87750.0703125,87654.6796875,87448.8828125,87496.640625,87632.140625,87814.65625,87771.1796875,87997.328125,88312.8359375,88133.8203125,88110.171875,87960.890625,87776.984375,87738.7578125,87639.359375,87514.734375,87575.8046875,87585.0625,87883.546875,88077.46875,88314.3203125,88383.0625,87989.1875,87829.8046875,87710.71875,87581.015625,87438.71875,87449.28125,87574.2109375,87721.640625,87970.375,88240.6640625,88410.453125,88255.578125,88069.5703125,87838.578125,87792.140625,87573.7734375,87404.28125,87469.703125,87640.65625,87720.1640625,87895.921875,88006.9453125,88119.3359375,88475.078125,87924.390625,87905.5,87765.84375,87484.578125,87377.34375,87472.2578125,87565.15625,87858.03125,87957.828125,87952.34375,88376.5,88236.25,88036.8359375,88067.65625,87817.1328125,87621.796875,87467.296875,87594.0703125,87459.1328125,87670.9296875,87899.15625,88097.0390625,88131.0390625,88304.328125,88024.0625,87869.859375,87742.171875,87454.125,87461.25,87519.6015625,87680.765625,87812.078125,87818.53125,87934.40625,88205.8515625,88206.890625,87915.53125,87794.8359375,87677.0859375,87468.515625,87415.40625,87379.671875,87685.5390625,87741.7890625,87961.0625,87880.8125,88102.125,88469.609375,88142.453125,87877.421875,87734.390625,87522.375,87415.875,87560.03125,87642.953125,87774.5078125,87888.390625,88002.734375,88315.6015625,88350.203125,88261.34375,87870.640625,87528.625,87386.03125,87292.6875,87396.96875,87632.8984375,87663.671875,87837.4609375,87913.8125,87986.96875,88246.6875,88117.90625,87931.765625,87535.90625,87465.7421875,87459.265625,87375.625,87428.953125,87571.578125,87916.734375,88079.359375,88157.25,88146.46875,87919.1328125,87864.9453125,87573.609375,87562.359375,87524.6875,87430.53125,87440.0390625,87744.96875,87895.328125,88092.3125,88168.6953125,88214.578125,87910.046875,87847.640625,87669.65625,87444.5625,87558.578125,87403.484375,87473.84375,87681.578125,88002.859375,88037.0625,88213.7890625,88326.9375,88057.34375,87946.109375,87643.3125,87655.5625,87446.5703125,87502.9375,87402.5703125,87762.125,87846.2734375,88052.2578125,88159.546875,88115.15625,88076.921875,87883.40625,87736.6796875,87529.890625,87520.46875,87592.2421875,87482.09375,87658.9140625,87996.953125,88288.34375,88372.078125,88246.59375,88283.671875,87811.53125,87595.15625,87522.6875,87461.953125,87487.265625,87620.0390625,87842.8125,88048.578125,88209.9375,88171.3671875,88278.296875,88062.5,87915.375,87662.84375,87495.171875,87428.359375,87459.515625,87496.0390625,87569.9921875,87904.609375,87993.125,88252.921875,88567.34375,87920.8125,87734.078125,87889.21875,87601.890625,87414.1953125,87386.6328125,87556.671875,87646.828125,87837.34375,88129.625,88341.90625,88228.6875,88176.5859375,88030.5546875,87623.734375,87401.1171875,87507.8515625,87516.625,87683.796875,87772.3828125,87925.609375,88237.421875,88361.2890625,88391.203125,87957.8125,87860.546875,87676.421875,87486.796875,87422.171875
AS_1005,101300.703125,100987.75,100867.84375,100678.578125,99641.1875,99783.0,99791.71875,99541.734375,100117.1171875,101003.796875,101616.8125,100929.78125,101072.75,101115.703125,100556.265625,100761.375,99914.6953125,99221.25,99444.6328125,99450.25,100393.84375,100291.0703125,101104.6796875,101972.8828125,100398.640625,100850.140625,99927.65625,100982.1796875,99922.328125,99270.8359375,99854.8203125,99595.171875,100286.890625,100840.984375,100675.7578125,101447.359375,100965.734375,101028.8046875,101072.0625,100932.546875,100296.46875,99763.3203125,99584.0625,100278.1875,100403.8046875,101103.71875,101163.015625,101051.71875,101660.28125,100921.2109375,100879.640625,100436.375,100174.6640625,99803.453125,99637.578125,99890.5703125,100355.578125,100370.140625,100664.7734375,101339.28125,101637.703125,101930.65625,100861.1640625,100548.921875,100410.9453125,99416.3359375,99359.078125,99652.390625,100449.5,100783.84375,101102.578125,101955.34375,101593.2578125,101548.15625,100828.03125,100611.828125,100443.34375,99581.5,99399.25,99861.8359375,100109.65625,100500.1328125,101080.796875,100524.296875,100964.0703125,100561.1328125,101167.9296875,100533.15625,99664.0390625,99362.0390625,99280.328125,99978.0625,100274.859375,101241.171875,100949.125,101076.25,102220.6015625,101129.765625,100665.078125,100268.53125,100162.40625,99495.8515625,99395.890625,99743.53125,100409.8359375,100708.0859375,100747.515625,101692.40625,101443.671875,101387.5390625,101058.7890625,100225.0625,100005.8125,99856.125,99200.609375,99846.453125,100441.421875,100891.390625,101430.375,101193.875,102178.03125,101625.953125,100743.5078125,101105.390625,100318.734375,99865.6015625,99758.203125,100038.34375,100460.640625,100881.625,100425.03125,101378.6875,102497.96875,100997.8984375,101322.671875,100283.4609375,100209.8125,99233.96875,99693.6875,99702.90625,100490.765625,100476.90625,100622.7421875,101721.265625,102341.625,102289.953125,100774.578125,100515.734375,100306.359375,99469.25,99642.46875,99762.1328125,99978.9453125,100727.609375,100575.359375,102087.6875,100711.53125,101237.0390625,100538.96875,100449.328125,99821.3125,99857.6953125,99191.578125,99635.046875,100382.640625,100550.65625,100863.5625,100732.578125,101018.484375,101733.84375,100529.578125,100374.859375,100369.0625,99992.7890625,99278.9375,99948.34375,100292.109375,100298.3125,100990.5625,101230.5703125,100932.9375,101037.5703125,101041.125,100447.2734375,100116.2578125,99892.546875,99244.15625,99620.921875,100517.40625,100332.6796875,101039.890625,100213.46875,102270.2421875,101691.09375,100871.9140625,100340.953125,100406.34375,99611.078125,99160.59375,100510.671875,100309.53125,101305.15625,101263.6875,100553.953125,101023.265625,101030.0390625,101379.8125,100422.578125,100012.9375,99616.3671875,99406.296875,100219.5,100387.375,100785.84375,101274.171875,101823.359375,102375.515625,101813.0390625,100387.9921875,100286.609375,99880.125,99274.921875,99791.34375,99626.8125,100590.078125,100413.21875,100774.890625,102085.1953125,101358.6328125,101225.671875,100866.828125,100470.34375,100507.625,99537.90625,99555.6875,99737.5859375,100082.5546875,100582.734375,101488.1171875,100820.8515625,100532.625,100791.796875,100864.3828125,100508.609375,100346.421875,99714.2890625,99731.203125,99541.8125,100230.546875,100751.421875,101395.796875,101900.171875
AS_1013,102385.703125,102041.75,101442.84375,100938.578125,100469.1875,100126.0,99792.71875,100081.734375,100804.1171875,101460.796875,102046.8125,102103.78125,102001.75,101935.703125,101389.265625,101041.375,100540.6953125,100022.25,99875.6328125,100300.25,100818.84375,101440.0703125,101950.6796875,102618.8828125,102083.640625,101973.140625,101374.65625,100916.1796875,100677.328125,99988.8359375,99839.8203125,100277.171875,101015.890625,101407.984375,101900.7578125,102322.359375,102273.734375,101837.8046875,101631.0625,101044.546875,100565.46875,100014.3203125,99994.0625,100161.1875,100775.8046875,101574.71875,101934.015625,102505.71875,102261.28125,101760.2109375,101566.640625,100825.375,100486.6640625,100255.453125,99997.578125,100096.5703125,100929.578125,101759.140625,101984.7734375,102257.28125,102204.703125,102104.65625,101798.1640625,100939.921875,100331.9453125,99859.3359375,99963.078125,100172.390625,100849.5,101707.84375,101725.578125,102556.34375,102160.2578125,102275.15625,101389.03125,100762.828125,100672.34375,100068.5,99752.25,100141.8359375,100951.65625,101424.1328125,101692.796875,102434.296875,102610.0703125,101544.1328125,101364.9296875,101235.15625,100383.0390625,100072.0390625,99833.328125,99988.0625,100794.859375,101566.171875,102021.125,102092.25,102491.6015625,102400.765625,101387.078125,100944.53125,100384.40625,100049.8515625,99851.890625,100124.53125,100717.8359375,101470.0859375,102054.515625,102211.40625,102459.671875,101491.5390625,101445.7890625,101015.0625,100742.8125,99851.125,99857.609375,100174.453125,100730.421875,101283.390625,102123.375,102148.875,102185.03125,101648.953125,101620.5078125,101314.390625,100481.734375,100254.6015625,99999.203125,100309.34375,100740.640625,101564.625,101818.03125,101782.6875,102712.96875,101699.8984375,101964.671875,101054.4609375,100570.8125,99958.96875,99833.6875,100159.90625,100817.765625,101555.90625,101716.7421875,102551.265625,102327.625,101989.953125,101616.578125,100747.734375,100508.359375,99831.25,99802.46875,100097.1328125,100963.9453125,101451.609375,101677.359375,102201.6875,102233.53125,101951.0390625,101356.96875,100957.328125,100420.3125,100041.6953125,99820.578125,99976.046875,100890.640625,101556.65625,101929.5625,102252.578125,102111.484375,102012.84375,101545.578125,101099.859375,100552.0625,100059.7890625,100037.9375,100314.34375,100728.109375,101439.3125,101883.5625,102510.5703125,102257.9375,101906.5703125,101617.125,101116.2734375,100426.2578125,100052.546875,100055.15625,100258.921875,100849.40625,101502.6796875,101921.890625,102428.46875,102379.2421875,102279.09375,101594.9140625,100754.953125,100619.34375,100172.078125,99948.59375,100066.671875,100702.53125,101376.15625,101930.6875,102222.953125,102255.265625,102134.0390625,101661.8125,100965.578125,100711.9375,100205.3671875,100048.296875,100107.5,100717.375,101673.84375,101942.171875,102403.359375,102255.515625,102044.0390625,101427.9921875,101036.609375,100550.125,100088.921875,99858.34375,99935.8125,100876.078125,101674.21875,101910.890625,102495.1953125,102494.6328125,102102.671875,101477.828125,100912.34375,100692.625,100030.90625,99913.6875,100018.5859375,100930.5546875,101545.734375,101947.1171875,102298.8515625,102223.625,102100.796875,101460.3828125,101477.609375,100468.421875,100019.2890625,100048.203125,100112.8125,100918.546875,101751.421875,102118.796875,102545.171875
AS_1019,96243.703125,95982.75,95651.84375,94979.578125,94639.1875,94214.0,94117.71875,94284.734375,94999.1171875,95813.796875,96206.8125,96090.78125,96125.75,95992.703125,95661.265625,95151.375,94708.6953125,94147.25,94072.6328125,94413.25,95074.84375,95573.0703125,95969.6796875,96786.8828125,96113.640625,95886.140625,95445.65625,95058.1796875,94752.328125,94217.8359375,94247.8203125,94325.171875,95255.890625,95651.984375,95932.7578125,96378.359375,96156.734375,95679.8046875,95685.0625,95310.546875,94753.46875,94241.3203125,94133.0625,94430.1875,95036.8046875,95677.71875,96047.015625,96547.71875,96189.28125,95990.2109375,95693.640625,95084.375,94786.6640625,94465.453125,94105.578125,94404.5703125,95264.578125,95844.140625,96009.7734375,96226.28125,96206.703125,96117.65625,95587.1640625,95241.921875,94565.9453125,94188.3359375,94095.078125,94324.390625,95015.5,95739.84375,96069.578125,96562.34375,96100.2578125,96083.15625,95683.03125,95044.828125,94884.34375,94280.5,94085.25,94380.8359375,95140.65625,95537.1328125,95729.796875,96137.296875,96443.0703125,95478.1328125,95590.9296875,95264.15625,94853.0390625,94207.0390625,93969.328125,94415.0625,94917.859375,95947.171875,95890.125,96120.25,96465.6015625,96147.765625,95361.078125,95031.53125,94590.40625,94097.8515625,93983.890625,94316.53125,94922.8359375,95631.0859375,96201.515625,96361.40625,96206.671875,95694.5390625,95437.7890625,94939.0625,94799.8125,94445.125,93994.609375,94454.453125,95042.421875,95598.390625,96067.375,96051.875,96109.03125,95750.953125,95916.5078125,95487.390625,94717.734375,94327.6015625,94139.203125,94543.34375,95041.640625,95580.625,95853.03125,96127.6875,96774.96875,95555.8984375,96081.671875,95125.4609375,94736.8125,94028.96875,94101.6875,94307.90625,94915.765625,95526.90625,95825.7421875,96516.265625,96374.625,95900.953125,95420.578125,94915.734375,94719.359375,93980.25,93962.46875,94366.1328125,94967.9453125,95623.609375,95911.359375,96303.6875,95951.53125,96082.0390625,95271.96875,95094.328125,94819.3125,94171.6953125,93977.578125,94377.046875,94962.640625,95585.65625,96151.5625,96270.578125,96091.484375,96270.84375,95639.578125,95247.859375,94667.0625,94394.7890625,94145.9375,94464.34375,94931.109375,95661.3125,95938.5625,96576.5703125,96046.9375,95867.5703125,95672.125,95256.2734375,94656.2578125,94256.546875,94081.15625,94512.921875,95328.40625,95727.6796875,95710.890625,96110.46875,96391.2421875,96565.09375,95431.9140625,94996.953125,94791.34375,94351.078125,94031.59375,94570.671875,94832.53125,95805.15625,96118.6875,95964.953125,96231.265625,96061.0390625,95746.8125,95225.578125,94902.9375,94245.3671875,94159.296875,94552.5,95026.375,95684.84375,96047.171875,96440.359375,96539.515625,96041.0390625,95103.9921875,95320.609375,94851.125,94210.921875,93959.34375,94405.8125,95338.078125,95655.21875,96099.890625,96591.1953125,96285.6328125,95894.671875,95475.828125,94987.34375,95007.625,94342.90625,94048.6875,94392.5859375,94989.5546875,95685.734375,96192.1171875,96111.8515625,95803.625,95780.796875,95594.3828125,95043.609375,94665.421875,94205.2890625,94051.203125,94147.8125,95015.546875,95831.421875,96084.796875,96520.171875
AS_102,56866.69921875,56560.75,56927.84375,57249.57421875,57600.18359375,57495.99609375,57514.71484375,57590.734375,57608.1171875,57620.79296875,57296.80859375,57235.78515625,56827.75,56851.69921875,57097.265625,57322.375,57462.6953125,57515.25,57585.6328125,57644.24609375,57666.84375,57630.0703125,57549.6796875,57237.8828125,56950.64453125,57170.13671875,57198.65234375,57322.1796875,57397.328125,57522.8359375,57473.8203125,57681.16796875,57683.88671875,57644.98046875,57541.7578125,57157.35546875,57170.734375,56958.8046875,57070.0625,57424.546875,57330.47265625,57422.3203125,57630.0625,57675.18359375,57715.8046875,57687.72265625,57423.01171875,57204.71484375,56902.27734375,57041.2109375,57315.640625,57350.375,57354.6640625,57469.45703125,57495.57421875,57596.5703125,57780.578125,57648.140625,57442.7734375,57314.28515625,56863.703125,56880.65625,57202.1640625,57386.91796875,57334.9453125,57444.3359375,57582.07421875,57553.390625,57809.5,57628.83984375,57330.57421875,57210.34375,57120.2578125,57243.15234375,57121.02734375,57339.83203125,57589.33984375,57482.49609375,57609.24609375,57691.8359375,57771.65625,57779.1328125,57433.796875,57320.296875,57061.0703125,56938.1328125,57179.9296875,57577.15234375,57537.0390625,57532.0390625,57517.32421875,57631.05859375,57660.85546875,57566.17578125,57508.125,57171.25390625,56732.6015625,56759.76171875,57138.07421875,57311.53125,57381.41015625,57529.8515625,57526.88671875,57597.52734375,57666.8359375,57691.0859375,57582.515625,57360.41015625,57232.671875,56998.5390625,57169.7890625,57359.0625,57397.8125,57428.125,57501.60546875,57708.44921875,57759.41796875,57553.390625,57388.37890625,57152.875,57261.03515625,56962.953125,57289.5078125,57459.390625,57401.73046875,57445.6015625,57666.203125,57765.33984375,57705.63671875,57607.625,57509.03515625,57051.68359375,56687.96484375,57003.8984375,57102.67578125,57397.4609375,57518.80859375,57468.96875,57543.68359375,57707.91015625,57630.765625,57610.90234375,57519.7421875,57084.265625,56599.62890625,56792.95703125,56995.57421875,57225.734375,57421.36328125,57275.24609375,57497.47265625,57674.1328125,57744.9453125,57521.60546875,57239.36328125,57108.68359375,56912.53125,57162.0390625,57309.96484375,57277.33203125,57411.3125,57573.6953125,57531.57421875,57693.05078125,57724.640625,57747.65234375,57475.56640625,57103.578125,57149.484375,56812.84765625,57157.578125,57350.86328125,57436.0625,57426.7890625,57612.93359375,57642.33984375,57703.109375,57706.3125,57388.56640625,57275.5703125,57161.93359375,57154.5703125,57335.12890625,57361.2734375,57507.2578125,57488.54296875,57687.15625,57696.92578125,57694.40234375,57745.6796875,57526.88671875,57067.46484375,56954.2421875,57190.09375,57312.9140625,57314.953125,57498.33984375,57682.08203125,57633.58984375,57747.66796875,57743.53515625,57596.16015625,57501.68359375,57444.94921875,57028.26953125,57220.0390625,57001.80859375,57354.58203125,57584.9375,57547.3671875,57659.29296875,57689.49609375,57768.37890625,57599.84765625,57432.16796875,57456.359375,56896.515625,57032.0390625,57220.9921875,57439.60546875,57480.12109375,57502.92578125,57530.33984375,57624.80859375,57778.07421875,57603.21875,57409.89453125,57140.1953125,57059.6328125,57010.671875,57138.82421875,57543.34375,57445.625,57486.91015625,57595.69140625,57761.5859375,57828.5546875,57699.73046875,57550.1171875,57154.8515625,57040.62109375,57293.79296875,57335.3828125,57585.61328125,57715.41796875,57707.2890625,57783.20703125,57875.80859375,57880.546875,57768.41796875,57643.80078125,57277.171875
AS_1063,101707.703125,100842.75,100448.84375,100219.578125,100186.1875,99794.0,99652.71875,100256.734375,100641.1171875,100431.796875,101136.8125,101004.78125,101188.75,100780.703125,100327.265625,100108.375,99921.6953125,99813.25,99934.6328125,100238.25,100375.84375,100948.0703125,100259.6796875,101125.8828125,100930.640625,100676.140625,100025.65625,100291.1796875,100176.328125,100155.8359375,100034.8203125,100415.171875,100376.890625,100904.984375,100663.7578125,101300.359375,101031.734375,101252.8046875,101003.0625,100034.546875,100139.46875,99757.3203125,100220.0625,99991.1875,100406.8046875,100355.71875,101215.015625,100663.71875,101371.28125,100715.2109375,100432.640625,100007.375,99820.6640625,99885.453125,99876.578125,99972.5703125,100365.578125,100664.140625,100653.7734375,101391.28125,100930.703125,101234.65625,100281.1640625,100418.921875,100273.9453125,99661.3359375,99998.078125,99954.390625,100533.5,100374.84375,100490.578125,101274.34375,101302.2578125,100930.15625,100451.03125,100555.828125,100140.34375,100136.5,99845.25,99959.8359375,100526.65625,100605.1328125,100544.796875,101224.296875,101274.0703125,100822.1328125,100717.9296875,100517.15625,99942.0390625,99939.0390625,99613.328125,99845.0625,100474.859375,100524.171875,100553.125,100916.25,100989.6015625,100822.765625,100858.078125,100344.53125,100390.40625,100172.8515625,99828.890625,100116.53125,99894.8359375,100510.0859375,100538.515625,100538.40625,101436.671875,100873.5390625,100552.7890625,100205.0625,99744.8125,99935.125,99856.609375,100024.453125,100284.421875,100358.390625,101083.375,101072.875,100864.03125,101009.953125,100644.5078125,100611.390625,100471.734375,99839.6015625,100073.203125,100010.34375,100249.640625,100810.625,100615.03125,100525.6875,101167.96875,100884.8984375,100258.671875,100259.4609375,100262.8125,99705.96875,99877.6875,99920.90625,100316.765625,100375.90625,101078.7421875,101367.265625,101449.625,100824.953125,100711.578125,99951.734375,100362.359375,100041.25,100056.46875,99922.1328125,100809.9453125,100522.609375,100874.359375,100994.6875,101470.53125,101026.0390625,99987.96875,100131.328125,100264.3125,100010.6953125,99724.578125,99799.046875,100220.640625,100943.65625,100331.5625,100907.578125,101052.484375,101475.84375,100615.578125,100437.859375,100059.0625,100107.7890625,99544.9375,100203.34375,100461.109375,100711.3125,100632.5625,100681.5703125,101051.9375,101131.5703125,100656.125,100447.2734375,99694.2578125,99988.546875,99918.15625,100441.921875,100583.40625,100145.6796875,101654.890625,101022.46875,101037.2421875,100977.09375,100857.9140625,100236.953125,99926.34375,100137.078125,99975.59375,99999.671875,100789.53125,100332.15625,101098.6875,101012.953125,101008.265625,100803.0390625,100768.8125,100008.578125,99813.9375,100007.3671875,99614.296875,100067.5,99984.375,100860.84375,100541.171875,100952.359375,100847.515625,100964.0390625,100627.9921875,100064.609375,100169.125,99941.921875,100087.34375,100308.8125,100212.078125,100533.21875,100915.890625,100820.1953125,100796.6328125,100643.671875,100462.828125,100081.34375,99738.625,100217.90625,99904.6875,100297.5859375,100258.5546875,100701.734375,100465.1171875,100928.8515625,101280.625,101455.796875,100392.3828125,100685.609375,99983.421875,100189.2890625,100117.203125,100234.8125,100910.546875,100665.421875,100757.796875,100702.171875
AS_1089,101315.703125,100626.75,99863.84375,99172.578125,99246.1875,98996.0,98576.71875,99316.734375,99894.1171875,100168.796875,100783.8125,100865.78125,100976.75,100826.703125,99662.265625,99459.375,98848.6953125,98902.25,98736.6328125,99461.25,99991.84375,100379.0703125,100346.6796875,101141.8828125,100517.640625,100526.140625,99548.65625,99322.1796875,99432.328125,99025.8359375,98871.8203125,99330.171875,99930.890625,100231.984375,100459.7578125,101275.359375,100866.734375,100712.8046875,100612.0625,99591.546875,99496.46875,98848.3203125,98866.0625,99108.1875,99740.8046875,99973.71875,100828.015625,100647.71875,100813.28125,100014.2109375,99879.640625,99560.375,98793.6640625,99218.453125,98915.578125,99276.5703125,99810.578125,100336.140625,100516.7734375,101102.28125,100634.703125,101037.65625,100175.1640625,99096.921875,99164.9453125,98632.3359375,98815.078125,99304.390625,99974.5,100137.84375,100199.578125,100972.34375,101171.2578125,100772.15625,99749.03125,99407.828125,99381.34375,98797.5,98807.25,99259.8359375,99931.65625,100328.1328125,100243.796875,101047.296875,101020.0703125,100203.1328125,100138.9296875,99685.15625,98816.0390625,98951.0390625,98745.328125,99106.0625,99869.859375,100266.171875,100611.125,100575.25,101218.6015625,100717.765625,99943.078125,99388.53125,99028.40625,99177.8515625,98811.890625,99197.53125,99614.8359375,99942.0859375,100355.515625,100368.40625,100838.671875,100363.5390625,100084.7890625,99666.0625,99165.8125,98500.125,98779.609375,99196.453125,99640.421875,100041.390625,100753.375,100694.875,100737.03125,100725.953125,100262.5078125,99792.390625,99197.734375,99165.6015625,98944.203125,99264.34375,99867.640625,100355.625,100130.03125,100083.6875,101132.96875,100661.8984375,100191.671875,99496.4609375,99029.8125,98777.96875,98798.6875,99288.90625,99886.765625,100111.90625,100920.7421875,101167.265625,101230.625,100515.953125,100185.578125,99194.734375,99316.359375,98870.25,98805.46875,99322.1328125,99845.9453125,100068.609375,100279.359375,100831.6875,101058.53125,100768.0390625,99998.96875,99464.328125,98972.3125,99001.6953125,98546.578125,98825.046875,99823.640625,100470.65625,100056.5625,100578.578125,100784.484375,101280.84375,100310.578125,99991.859375,99022.0625,99038.7890625,98749.9375,99325.34375,99867.109375,100340.3125,100344.5625,100619.5703125,100941.9375,100501.5703125,100190.125,99652.2734375,98778.2578125,98838.546875,99066.15625,99195.921875,99916.40625,99980.6796875,101271.890625,100880.46875,101038.2421875,100584.09375,100129.9140625,99423.953125,99003.34375,98885.078125,99047.59375,99161.671875,99780.53125,100480.15625,100740.6875,100921.953125,100961.265625,100583.0390625,100363.8125,99264.578125,99136.9375,99067.3671875,98898.296875,99085.5,99473.375,100650.84375,100313.171875,100838.359375,100769.515625,100635.0390625,100361.9921875,99643.609375,99335.125,98752.921875,98974.34375,99373.8125,99582.078125,100118.21875,100656.890625,100997.1953125,100775.6328125,100760.671875,99866.828125,99571.34375,98869.625,98985.90625,98749.6875,99097.5859375,99952.5546875,100312.734375,100687.1171875,100817.8515625,100985.625,100863.796875,99879.3828125,99905.609375,99102.421875,98824.2890625,99047.203125,98996.8125,99616.546875,100151.421875,100708.796875,100729.171875
AS_1119,101731.703125,101138.75,101161.84375,101021.578125,101037.1875,100794.0,100680.71875,101022.734375,101049.1171875,101599.796875,101865.8125,101588.78125,101363.75,101635.703125,100939.265625,101390.375,101012.6953125,100661.25,100784.6328125,100872.25,101190.84375,101603.0703125,101514.6796875,101726.8828125,101146.640625,101637.140625,101252.65625,101483.1796875,101135.328125,100786.8359375,100680.8203125,100836.171875,101267.890625,101346.984375,101389.7578125,101786.359375,101343.734375,101641.8046875,101503.0625,101366.546875,101475.46875,100756.3203125,100842.0625,100927.1875,101198.8046875,101516.71875,101915.015625,101327.71875,101423.28125,101318.2109375,101601.640625,100992.375,101070.6640625,100970.453125,100779.578125,100916.5703125,101470.578125,101592.140625,101817.7734375,101703.28125,101151.703125,101500.65625,101311.1640625,101350.921875,101001.9453125,100687.3359375,100621.078125,100877.390625,101462.5,101560.84375,101575.578125,101158.34375,101689.2578125,101855.15625,101086.03125,100972.828125,101368.34375,100881.5,100722.25,100860.8359375,101178.65625,101456.1328125,101505.796875,101848.296875,101794.0703125,101519.1328125,101341.9296875,101333.15625,100661.0390625,100886.0390625,100465.328125,101020.0625,101202.859375,101618.171875,101656.125,101414.25,101686.6015625,101371.765625,101409.078125,101280.53125,101069.40625,100909.8515625,100819.890625,100738.53125,101095.8359375,101636.0859375,101568.515625,101606.40625,101598.671875,101433.5390625,101480.7890625,101200.0625,101026.8125,100637.125,100640.609375,100852.453125,101198.421875,101315.390625,101815.375,101349.875,101374.03125,101599.953125,101597.5078125,101674.390625,101060.734375,101009.6015625,100889.203125,101282.34375,101127.640625,101530.625,101552.03125,100812.6875,101291.96875,101702.8984375,101404.671875,101219.4609375,101069.8125,100822.96875,100760.6875,100933.90625,101092.765625,101688.90625,101852.7421875,101691.265625,101574.625,101508.953125,101361.578125,101428.734375,100912.359375,100869.25,100764.46875,101136.1328125,101270.9453125,101408.609375,101286.359375,101458.6875,101635.53125,101638.0390625,101285.96875,100915.328125,101141.3125,100845.6953125,100699.578125,100588.046875,101335.640625,101597.65625,101443.5625,101212.578125,101723.484375,101760.84375,101386.578125,101507.859375,100972.0625,100606.7890625,100760.9375,100872.34375,101146.109375,101647.3125,101641.5625,101290.5703125,101418.9375,101415.5703125,101543.125,101573.2734375,100871.2578125,100712.546875,100824.15625,100794.921875,101107.40625,101432.6796875,101978.890625,101827.46875,101510.2421875,101789.09375,101809.9140625,101276.953125,101231.34375,100832.078125,100873.59375,100379.671875,101220.53125,101651.15625,101803.6875,101707.953125,101403.265625,101320.0390625,101325.8125,101188.578125,101130.9375,100755.3671875,100777.296875,100630.5,101070.375,101707.84375,101640.171875,101524.359375,101356.515625,101560.0390625,101652.9921875,101363.609375,101039.125,100842.921875,100917.34375,100751.8125,101197.078125,101490.21875,101868.890625,101790.1953125,101529.6328125,101730.671875,101213.828125,101230.34375,101242.625,100649.90625,100848.6875,100758.5859375,101399.5546875,101489.734375,101748.1171875,101865.8515625,101607.625,101827.796875,101340.3828125,101214.609375,101078.421875,100662.2890625,100821.203125,101022.8125,101136.546875,101653.421875,101961.796875,101604.171875
AS_115,102748.703125,102405.75,101763.84375,101152.578125,100733.1875,100428.0,100150.71875,100390.734375,101089.1171875,101788.796875,102347.8125,102397.78125,102302.75,102303.703125,101629.265625,101377.375,100768.6953125,100356.25,100203.6328125,100654.25,101249.84375,101791.0703125,102234.6796875,102866.8828125,102294.640625,102344.140625,101641.65625,101233.1796875,100911.328125,100345.8359375,100116.8203125,100561.171875,101321.890625,101692.984375,102179.7578125,102649.359375,102574.734375,102196.8046875,102024.0625,101328.546875,100936.46875,100319.3203125,100253.0625,100520.1875,101134.8046875,101801.71875,102286.015625,102714.71875,102532.28125,102031.2109375,101900.640625,101167.375,100698.6640625,100563.453125,100257.578125,100438.5703125,101250.578125,102048.140625,102233.7734375,102563.28125,102540.703125,102493.65625,102078.1640625,101191.921875,100736.9453125,100151.3359375,100275.078125,100424.390625,101217.5,102032.84375,101989.578125,102787.34375,102515.2578125,102660.15625,101613.03125,101012.828125,100966.34375,100309.5,100123.25,100492.8359375,101342.65625,101728.1328125,101909.796875,102727.296875,102816.0703125,101956.1328125,101707.9296875,101473.15625,100583.0390625,100439.0390625,100111.328125,100331.0625,101044.859375,101894.171875,102372.125,102334.25,102794.6015625,102675.765625,101743.078125,101229.53125,100625.40625,100396.8515625,100123.890625,100419.53125,101097.8359375,101722.0859375,102238.515625,102429.40625,102679.671875,101897.5390625,101832.7890625,101364.0625,101030.8125,100098.125,100171.609375,100529.453125,101159.421875,101579.390625,102387.375,102408.875,102523.03125,102012.953125,101963.5078125,101679.390625,100787.734375,100587.6015625,100307.203125,100574.34375,101114.640625,101877.625,102047.03125,101951.6875,103015.96875,102138.8984375,102208.671875,101312.4609375,100819.8125,100255.96875,100104.6875,100431.90625,101191.765625,101911.90625,102094.7421875,102856.265625,102678.625,102406.953125,101945.578125,100984.734375,100842.359375,100214.25,100114.46875,100403.1328125,101261.9453125,101737.609375,101967.359375,102499.6875,102585.53125,102401.0390625,101738.96875,101251.328125,100731.3125,100447.6953125,100084.578125,100319.046875,101270.640625,101929.65625,102129.5625,102452.578125,102429.484375,102444.84375,101903.578125,101471.859375,100805.0625,100357.7890625,100318.9375,100594.34375,101096.109375,101789.3125,102149.5625,102706.5703125,102593.9375,102265.5703125,102021.125,101410.2734375,100729.2578125,100341.546875,100325.15625,100527.921875,101210.40625,101819.6796875,102242.890625,102648.46875,102689.2421875,102466.09375,101981.9140625,101084.953125,100910.34375,100435.078125,100271.59375,100393.671875,101065.53125,101753.15625,102228.6875,102532.953125,102614.265625,102446.0390625,101982.8125,101168.578125,100933.9375,100535.3671875,100319.296875,100385.5,101055.375,102036.84375,102263.171875,102663.359375,102572.515625,102345.0390625,101789.9921875,101314.609375,100857.125,100391.921875,100238.34375,100241.8125,101175.078125,101947.21875,102216.890625,102819.1953125,102770.6328125,102467.671875,101762.828125,101248.34375,100983.625,100378.90625,100199.6875,100359.5859375,101297.5546875,101860.734375,102246.1171875,102584.8515625,102483.625,102431.796875,101789.3828125,101745.609375,100703.421875,100313.2890625,100373.203125,100364.8125,101118.546875,102054.421875,102479.796875,102818.171875
AS_1152,94453.703125,93738.75,93287.84375,92824.578125,92573.1875,92420.0,92378.71875,92508.734375,93189.1171875,93496.796875,93666.8125,93483.78125,93800.75,93647.703125,93179.265625,92849.375,92742.6953125,92289.25,92196.6328125,92835.25,93118.84375,93518.0703125,93816.6796875,94369.8828125,93563.640625,93749.140625,92927.65625,92937.1796875,93006.328125,92361.8359375,92490.8203125,92627.171875,93334.890625,93659.984375,93526.7578125,94259.359375,93856.734375,93512.8046875,93695.0625,93005.546875,92985.46875,92604.3203125,92228.0625,92700.1875,93089.8046875,93570.71875,93730.015625,94024.71875,94008.28125,93267.2109375,93232.640625,92977.375,92687.6640625,92693.453125,92521.578125,92696.5703125,93178.578125,93511.140625,93638.7734375,93939.28125,94017.703125,94235.65625,93801.1640625,92871.921875,92712.9453125,92173.3359375,92487.078125,92684.390625,93226.5,93365.84375,93413.578125,94443.34375,93878.2578125,93879.15625,93220.03125,92857.828125,92840.34375,92465.5,92366.25,92625.8359375,93265.65625,93315.1328125,93603.796875,93745.296875,94201.0703125,93080.1328125,93389.9296875,93350.15625,92456.0390625,92376.0390625,92315.328125,92790.0625,93111.859375,93679.171875,93698.125,93683.25,94341.6015625,93934.765625,93325.078125,92799.53125,92869.40625,92375.8515625,92287.890625,92604.53125,92926.8359375,93465.0859375,93445.515625,93641.40625,93941.671875,93374.5390625,93379.7890625,93099.0625,92591.8125,92388.125,92311.609375,92714.453125,93164.421875,93420.390625,93668.375,93635.875,94023.03125,93617.953125,93450.5078125,93358.390625,92654.734375,92635.6015625,92514.203125,92807.34375,93264.640625,93607.625,93107.03125,93469.6875,94638.96875,93534.8984375,93815.671875,93123.4609375,92757.8125,92341.96875,92410.6875,92618.90625,93389.765625,93455.90625,93740.7421875,94226.265625,94150.625,93856.953125,93512.578125,92695.734375,92734.359375,92369.25,92342.46875,92621.1328125,93259.9453125,93341.609375,93286.359375,94021.6875,93772.53125,93727.0390625,93183.96875,93217.328125,92610.3125,92427.6953125,92213.578125,92528.046875,93109.640625,93641.65625,93573.5625,93885.578125,93567.484375,93935.84375,93523.578125,93230.859375,92729.0625,92815.7890625,92422.9375,92893.34375,93195.109375,93370.3125,93405.5625,93988.5703125,93776.9375,93737.5703125,93457.125,93174.2734375,92776.2578125,92691.546875,92367.15625,92814.921875,93189.40625,93489.6796875,93815.890625,93733.46875,94523.2421875,93987.09375,93481.9140625,92913.953125,92770.34375,92657.078125,92295.59375,92944.671875,93365.53125,93736.15625,93615.6875,93754.953125,94084.265625,93996.0390625,93914.8125,93059.578125,92886.9375,92719.3671875,92426.296875,92815.5,92887.375,93778.84375,93590.171875,93976.359375,94162.515625,93842.0390625,93158.9921875,93280.609375,92522.125,92554.921875,92349.34375,92831.8125,93204.078125,93553.21875,93471.890625,94224.1953125,93963.6328125,94050.671875,93456.828125,93044.34375,93024.625,92501.90625,92293.6875,92911.5859375,93168.5546875,93607.734375,93775.1171875,93713.8515625,93974.625,94033.796875,93387.3828125,93852.609375,93025.421875,92523.2890625,92457.203125,92619.8125,93322.546875,93695.421875,94165.796875,94148.171875
AS_1155,71239.703125,71097.75,71237.84375,71369.578125,71501.1875,71264.0,71231.71875,71430.734375,71619.1171875,71703.796875,71599.8125,71668.78125,71230.75,71177.703125,71405.265625,71345.375,71513.6953125,71312.25,71228.6328125,71543.25,71606.84375,71774.0703125,71797.6796875,71637.8828125,71518.640625,71345.140625,71327.65625,71169.1796875,71410.328125,71357.8359375,71338.8203125,71523.171875,71810.890625,71857.984375,71831.7578125,71411.359375,71556.734375,71093.8046875,71161.0625,71310.546875,71314.46875,71351.3203125,71351.0625,71448.1875,71638.8046875,71876.71875,71589.015625,71654.71875,71228.28125,71403.2109375,71408.640625,71415.375,71466.6640625,71421.453125,71325.578125,71442.5703125,71771.578125,71896.140625,71870.7734375,71542.28125,71143.703125,70976.65625,71377.1640625,71507.921875,71236.9453125,71311.3359375,71396.078125,71359.390625,71779.5,71936.84375,71688.578125,71659.34375,71137.2578125,71401.15625,71325.03125,71390.828125,71540.34375,71399.5,71303.25,71458.8359375,71672.65625,71966.1328125,71662.796875,71676.296875,71682.0703125,71206.1328125,71188.9296875,71576.15625,71499.0390625,71412.0390625,71282.328125,71438.0625,71629.859375,71848.171875,71876.125,71414.25,71071.6015625,71325.765625,71406.078125,71352.53125,71410.40625,71376.8515625,71316.890625,71488.53125,71627.8359375,71909.0859375,71867.515625,71646.40625,71570.671875,71089.5390625,71257.7890625,71265.0625,71436.8125,71247.125,71287.609375,71566.453125,71664.421875,71871.390625,71661.375,71475.875,71460.03125,70993.953125,71414.5078125,71508.390625,71261.734375,71407.6015625,71382.203125,71530.34375,71589.640625,71836.625,71911.03125,71490.6875,71176.96875,70978.8984375,71358.671875,71478.4609375,71425.8125,71284.96875,71352.6875,71458.90625,71560.765625,71753.90625,71675.7421875,71558.265625,71077.625,70878.953125,71145.578125,71297.734375,71387.359375,71200.25,71297.46875,71498.1328125,71661.9453125,71806.609375,71502.359375,71399.6875,71365.53125,71195.0390625,71471.96875,71311.328125,71396.3125,71219.6953125,71245.578125,71366.046875,71722.640625,71933.65625,71843.5625,71579.578125,71518.484375,70969.84375,71292.578125,71397.859375,71386.0625,71352.7890625,71355.9375,71482.34375,71636.109375,71853.3125,71630.5625,71724.5703125,71483.9375,71264.5703125,71365.125,71499.2734375,71398.2578125,71384.546875,71486.15625,71516.921875,71723.40625,71930.6796875,71647.890625,71678.46875,71380.2421875,71638.09375,71372.9140625,71318.953125,71365.34375,71494.078125,71339.59375,71470.671875,71796.53125,71729.15625,71767.6875,71715.953125,71423.265625,71452.0390625,71224.8125,71377.578125,71613.9375,71455.3671875,71469.296875,71518.5,71739.375,71869.84375,71807.171875,71731.359375,71164.515625,71322.0390625,71436.9921875,71505.609375,71431.125,71358.921875,71300.34375,71514.8125,71782.078125,71866.21875,71745.890625,71581.1953125,71445.6328125,71118.671875,71376.828125,71450.34375,71475.625,71379.90625,71441.6875,71566.5859375,71810.5546875,71906.734375,71749.1171875,71685.8515625,71085.625,71363.796875,71142.3828125,71393.609375,71301.421875,71213.2890625,71219.203125,71261.8125,71400.546875,71650.421875,71553.796875,71336.171875
AS_1160,101167.703125,100819.75,100709.84375,101179.578125,100092.1875,100459.0,100698.71875,100071.734375,100496.1171875,101625.796875,102105.8125,101237.78125,101303.75,101494.703125,100484.265625,101359.375,100231.6953125,99935.25,100341.6328125,99879.25,101146.84375,100517.0703125,101135.6796875,102017.8828125,99903.640625,100430.140625,99878.65625,102000.1796875,100045.328125,100026.8359375,100753.8203125,100167.171875,100475.890625,100826.984375,101130.7578125,101375.359375,100379.734375,101285.8046875,100868.0625,101547.546875,100903.46875,100175.3203125,100793.0625,100798.1875,100919.8046875,101196.71875,101641.015625,100467.71875,101848.28125,101122.2109375,101156.640625,100868.375,100757.6640625,100231.453125,100659.578125,100671.5703125,100632.578125,100551.140625,100423.7734375,101592.28125,101940.703125,102335.65625,100605.1640625,100756.921875,101160.9453125,100066.3359375,100393.078125,100764.390625,100841.5,101074.84375,101305.578125,101958.34375,102241.2578125,101672.15625,100722.03125,101433.828125,100887.34375,100408.5,99954.25,100764.8359375,100096.65625,100782.1328125,101703.796875,100005.296875,100359.0703125,101098.1328125,101432.9296875,100603.15625,100231.0390625,99744.0390625,99990.328125,100595.0625,100930.859375,101620.171875,100841.125,101071.25,102248.6015625,100645.765625,100637.078125,100983.53125,100756.40625,100110.8515625,100297.890625,100122.53125,101060.8359375,100841.0859375,100571.515625,101848.40625,101556.671875,101838.5390625,101216.7890625,100351.0625,100685.8125,100805.125,100186.609375,100550.453125,100720.421875,100995.390625,101724.375,101664.875,102636.03125,102303.953125,100681.5078125,101452.390625,101147.734375,100471.6015625,100806.203125,100491.34375,100933.640625,100977.625,100544.03125,101783.6875,102400.96875,101256.8984375,101150.671875,100363.4609375,101083.8125,99988.96875,100670.6875,100530.90625,100683.765625,100774.90625,100270.7421875,101639.265625,102865.625,103072.953125,100702.578125,100808.734375,100916.359375,100370.25,100557.46875,100577.1328125,100331.9453125,100977.609375,101123.359375,102622.6875,100704.53125,101501.0390625,100869.96875,100892.328125,100695.3125,100763.6953125,100240.578125,100710.046875,100989.640625,100338.65625,100542.5625,100215.578125,101342.484375,102158.84375,100167.578125,100422.859375,101052.0625,100503.7890625,100196.9375,100601.34375,100815.109375,100601.3125,101382.5625,100920.5703125,100745.9375,100851.5703125,101453.125,100481.2734375,100856.2578125,100435.546875,99559.15625,100242.921875,101173.40625,100561.6796875,101310.890625,100191.46875,102476.2421875,101600.09375,101085.9140625,100858.953125,101212.34375,100375.078125,100326.59375,101144.671875,100519.53125,102091.15625,101803.6875,100396.953125,100990.265625,100670.0390625,101220.8125,100404.578125,100347.9375,99714.3671875,100344.296875,100775.5,101271.375,101013.84375,101299.171875,101718.359375,102405.515625,102390.0390625,100248.9921875,100491.609375,100714.125,99685.921875,100948.34375,100431.8125,100961.078125,100286.21875,101124.890625,102159.1953125,101079.6328125,101170.671875,100334.828125,101106.34375,100815.625,100263.90625,99939.6875,100252.5859375,100395.5546875,100558.734375,101840.1171875,100845.8515625,100128.625,100421.796875,100742.3828125,100134.609375,100703.421875,100561.2890625,100704.203125,100154.8125,100755.546875,101134.421875,101655.796875,102252.171875
AS_1176,101743.703125,101810.75,101547.84375,100716.578125,101235.1875,101211.0,100640.71875,100997.734375,101055.1171875,101592.796875,101562.8125,101592.78125,101763.75,101356.703125,101010.265625,100894.375,101065.6953125,100840.25,100642.6328125,100827.25,100890.84375,101631.0703125,101409.6796875,101380.8828125,102159.640625,101624.140625,101199.65625,101059.1796875,101102.328125,101007.8359375,100636.8203125,100691.171875,101015.890625,101341.984375,101470.7578125,101683.359375,101265.734375,101474.8046875,101680.0625,101192.546875,101176.46875,100985.3203125,100791.0625,100929.1875,101353.8046875,101196.71875,101869.015625,101664.71875,100815.28125,101590.2109375,101844.640625,101153.375,100940.6640625,101037.453125,100862.578125,100790.5703125,101322.578125,101483.140625,101482.7734375,101859.28125,101405.703125,101169.65625,101360.1640625,101227.921875,101014.9453125,101027.3359375,100693.078125,100724.390625,101168.5,101766.84375,101671.578125,101493.34375,101944.2578125,101167.15625,100901.03125,101004.828125,101197.34375,101094.5,100928.25,100537.8359375,101171.65625,101282.1328125,101757.796875,102404.296875,101833.0703125,101274.1328125,101365.9296875,101470.15625,100816.0390625,100773.0390625,100774.328125,100685.0625,101150.859375,101512.171875,101442.125,101822.25,102156.6015625,102249.765625,100726.078125,100871.53125,101147.40625,100950.8515625,100727.890625,100707.53125,100991.8359375,101643.0859375,101592.515625,101796.40625,101441.671875,100872.5390625,101020.7890625,101244.0625,101249.8125,100904.125,100798.609375,101018.453125,101199.421875,101155.390625,101459.375,100907.875,101238.03125,100707.953125,101434.5078125,101315.390625,100828.734375,100632.6015625,100709.203125,100630.34375,100983.640625,101284.625,101210.03125,101110.6875,101649.96875,101386.8984375,101861.671875,101087.4609375,101159.8125,100878.96875,100572.6875,100870.90625,101086.765625,101561.90625,102119.7421875,101657.265625,101434.625,101506.953125,101825.578125,100694.734375,100812.359375,100897.25,100658.46875,100914.1328125,101049.9453125,101114.609375,101503.359375,101193.6875,101167.53125,101131.0390625,100846.96875,101177.328125,100786.3125,100770.6953125,100852.578125,100836.046875,101008.640625,101678.65625,101337.5625,102161.578125,101443.484375,101563.84375,101167.578125,100897.859375,100883.0625,100871.7890625,100655.9375,100688.34375,100989.109375,101425.3125,101695.5625,101498.5703125,101499.9375,101171.5703125,101520.125,101349.2734375,100978.2578125,100957.546875,100870.15625,100902.921875,101013.40625,101414.6796875,101585.890625,102525.46875,101489.2421875,101516.09375,101007.9140625,100965.953125,100859.34375,100820.078125,100803.59375,100893.671875,101208.53125,101573.15625,101715.6875,102212.953125,101719.265625,101974.0390625,101263.8125,101337.578125,101049.9375,100961.3671875,100790.296875,100921.5,101042.375,101438.84375,101470.171875,101617.359375,101635.515625,101119.0390625,100714.9921875,101276.609375,100924.125,100637.921875,100582.34375,100817.8125,101262.078125,101560.21875,101682.890625,101611.1953125,100871.6328125,101730.671875,101453.828125,101244.34375,100876.625,100965.90625,100731.6875,100965.5859375,101188.5546875,101425.734375,101303.1171875,101413.8515625,102185.625,101599.796875,101410.3828125,101388.609375,101294.421875,100779.2890625,100878.203125,100825.8125,101184.546875,101386.421875,102088.796875,101617.171875
AS_1182,102665.703125,102431.75,102136.84375,101603.578125,101374.1875,100248.0,100959.71875,101386.734375,100831.1171875,101194.796875,102364.8125,102719.78125,102467.75,102150.703125,102432.265625,101045.375,100918.6953125,101221.25,100780.6328125,100981.25,100849.84375,101695.0703125,101027.6796875,101958.8828125,101964.640625,101735.140625,101370.65625,101543.1796875,100925.328125,100923.8359375,100671.8203125,101074.171875,100614.890625,102394.984375,102214.7578125,101981.359375,101772.734375,102168.8046875,101689.0625,100917.546875,101007.46875,100606.3203125,100915.0625,101369.1875,101110.8046875,101050.71875,101982.015625,100896.71875,102687.28125,102608.2109375,101939.640625,101533.375,101385.6640625,100981.453125,100914.578125,100930.5703125,101186.578125,101475.140625,100927.7734375,102455.28125,102382.703125,103018.65625,101644.1640625,101848.921875,101560.9453125,100675.3359375,100677.078125,100655.390625,101020.5,100456.84375,102345.578125,102670.34375,102594.2578125,101380.15625,101934.03125,102740.828125,101083.34375,100766.5,100912.25,100868.8359375,100497.65625,101048.1328125,101651.796875,101407.296875,101560.0703125,101679.1328125,102530.9296875,101683.15625,100879.0390625,100623.0390625,100316.328125,100600.0625,100493.859375,100919.171875,101026.125,101855.25,101548.6015625,101557.765625,101720.078125,101550.53125,101560.40625,100851.8515625,100759.890625,100983.53125,101192.8359375,101178.0859375,101917.515625,101306.40625,102354.671875,102296.5390625,102265.7890625,101259.0625,101027.8125,101159.125,101119.609375,100861.453125,101325.421875,101933.390625,101602.375,102722.875,101903.03125,103020.953125,101745.5078125,101737.390625,101719.734375,100487.6015625,100703.203125,100780.34375,101251.640625,101638.625,101360.03125,102312.6875,102369.96875,101651.8984375,100892.671875,101524.4609375,101592.8125,100456.96875,100732.6875,101289.90625,101199.765625,100748.90625,101740.7421875,102307.265625,102889.625,101836.953125,102302.578125,101676.734375,101269.359375,100715.25,100789.46875,100584.1328125,101600.9453125,102169.609375,101958.359375,102081.6875,102843.53125,102625.0390625,102156.96875,102240.328125,101422.3125,100941.6953125,100906.578125,101198.046875,101059.640625,101235.65625,101053.5625,102304.578125,102169.484375,103079.84375,101932.578125,100742.859375,101149.0625,100923.7890625,100931.9375,100622.34375,100905.109375,101608.3125,101579.5625,102644.5703125,101966.9375,102100.5703125,101314.125,101753.2734375,101234.2578125,100586.546875,100612.15625,101254.921875,101262.40625,101273.6796875,101829.890625,102017.46875,101879.2421875,102085.09375,102061.9140625,101835.953125,101111.34375,101056.078125,100775.59375,100827.671875,101240.53125,100695.15625,101808.6875,101630.953125,101592.265625,102383.0390625,101434.8125,101213.578125,101080.9375,100790.3671875,100635.296875,100802.5,101169.375,101512.84375,100772.171875,102191.359375,101967.515625,102011.0390625,101767.9921875,101470.609375,101050.125,101365.921875,100828.34375,101361.8125,100906.078125,101195.21875,102167.890625,102085.1953125,101958.6328125,101257.671875,101453.828125,101151.34375,101455.625,101325.90625,100765.6875,101663.5859375,100925.5546875,101283.734375,101569.1171875,102090.8515625,101647.625,102027.796875,100723.3828125,101529.609375,101381.421875,100960.2890625,101003.203125,101330.8125,101635.546875,101082.421875,101172.796875,101401.171875
AS_1207,98958.703125,98877.75,98820.84375,98754.578125,98786.1875,98774.0,98694.71875,98788.734375,98877.1171875,98831.796875,98829.8125,98907.78125,98883.75,98888.703125,98842.265625,98815.375,98770.6953125,98760.25,98760.6328125,98801.25,98869.84375,98878.0703125,98984.6796875,99138.8828125,99062.640625,99127.140625,98883.65625,98774.1796875,98771.328125,98780.8359375,98807.8203125,98857.171875,98962.890625,98928.984375,98974.7578125,99029.359375,99147.734375,98997.8046875,98939.0625,98811.546875,98771.46875,98790.3203125,98840.0625,98822.1875,98893.8046875,98942.71875,98970.015625,99092.71875,99030.28125,99012.2109375,98895.640625,98819.375,98783.6640625,98844.453125,98807.578125,98831.5703125,98934.578125,99031.140625,99009.7734375,99019.28125,99027.703125,99034.65625,99010.1640625,98933.921875,98757.9453125,98713.3359375,98836.078125,98826.390625,98863.5,98932.84375,98936.578125,98942.34375,98992.2578125,99013.15625,98861.03125,98813.828125,98840.34375,98790.5,98820.25,98835.8359375,98917.65625,99031.1328125,98938.796875,99012.296875,99122.0703125,99007.1328125,98886.9296875,98875.15625,98796.0390625,98658.0390625,98789.328125,98764.0625,98800.859375,98863.171875,98912.125,98893.25,98953.6015625,98979.765625,98849.078125,98742.53125,98768.40625,98789.8515625,98769.890625,98780.53125,98857.8359375,98888.0859375,98858.515625,98976.40625,99103.671875,98875.5390625,98887.7890625,98810.0625,98706.8125,98783.125,98797.609375,98789.453125,98854.421875,98922.390625,98914.375,99017.875,99080.03125,98987.953125,98969.5078125,98879.390625,98687.734375,98800.6015625,98792.203125,98801.34375,98835.640625,98793.625,98819.03125,98772.6875,98916.96875,98884.8984375,98821.671875,98857.4609375,98799.8125,98735.96875,98744.6875,98813.90625,98861.765625,98856.90625,98859.7421875,98922.265625,98931.625,98831.953125,98869.578125,98856.734375,98731.359375,98742.25,98754.46875,98853.1328125,98917.9453125,98932.609375,98893.359375,98893.6875,99060.53125,98946.0390625,98939.96875,98792.328125,98773.3125,98679.6953125,98764.578125,98829.046875,98861.640625,98999.65625,98878.5625,98987.578125,99164.484375,98949.84375,98977.578125,98899.859375,98830.0625,98700.7890625,98812.9375,98898.34375,98946.109375,98962.3125,98952.5625,99006.5703125,99141.9375,99088.5703125,99055.125,98920.2734375,98885.2578125,98849.546875,98863.15625,98915.921875,98968.40625,99067.6796875,98971.890625,99128.46875,99127.2421875,99155.09375,99034.9140625,98850.953125,98802.34375,98876.078125,98838.59375,98775.671875,98869.53125,98842.15625,98913.6875,98931.953125,98948.265625,99084.0390625,98953.8125,98919.578125,98790.9375,98842.3671875,98863.296875,98817.5,98891.375,98879.84375,98799.171875,98994.359375,98898.515625,99060.0390625,98913.9921875,98854.609375,98854.125,98837.921875,98764.34375,98798.8125,98908.078125,99019.21875,98999.890625,99025.1953125,99113.6328125,99127.671875,98997.828125,98853.34375,98865.625,98811.90625,98861.6875,98844.5859375,99004.5546875,98955.734375,98984.1171875,99091.8515625,99167.625,99228.796875,99052.3828125,99065.609375,98929.421875,98929.2890625,98888.203125,98884.8125,98956.546875,98909.421875,99083.796875,99084.171875
AS_1256,96892.703125,97022.75,96816.84375,96135.578125,96640.1875,96669.0,96205.71875,96491.734375,96536.1171875,96945.796875,96940.8125,96873.78125,97019.75,96632.703125,96404.265625,96295.375,96484.6953125,96353.25,96189.6328125,96349.25,96404.84375,97004.0703125,96736.6796875,96570.8828125,97324.640625,96927.140625,96501.65625,96377.1796875,96508.328125,96508.8359375,96212.8203125,96242.171875,96520.890625,96763.984375,96845.7578125,96901.359375,96559.734375,96597.8046875,96842.0625,96479.546875,96600.46875,96476.3203125,96328.0625,96447.1875,96781.8046875,96631.71875,97166.015625,96898.71875,96072.28125,96829.2109375,97100.640625,96511.375,96368.6640625,96538.453125,96361.578125,96326.5703125,96779.578125,96911.140625,96817.7734375,97122.28125,96662.703125,96422.65625,96637.1640625,96593.921875,96455.9453125,96494.3359375,96229.078125,96268.390625,96638.5,97110.84375,96970.578125,96793.34375,97089.2578125,96423.15625,96228.03125,96365.828125,96614.34375,96576.5,96403.25,96116.8359375,96626.65625,96680.1328125,97049.796875,97607.296875,97115.0703125,96535.1328125,96646.9296875,96775.15625,96298.0390625,96318.0390625,96306.328125,96236.0625,96618.859375,96914.171875,96771.125,97037.25,97316.6015625,97425.765625,96115.078125,96309.53125,96574.40625,96448.8515625,96250.890625,96225.53125,96448.8359375,97028.0859375,96933.515625,97060.40625,96709.671875,96155.5390625,96337.7890625,96565.0625,96667.8125,96425.125,96335.609375,96495.453125,96644.421875,96597.390625,96814.375,96261.875,96497.03125,96048.953125,96709.5078125,96653.390625,96314.734375,96159.6015625,96249.203125,96209.34375,96465.640625,96671.625,96663.03125,96443.6875,96865.96875,96596.8984375,97087.671875,96376.4609375,96553.8125,96373.96875,96138.6875,96362.90625,96555.765625,96897.90625,97323.7421875,96941.265625,96628.625,96688.953125,97054.578125,96128.734375,96277.359375,96411.25,96209.46875,96447.1328125,96532.9453125,96586.609375,96859.359375,96481.6875,96454.53125,96439.0390625,96210.96875,96550.328125,96287.3125,96281.6953125,96350.578125,96352.046875,96511.640625,97036.65625,96707.5625,97348.578125,96756.484375,96852.84375,96497.578125,96316.859375,96346.0625,96378.7890625,96201.9375,96234.34375,96458.109375,96811.3125,97010.5625,96811.5703125,96751.9375,96416.5703125,96780.125,96679.2734375,96434.2578125,96428.546875,96393.15625,96439.921875,96524.40625,96802.6796875,96958.890625,97710.46875,96740.2421875,96858.09375,96348.9140625,96407.953125,96320.34375,96355.078125,96322.59375,96405.671875,96669.53125,96941.15625,97041.6875,97346.953125,96885.265625,97210.0390625,96553.8125,96683.578125,96473.9375,96477.3671875,96313.296875,96419.5,96549.375,96822.84375,96813.171875,96931.359375,96875.515625,96409.0390625,96114.9921875,96662.609375,96377.125,96170.921875,96153.34375,96336.8125,96725.078125,96954.21875,96992.890625,96841.1953125,96163.6328125,96942.671875,96734.828125,96591.34375,96371.625,96479.90625,96253.6875,96464.5859375,96642.5546875,96846.734375,96736.1171875,96706.8515625,96800.625,96307.796875,96148.3828125,96147.609375,96197.421875,95784.2890625,95859.203125,95824.8125,96156.546875,96327.421875,96813.796875,96397.171875
AS_1261,99884.703125,99829.75,99782.84375,99789.578125,99741.1875,99805.0,99719.71875,99747.734375,99799.1171875,99708.796875,99683.8125,99683.78125,99832.75,99721.703125,99889.265625,99819.375,99788.6953125,99737.25,99739.6328125,99666.25,99817.84375,99787.0703125,99714.6796875,99996.8828125,100038.640625,100132.140625,99935.65625,99863.1796875,99825.328125,99788.8359375,99750.8203125,99759.171875,99900.890625,99833.984375,99857.7578125,100021.359375,100081.734375,100045.8046875,100048.0625,99866.546875,99739.46875,99839.3203125,99812.0625,99807.1875,99835.8046875,99817.71875,99797.015625,99891.71875,99997.28125,99930.2109375,99849.640625,99847.375,99772.6640625,99760.453125,99827.578125,99715.5703125,99911.578125,99858.140625,99807.7734375,99848.28125,99999.703125,100156.65625,100080.1640625,99998.921875,99819.9453125,99786.3359375,99805.078125,99789.390625,99791.5,99824.84375,99767.578125,99786.34375,99849.2578125,99967.15625,99884.03125,99883.828125,99855.34375,99821.5,99795.25,99741.8359375,99840.65625,99849.1328125,99850.796875,99831.296875,99977.0703125,99998.1328125,99963.9296875,99913.15625,99828.0390625,99681.0390625,99768.328125,99754.0625,99677.859375,99730.171875,99608.125,99723.25,99850.6015625,99812.765625,99850.078125,99758.53125,99710.40625,99813.8515625,99785.890625,99817.53125,99772.8359375,99841.0859375,99775.515625,99750.40625,99833.671875,99780.5390625,99905.7890625,99801.0625,99732.8125,99792.125,99720.609375,99696.453125,99689.421875,99780.390625,99740.375,99959.875,100027.03125,100125.953125,100045.5078125,99976.390625,99770.734375,99836.6015625,99835.203125,99796.34375,99810.640625,99705.625,99755.03125,99605.6875,99752.96875,99789.8984375,99804.671875,99827.4609375,99744.8125,99736.96875,99706.6875,99724.90625,99785.765625,99779.90625,99745.7421875,99729.265625,99870.625,99810.953125,99831.578125,99908.734375,99716.359375,99747.25,99676.46875,99779.1328125,99771.9453125,99800.609375,99876.359375,99810.6875,99900.53125,99915.0390625,99964.96875,99840.328125,99818.3125,99686.6953125,99740.578125,99805.046875,99734.640625,99797.65625,99780.5625,99793.578125,99848.484375,99978.84375,100007.578125,99838.859375,99859.0625,99722.7890625,99743.9375,99873.34375,99832.109375,99794.3125,99843.5625,99798.5703125,99999.9375,100101.5703125,100142.125,99924.2734375,99902.2578125,99832.546875,99828.15625,99817.921875,99873.40625,99950.6796875,99915.890625,100023.46875,100178.2421875,100141.09375,100112.9140625,99970.953125,99869.34375,99877.078125,99791.59375,99686.671875,99775.53125,99747.15625,99785.6875,99796.953125,99853.265625,100000.0390625,99959.8125,99924.578125,99828.9375,99876.3671875,99838.296875,99780.5,99846.375,99675.84375,99699.171875,99709.359375,99750.515625,99899.0390625,99867.9921875,99850.609375,99817.125,99820.921875,99685.34375,99749.8125,99760.078125,99892.21875,99926.890625,99859.1953125,100067.6328125,100268.671875,100077.828125,99942.34375,99850.625,99804.90625,99834.6875,99744.5859375,99887.5546875,99855.734375,99806.1171875,99917.8515625,99825.625,99983.796875,99858.3828125,99824.609375,99680.421875,99674.2890625,99603.203125,99617.8125,99619.546875,99514.421875,99644.796875,99571.171875
AS_1265,100470.703125,100335.75,100166.84375,100056.578125,99957.1875,99943.0,99823.71875,99883.734375,100128.1171875,100164.796875,100421.8125,100443.78125,100315.75,100273.703125,100236.265625,100078.375,99969.6953125,99889.25,99868.6328125,99887.25,100083.84375,100280.0703125,100581.6796875,100711.8828125,100596.640625,100560.140625,100269.65625,100101.1796875,99998.328125,99925.8359375,99896.8203125,99979.171875,100135.890625,100341.984375,100506.7578125,100561.359375,100701.734375,100460.8046875,100357.0625,100122.546875,99933.46875,99959.3203125,100020.0625,99938.1875,100067.8046875,100371.71875,100460.015625,100732.71875,100546.28125,100474.2109375,100231.640625,100106.375,100008.6640625,99970.453125,99971.578125,99932.5703125,100242.578125,100495.140625,100529.7734375,100607.28125,100520.703125,100389.65625,100435.1640625,100287.921875,99917.9453125,99817.3359375,99960.078125,99949.390625,100077.5,100370.84375,100424.578125,100581.34375,100462.2578125,100469.15625,100220.03125,100118.828125,100085.34375,99971.5,99902.25,99905.8359375,100145.65625,100387.1328125,100371.796875,100623.296875,100693.0703125,100426.1328125,100188.9296875,100230.15625,100038.0390625,99845.0390625,99941.328125,99864.0625,99994.859375,100245.171875,100497.125,100409.25,100482.6015625,100522.765625,100233.078125,100065.53125,99903.40625,99932.8515625,99921.890625,99954.53125,100024.8359375,100274.0859375,100480.515625,100608.40625,100721.671875,100244.5390625,100246.7890625,100066.0625,99961.8125,99894.125,99907.609375,99941.453125,100007.421875,100224.390625,100464.375,100532.875,100585.03125,100358.953125,100343.5078125,100173.390625,99923.734375,99949.6015625,99976.203125,99996.34375,100105.640625,100172.625,100391.03125,100279.6875,100526.96875,100290.8984375,100396.671875,100222.4609375,100013.8125,99875.96875,99880.6875,99984.90625,99992.765625,100272.90625,100367.7421875,100603.265625,100436.625,100220.953125,100203.578125,100100.734375,99838.359375,99829.25,99891.46875,99968.1328125,100119.9453125,100313.609375,100314.359375,100386.6875,100562.53125,100377.0390625,100286.96875,100047.328125,99971.3125,99834.6953125,99888.578125,99960.046875,100053.640625,100379.65625,100423.5625,100651.578125,100770.484375,100368.84375,100351.578125,100172.859375,100060.0625,99815.7890625,99919.9375,100082.34375,100125.109375,100388.3125,100428.5625,100646.5703125,100688.9375,100543.5703125,100418.125,100252.2734375,100031.2578125,99997.546875,99973.15625,100045.921875,100156.40625,100453.6796875,100446.890625,100655.46875,100626.2421875,100729.09375,100387.9140625,100077.953125,100000.34375,100055.078125,100027.59375,99860.671875,100031.53125,100131.15625,100409.6875,100538.953125,100511.265625,100563.0390625,100292.8125,100209.578125,100065.9375,99994.3671875,99984.296875,99974.5,100107.375,100261.84375,100365.171875,100633.359375,100368.515625,100549.0390625,100307.9921875,100243.609375,100162.125,99956.921875,99814.34375,99878.8125,100128.078125,100445.21875,100491.890625,100540.1953125,100658.6328125,100505.671875,100301.828125,100126.34375,99986.625,99966.90625,99988.6875,99896.5859375,100258.5546875,100362.734375,100475.1171875,100675.8515625,100380.625,100487.796875,100159.3828125,100209.609375,99951.421875,99879.2890625,99864.203125,99814.8125,99935.546875,100036.421875,100418.796875,100462.171875
AS_1275,96292.703125,95804.75,95316.84375,94527.578125,94985.1875,94748.0,94906.71875,94991.734375,94734.1171875,95350.796875,95849.8125,96042.78125,95778.75,95545.703125,95305.265625,94591.375,94729.6953125,94606.25,94527.6328125,95112.25,95446.84375,94885.0703125,95011.6796875,96016.8828125,94478.640625,94990.140625,94332.65625,95146.1796875,94747.328125,94774.8359375,94885.8203125,94744.171875,94551.890625,95555.984375,95349.7578125,95916.359375,94781.734375,94888.8046875,94657.0625,94639.546875,95304.46875,95252.3203125,94879.0625,95604.1875,95054.8046875,95270.71875,95578.015625,94682.71875,95328.28125,95115.2109375,94857.640625,94887.375,95218.6640625,95101.453125,95201.578125,94674.5703125,94990.578125,94585.140625,94570.7734375,96299.28125,96141.703125,96395.65625,95302.1640625,94554.921875,95393.9453125,94511.3359375,94942.078125,94989.390625,94980.5,94558.84375,95153.578125,96951.34375,96350.2578125,95641.15625,95156.03125,95708.828125,94924.34375,95023.5,95030.25,94935.8359375,94348.65625,94593.1328125,95792.796875,94872.296875,95075.0703125,94971.1328125,95545.9296875,95098.15625,94330.0390625,94464.0390625,94771.328125,94541.0625,95167.859375,94804.171875,95207.125,94692.25,96011.6015625,94864.765625,94786.078125,94746.53125,95238.40625,94633.8515625,94645.890625,94607.53125,95144.8359375,94820.0859375,94960.515625,95205.40625,95457.671875,95671.5390625,95532.7890625,94746.0625,94705.8125,94950.125,95177.609375,95256.453125,94944.421875,95288.390625,95835.375,95840.875,96048.03125,96324.953125,95609.5078125,95951.390625,95019.734375,94354.6015625,94807.203125,94709.34375,94916.640625,94979.625,94512.03125,95776.6875,96539.96875,95149.8984375,94941.671875,94815.4609375,95216.8125,94746.96875,94510.6875,94553.90625,95910.765625,94766.90625,95104.7421875,95920.265625,96762.625,96095.953125,95755.578125,94885.734375,94690.359375,95289.25,95068.46875,94894.1328125,95208.9453125,95637.609375,95474.359375,96425.6875,95479.53125,95308.0390625,95363.96875,95228.328125,94669.3125,94815.6953125,95173.578125,95045.046875,95018.640625,94363.65625,94657.5625,94982.578125,95288.484375,96016.84375,94873.578125,94310.859375,94824.0625,95063.7890625,94776.9375,94771.34375,94766.109375,95088.3125,94493.5625,95286.5703125,94806.9375,95010.5703125,94561.125,95076.2734375,95282.2578125,94981.546875,94533.15625,94671.921875,95374.40625,95004.6796875,95993.890625,94944.46875,97111.2421875,95872.09375,95245.9140625,95527.953125,94877.34375,95439.078125,95164.59375,95286.671875,96040.53125,96221.15625,95817.6875,94615.953125,95342.265625,95350.0390625,94872.8125,94388.578125,94680.9375,94787.3671875,94907.296875,94893.5,95056.375,95281.84375,95473.171875,95582.359375,96028.515625,96134.0390625,94550.9921875,94627.609375,94601.125,95027.921875,95157.34375,94898.8125,95318.078125,94796.21875,94645.890625,95739.1953125,94919.6328125,95481.671875,94920.828125,94397.34375,94914.625,94812.90625,95035.6875,95337.5859375,94714.5546875,94852.734375,95345.1171875,95145.8515625,94352.625,95354.796875,94154.3828125,95572.609375,95455.421875,94725.2890625,94930.203125,95361.8125,95424.546875,94941.421875,95267.796875,95698.171875
AS_1279,70753.703125,70638.75,70831.84375,71025.578125,71175.1875,70985.0,70938.71875,71134.734375,71293.1171875,71292.796875,71139.8125,71138.78125,70732.75,70751.703125,71020.265625,70996.375,71196.6953125,71008.25,70927.6328125,71199.25,71265.84375,71352.0703125,71345.6796875,71147.8828125,71002.640625,70879.140625,70938.65625,70836.1796875,71078.328125,71031.8359375,71025.8203125,71204.171875,71470.890625,71486.984375,71364.7578125,70917.359375,71069.734375,70611.8046875,70783.0625,70929.546875,71020.46875,71031.3203125,71045.0625,71169.1875,71310.8046875,71514.71875,71131.015625,71169.71875,70735.28125,70950.2109375,71026.640625,71042.375,71143.6640625,71107.453125,71015.578125,71117.5703125,71462.578125,71464.140625,71382.7734375,71046.28125,70639.703125,70532.65625,71008.1640625,71168.921875,70944.9453125,71042.3359375,71078.078125,71046.390625,71431.5,71539.84375,71242.578125,71174.34375,70648.2578125,71003.15625,70954.03125,71030.828125,71241.34375,71099.5,71023.25,71166.8359375,71351.65625,71553.1328125,71178.796875,71166.296875,71202.0703125,70709.1328125,70780.9296875,71279.15625,71207.0390625,71059.0390625,70963.328125,71127.0625,71292.859375,71495.171875,71400.125,70910.25,70606.6015625,70855.765625,71011.078125,70980.53125,71122.40625,71044.8515625,71036.890625,71140.53125,71292.8359375,71493.0859375,71419.515625,71150.40625,71077.671875,70640.5390625,70879.7890625,70920.0625,71089.8125,70976.125,70974.609375,71231.453125,71319.421875,71477.390625,71192.375,70995.875,70992.03125,70532.953125,71042.5078125,71177.390625,70989.734375,71031.6015625,71074.203125,71247.34375,71258.640625,71416.625,71435.03125,71019.6875,70689.96875,70487.8984375,70972.671875,71157.4609375,71145.8125,70984.96875,71034.6875,71147.90625,71255.765625,71344.90625,71195.7421875,71065.265625,70595.625,70442.953125,70735.578125,70984.734375,71092.359375,70911.25,71005.46875,71164.1328125,71327.9453125,71426.609375,71046.359375,70899.6875,70856.53125,70755.0390625,71063.96875,70986.328125,71083.3125,70959.6953125,70991.578125,71104.046875,71380.640625,71527.65625,71372.5625,71059.578125,70997.484375,70522.84375,70888.578125,71029.859375,71091.0625,71101.7890625,71055.9375,71212.34375,71282.109375,71432.3125,71147.5625,71237.5703125,70965.9375,70821.5703125,70953.125,71142.2734375,71133.2578125,71100.546875,71155.15625,71208.921875,71393.40625,71528.6796875,71174.890625,71156.46875,70911.2421875,71238.09375,71003.9140625,71005.953125,71065.34375,71198.078125,71032.59375,71170.671875,71437.53125,71317.15625,71290.6875,71193.953125,70918.265625,70971.0390625,70836.8125,71061.578125,71302.9375,71124.3671875,71167.296875,71216.5,71382.375,71454.84375,71334.171875,71243.359375,70698.515625,70891.0390625,71025.9921875,71152.609375,71097.125,71044.921875,70967.34375,71199.8125,71450.078125,71452.21875,71219.890625,71042.1953125,70910.6328125,70651.671875,70951.828125,71070.34375,71163.625,71088.90625,71134.6875,71235.5859375,71460.5546875,71511.734375,71294.1171875,71134.8515625,70495.625,70822.796875,70680.3828125,70967.609375,70944.421875,70838.2890625,70848.203125,70862.8125,71021.546875,71214.421875,71017.796875,70778.171875
AS_1324,102779.703125,102541.75,101971.84375,101382.578125,101002.1875,100659.0,100388.71875,100525.734375,101160.1171875,101853.796875,102385.8125,102519.78125,102379.75,102413.703125,101828.265625,101531.375,100995.6953125,100560.25,100453.6328125,100768.25,101255.84375,101882.0703125,102361.6796875,102895.8828125,102455.640625,102513.140625,101852.65625,101462.1796875,101083.328125,100565.8359375,100304.8203125,100691.171875,101396.890625,101800.984375,102335.7578125,102690.359375,102706.734375,102330.8046875,102166.0625,101523.546875,101076.46875,100554.3203125,100480.0625,100664.1875,101247.8046875,101938.71875,102336.015625,102824.71875,102650.28125,102236.2109375,102105.640625,101387.375,100932.6640625,100779.453125,100508.578125,100538.5703125,101340.578125,102112.140625,102392.7734375,102620.28125,102632.703125,102561.65625,102266.1640625,101465.921875,100980.9453125,100437.3359375,100532.078125,100602.390625,101310.5,102105.84375,102133.578125,102888.34375,102570.2578125,102774.15625,101862.03125,101257.828125,101184.34375,100580.5,100354.25,100645.8359375,101376.65625,101843.1328125,101992.796875,102819.296875,102910.0703125,102129.1328125,101879.9296875,101707.15625,100869.0390625,100640.0390625,100328.328125,100511.0625,101092.859375,101943.171875,102463.125,102413.25,102798.6015625,102807.765625,101925.078125,101467.53125,100872.40625,100553.8515625,100392.890625,100612.53125,101151.8359375,101854.0859375,102368.515625,102573.40625,102809.671875,102023.5390625,102004.7890625,101602.0625,101234.8125,100372.125,100400.609375,100607.453125,101226.421875,101733.390625,102412.375,102522.875,102639.03125,102134.953125,102103.5078125,101852.390625,101021.734375,100777.6015625,100555.203125,100776.34375,101210.640625,101932.625,102234.03125,102103.6875,103079.96875,102256.8984375,102405.671875,101523.4609375,101024.8125,100465.96875,100321.6875,100575.90625,101250.765625,102011.90625,102170.7421875,102926.265625,102739.625,102479.953125,102099.578125,101234.734375,101052.359375,100428.25,100398.46875,100460.1328125,101373.9453125,101866.609375,102086.359375,102586.6875,102718.53125,102518.0390625,101924.96875,101453.328125,100981.3125,100593.6953125,100424.578125,100518.046875,101358.640625,101963.65625,102270.5625,102564.578125,102605.484375,102454.84375,102101.578125,101646.859375,101082.0625,100533.7890625,100512.9375,100691.34375,101157.109375,101893.3125,102246.5625,102849.5703125,102717.9375,102426.5703125,102206.125,101588.2734375,100941.2578125,100543.546875,100471.15625,100682.921875,101293.40625,101953.6796875,102321.890625,102769.46875,102766.2421875,102675.09375,102161.9140625,101303.953125,101090.34375,100667.078125,100504.59375,100515.671875,101146.53125,101759.15625,102304.6875,102630.953125,102705.265625,102619.0390625,102131.8125,101402.578125,101167.9375,100759.3671875,100598.296875,100579.5,101170.375,102027.84375,102359.171875,102803.359375,102647.515625,102507.0390625,101960.9921875,101529.609375,101060.125,100617.921875,100466.34375,100353.8125,101250.078125,102035.21875,102300.890625,102821.1953125,102844.6328125,102537.671875,101973.828125,101429.34375,101211.625,100619.90625,100413.6875,100490.5859375,101336.5546875,101936.734375,102342.1171875,102698.8515625,102538.625,102607.796875,101965.3828125,101946.609375,100959.421875,100542.2890625,100567.203125,100609.8125,101242.546875,102113.421875,102543.796875,102867.171875
AS_1330,79530.703125,79549.75,79596.84375,79601.578125,79667.1875,79639.0,79636.71875,79636.734375,79700.1171875,79599.796875,79519.8125,79533.78125,79552.75,79459.703125,79628.265625,79627.375,79694.6953125,79609.25,79680.6328125,79669.25,79690.84375,79666.0703125,79600.6796875,79661.8828125,79632.640625,79701.140625,79642.65625,79633.1796875,79697.328125,79657.8359375,79759.8203125,79690.171875,79763.890625,79676.984375,79645.7578125,79721.359375,79692.734375,79631.8046875,79690.0625,79671.546875,79670.46875,79704.3203125,79677.0625,79717.1875,79732.8046875,79692.71875,79627.015625,79596.71875,79658.28125,79621.2109375,79621.640625,79674.375,79667.6640625,79710.453125,79666.578125,79707.5703125,79730.578125,79712.140625,79640.7734375,79620.28125,79607.703125,79755.65625,79737.1640625,79722.921875,79690.9453125,79674.3359375,79698.078125,79739.390625,79720.5,79678.84375,79592.578125,79569.34375,79536.2578125,79611.15625,79607.03125,79629.828125,79704.34375,79663.5,79739.25,79697.8359375,79720.65625,79758.1328125,79661.796875,79637.296875,79662.0703125,79639.1328125,79639.9296875,79688.15625,79713.0390625,79571.0390625,79669.328125,79671.0625,79634.859375,79655.171875,79534.125,79508.25,79544.6015625,79555.765625,79597.078125,79579.53125,79661.40625,79666.8515625,79653.890625,79665.53125,79678.8359375,79687.0859375,79599.515625,79552.40625,79607.671875,79541.5390625,79633.7890625,79636.0625,79642.8125,79713.125,79655.609375,79688.453125,79684.421875,79709.390625,79580.375,79644.875,79642.03125,79763.953125,79715.5078125,79752.390625,79663.734375,79720.6015625,79676.203125,79686.34375,79663.640625,79613.625,79590.03125,79438.6875,79491.96875,79549.8984375,79560.671875,79641.4609375,79671.8125,79652.96875,79645.6875,79662.90625,79709.765625,79665.90625,79574.7421875,79514.265625,79577.625,79549.953125,79557.578125,79690.734375,79640.359375,79688.25,79615.46875,79735.1328125,79708.9453125,79677.609375,79639.359375,79581.6875,79633.53125,79607.0390625,79685.96875,79676.328125,79693.3125,79640.6953125,79618.578125,79695.046875,79671.640625,79691.65625,79589.5625,79585.578125,79583.484375,79604.84375,79699.578125,79669.859375,79735.0625,79680.7890625,79727.9375,79737.34375,79738.109375,79705.3125,79670.5625,79623.5703125,79662.9375,79665.5703125,79744.125,79700.2734375,79774.2578125,79713.546875,79775.15625,79764.921875,79787.40625,79831.6796875,79687.890625,79733.46875,79825.2421875,79778.09375,79821.9140625,79773.953125,79758.34375,79763.078125,79705.59375,79706.671875,79705.53125,79665.15625,79639.6875,79602.953125,79613.265625,79685.0390625,79677.8125,79714.578125,79719.9375,79743.3671875,79747.296875,79706.5,79737.375,79639.84375,79542.171875,79583.359375,79517.515625,79663.0390625,79567.9921875,79654.609375,79708.125,79764.921875,79690.34375,79737.8125,79697.078125,79738.21875,79708.890625,79613.1953125,79686.6328125,79804.671875,79723.828125,79720.34375,79770.625,79725.90625,79742.6875,79758.5859375,79817.5546875,79713.734375,79675.1171875,79686.8515625,80242.625,80284.796875,80274.3828125,80295.609375,80308.421875,80255.2890625,80189.203125,80247.8125,80227.546875,80182.421875,80203.796875,80137.171875
AS_1341,102548.703125,102156.75,101529.84375,100948.578125,100513.1875,100200.0,99888.71875,100155.734375,100877.1171875,101584.796875,102145.8125,102179.78125,102100.75,102061.703125,101433.265625,101146.375,100562.6953125,100115.25,99967.6328125,100431.25,101017.84375,101579.0703125,102041.6796875,102691.8828125,102125.640625,102100.140625,101437.65625,101007.1796875,100727.328125,100085.8359375,99914.8203125,100367.171875,101117.890625,101486.984375,101990.7578125,102448.359375,102375.734375,101969.8046875,101773.0625,101122.546875,100696.46875,100078.3203125,100038.0625,100281.1875,100907.8046875,101621.71875,102084.015625,102563.71875,102334.28125,101833.2109375,101672.640625,100935.375,100517.6640625,100329.453125,100042.578125,100218.5703125,101056.578125,101854.140625,102048.7734375,102370.28125,102336.703125,102258.65625,101883.1640625,100969.921875,100460.9453125,99915.3359375,100033.078125,100246.390625,101007.5,101823.84375,101806.578125,102622.34375,102289.2578125,102428.15625,101412.03125,100807.828125,100739.34375,100083.5,99861.25,100258.8359375,101136.65625,101511.1328125,101734.796875,102543.296875,102648.0703125,101689.1328125,101477.9296875,101273.15625,100387.0390625,100196.0390625,99891.328125,100101.0625,100870.859375,101687.171875,102155.125,102157.25,102610.6015625,102483.765625,101515.078125,101006.53125,100418.40625,100168.8515625,99904.890625,100205.53125,100878.8359375,101533.0859375,102082.515625,102268.40625,102503.671875,101651.5390625,101593.7890625,101128.0625,100828.8125,99890.125,99941.609375,100297.453125,100919.421875,101387.390625,102223.375,102235.875,102309.03125,101772.953125,101740.5078125,101446.390625,100571.734375,100342.6015625,100091.203125,100370.34375,100893.640625,101672.625,101858.03125,101795.6875,102820.96875,101884.8984375,102015.671875,101100.4609375,100615.8125,100029.96875,99892.6875,100230.90625,100998.765625,101679.90625,101883.7421875,102660.265625,102450.625,102175.953125,101719.578125,100777.734375,100619.359375,99942.25,99871.46875,100174.1328125,101063.9453125,101516.609375,101770.359375,102313.6875,102353.53125,102136.0390625,101479.96875,101030.328125,100491.3125,100177.6953125,99861.578125,100085.046875,101044.640625,101699.65625,101972.5625,102296.578125,102194.484375,102190.84375,101652.578125,101228.859375,100597.0625,100148.7890625,100108.9375,100406.34375,100856.109375,101568.3125,101978.5625,102554.5703125,102388.9375,102043.5703125,101759.125,101205.2734375,100499.2578125,100129.546875,100117.15625,100320.921875,101009.40625,101615.6796875,102054.890625,102480.46875,102487.2421875,102290.09375,101731.9140625,100845.953125,100695.34375,100229.078125,100026.59375,100174.671875,100840.53125,101536.15625,102022.6875,102315.953125,102395.265625,102230.0390625,101766.8125,100990.578125,100720.9375,100279.3671875,100083.296875,100168.5,100846.375,101841.84375,102052.171875,102465.359375,102381.515625,102135.0390625,101540.9921875,101097.609375,100634.125,100151.921875,99978.34375,100008.8125,100998.078125,101747.21875,101997.890625,102633.1953125,102570.6328125,102241.671875,101558.828125,101003.34375,100762.625,100134.90625,99978.6875,100148.5859375,101092.5546875,101667.734375,102045.1171875,102380.8515625,102308.625,102196.796875,101563.3828125,101525.609375,100476.421875,100078.2890625,100155.203125,100163.8125,100939.546875,101843.421875,102259.796875,102630.171875
AS_1378,102518.703125,102124.75,101502.84375,100986.578125,100511.1875,100155.0,99814.71875,100158.734375,100884.1171875,101572.796875,102148.8125,102192.78125,102111.75,102034.703125,101449.265625,101130.375,100596.6953125,100060.25,99914.6328125,100382.25,100947.84375,101540.0703125,102044.6796875,102725.8828125,102159.640625,102055.140625,101432.65625,100989.1796875,100753.328125,100029.8359375,99898.8203125,100348.171875,101107.890625,101479.984375,101989.7578125,102438.359375,102355.734375,101932.8046875,101720.0625,101114.546875,100648.46875,100047.3203125,100005.0625,100237.1875,100862.8046875,101660.71875,102048.015625,102599.71875,102350.28125,101833.2109375,101637.640625,100878.375,100530.6640625,100307.453125,100002.578125,100185.5703125,101024.578125,101863.140625,102063.7734375,102365.28125,102303.703125,102216.65625,101875.1640625,100961.921875,100411.9453125,99894.3359375,99958.078125,100251.390625,100955.5,101811.84375,101818.578125,102653.34375,102268.2578125,102385.15625,101443.03125,100810.828125,100716.34375,100071.5,99781.25,100194.8359375,101064.65625,101508.1328125,101776.796875,102535.296875,102688.0703125,101632.1328125,101440.9296875,101272.15625,100402.0390625,100122.0390625,99844.328125,100080.0625,100886.859375,101679.171875,102122.125,102189.25,102618.6015625,102478.765625,101463.078125,101006.53125,100425.40625,100104.8515625,99893.890625,100178.53125,100831.8359375,101562.0859375,102138.515625,102298.40625,102536.671875,101590.5390625,101529.7890625,101090.0625,100804.8125,99886.125,99881.609375,100257.453125,100849.421875,101366.390625,102228.375,102239.875,102280.03125,101746.953125,101701.5078125,101394.390625,100551.734375,100308.6015625,100019.203125,100356.34375,100844.640625,101662.625,101887.03125,101857.6875,102817.96875,101799.8984375,102026.671875,101095.4609375,100607.8125,99992.96875,99862.6875,100207.90625,100948.765625,101652.90625,101842.7421875,102660.265625,102437.625,102102.953125,101704.578125,100799.734375,100588.359375,99896.25,99819.46875,100191.1328125,101047.9453125,101524.609375,101762.359375,102305.6875,102326.53125,102063.0390625,101433.96875,101017.328125,100475.3125,100090.6953125,99797.578125,100034.046875,100995.640625,101658.65625,102026.5625,102331.578125,102181.484375,102136.84375,101604.578125,101183.859375,100617.0625,100144.7890625,100080.9375,100397.34375,100828.109375,101545.3125,101986.5625,102594.5703125,102360.9375,101998.5703125,101699.125,101197.2734375,100491.2578125,100117.546875,100097.15625,100302.921875,100961.40625,101596.6796875,102027.890625,102519.46875,102485.2421875,102337.09375,101673.9140625,100816.953125,100677.34375,100202.078125,99958.59375,100153.671875,100793.53125,101501.15625,102027.6875,102309.953125,102364.265625,102210.0390625,101745.8125,101014.578125,100755.9375,100252.3671875,100049.296875,100158.5,100816.375,101799.84375,102041.171875,102488.359375,102370.515625,102123.0390625,101505.9921875,101074.609375,100607.125,100120.921875,99910.34375,100022.8125,100981.078125,101746.21875,102001.890625,102621.1953125,102584.6328125,102207.671875,101554.828125,100976.34375,100763.625,100091.90625,99948.6875,100108.5859375,101033.5546875,101648.734375,102042.1171875,102388.8515625,102357.625,102213.796875,101573.3828125,101568.609375,100551.421875,100095.2890625,100149.203125,100173.8125,101017.546875,101886.421875,102259.796875,102686.171875
AS_1406,88474.703125,87825.75,87463.84375,87205.578125,87294.1875,87486.0,87184.71875,87631.734375,87878.1171875,87742.796875,87688.8125,87641.78125,87703.75,87547.703125,87346.265625,87209.375,87286.6953125,87361.25,87210.6328125,87831.25,87747.84375,87959.0703125,87781.6796875,88255.8828125,87583.640625,87715.140625,87142.65625,87292.1796875,87801.328125,87358.8359375,87566.8203125,87617.171875,87893.890625,88169.984375,87714.7578125,88210.359375,87850.734375,87648.8046875,88052.0625,87324.546875,87626.46875,87474.3203125,87305.0625,87549.1875,87821.8046875,87712.71875,87985.015625,87837.71875,87928.28125,87237.2109375,87362.640625,87411.375,87153.6640625,87585.453125,87442.578125,87558.5703125,87755.578125,87824.140625,87716.7734375,88090.28125,88015.703125,88207.65625,87901.1640625,87215.921875,87401.9453125,86987.3359375,87511.078125,87642.390625,87934.5,87584.84375,87548.578125,88402.34375,87930.2578125,87751.15625,87286.03125,87267.828125,87294.34375,87282.5,87516.25,87427.8359375,87872.65625,87648.1328125,87625.796875,87887.296875,88323.0703125,87191.1328125,87718.9296875,87773.15625,87061.0390625,87277.0390625,87347.328125,87674.0625,87828.859375,87893.171875,87751.125,87813.25,88128.6015625,87997.765625,87691.078125,87240.53125,87438.40625,87545.8515625,87222.890625,87439.53125,87583.8359375,87812.0859375,87484.515625,87371.40625,88025.671875,87317.5390625,87534.7890625,87670.0625,86968.8125,87308.125,87374.609375,87629.453125,87711.421875,87880.390625,87657.375,87818.875,87735.03125,87612.953125,87637.5078125,87645.390625,87381.734375,87461.6015625,87518.203125,87690.34375,87871.640625,87940.625,87418.03125,87421.6875,88486.96875,87563.8984375,87843.671875,87537.4609375,87428.8125,87300.96875,87366.6875,87541.90625,87953.765625,87834.90625,88053.7421875,88224.265625,88019.625,87640.953125,87677.578125,86848.734375,87380.359375,87324.25,87385.46875,87476.1328125,88048.9453125,87767.609375,87577.359375,87986.6875,87851.53125,87640.0390625,87314.96875,87636.328125,87288.3125,87430.6953125,87101.578125,87500.046875,87617.640625,88110.65625,87615.5625,88001.578125,87557.484375,87859.84375,87861.578125,87857.859375,87446.0625,87789.7890625,87362.9375,87725.34375,87862.109375,87825.3125,87580.5625,87946.5703125,87869.9375,87901.5703125,87578.125,87498.2734375,87348.2578125,87473.546875,87518.15625,87911.921875,87928.40625,87813.6796875,88215.890625,87957.46875,88191.2421875,87751.09375,87712.9140625,87341.953125,87283.34375,87637.078125,87376.59375,87831.671875,88125.53125,88056.15625,87714.6875,87772.953125,88089.265625,88070.0390625,88202.8125,87325.578125,87410.9375,87654.3671875,87402.296875,87652.5,87426.375,88176.84375,87587.171875,87885.359375,87772.515625,87742.0390625,87481.9921875,87769.609375,87254.125,87439.921875,87289.34375,87831.8125,87858.078125,88043.21875,87584.890625,87969.1953125,87834.6328125,87982.671875,87707.828125,87434.34375,87479.625,87542.90625,87471.6875,87842.5859375,87796.5546875,87850.734375,87902.1171875,87770.8515625,87975.625,88120.796875,87272.3828125,88342.609375,87500.421875,87329.2890625,87356.203125,87631.8125,87994.546875,87918.421875,88166.796875,87733.171875
AS_1417,95691.703125,95530.75,95410.84375,95291.578125,95204.1875,95158.0,95036.71875,95111.734375,95350.1171875,95441.796875,95691.8125,95699.78125,95553.75,95497.703125,95467.265625,95307.375,95189.6953125,95112.25,95075.6328125,95108.25,95342.84375,95577.0703125,95842.6796875,95960.8828125,95824.640625,95774.140625,95476.65625,95343.1796875,95200.328125,95143.8359375,95079.8203125,95190.171875,95377.890625,95607.984375,95777.7578125,95808.359375,95905.734375,95692.8046875,95581.0625,95369.546875,95198.46875,95174.3203125,95244.0625,95168.1875,95311.8046875,95658.71875,95740.015625,95949.71875,95748.28125,95657.2109375,95454.640625,95346.375,95233.6640625,95175.453125,95197.578125,95146.5703125,95486.578125,95791.140625,95819.7734375,95846.28125,95709.703125,95609.65625,95631.1640625,95527.921875,95172.9453125,95024.3359375,95169.078125,95150.390625,95336.5,95667.84375,95696.578125,95816.34375,95691.2578125,95699.15625,95418.03125,95351.828125,95323.34375,95197.5,95088.25,95120.8359375,95401.65625,95663.1328125,95656.796875,95870.296875,95893.0703125,95651.1328125,95424.9296875,95448.15625,95272.0390625,95101.0390625,95149.328125,95082.0625,95251.859375,95519.171875,95743.125,95673.25,95689.6015625,95664.765625,95443.078125,95308.53125,95117.40625,95133.8515625,95113.890625,95163.53125,95273.8359375,95562.0859375,95744.515625,95829.40625,95897.671875,95486.5390625,95468.7890625,95324.0625,95211.8125,95071.125,95094.609375,95179.453125,95268.421875,95498.390625,95717.375,95761.875,95798.03125,95577.953125,95565.5078125,95397.390625,95169.734375,95195.6015625,95203.203125,95216.34375,95351.640625,95445.625,95669.03125,95513.6875,95692.96875,95497.8984375,95622.671875,95478.4609375,95250.8125,95073.96875,95081.6875,95196.90625,95212.765625,95551.90625,95666.7421875,95816.265625,95639.625,95445.953125,95435.578125,95343.734375,95088.359375,95012.25,95090.46875,95166.1328125,95382.9453125,95604.609375,95589.359375,95647.6875,95769.53125,95638.0390625,95533.96875,95296.328125,95231.3125,95062.6953125,95090.578125,95175.046875,95291.640625,95660.65625,95708.5625,95835.578125,95941.484375,95557.84375,95565.578125,95412.859375,95308.0625,95023.7890625,95126.9375,95285.34375,95360.109375,95676.3125,95708.5625,95868.5703125,95889.9375,95734.5703125,95646.125,95510.2734375,95272.2578125,95230.546875,95178.15625,95262.921875,95409.40625,95722.6796875,95746.890625,95901.46875,95843.2421875,95914.09375,95612.9140625,95333.953125,95240.34375,95279.078125,95245.59375,95087.671875,95290.53125,95418.15625,95682.6875,95796.953125,95775.265625,95774.0390625,95498.8125,95455.578125,95310.9375,95215.3671875,95189.296875,95201.5,95358.375,95532.84375,95659.171875,95871.359375,95594.515625,95720.0390625,95510.9921875,95474.609375,95396.125,95145.921875,95008.34375,95049.8125,95377.078125,95726.21875,95776.890625,95816.1953125,95903.6328125,95736.671875,95535.828125,95364.34375,95236.625,95172.90625,95208.6875,95078.5859375,95520.5546875,95656.734375,95750.1171875,95918.8515625,95714.625,95784.796875,95473.3828125,95529.609375,95309.421875,95199.2890625,95198.203125,95119.8125,95272.546875,95403.421875,95771.796875,95769.171875
AS_1423,95875.703125,95666.75,95348.84375,94991.578125,94767.1875,94563.0,94310.71875,94421.734375,94960.1171875,95354.796875,95739.8125,95804.78125,95607.75,95629.703125,95326.265625,95059.375,94722.6953125,94423.25,94342.6328125,94567.25,94872.84375,95436.0703125,95787.6796875,96162.8828125,95854.640625,95771.140625,95337.65625,95039.1796875,94796.328125,94455.8359375,94238.8203125,94534.171875,95087.890625,95419.984375,95763.7578125,95911.359375,95954.734375,95604.8046875,95485.0625,95075.546875,94742.46875,94443.3203125,94615.0625,94517.1875,94955.8046875,95532.71875,95725.015625,96106.71875,95861.28125,95625.2109375,95432.640625,95024.375,94768.6640625,94591.453125,94545.578125,94380.5703125,95067.578125,95653.140625,95840.7734375,95904.28125,95788.703125,95637.65625,95637.1640625,95178.921875,94581.9453125,94309.3359375,94529.078125,94473.390625,95020.5,95581.84375,95605.578125,96107.34375,95756.2578125,95897.15625,95333.03125,94970.828125,94921.34375,94536.5,94252.25,94533.8359375,95033.65625,95463.1328125,95556.796875,96057.296875,96170.0703125,95483.1328125,95305.9296875,95273.15625,94781.0390625,94457.0390625,94447.328125,94333.0625,94857.859375,95462.171875,95765.125,95754.25,95940.6015625,95989.765625,95360.078125,95040.53125,94673.40625,94419.8515625,94386.890625,94521.53125,94855.8359375,95423.0859375,95829.515625,95908.40625,96042.671875,95294.5390625,95343.7890625,95077.0625,94927.8125,94333.125,94367.609375,94498.453125,94845.421875,95281.390625,95808.375,95804.875,95857.03125,95414.953125,95478.5078125,95279.390625,94691.734375,94597.6015625,94596.203125,94720.34375,94877.640625,95406.625,95676.03125,95548.6875,96114.96875,95479.8984375,95750.671875,95187.4609375,94822.8125,94375.96875,94339.6875,94547.90625,94893.765625,95475.90625,95571.7421875,96095.265625,95842.625,95560.953125,95406.578125,94900.734375,94676.359375,94193.25,94361.46875,94380.1328125,95082.9453125,95409.609375,95482.359375,95790.6875,95905.53125,95651.0390625,95337.96875,95048.328125,94705.3125,94457.6953125,94533.578125,94427.046875,94955.640625,95490.65625,95766.5625,95900.578125,95910.484375,95608.84375,95487.578125,95156.859375,94774.0625,94331.7890625,94468.9375,94614.34375,94892.109375,95439.3125,95676.5625,96115.5703125,95952.9375,95671.5703125,95517.125,95213.2734375,94678.2578125,94523.546875,94392.15625,94584.921875,95007.40625,95487.6796875,95728.890625,96040.46875,95934.2421875,96040.09375,95508.9140625,94901.953125,94827.34375,94597.078125,94529.59375,94347.671875,94798.53125,95249.15625,95719.6875,95915.953125,95898.265625,95872.0390625,95476.8125,95122.578125,94938.9375,94534.3671875,94593.296875,94563.5,94920.375,95489.84375,95721.171875,96044.359375,95783.515625,95769.0390625,95417.9921875,95230.609375,94890.125,94458.921875,94344.34375,94239.8125,94981.078125,95604.21875,95726.890625,96036.1953125,96067.6328125,95692.671875,95386.828125,95030.34375,94849.625,94434.90625,94383.6875,94359.5859375,95053.5546875,95527.734375,95749.1171875,95988.8515625,95914.625,95974.796875,95459.3828125,95582.609375,94812.421875,94613.2890625,94632.203125,94658.8125,95062.546875,95629.421875,95950.796875,96132.171875
AS_1430,103750.703125,103918.75,103726.84375,103057.578125,102987.1875,102625.0,102274.71875,102472.734375,102826.1171875,103300.796875,103565.8125,103750.78125,103930.75,103727.703125,103272.265625,103167.375,102884.6953125,102638.25,102363.6328125,102547.25,102870.84375,103252.0703125,103638.6796875,103740.8828125,104057.640625,103790.140625,103282.65625,103160.1796875,103011.328125,102715.8359375,102492.8203125,102556.171875,103005.890625,103123.984375,103596.7578125,103765.359375,103801.734375,103586.8046875,103436.0625,103113.546875,102803.46875,102625.3203125,102391.0625,102499.1875,102980.8046875,103252.71875,103578.015625,103795.71875,103467.28125,103902.2109375,103673.640625,103105.375,102975.6640625,102853.453125,102412.578125,102567.5703125,102901.578125,103255.140625,103512.7734375,103950.28125,103737.703125,103577.65625,103529.1640625,103249.921875,103020.9453125,102732.3359375,102482.078125,102485.390625,102920.5,103357.84375,103679.578125,103720.34375,103782.2578125,103514.15625,103414.03125,103048.828125,103016.34375,102793.5,102507.25,102417.8359375,102872.65625,103185.1328125,103681.796875,104127.296875,104180.0703125,103472.1328125,103470.9296875,103150.15625,102791.0390625,102553.0390625,102358.328125,102449.0625,102833.859375,103293.171875,103653.125,103901.25,103936.6015625,104071.765625,103232.078125,103184.53125,103008.40625,102632.8515625,102338.890625,102316.53125,102811.8359375,103405.0859375,103646.515625,103839.40625,103925.671875,103497.5390625,103478.7890625,103162.0625,103063.8125,102679.125,102436.609375,102539.453125,102922.421875,103067.390625,103539.375,103572.875,103690.03125,103380.953125,103480.5078125,103183.390625,102922.734375,102635.6015625,102421.203125,102311.34375,102756.640625,103117.625,103454.03125,103536.6875,103643.96875,103425.8984375,103729.671875,103048.4609375,103064.8125,102693.96875,102336.6875,102432.90625,102723.765625,103278.90625,103683.7421875,104013.265625,103824.625,103651.953125,103710.578125,103061.734375,102970.359375,102544.25,102201.46875,102432.1328125,102762.9453125,103101.609375,103400.359375,103641.6875,103692.53125,103670.0390625,103269.96875,103180.328125,102872.3125,102672.6953125,102392.578125,102435.046875,102854.640625,103279.65625,103360.5625,103928.578125,103832.484375,103698.84375,103277.578125,103141.859375,103044.0625,102804.7890625,102572.9375,102476.34375,102916.109375,103291.3125,103633.5625,103830.5703125,103940.9375,103491.5703125,103539.125,103384.2734375,102953.2578125,102841.546875,102500.15625,102580.921875,102810.40625,103134.6796875,103516.890625,104173.46875,104040.2421875,103882.09375,103377.9140625,103040.953125,103054.34375,102645.078125,102384.59375,102562.671875,102925.53125,103182.15625,103663.6875,104012.953125,103925.265625,103988.0390625,103310.8125,103278.578125,103028.9375,102750.3671875,102303.296875,102494.5,102888.375,103254.84375,103579.171875,103897.359375,103869.515625,103457.0390625,103286.9921875,103051.609375,102758.125,102672.921875,102417.34375,102540.8125,102879.078125,103257.21875,103490.890625,103816.1953125,103672.6328125,103740.671875,103503.828125,103310.34375,102936.625,102687.90625,102433.6875,102516.5859375,102828.5546875,103163.734375,103458.1171875,103739.8515625,103192.625,103041.796875,102497.3828125,102416.609375,102305.421875,102020.2890625,101555.203125,101603.8125,101963.546875,102449.421875,102754.796875,102952.171875
AS_1447,101421.703125,101177.75,101042.84375,100737.578125,99727.1875,99771.0,99812.71875,99612.734375,100215.1171875,101107.796875,101750.8125,101101.78125,101228.75,101268.703125,100749.265625,100818.375,100009.6953125,99315.25,99497.6328125,99529.25,100445.84375,100452.0703125,101261.6796875,102129.8828125,100686.640625,101026.140625,100114.65625,100956.1796875,100048.328125,99335.8359375,99872.8203125,99647.171875,100445.890625,100976.984375,100828.7578125,101621.359375,101186.734375,101180.8046875,101251.0625,101036.546875,100306.46875,99778.3203125,99580.0625,100246.1875,100466.8046875,101227.71875,101340.015625,101289.71875,101757.28125,101100.2109375,101048.640625,100543.375,100263.6640625,99875.453125,99639.578125,99920.5703125,100489.578125,100586.140625,100861.7734375,101440.28125,101785.703125,102074.65625,100970.1640625,100674.921875,100392.9453125,99478.3359375,99393.078125,99678.390625,100545.5,100924.84375,101274.578125,102022.34375,101712.2578125,101599.15625,100992.03125,100632.828125,100531.34375,99606.5,99455.25,99925.8359375,100249.65625,100670.1328125,101127.796875,100825.296875,101171.0703125,100708.1328125,101345.9296875,100627.15625,99825.0390625,99457.0390625,99292.328125,100056.0625,100357.859375,101348.171875,101108.125,101307.25,102333.6015625,101366.765625,100768.078125,100392.53125,100202.40625,99566.8515625,99433.890625,99803.53125,100479.8359375,100881.0859375,100993.515625,101852.40625,101556.671875,101484.5390625,101136.7890625,100344.0625,100087.8125,99917.125,99251.609375,99865.453125,100499.421875,101027.390625,101536.375,101361.875,102200.03125,101737.953125,100942.5078125,101196.390625,100361.734375,99915.6015625,99783.203125,100110.34375,100584.640625,101008.625,100658.03125,101541.6875,102572.96875,101151.8984375,101505.671875,100398.4609375,100250.8125,99265.96875,99722.6875,99782.90625,100497.765625,100617.90625,100869.7421875,101872.265625,102426.625,102311.953125,100889.578125,100592.734375,100347.359375,99439.25,99600.46875,99808.1328125,100103.9453125,100864.609375,100723.359375,102180.6875,100878.53125,101409.0390625,100678.96875,100541.328125,99985.3125,99879.6953125,99172.578125,99674.046875,100438.640625,100740.65625,101101.5625,100965.578125,101220.484375,101850.84375,100754.578125,100541.859375,100439.0625,100001.7890625,99308.9375,100007.34375,100391.109375,100493.3125,101176.5625,101459.5703125,101176.9375,101227.5703125,101193.125,100579.2734375,100173.2578125,99894.546875,99336.15625,99742.921875,100605.40625,100508.6796875,101110.890625,100456.46875,102211.2421875,101836.09375,100952.9140625,100431.953125,100443.34375,99654.078125,99175.59375,100527.671875,100309.53125,101343.15625,101454.6875,100754.953125,101206.265625,101226.0390625,101510.8125,100586.578125,100160.9375,99658.3671875,99461.296875,100257.5,100442.375,100854.84375,101399.171875,101954.359375,102496.515625,101844.0390625,100549.9921875,100441.609375,99975.125,99354.921875,99759.34375,99667.8125,100700.078125,100604.21875,101018.890625,102176.1953125,101525.6328125,101318.671875,101027.828125,100550.34375,100609.625,99613.90625,99581.6875,99772.5859375,100203.5546875,100734.734375,101640.1171875,100955.8515625,100780.625,100950.796875,101110.3828125,100602.609375,100424.421875,99772.2890625,99713.203125,99600.8125,100356.546875,100970.421875,101537.796875,102092.171875
AS_1494,76945.703125,77201.75,77146.84375,77377.578125,77486.1875,77659.0,77784.71875,77762.734375,77732.1171875,77820.796875,77840.8125,77404.78125,77511.75,77117.703125,77317.265625,77402.375,77366.6953125,77589.25,77666.6328125,77794.25,77777.84375,77797.0703125,77526.6796875,77304.8828125,77266.640625,77435.140625,77235.65625,77088.1796875,77458.328125,77580.8359375,77745.8203125,77614.171875,77899.890625,77841.984375,77859.7578125,77153.359375,77271.734375,76814.8046875,77015.0625,77279.546875,77758.46875,77605.3203125,77546.0625,77837.1875,77816.8046875,77724.71875,77751.015625,77496.71875,76925.28125,77064.2109375,77543.640625,77311.375,77378.6640625,77671.453125,77704.578125,77673.5703125,77996.578125,78027.140625,77491.7734375,77455.28125,77183.703125,77016.65625,77018.1640625,77524.921875,77578.9453125,77577.3359375,77697.078125,77746.390625,77780.5,77835.84375,77745.578125,77571.34375,77165.2578125,77049.15625,77123.03125,77300.828125,77669.34375,77821.5,77638.25,77837.8359375,77832.65625,77803.1328125,77497.796875,77600.296875,77380.0703125,77042.1328125,77097.9296875,77134.15625,77822.0390625,77561.0390625,77737.328125,77772.0625,77893.859375,78065.171875,77470.125,77377.25,77224.6015625,77432.765625,77187.078125,77439.53125,77392.40625,77568.8515625,77605.890625,77780.53125,77688.8359375,77985.0859375,77828.515625,77522.40625,77309.671875,76967.5390625,76997.7890625,77230.0625,77596.8125,77845.125,77573.609375,77748.453125,77692.421875,77961.390625,77538.375,77280.875,77271.03125,77012.953125,77349.5078125,77431.390625,77483.734375,77626.6015625,77720.203125,77874.34375,77899.640625,77715.625,77980.03125,77563.6875,77232.96875,76781.8984375,77386.671875,77110.4609375,77551.8125,77508.96875,77699.6875,77705.90625,77742.765625,77737.90625,77408.7421875,77613.265625,76967.625,76945.953125,76976.578125,77445.734375,77517.359375,77748.25,77672.46875,77759.1328125,77912.9453125,77928.609375,77774.359375,77295.6875,77043.53125,77290.0390625,77132.96875,77432.328125,77615.3125,77527.6953125,77531.578125,77710.046875,77598.640625,77850.65625,77737.5625,77537.578125,77407.484375,77452.84375,77207.578125,77428.859375,77644.0625,77642.7890625,77664.9375,77814.34375,77672.109375,77847.3125,77656.5625,77655.5703125,77285.9375,77081.5703125,77407.125,77229.2734375,77522.2578125,77641.546875,77808.15625,77900.921875,78084.40625,77842.6796875,77646.890625,77716.46875,77060.2421875,77595.09375,77122.9140625,77443.953125,77432.34375,77711.078125,77688.59375,77933.671875,77740.53125,77853.15625,77868.6875,77275.953125,77216.265625,77377.0390625,77235.8125,77537.578125,77499.9375,77651.3671875,77767.296875,77877.5,78016.375,77693.84375,77640.171875,77702.359375,77272.515625,77275.0390625,77171.9921875,77580.609375,77643.125,77606.921875,77587.34375,77764.8125,77974.078125,78082.21875,77799.890625,77371.1953125,77061.6328125,77274.671875,77128.828125,77320.34375,77699.625,77830.90625,77576.6875,77837.5859375,77826.5546875,78007.734375,77926.1171875,77480.8515625,77288.625,77121.796875,77363.3828125,77300.609375,77626.421875,77615.2890625,77740.203125,77619.8125,78031.546875,78141.421875,77815.796875,77678.171875
AS_15,98434.703125,98426.75,98133.84375,97602.578125,97047.1875,96775.0,96679.71875,96788.734375,97378.1171875,98273.796875,98773.8125,98476.78125,98638.75,98304.703125,98060.265625,97824.375,97093.6953125,96578.25,96600.6328125,96853.25,97593.84375,97950.0703125,98333.6796875,99084.8828125,98344.640625,98250.140625,97706.65625,97650.1796875,97303.328125,96664.8359375,96800.8203125,96753.171875,97705.890625,98082.984375,98322.7578125,98712.359375,98412.734375,98093.8046875,98231.0625,98066.546875,97393.46875,96851.3203125,96681.0625,97077.1875,97542.8046875,98102.71875,98512.015625,98754.71875,98431.28125,98285.2109375,98184.640625,97649.375,97330.6640625,96978.453125,96646.578125,96872.5703125,97774.578125,98199.140625,98191.7734375,98577.28125,98565.703125,98624.65625,97854.1640625,97818.921875,97197.9453125,96676.3359375,96496.078125,96781.390625,97505.5,98118.84375,98533.578125,98752.34375,98669.2578125,98282.15625,98001.03125,97686.828125,97488.34375,96849.5,96641.25,96994.8359375,97531.65625,97969.1328125,98108.796875,98555.296875,98679.0703125,97991.1328125,98116.9296875,97698.15625,97391.0390625,96710.0390625,96420.328125,96983.0625,97457.859375,98494.171875,98174.125,98560.25,98911.6015625,98648.765625,97780.078125,97550.53125,97161.40625,96658.8515625,96519.890625,96862.53125,97429.8359375,98101.0859375,98584.515625,98761.40625,98522.671875,98315.5390625,97860.7890625,97557.0625,97416.8125,97089.125,96500.609375,96945.453125,97503.421875,98192.390625,98505.375,98428.875,98473.03125,98398.953125,98216.5078125,97980.390625,97372.734375,96976.6015625,96681.203125,97075.34375,97593.640625,97963.625,98317.03125,98537.6875,98978.96875,97999.8984375,98552.671875,97673.4609375,97297.8125,96514.96875,96677.6875,96782.90625,97391.765625,97907.90625,98275.7421875,98904.265625,98765.625,98510.953125,97899.578125,97602.734375,97379.359375,96594.25,96550.46875,96912.1328125,97402.9453125,98095.609375,98307.359375,98775.6875,98166.53125,98624.0390625,97686.96875,97701.328125,97407.3125,96724.6953125,96418.578125,96858.046875,97314.640625,97991.65625,98552.5625,98510.578125,98480.484375,98839.84375,98046.578125,97855.859375,97427.0625,97001.7890625,96609.9375,97041.34375,97413.109375,98123.3125,98452.5625,98796.5703125,98431.9375,98263.5703125,98249.125,97699.2734375,97279.2578125,96822.546875,96554.15625,97011.921875,97825.40625,97975.6796875,98156.890625,98286.46875,98450.2421875,98820.09375,97789.9140625,97651.953125,97290.34375,96848.078125,96446.59375,97237.671875,97238.53125,98357.15625,98642.6875,98245.953125,98530.265625,98465.0390625,98259.8125,97873.578125,97385.9375,96726.3671875,96623.296875,97142.5,97507.375,97959.84375,98409.171875,98802.359375,99006.515625,98442.0390625,97543.9921875,97756.609375,97404.125,96683.921875,96560.34375,96800.8125,97792.078125,98089.21875,98616.890625,98764.1953125,98373.6328125,98230.671875,97916.828125,97557.34375,97592.625,96832.90625,96539.6875,96858.5859375,97467.5546875,98084.734375,98822.1171875,98317.8515625,98326.625,98193.796875,98245.3828125,97680.609375,97479.421875,96876.2890625,96680.203125,96721.8125,97693.546875,98453.421875,98724.796875,99154.171875
AS_1545,71484.703125,71383.75,71538.84375,71687.578125,71808.1875,71596.0,71546.71875,71766.734375,71936.1171875,71983.796875,71856.8125,71870.78125,71467.75,71463.703125,71707.265625,71644.375,71825.6953125,71628.25,71565.6328125,71836.25,71916.84375,72043.0703125,72046.6796875,71879.8828125,71752.640625,71609.140625,71619.65625,71475.1796875,71700.328125,71637.8359375,71625.8203125,71820.171875,72129.890625,72156.984375,72091.7578125,71652.359375,71810.734375,71352.8046875,71479.0625,71610.546875,71658.46875,71658.3203125,71675.0625,71806.1875,71966.8046875,72183.71875,71845.015625,71906.71875,71475.28125,71668.2109375,71706.640625,71715.375,71784.6640625,71726.453125,71628.578125,71741.5703125,72097.578125,72157.140625,72105.7734375,71780.28125,71385.703125,71258.65625,71698.1640625,71834.921875,71568.9453125,71651.3359375,71699.078125,71675.390625,72081.5,72226.84375,71954.578125,71908.34375,71387.2578125,71726.15625,71649.03125,71697.828125,71878.34375,71711.5,71640.25,71783.8359375,72001.65625,72238.1328125,71901.796875,71907.296875,71947.0703125,71442.1328125,71462.9296875,71912.15625,71844.0390625,71683.0390625,71594.328125,71756.0625,71926.859375,72164.171875,72114.125,71637.25,71339.6015625,71596.765625,71688.078125,71646.53125,71749.40625,71670.8515625,71637.890625,71774.53125,71942.8359375,72181.0859375,72133.515625,71878.40625,71824.671875,71361.5390625,71557.7890625,71577.0625,71727.8125,71599.125,71581.609375,71880.453125,71965.421875,72154.390625,71910.375,71715.875,71724.03125,71255.953125,71726.5078125,71842.390625,71614.734375,71675.6015625,71680.203125,71876.34375,71917.640625,72112.625,72163.03125,71737.6875,71451.96875,71221.8984375,71674.671875,71802.4609375,71764.8125,71602.96875,71661.6875,71769.90625,71898.765625,72033.90625,71916.7421875,71812.265625,71349.625,71170.953125,71436.578125,71625.734375,71712.359375,71536.25,71612.46875,71791.1328125,71993.9453125,72105.609375,71753.359375,71617.6875,71605.53125,71490.0390625,71764.96875,71645.328125,71698.3125,71579.6953125,71602.578125,71735.046875,72028.640625,72216.65625,72088.5625,71795.578125,71737.484375,71241.84375,71581.578125,71691.859375,71732.0625,71700.7890625,71668.9375,71838.34375,71938.109375,72120.3125,71864.5625,71980.5703125,71711.9375,71550.5703125,71643.125,71806.2734375,71745.2578125,71703.546875,71773.15625,71825.921875,72044.40625,72213.6796875,71878.890625,71898.46875,71640.2421875,71956.09375,71674.9140625,71653.953125,71693.34375,71834.078125,71648.59375,71802.671875,72083.53125,72013.15625,72007.6875,71928.953125,71670.265625,71701.0390625,71537.8125,71713.578125,71936.9375,71744.3671875,71778.296875,71832.5,72019.375,72147.84375,72046.171875,71972.359375,71431.515625,71620.0390625,71711.9921875,71808.609375,71735.125,71654.921875,71579.34375,71807.8125,72098.078125,72148.21875,71930.890625,71764.1953125,71658.6328125,71388.671875,71632.828125,71718.34375,71789.625,71700.90625,71743.6875,71865.5859375,72102.5546875,72186.734375,72007.1171875,71883.8515625,71860.625,72172.796875,71981.3828125,72222.609375,72153.421875,72043.2890625,72036.203125,72070.8125,72255.546875,72499.421875,72341.796875,72129.171875
AS_164,89854.703125,89696.75,89425.84375,89131.578125,88830.1875,88553.0,88376.71875,88625.734375,89166.1171875,89643.796875,89884.8125,90004.78125,89708.75,89631.703125,89455.265625,89146.375,88972.6953125,88441.25,88318.6328125,88700.25,89111.84375,89532.0703125,89922.6796875,90370.8828125,89978.640625,89647.140625,89315.65625,88951.1796875,88911.328125,88469.8359375,88495.8203125,88576.171875,89450.890625,89597.984375,89881.7578125,90062.359375,90041.734375,89414.8046875,89373.0625,89134.546875,88872.46875,88515.3203125,88427.0625,88718.1875,89145.8046875,89755.71875,89806.015625,90306.71875,89899.28125,89780.2109375,89455.640625,89018.375,88984.6640625,88683.453125,88412.578125,88654.5703125,89331.578125,89838.140625,89955.7734375,89942.28125,89716.703125,89591.65625,89489.1640625,89270.921875,88732.9453125,88487.3359375,88466.078125,88563.390625,89190.5,89810.84375,89969.578125,90335.34375,89779.2578125,89874.15625,89506.03125,89055.828125,89034.34375,88616.5,88406.25,88558.8359375,89184.65625,89573.1328125,89704.796875,90050.296875,90328.0703125,89262.1328125,89312.9296875,89306.15625,88923.0390625,88445.0390625,88327.328125,88634.0625,89128.859375,89880.171875,89873.125,89858.25,90052.6015625,89978.765625,89297.078125,89003.53125,88808.40625,88442.8515625,88403.890625,88631.53125,88994.8359375,89678.0859375,90155.515625,90073.40625,90060.671875,89326.5390625,89292.7890625,88896.0625,88885.8125,88540.125,88352.609375,88718.453125,89099.421875,89621.390625,89933.375,89839.875,89855.03125,89319.953125,89585.5078125,89390.390625,88863.734375,88499.6015625,88386.203125,88713.34375,89165.640625,89624.625,89922.03125,89934.6875,90233.96875,89180.8984375,89810.671875,89164.4609375,88863.8125,88384.96875,88359.6875,88524.90625,89063.765625,89547.90625,89723.7421875,90265.265625,89978.625,89488.953125,89242.578125,89003.734375,88834.359375,88401.25,88349.46875,88602.1328125,89148.9453125,89664.609375,89724.359375,89841.6875,89818.53125,89621.0390625,89206.96875,89029.328125,88849.3125,88452.6953125,88321.578125,88558.046875,89121.640625,89626.65625,90095.5625,90090.578125,89861.484375,89522.84375,89410.578125,89183.859375,88877.0625,88707.7890625,88457.9375,88711.34375,89027.109375,89627.3125,89840.5625,90384.5703125,89876.9375,89674.5703125,89381.125,89255.2734375,88865.2578125,88669.546875,88444.15625,88715.921875,89369.40625,89736.6796875,89644.890625,90080.46875,90049.2421875,90256.09375,89291.9140625,89015.953125,88906.34375,88626.078125,88337.59375,88805.671875,89074.53125,89613.15625,89889.6875,89881.953125,89985.265625,89757.0390625,89452.8125,89198.578125,89077.9375,88626.3671875,88516.296875,88785.5,89077.375,89696.84375,89958.171875,90222.359375,89936.515625,89854.0390625,89113.9921875,89228.609375,88871.125,88557.921875,88300.34375,88673.8125,89368.078125,89703.21875,89924.890625,90242.1953125,90073.6328125,89535.671875,89383.828125,88969.34375,89036.625,88621.90625,88454.6875,88676.5859375,89138.5546875,89729.734375,89932.1171875,90002.8515625,89727.625,89741.796875,89425.3828125,89244.609375,88921.421875,88527.2890625,88438.203125,88490.8125,89035.546875,89801.421875,89917.796875,90207.171875
AS_1654,57448.69921875,57148.75,57535.84375,57866.57421875,58126.18359375,57976.99609375,58028.71484375,58151.734375,58152.1171875,58194.79296875,57890.80859375,57869.78515625,57437.75,57456.69921875,57683.265625,57923.375,58037.6953125,58020.25,58096.6328125,58169.24609375,58145.84375,58149.0703125,58142.6796875,57847.8828125,57545.64453125,57759.13671875,57859.65234375,57934.1796875,57964.328125,58018.8359375,57933.8203125,58234.16796875,58216.88671875,58227.98046875,58168.7578125,57750.35546875,57751.734375,57538.8046875,57678.0625,58016.546875,57917.47265625,57912.3203125,58162.0625,58185.18359375,58235.8046875,58247.72265625,57977.01171875,57758.71484375,57475.27734375,57704.2109375,57979.640625,57936.375,57944.6640625,57979.45703125,58014.57421875,58119.5703125,58294.578125,58189.140625,58028.7734375,57915.28515625,57425.703125,57457.65625,57845.1640625,57987.91796875,57922.9453125,58022.3359375,58088.07421875,58048.390625,58323.5,58200.83984375,57896.57421875,57781.34375,57649.2578125,57944.15234375,57772.02734375,57923.83203125,58124.33984375,58015.49609375,58090.24609375,58226.8359375,58309.65625,58339.1328125,57996.796875,57892.296875,57658.0703125,57494.1328125,57830.9296875,58225.15234375,58123.0390625,58060.0390625,58034.32421875,58153.05859375,58165.85546875,58167.17578125,58125.125,57710.25390625,57267.6015625,57424.76171875,57801.07421875,57917.53125,57992.41015625,58067.8515625,58072.88671875,58155.52734375,58227.8359375,58287.0859375,58181.515625,57979.41015625,57845.671875,57613.5390625,57790.7890625,57993.0625,57977.8125,57947.125,57958.60546875,58230.44921875,58236.41796875,58252.390625,58067.37890625,57795.875,57851.03515625,57594.953125,57975.5078125,58114.390625,57993.73046875,57944.6015625,58109.203125,58320.33984375,58231.63671875,58132.625,58088.03515625,57616.68359375,57345.96484375,57578.8984375,57778.67578125,57989.4609375,58079.80859375,57994.96875,58043.68359375,58226.91015625,58156.765625,58149.90234375,58071.7421875,57646.265625,57189.62890625,57335.95703125,57631.57421875,57795.734375,57995.36328125,57806.24609375,57929.47265625,58219.1328125,58287.9453125,58107.60546875,57843.36328125,57708.68359375,57524.53125,57718.0390625,57978.96484375,57880.33203125,57963.3125,57997.6953125,58021.57421875,58187.05078125,58266.640625,58288.65234375,58013.56640625,57639.578125,57719.484375,57392.84765625,57785.578125,57956.86328125,58022.0625,57965.7890625,58115.93359375,58170.33984375,58188.109375,58332.3125,58117.56640625,57873.5703125,57772.93359375,57807.5703125,57954.12890625,57943.2734375,58094.2578125,58005.54296875,58191.15625,58238.92578125,58187.40234375,58319.6796875,58118.88671875,57713.46484375,57597.2421875,57825.09375,57956.9140625,57968.953125,58015.33984375,58162.08203125,58120.58984375,58233.66796875,58239.53515625,58116.16015625,58107.68359375,58055.94921875,57559.26953125,57848.0390625,57626.80859375,57991.58203125,58162.9375,58106.3671875,58181.29296875,58195.49609375,58275.37890625,58165.84765625,58003.16796875,58026.359375,57528.515625,57680.0390625,57885.9921875,58000.60546875,58036.12109375,57962.92578125,58037.33984375,58168.80859375,58304.07421875,58194.21875,58026.89453125,57697.1953125,57534.6328125,57538.671875,57770.82421875,58100.34375,58048.625,58016.91015625,58157.69140625,58297.5859375,58369.5546875,58248.73046875,58096.1171875,57783.8515625,57405.62109375,57726.79296875,57692.3828125,57945.61328125,58045.41796875,57956.2890625,58025.20703125,58155.80859375,58135.546875,58096.41796875,58007.80078125,57673.171875
AS_1699,79606.703125,79851.75,79769.84375,79959.578125,79936.1875,79923.0,79984.71875,80010.734375,80090.1171875,80275.796875,80352.8125,80010.78125,80115.75,79792.703125,79926.265625,79965.375,79839.6953125,79887.25,79864.6328125,80048.25,80181.84375,80278.0703125,80142.6796875,80009.8828125,79921.640625,80094.140625,79827.65625,79643.1796875,79896.328125,79920.8359375,80000.8203125,79883.171875,80315.890625,80380.984375,80403.7578125,79789.359375,79965.734375,79458.8046875,79597.0625,79841.546875,80177.46875,79919.3203125,79755.0625,80077.1875,80160.8046875,80282.71875,80294.015625,80128.71875,79606.28125,79785.2109375,80127.640625,79835.375,79840.6640625,79996.453125,79959.578125,79933.5703125,80343.578125,80531.140625,80090.7734375,80113.28125,79835.703125,79656.65625,79701.1640625,80073.921875,80000.9453125,79905.3359375,79933.078125,79979.390625,80141.5,80343.84375,80293.578125,80215.34375,79797.2578125,79742.15625,79776.03125,79831.828125,80138.34375,80133.5,79838.25,80101.8359375,80193.65625,80314.1328125,80107.796875,80162.296875,80095.0703125,79699.1328125,79670.9296875,79668.15625,80251.0390625,79857.0390625,79933.328125,80017.0625,80213.859375,80539.171875,80127.125,80022.25,79814.6015625,80090.765625,79853.078125,80012.53125,79856.40625,79834.8515625,79792.890625,80005.53125,80115.8359375,80422.0859375,80364.515625,80129.40625,80017.671875,79641.5390625,79646.7890625,79772.0625,80065.8125,80170.125,79783.609375,79998.453125,80077.421875,80431.390625,80106.375,79936.875,79971.03125,79668.953125,79948.5078125,79950.390625,79962.734375,79997.6015625,79928.203125,80121.34375,80256.640625,80251.625,80535.03125,80165.6875,79837.96875,79449.8984375,79976.671875,79703.4609375,80033.8125,79848.96875,79924.6875,79921.90625,80065.765625,80223.90625,79978.7421875,80237.265625,79670.625,79610.953125,79647.578125,79978.734375,80005.359375,80028.25,79904.46875,79969.1328125,80246.9453125,80413.609375,80284.359375,79934.6875,79749.53125,79947.0390625,79784.96875,79921.328125,80039.3125,79847.6953125,79702.578125,79924.046875,80030.640625,80295.65625,80273.5625,80134.578125,80093.484375,80050.84375,79798.578125,80035.859375,80093.0625,79975.7890625,79891.9375,80059.34375,80072.109375,80342.3125,80209.5625,80311.5703125,79964.9375,79703.5703125,79968.125,79838.2734375,80018.2578125,79966.546875,80022.15625,80160.921875,80447.40625,80353.6796875,80247.890625,80301.46875,79774.2421875,80225.09375,79739.9140625,79996.953125,79953.34375,80046.078125,79902.59375,80186.671875,80122.53125,80340.15625,80444.6875,79950.953125,79888.265625,80016.0390625,79813.8125,80093.578125,80030.9375,79997.3671875,79983.296875,80134.5,80371.375,80224.84375,80236.171875,80369.359375,79886.515625,79881.0390625,79856.9921875,80003.609375,80084.125,79949.921875,79817.34375,79964.8125,80319.078125,80557.21875,80320.890625,80008.1953125,79767.6328125,79899.671875,79682.828125,79862.34375,80186.625,80141.90625,79823.6875,80054.5859375,80193.5546875,80464.734375,80458.1171875,80078.8515625,79908.625,79826.796875,79892.3828125,79849.609375,80120.421875,79984.2890625,80001.203125,79870.8125,80404.546875,80621.421875,80338.796875,80303.171875
AS_173,102433.703125,102104.75,101508.84375,101003.578125,100542.1875,100209.0,99871.71875,100139.734375,100858.1171875,101509.796875,102099.8125,102164.78125,102056.75,101993.703125,101458.265625,101102.375,100600.6953125,100098.25,99954.6328125,100359.25,100871.84375,101496.0703125,102014.6796875,102671.8828125,102149.640625,102036.140625,101445.65625,100986.1796875,100734.328125,100068.8359375,99910.8203125,100333.171875,101066.890625,101471.984375,101963.7578125,102375.359375,102341.734375,101898.8046875,101696.0625,101105.546875,100629.46875,100090.3203125,100078.0625,100224.1875,100838.8046875,101634.71875,101991.015625,102565.71875,102323.28125,101831.2109375,101633.640625,100896.375,100557.6640625,100327.453125,100086.578125,100145.5703125,100989.578125,101812.140625,102049.7734375,102311.28125,102268.703125,102160.65625,101872.1640625,101015.921875,100395.9453125,99938.3359375,100043.078125,100230.390625,100895.5,101757.84375,101784.578125,102618.34375,102217.2578125,102335.15625,101464.03125,100833.828125,100749.34375,100149.5,99827.25,100211.8359375,101008.65625,101482.1328125,101752.796875,102495.296875,102669.0703125,101615.1328125,101426.9296875,101303.15625,100463.0390625,100145.0390625,99914.328125,100045.0625,100834.859375,101609.171875,102074.125,102147.25,102543.6015625,102462.765625,101459.078125,101016.53125,100459.40625,100124.8515625,99927.890625,100191.53125,100774.8359375,101527.0859375,102118.515625,102280.40625,102526.671875,101549.5390625,101512.7890625,101085.0625,100807.8125,99934.125,99938.609375,100233.453125,100783.421875,101343.390625,102179.375,102212.875,102252.03125,101709.953125,101683.5078125,101382.390625,100548.734375,100330.6015625,100080.203125,100372.34375,100797.640625,101615.625,101880.03125,101850.6875,102769.96875,101764.8984375,102032.671875,101124.4609375,100648.8125,100034.96875,99910.6875,100226.90625,100870.765625,101617.90625,101774.7421875,102608.265625,102386.625,102049.953125,101675.578125,100819.734375,100566.359375,99909.25,99886.46875,100146.1328125,101027.9453125,101504.609375,101738.359375,102258.6875,102299.53125,102009.0390625,101422.96875,101026.328125,100493.3125,100119.6953125,99915.578125,100047.046875,100944.640625,101606.65625,101990.5625,102315.578125,102181.484375,102064.84375,101616.578125,101158.859375,100620.0625,100121.7890625,100108.9375,100373.34375,100779.109375,101498.3125,101941.5625,102575.5703125,102323.9375,101969.5703125,101689.125,101182.2734375,100491.2578125,100125.546875,100122.15625,100316.921875,100909.40625,101562.6796875,101982.890625,102490.46875,102437.2421875,102352.09375,101664.9140625,100819.953125,100684.34375,100245.078125,100032.59375,100120.671875,100751.53125,101424.15625,101988.6875,102282.953125,102310.265625,102194.0390625,101722.8125,101037.578125,100778.9375,100276.3671875,100131.296875,100179.5,100774.375,101718.84375,101999.171875,102466.359375,102305.515625,102112.0390625,101500.9921875,101112.609375,100622.125,100160.921875,99936.34375,99988.8125,100928.078125,101731.21875,101969.890625,102546.1953125,102552.6328125,102157.671875,101542.828125,100978.34375,100758.625,100105.90625,99987.6875,100076.5859375,100978.5546875,101600.734375,102003.1171875,102358.8515625,102216.625,102106.796875,101464.3828125,101484.609375,100475.421875,100039.2890625,100064.203125,100135.8125,100913.546875,101735.421875,102112.796875,102539.171875
AS_174,100916.703125,100568.75,100395.84375,100067.578125,99171.1875,99187.0,99201.71875,99023.734375,99641.1171875,100457.796875,101013.8125,100464.78125,100657.75,100654.703125,100150.265625,100151.375,99410.6953125,98723.25,98892.6328125,99040.25,99885.84375,99892.0703125,100613.6796875,101456.8828125,100069.640625,100456.140625,99540.65625,100348.1796875,99496.328125,98783.8359375,99216.8203125,99092.171875,99807.890625,100388.984375,100204.7578125,101016.359375,100560.734375,100548.8046875,100581.0625,100297.546875,99782.46875,99244.3203125,99019.0625,99671.1875,99859.8046875,100564.71875,100631.015625,100689.71875,101146.28125,100420.2109375,100358.640625,99882.375,99627.6640625,99305.453125,99041.578125,99299.5703125,99867.578125,99979.140625,100272.7734375,100854.28125,101127.703125,101384.65625,100462.1640625,100009.921875,99781.9453125,98918.3359375,98826.078125,99159.390625,99883.5,100245.84375,100552.578125,101502.34375,101086.2578125,101016.15625,100358.03125,100049.828125,99854.34375,99114.5,98875.25,99272.8359375,99686.65625,100016.1328125,100623.796875,100176.296875,100649.0703125,100060.1328125,100601.9296875,100081.15625,99148.0390625,98862.0390625,98763.328125,99395.0625,99705.859375,100668.171875,100504.125,100620.25,101663.6015625,100761.765625,100181.078125,99687.53125,99644.40625,98939.8515625,98838.890625,99176.53125,99828.8359375,100225.0859375,100276.515625,101143.40625,100962.671875,100800.5390625,100552.7890625,99785.0625,99448.8125,99214.125,98727.609375,99292.453125,99905.421875,100332.390625,100880.375,100661.875,101578.03125,101011.953125,100306.5078125,100523.390625,99705.734375,99272.6015625,99148.203125,99531.34375,99927.640625,100341.625,99920.03125,100830.6875,101969.96875,100540.8984375,100883.671875,99815.4609375,99650.8125,98773.96875,99108.6875,99127.90625,100033.765625,100023.90625,100264.7421875,101247.265625,101726.625,101628.953125,100335.578125,99971.734375,99771.359375,98950.25,99026.46875,99203.1328125,99534.9453125,100223.609375,100074.359375,101505.6875,100305.53125,100740.0390625,100024.96875,99988.328125,99274.3125,99239.6953125,98678.578125,99050.046875,99832.640625,100098.65625,100414.5625,100381.578125,100562.484375,101188.84375,100129.578125,99896.859375,99746.0625,99442.7890625,98748.9375,99420.34375,99751.109375,99860.3125,100439.5625,100880.5703125,100491.9375,100541.5703125,100467.125,99952.2734375,99588.2578125,99375.546875,98772.15625,99152.921875,99924.40625,99893.6796875,100557.890625,99904.46875,101751.2421875,101204.09375,100429.9140625,99787.953125,99801.34375,99127.078125,98641.59375,99869.671875,99871.53125,100689.15625,100734.6875,100171.953125,100601.265625,100680.0390625,100858.8125,99919.578125,99535.9375,99116.3671875,98841.296875,99625.5,99777.375,100359.84375,100729.171875,101328.359375,101797.515625,101271.0390625,99917.9921875,99863.609375,99278.125,98848.921875,99146.34375,99153.8125,100059.078125,100049.21875,100306.890625,101563.1953125,100921.6328125,100807.671875,100444.828125,99899.34375,99979.625,99034.90625,99016.6875,99246.5859375,99639.5546875,100125.734375,100960.1171875,100425.8515625,100243.625,100462.796875,100402.3828125,100178.609375,99863.421875,99215.2890625,99134.203125,99092.8125,99788.546875,100300.421875,100957.796875,101376.171875
AS_1751,93952.703125,93930.75,93932.84375,93925.578125,93982.1875,93965.0,93946.71875,94010.734375,94015.1171875,94013.796875,93897.8125,93959.78125,93923.75,93956.703125,93983.265625,93972.375,93974.6953125,93990.25,93986.6328125,94037.25,94034.84375,94033.0703125,94041.6796875,94141.8828125,94036.640625,94148.140625,93996.65625,93914.1796875,93977.328125,93995.8359375,94069.8203125,94074.171875,94135.890625,94045.984375,94044.7578125,94088.359375,94158.734375,94041.8046875,94050.0625,93986.546875,93983.46875,93966.3203125,94019.0625,94044.1875,94082.8046875,94085.71875,94036.015625,94078.71875,94032.28125,94061.2109375,94021.640625,93987.375,93990.6640625,94088.453125,94004.578125,94058.5703125,94061.578125,94109.140625,94042.7734375,94024.28125,94065.703125,94112.65625,94115.1640625,94090.921875,93976.9453125,93946.3359375,94056.078125,94049.390625,94072.5,94062.84375,94029.578125,93979.34375,94013.2578125,94029.15625,93987.03125,93968.828125,94011.34375,94004.5,94063.25,94037.8359375,94086.65625,94145.1328125,93993.796875,94013.296875,94115.0703125,94048.1328125,94005.9296875,94019.15625,93983.0390625,93850.0390625,93980.328125,93986.0625,93996.859375,94002.171875,93991.125,93899.25,93998.6015625,94012.765625,93937.078125,93900.53125,93969.40625,93986.8515625,93976.890625,93968.53125,94052.8359375,94021.0859375,93938.515625,93978.40625,94069.671875,93968.5390625,93996.7890625,93974.0625,93913.8125,94016.125,94029.609375,94009.453125,94063.421875,94085.390625,93972.375,94044.875,94129.03125,94079.953125,94086.5078125,94045.390625,93878.734375,94009.6015625,93999.203125,93996.34375,93996.640625,93979.625,93931.03125,93839.6875,93910.96875,93935.8984375,93935.671875,93972.4609375,93984.8125,93969.96875,93959.6875,93987.90625,94061.765625,93965.90625,93929.7421875,93933.265625,93955.625,93904.953125,93981.578125,94019.734375,93950.359375,93985.25,93985.46875,94055.1328125,94095.9453125,94037.609375,94002.359375,93944.6875,94096.53125,93992.0390625,94054.96875,93965.328125,93972.3125,93913.6953125,93974.578125,94027.046875,94054.640625,94126.65625,93972.5625,93984.578125,94114.484375,93985.84375,94044.578125,94065.859375,93999.0625,93959.7890625,94072.9375,94091.34375,94107.109375,94082.3125,94042.5625,94031.5703125,94137.9375,94095.5703125,94156.125,94054.2734375,94071.2578125,94048.546875,94078.15625,94090.921875,94121.40625,94156.6796875,94033.890625,94159.46875,94156.2421875,94148.09375,94149.9140625,94041.953125,94006.34375,94096.078125,94033.59375,94036.671875,94072.53125,94043.15625,94011.6875,94008.953125,94023.265625,94109.0390625,94053.8125,94075.578125,93995.9375,94048.3671875,94091.296875,94012.5,94073.375,94036.84375,93905.171875,94032.359375,93944.515625,94087.0390625,94021.9921875,93974.609375,93988.125,94055.921875,94026.34375,94056.8125,94090.078125,94119.21875,94095.890625,94081.1953125,94137.6328125,94179.671875,94127.828125,94033.34375,94060.625,94033.90625,94063.6875,94085.5859375,94138.5546875,94041.734375,94046.1171875,94072.8515625,94802.625,94840.796875,94786.3828125,94796.609375,94721.421875,94727.2890625,94671.203125,94699.8125,94757.546875,94732.421875,94752.796875,94722.171875
AS_186,100193.703125,99868.75,99348.84375,98540.578125,98086.1875,97641.0,97489.71875,97688.734375,98473.1171875,99543.796875,100007.8125,99912.78125,99994.75,99810.703125,99274.265625,98785.375,98111.6953125,97567.25,97494.6328125,97810.25,98576.84375,99229.0703125,99685.6796875,100806.8828125,100041.640625,99749.140625,99140.65625,98701.1796875,98261.328125,97646.8359375,97650.8203125,97685.171875,98733.890625,99241.984375,99644.7578125,100301.359375,100071.734375,99546.8046875,99379.0625,98934.546875,98312.46875,97693.3203125,97541.0625,97841.1875,98494.8046875,99250.71875,99822.015625,100474.71875,100140.28125,99840.2109375,99391.640625,98606.375,98319.6640625,97901.453125,97487.578125,97793.5703125,98749.578125,99465.140625,99753.7734375,100097.28125,100205.703125,100084.65625,99243.1640625,98795.921875,98083.9453125,97628.3359375,97419.078125,97740.390625,98426.5,99339.84375,99794.578125,100470.34375,100073.2578125,99908.15625,99327.03125,98585.828125,98399.34375,97760.5,97485.25,97717.8359375,98602.65625,99077.1328125,99435.796875,100008.296875,100374.0703125,99277.1328125,99279.9296875,98787.15625,98393.0390625,97643.0390625,97402.328125,97794.0625,98370.859375,99569.171875,99611.125,99997.25,100455.6015625,100006.765625,98982.078125,98582.53125,98028.40625,97532.8515625,97355.890625,97718.53125,98389.8359375,99206.0859375,99928.515625,100208.40625,100065.671875,99474.5390625,99083.7890625,98496.0625,98371.8125,97884.125,97390.609375,97864.453125,98539.421875,99167.390625,99832.375,99904.875,99990.03125,99607.953125,99668.5078125,99069.390625,98231.734375,97742.6015625,97528.203125,97941.34375,98513.640625,99140.625,99572.03125,99963.6875,100823.96875,99404.8984375,99845.671875,98635.4609375,98244.8125,97445.96875,97475.6875,97700.90625,98328.765625,99119.90625,99557.7421875,100411.265625,100346.625,99790.953125,99099.578125,98468.734375,98166.359375,97453.25,97360.46875,97755.1328125,98410.9453125,99233.609375,99698.359375,100249.6875,99823.53125,99943.0390625,98865.96875,98643.328125,98297.3125,97592.6953125,97371.578125,97769.046875,98413.640625,99131.65625,99920.5625,100142.578125,100008.484375,100233.84375,99361.578125,98879.859375,98196.0625,97832.7890625,97522.9375,97864.34375,98379.109375,99272.3125,99692.5625,100529.5703125,99926.9375,99669.5703125,99360.125,98806.2734375,98145.2578125,97722.546875,97398.15625,97934.921875,98856.40625,99351.6796875,99458.890625,99977.46875,100344.2421875,100518.09375,99086.9140625,98544.953125,98313.34375,97765.078125,97428.59375,97924.671875,98232.53125,99477.15625,99889.6875,99787.953125,100180.265625,99922.0390625,99425.8125,98857.578125,98375.9375,97707.3671875,97484.296875,97973.5,98474.375,99301.84375,99784.171875,100316.359375,100521.515625,99863.0390625,98720.9921875,98886.609375,98371.125,97655.921875,97319.34375,97733.8125,98815.078125,99284.21875,99910.890625,100519.1953125,100212.6328125,99740.671875,99113.828125,98515.34375,98525.625,97766.90625,97353.6875,97784.5859375,98440.5546875,99282.734375,99979.1171875,99977.8515625,99608.625,99505.796875,99184.3828125,98447.609375,98105.421875,97598.2890625,97366.203125,97451.8125,98442.546875,99381.421875,99812.796875,100423.171875
AS_215,100315.703125,100197.75,100110.84375,100057.578125,99916.1875,99996.0,99797.71875,99875.734375,99961.1171875,99901.796875,100031.8125,100039.78125,100201.75,100100.703125,100211.265625,100091.375,99952.6953125,99884.25,99841.6328125,99739.25,99950.84375,100066.0703125,100103.6796875,100434.8828125,100470.640625,100536.140625,100291.65625,100170.1796875,100038.328125,99969.8359375,99814.8203125,99866.171875,100072.890625,100086.984375,100216.7578125,100381.359375,100516.734375,100452.8046875,100384.0625,100138.546875,99895.46875,100011.3203125,99978.0625,99932.1875,99980.8046875,100084.71875,100124.015625,100373.71875,100400.28125,100315.2109375,100185.640625,100118.375,99985.6640625,99848.453125,100007.578125,99780.5703125,100125.578125,100110.140625,100150.7734375,100229.28125,100401.703125,100482.65625,100435.1640625,100299.921875,100011.9453125,99956.3359375,99954.078125,99901.390625,99929.5,100077.84375,100099.578125,100222.34375,100248.2578125,100393.15625,100213.03125,100167.828125,100053.34375,100002.5,99889.25,99838.8359375,99968.65625,100068.1328125,100140.796875,100196.296875,100414.0703125,100387.1328125,100276.9296875,100197.15625,100031.0390625,99891.0390625,99920.328125,99864.0625,99766.859375,99982.171875,99899.125,100125.25,100254.6015625,100255.765625,100180.078125,100056.53125,99816.40625,99974.8515625,99925.890625,99954.53125,99894.8359375,100105.0859375,100107.515625,100172.40625,100312.671875,100188.5390625,100209.7890625,100038.0625,99945.8125,99887.125,99830.609375,99780.453125,99764.421875,99902.390625,100131.375,100363.875,100449.03125,100442.953125,100381.5078125,100268.390625,99976.734375,100020.6015625,100017.203125,99935.34375,100032.640625,99895.625,100057.03125,99969.6875,100194.96875,100189.8984375,100223.671875,100160.4609375,99919.8125,99884.96875,99816.6875,99837.90625,99883.765625,100010.90625,100056.7421875,100113.265625,100249.625,100176.953125,100185.578125,100168.734375,99896.359375,99817.25,99770.46875,99853.1328125,99902.9453125,100051.609375,100218.359375,100195.6875,100337.53125,100331.0390625,100297.96875,100075.328125,100040.3125,99828.6953125,99913.578125,99932.046875,99866.640625,99989.65625,100152.5625,100161.578125,100399.484375,100326.84375,100385.578125,100142.859375,100084.0625,99840.7890625,99799.9375,100026.34375,99948.109375,100050.3125,100182.5625,100237.5703125,100424.9375,100477.5703125,100475.125,100208.2734375,100099.2578125,100022.546875,99907.15625,99922.921875,100030.40625,100105.6796875,100278.890625,100373.46875,100531.2421875,100544.09375,100415.9140625,100232.953125,100087.34375,100070.078125,99945.59375,99759.671875,99916.53125,99933.15625,100138.6875,100136.953125,100305.265625,100418.0390625,100314.8125,100200.578125,100044.9375,100046.3671875,99985.296875,99908.5,99981.375,99855.84375,100049.171875,100121.359375,100157.515625,100300.0390625,100234.9921875,100157.609375,100066.125,99929.921875,99767.34375,99829.8125,99881.078125,100133.21875,100293.890625,100269.1953125,100511.6328125,100606.671875,100373.828125,100191.34375,100036.625,99954.90625,99954.6875,99798.5859375,100004.5546875,100142.734375,100054.1171875,100266.8515625,100433.625,100630.796875,100388.3828125,100340.609375,100112.421875,100081.2890625,100011.203125,99991.8125,100011.546875,99901.421875,100140.796875,100127.171875
AS_219,97161.703125,96875.75,96517.84375,95807.578125,95445.1875,95001.0,94897.71875,95065.734375,95803.1171875,96657.796875,97097.8125,96990.78125,97045.75,96895.703125,96532.265625,95996.375,95515.6953125,94921.25,94855.6328125,95193.25,95885.84375,96404.0703125,96825.6796875,97702.8828125,97000.640625,96762.140625,96301.65625,95896.1796875,95559.328125,95001.8359375,95030.8203125,95111.171875,96065.890625,96481.984375,96789.7578125,97284.359375,97049.734375,96562.8046875,96559.0625,96154.546875,95555.46875,95024.3203125,94919.0625,95216.1875,95843.8046875,96517.71875,96922.015625,97447.71875,97100.28125,96875.2109375,96557.640625,95925.375,95587.6640625,95256.453125,94882.578125,95189.5703125,96071.578125,96683.140625,96877.7734375,97118.28125,97118.703125,97019.65625,96449.1640625,96082.921875,95371.9453125,94963.3359375,94873.078125,95106.390625,95815.5,96569.84375,96932.578125,97460.34375,97004.2578125,96961.15625,96542.03125,95882.828125,95694.34375,95059.5,94866.25,95171.8359375,95950.65625,96373.1328125,96575.796875,97015.296875,97333.0703125,96347.1328125,96452.9296875,96093.15625,95656.0390625,94993.0390625,94740.328125,95198.0625,95721.859375,96786.171875,96750.125,97010.25,97379.6015625,97035.765625,96211.078125,95863.53125,95390.40625,94874.8515625,94758.890625,95103.53125,95730.8359375,96458.0859375,97060.515625,97255.40625,97099.671875,96586.5390625,96300.7890625,95768.0625,95602.8125,95242.125,94774.609375,95240.453125,95854.421875,96427.390625,96940.375,96950.875,97017.03125,96653.953125,96798.5078125,96338.390625,95530.734375,95117.6015625,94926.203125,95330.34375,95853.640625,96412.625,96706.03125,97035.6875,97713.96875,96443.8984375,96956.671875,95958.4609375,95549.8125,94803.96875,94880.6875,95089.90625,95726.765625,96354.90625,96682.7421875,97416.265625,97294.625,96798.953125,96283.578125,95737.734375,95532.359375,94757.25,94729.46875,95151.1328125,95773.9453125,96455.609375,96780.359375,97222.6875,96854.53125,96987.0390625,96118.96875,95923.328125,95629.3125,94958.6953125,94752.578125,95159.046875,95770.640625,96414.65625,97007.5625,97154.578125,96996.484375,97186.84375,96506.578125,96082.859375,95481.0625,95179.7890625,94930.9375,95250.34375,95742.109375,96498.3125,96801.5625,97472.5703125,96938.9375,96755.5703125,96541.125,96090.2734375,95458.2578125,95035.546875,94859.15625,95293.921875,96146.40625,96561.6796875,96565.890625,96994.46875,97301.2421875,97465.09375,96293.9140625,95823.953125,95596.34375,95128.078125,94805.59375,95359.671875,95629.53125,96650.15625,97012.6875,96853.953125,97135.265625,96949.0390625,96617.8125,96051.578125,95705.9375,95017.3671875,94939.296875,95337.5,95837.375,96525.84375,96904.171875,97328.359375,97464.515625,96926.0390625,95953.9921875,96154.609375,95672.125,94989.921875,94735.34375,95191.8125,96151.078125,96488.21875,96976.890625,97508.1953125,97190.6328125,96793.671875,96328.828125,95815.34375,95815.625,95127.90625,94825.6875,95173.5859375,95795.5546875,96516.734375,97071.1171875,97000.8515625,96869.625,96832.796875,96629.3828125,96030.609375,95613.421875,95140.2890625,94976.203125,95077.8125,95980.546875,96833.421875,97115.796875,97602.171875
AS_226,102793.703125,102484.75,101861.84375,101252.578125,100838.1875,100527.0,100252.71875,100458.734375,101145.1171875,101843.796875,102396.8125,102472.78125,102362.75,102374.703125,101724.265625,101458.375,100869.6953125,100454.25,100303.6328125,100723.25,101287.84375,101849.0703125,102304.6796875,102909.8828125,102375.640625,102431.140625,101738.65625,101333.1796875,100993.328125,100441.8359375,100203.8203125,100629.171875,101377.890625,101759.984375,102262.7578125,102699.359375,102648.734375,102269.8046875,102103.0625,101419.546875,101011.46875,100416.3203125,100346.0625,100592.1875,101202.8046875,101876.71875,102336.015625,102782.71875,102603.28125,102127.2109375,102001.640625,101266.375,100796.6640625,100655.453125,100366.578125,100496.5703125,101309.578125,102102.140625,102312.7734375,102615.28125,102601.703125,102553.65625,102168.1640625,101301.921875,100836.9453125,100258.3359375,100382.078125,100503.390625,101265.5,102093.84375,102068.578125,102851.34375,102568.2578125,102736.15625,101720.03125,101116.828125,101062.34375,100423.5,100217.25,100568.8359375,101391.65625,101799.1328125,101974.796875,102790.296875,102881.0703125,102042.1328125,101793.9296875,101576.15625,100696.0390625,100534.0390625,100203.328125,100410.0625,101091.859375,101950.171875,102440.125,102392.25,102832.6015625,102754.765625,101832.078125,101333.53125,100730.40625,100475.8515625,100227.890625,100509.53125,101146.8359375,101795.0859375,102312.515625,102507.40625,102757.671875,101970.5390625,101919.7890625,101466.0625,101121.8125,100212.125,100268.609375,100585.453125,101213.421875,101661.390625,102430.375,102476.875,102594.03125,102084.953125,102041.5078125,101767.390625,100885.734375,100678.6015625,100406.203125,100663.34375,101173.640625,101935.625,102138.03125,102031.6875,103074.96875,102207.8984375,102300.671875,101407.4609375,100911.8125,100347.96875,100193.6875,100508.90625,101241.765625,101980.90625,102146.7421875,102914.265625,102737.625,102468.953125,102025.578125,101088.734375,100941.359375,100307.25,100227.46875,100450.1328125,101329.9453125,101811.609375,102038.359375,102561.6875,102658.53125,102475.0390625,101833.96875,101341.328125,100835.3125,100530.6953125,100219.578125,100407.046875,101334.640625,101980.65625,102200.5625,102520.578125,102517.484375,102489.84375,101999.578125,101555.859375,100917.0625,100438.7890625,100407.9375,100649.34375,101149.109375,101855.3125,102209.5625,102783.5703125,102666.9375,102348.5703125,102112.125,101496.2734375,100823.2578125,100437.546875,100405.15625,100603.921875,101267.40625,101894.6796875,102295.890625,102719.46875,102752.2421875,102560.09375,102075.9140625,101181.953125,100996.34375,100538.078125,100370.59375,100463.671875,101124.53125,101793.15625,102288.6875,102596.953125,102675.265625,102531.0390625,102060.8125,101270.578125,101032.9375,100633.3671875,100439.296875,100472.5,101127.375,102074.84375,102329.171875,102742.359375,102629.515625,102431.0390625,101873.9921875,101411.609375,100949.125,100490.921875,100335.34375,100305.8125,101231.078125,102014.21875,102279.890625,102859.1953125,102830.6328125,102527.671875,101860.828125,101331.34375,101079.625,100483.90625,100293.6875,100425.5859375,101346.5546875,101919.734375,102311.1171875,102655.8515625,102515.625,102498.796875,101858.3828125,101819.609375,100793.421875,100392.2890625,100442.203125,100443.8125,101169.546875,102087.421875,102516.796875,102853.171875
AS_235,102220.703125,101922.75,101365.84375,100828.578125,100407.1875,100109.0,99788.71875,99957.734375,100667.1171875,101299.796875,101865.8125,101962.78125,101834.75,101798.703125,101290.265625,100942.375,100421.6953125,99984.25,99870.6328125,100218.25,100734.84375,101327.0703125,101836.6796875,102406.8828125,101955.640625,101880.140625,101290.65625,100846.1796875,100545.328125,99953.8359375,99772.8203125,100164.171875,100871.890625,101298.984375,101799.7578125,102150.359375,102162.734375,101730.8046875,101545.0625,100928.546875,100490.46875,99977.3203125,99956.0625,100065.1875,100685.8046875,101414.71875,101806.015625,102344.71875,102109.28125,101663.2109375,101486.640625,100788.375,100392.6640625,100186.453125,99995.578125,99957.5703125,100826.578125,101615.140625,101853.7734375,102098.28125,102090.703125,101960.65625,101717.1640625,100884.921875,100287.9453125,99844.3359375,99943.078125,100055.390625,100716.5,101554.84375,101599.578125,102391.34375,101996.2578125,102173.15625,101307.03125,100695.828125,100623.34375,100028.5,99724.25,100074.8359375,100853.65625,101301.1328125,101544.796875,102301.296875,102430.0703125,101492.1328125,101267.9296875,101141.15625,100327.0390625,100034.0390625,99812.328125,99903.0625,100611.859375,101407.171875,101904.125,101916.25,102293.6015625,102262.765625,101321.078125,100861.53125,100311.40625,100011.8515625,99792.890625,100054.53125,100597.8359375,101321.0859375,101905.515625,102088.40625,102314.671875,101382.5390625,101380.7890625,100962.0625,100653.8125,99823.125,99837.609375,100064.453125,100633.421875,101181.390625,101957.375,102022.875,102071.03125,101523.953125,101515.5078125,101243.390625,100403.734375,100199.6015625,99985.203125,100223.34375,100632.640625,101419.625,101690.03125,101640.6875,102546.96875,101620.8984375,101845.671875,100976.4609375,100499.8125,99917.96875,99777.6875,100051.90625,100708.765625,101436.90625,101601.7421875,102395.265625,102173.625,101883.953125,101497.578125,100667.734375,100424.359375,99811.25,99803.46875,99911.1328125,100853.9453125,101309.609375,101553.359375,102052.6875,102131.53125,101846.0390625,101301.96875,100892.328125,100356.3125,100027.6953125,99882.578125,99939.046875,100781.640625,101431.65625,101773.5625,102098.578125,102025.484375,101862.84375,101474.578125,101008.859375,100484.0625,99969.7890625,99962.9375,100210.34375,100597.109375,101347.3125,101733.5625,102367.5703125,102161.9375,101816.5703125,101559.125,101029.2734375,100345.2578125,100000.546875,99960.15625,100127.921875,100763.40625,101386.6796875,101786.890625,102266.46875,102219.2421875,102154.09375,101539.9140625,100673.953125,100524.34375,100117.078125,99930.59375,99950.671875,100577.53125,101209.15625,101783.6875,102087.953125,102121.265625,102019.0390625,101553.8125,100877.578125,100593.9375,100146.3671875,100033.296875,100039.5,100616.375,101506.84375,101802.171875,102262.359375,102080.515625,101950.0390625,101355.9921875,100966.609375,100485.125,100036.921875,99825.34375,99797.8125,100747.078125,101533.21875,101765.890625,102323.1953125,102327.6328125,101952.671875,101388.828125,100829.34375,100604.625,100004.90625,99866.6875,99927.5859375,100829.5546875,101414.734375,101798.1171875,102164.8515625,102031.625,101990.796875,101357.3828125,101359.609375,100365.421875,99961.2890625,99988.203125,100055.8125,100753.546875,101552.421875,101978.796875,102350.171875
AS_250,102784.703125,102438.75,101823.84375,101241.578125,100811.1875,100491.0,100191.71875,100389.734375,101113.1171875,101809.796875,102378.8125,102450.78125,102347.75,102324.703125,101720.265625,101414.375,100841.6953125,100405.25,100263.6328125,100676.25,101246.84375,101820.0703125,102303.6796875,102918.8828125,102406.640625,102383.140625,101730.65625,101298.1796875,100983.328125,100364.8359375,100175.8203125,100605.171875,101346.890625,101745.984375,102263.7578125,102683.359375,102651.734375,102240.8046875,102049.0625,101397.546875,100959.46875,100371.3203125,100325.0625,100520.1875,101152.8046875,101874.71875,102325.015625,102826.71875,102602.28125,102124.2109375,101966.640625,101234.375,100799.6640625,100609.453125,100355.578125,100433.5703125,101292.578125,102092.140625,102313.7734375,102610.28125,102606.703125,102508.65625,102167.1640625,101280.921875,100743.9453125,100220.3359375,100329.078125,100482.390625,101219.5,102062.84375,102067.578125,102877.34375,102534.2578125,102701.15625,101715.03125,101103.828125,101034.34375,100393.5,100140.25,100505.8359375,101355.65625,101765.1328125,101986.796875,102808.296875,102913.0703125,101975.1328125,101746.9296875,101568.15625,100696.0390625,100476.0390625,100178.328125,100344.0625,101083.859375,101916.171875,102417.125,102411.25,102839.6015625,102760.765625,101798.078125,101299.53125,100709.40625,100437.8515625,100183.890625,100470.53125,101095.8359375,101784.0859375,102349.515625,102540.40625,102783.671875,101919.5390625,101872.7890625,101415.0625,101101.8125,100189.125,100225.609375,100523.453125,101147.421875,101651.390625,102458.375,102502.875,102584.03125,102035.953125,102008.5078125,101723.390625,100845.734375,100621.6015625,100374.203125,100634.34375,101125.640625,101919.625,102141.03125,102071.6875,103080.96875,102152.8984375,102303.671875,101393.4609375,100904.8125,100317.96875,100166.6875,100477.90625,101218.765625,101930.90625,102113.7421875,102912.265625,102706.625,102436.953125,101996.578125,101076.734375,100894.359375,100237.25,100179.46875,100376.1328125,101311.9453125,101782.609375,102031.359375,102568.6875,102635.53125,102403.0390625,101774.96875,101318.328125,100777.3125,100459.6953125,100211.578125,100352.046875,101287.640625,101937.65625,102227.5625,102564.578125,102491.484375,102422.84375,101944.578125,101492.859375,100894.0625,100411.7890625,100373.9375,100643.34375,101088.109375,101824.3125,102220.5625,102831.5703125,102663.9375,102323.5703125,102046.125,101481.2734375,100776.2578125,100405.546875,100385.15625,100563.921875,101241.40625,101868.6796875,102293.890625,102748.46875,102741.2421875,102584.09375,102024.9140625,101131.953125,100964.34375,100520.078125,100320.59375,100402.671875,101076.53125,101749.15625,102272.6875,102577.953125,102648.265625,102513.0390625,102035.8125,101282.578125,100998.9375,100568.3671875,100402.296875,100437.5,101093.375,102052.84375,102304.171875,102741.359375,102630.515625,102430.0390625,101819.9921875,101387.609375,100910.125,100443.921875,100250.34375,100236.8125,101227.078125,102001.21875,102246.890625,102861.1953125,102830.6328125,102490.671875,101844.828125,101281.34375,101045.625,100426.90625,100264.6875,100380.5859375,101323.5546875,101906.734375,102297.1171875,102650.8515625,102519.625,102450.796875,101808.3828125,101778.609375,100741.421875,100336.2890625,100398.203125,100416.8125,101163.546875,102041.421875,102476.796875,102850.171875
AS_275,101740.703125,101319.75,101229.84375,100904.578125,100790.1875,100527.0,100453.71875,100722.734375,100794.1171875,101361.796875,101680.8125,101636.78125,101435.75,101639.703125,100950.265625,101210.375,100750.6953125,100477.25,100569.6328125,100522.25,100876.84375,101380.0703125,101466.6796875,101799.8828125,101254.640625,101649.140625,101262.65625,101290.1796875,100871.328125,100508.8359375,100414.8203125,100589.171875,100963.890625,101233.984375,101435.7578125,101727.359375,101433.734375,101555.8046875,101477.0625,101182.546875,101076.46875,100511.3203125,100543.0625,100603.1875,100950.8046875,101313.71875,101690.015625,101466.71875,101514.28125,101404.2109375,101508.640625,100934.375,100806.6640625,100684.453125,100548.578125,100583.5703125,101142.578125,101297.140625,101729.7734375,101672.28125,101261.703125,101538.65625,101316.1640625,101206.921875,100778.9453125,100413.3359375,100390.078125,100629.390625,101141.5,101372.84375,101497.578125,101366.34375,101731.2578125,101813.15625,101126.03125,100860.828125,101102.34375,100579.5,100510.25,100523.8359375,100881.65625,101275.1328125,101384.796875,101845.296875,101787.0703125,101496.1328125,101344.9296875,101201.15625,100543.0390625,100609.0390625,100170.328125,100779.0625,100883.859375,101387.171875,101570.125,101425.25,101705.6015625,101492.765625,101293.078125,101064.53125,100728.40625,100611.8515625,100541.890625,100425.53125,100858.8359375,101411.0859375,101504.515625,101623.40625,101616.671875,101419.5390625,101418.7890625,101099.0625,100820.8125,100370.125,100398.609375,100563.453125,100902.421875,101132.390625,101650.375,101373.875,101521.03125,101491.953125,101488.5078125,101437.390625,100864.734375,100754.6015625,100672.203125,101009.34375,100908.640625,101254.625,101512.03125,100881.6875,101470.96875,101566.8984375,101440.671875,101113.4609375,100830.8125,100594.96875,100444.6875,100641.90625,100708.765625,101474.90625,101734.7421875,101719.265625,101601.625,101540.953125,101338.578125,101174.734375,100740.359375,100511.25,100490.46875,100821.1328125,100947.9453125,101227.609375,101285.359375,101539.6875,101729.53125,101721.0390625,101288.96875,100873.328125,100968.3125,100528.6953125,100508.578125,100410.046875,101021.640625,101354.65625,101415.5625,101325.578125,101768.484375,101728.84375,101409.578125,101339.859375,100863.0625,100306.7890625,100511.9375,100593.34375,100891.109375,101398.3125,101544.5625,101475.5703125,101547.9375,101439.5703125,101533.125,101326.2734375,100703.2578125,100444.546875,100583.15625,100497.921875,100870.40625,101344.6796875,101789.890625,101791.46875,101577.2421875,101776.09375,101664.9140625,101087.953125,100982.34375,100580.078125,100617.59375,100116.671875,100916.53125,101426.15625,101653.6875,101751.953125,101562.265625,101475.0390625,101307.8125,101030.578125,100936.9375,100565.3671875,100582.296875,100349.5,100823.375,101428.84375,101639.171875,101657.359375,101496.515625,101596.0390625,101555.9921875,101252.609375,100892.125,100585.921875,100610.34375,100541.8125,100866.078125,101336.21875,101735.890625,101837.1953125,101666.6328125,101727.671875,101194.828125,101100.34375,101003.625,100370.90625,100516.6875,100470.5859375,101104.5546875,101239.734375,101664.1171875,101839.8515625,101575.625,101879.796875,101279.3828125,101182.609375,100870.421875,100438.2890625,100572.203125,100795.8125,100826.546875,101439.421875,101893.796875,101687.171875
AS_289,59281.69921875,59124.75,59516.84375,59848.57421875,60166.18359375,60063.99609375,60185.71484375,60248.734375,60224.1171875,60150.79296875,59790.80859375,59693.78515625,59267.75,59332.69921875,59674.265625,59820.375,60094.6953125,60111.25,60205.6328125,60295.24609375,60256.84375,60237.0703125,60040.6796875,59667.8828125,59499.64453125,59591.13671875,59704.65234375,59804.1796875,59999.328125,60132.8359375,60167.8203125,60363.16796875,60332.88671875,60235.98046875,60010.7578125,59540.35546875,59576.734375,59341.8046875,59527.0625,59881.546875,59936.47265625,60068.3203125,60202.0625,60287.18359375,60300.8046875,60237.72265625,59844.01171875,59663.71484375,59283.27734375,59504.2109375,59790.640625,59955.375,59999.6640625,60125.45703125,60169.57421875,60231.5703125,60374.578125,60241.140625,59987.7734375,59657.28515625,59240.703125,59205.65625,59714.1640625,59990.91796875,59895.9453125,60090.3359375,60207.07421875,60174.390625,60403.5,60272.83984375,59849.57421875,59699.34375,59376.2578125,59626.15234375,59632.02734375,59886.83203125,60167.33984375,60134.49609375,60234.24609375,60340.8359375,60355.65625,60384.1328125,59869.796875,59742.296875,59602.0703125,59448.1328125,59580.9296875,60085.15234375,60185.0390625,60109.0390625,60144.32421875,60280.05859375,60250.85546875,60170.17578125,60082.125,59546.25390625,59100.6015625,59303.76171875,59764.07421875,59891.53125,60091.41015625,60152.8515625,60156.88671875,60248.52734375,60278.8359375,60304.0859375,60029.515625,59765.41015625,59582.671875,59337.5390625,59626.7890625,59886.0625,60024.8125,60067.125,60111.60546875,60338.44921875,60332.41796875,60220.390625,59873.37890625,59556.875,59608.03515625,59287.953125,59758.5078125,59971.390625,59930.73046875,60087.6015625,60298.203125,60422.33984375,60287.63671875,60255.625,60068.03515625,59537.68359375,59107.96484375,59341.8984375,59597.67578125,60000.4609375,60116.80859375,60092.96875,60194.68359375,60323.91015625,60233.765625,60227.90234375,59999.7421875,59593.265625,59058.62890625,59085.95703125,59483.57421875,59832.734375,60033.36328125,59985.24609375,60125.47265625,60316.1328125,60330.9453125,60173.60546875,59720.36328125,59502.68359375,59384.53125,59486.0390625,59873.96484375,59860.33203125,60017.3125,60124.6953125,60127.57421875,60329.05078125,60351.640625,60353.65234375,59985.56640625,59611.578125,59612.484375,59201.84765625,59678.578125,59914.86328125,60016.0625,60108.7890625,60253.93359375,60294.33984375,60294.109375,60282.3125,59828.56640625,59697.5703125,59582.93359375,59469.5703125,59759.12890625,59994.2734375,60095.2578125,60107.54296875,60319.15625,60346.92578125,60291.40234375,60369.6796875,59958.88671875,59644.46484375,59377.2421875,59704.09375,59773.9140625,59881.953125,60048.33984375,60304.08203125,60256.58984375,60371.66796875,60387.53515625,60196.16015625,60032.68359375,59900.94921875,59533.26953125,59670.0390625,59531.80859375,59932.58203125,60218.9375,60171.3671875,60343.29296875,60309.49609375,60357.37890625,60280.84765625,60005.16796875,59884.359375,59260.515625,59462.0390625,59853.9921875,60059.60546875,60093.12109375,60140.92578125,60180.33984375,60311.80859375,60395.07421875,60229.21875,59907.89453125,59578.1953125,59463.6328125,59296.671875,59639.82421875,60065.34375,60076.625,60125.91015625,60244.69140625,60403.5859375,60460.5546875,60297.73046875,59996.1171875,59688.8515625,59304.62109375,59640.79296875,59605.3828125,59979.61328125,60084.41796875,60100.2890625,60214.20703125,60270.80859375,60274.546875,60166.41796875,59959.80078125,59488.171875
AS_307,95739.703125,95153.75,94506.84375,93918.578125,93953.1875,93798.0,93446.71875,94079.734375,94607.1171875,94829.796875,95112.8125,95051.78125,95234.75,95177.703125,94375.265625,94090.375,93722.6953125,93664.25,93527.6328125,94199.25,94620.84375,94991.0703125,95051.6796875,95647.8828125,95012.640625,95142.140625,94170.65625,94003.1796875,94228.328125,93776.8359375,93784.8203125,94090.171875,94694.890625,94921.984375,94932.7578125,95727.359375,95296.734375,95048.8046875,95223.0625,94242.546875,94287.46875,93736.3203125,93624.0625,93946.1875,94449.8046875,94749.71875,95185.015625,95266.71875,95326.28125,94542.2109375,94446.640625,94302.375,93695.6640625,94027.453125,93808.578125,94086.5703125,94454.578125,94961.140625,95014.7734375,95491.28125,95231.703125,95502.65625,94948.1640625,93863.921875,93866.9453125,93408.3359375,93731.078125,94109.390625,94611.5,94740.84375,94747.578125,95543.34375,95456.2578125,95195.15625,94368.03125,94017.828125,94036.34375,93634.5,93691.25,94010.8359375,94591.65625,94895.1328125,94795.796875,95361.296875,95581.0703125,94622.1328125,94709.9296875,94470.15625,93567.0390625,93684.0390625,93576.328125,94001.0625,94591.859375,94949.171875,95120.125,95091.25,95712.6015625,95289.765625,94583.078125,94086.53125,93796.40625,93843.8515625,93661.890625,93892.53125,94342.8359375,94606.0859375,94870.515625,94830.40625,95268.671875,94780.5390625,94645.7890625,94441.0625,93888.8125,93432.125,93659.609375,94031.453125,94353.421875,94794.390625,95164.375,95083.875,95282.03125,95038.953125,94728.5078125,94516.390625,93927.734375,93929.6015625,93837.203125,94057.34375,94596.640625,95005.625,94602.03125,94601.6875,95701.96875,95059.8984375,94878.671875,94309.4609375,93782.8125,93641.96875,93598.6875,94090.90625,94628.765625,94795.90625,95397.7421875,95651.265625,95511.625,95032.953125,94804.578125,93767.734375,93937.359375,93543.25,93678.46875,94021.1328125,94693.9453125,94642.609375,94733.359375,95242.6875,95333.53125,95167.0390625,94578.96875,94338.328125,93699.3125,93810.6953125,93458.578125,93780.046875,94468.640625,95086.65625,94817.5625,95159.578125,95036.484375,95458.84375,94916.578125,94671.859375,93866.0625,94021.7890625,93639.9375,94217.34375,94586.109375,94908.3125,94852.5625,95135.5703125,95340.9375,95015.5703125,94793.125,94357.2734375,93722.2578125,93762.546875,93876.15625,94162.921875,94624.40625,94724.6796875,95560.890625,95331.46875,95551.2421875,95072.09375,94699.9140625,94091.953125,93847.34375,93803.078125,93727.59375,94143.671875,94608.53125,95130.15625,95093.6875,95323.953125,95506.265625,95271.0390625,95125.8125,94097.578125,93968.9375,93992.3671875,93707.296875,93977.5,94176.375,95232.84375,94855.171875,95240.359375,95237.515625,95052.0390625,94767.9921875,94480.609375,93993.125,93619.921875,93719.34375,94245.8125,94322.078125,94880.21875,95050.890625,95456.1953125,95300.6328125,95345.671875,94617.828125,94371.34375,93860.625,93748.90625,93619.6875,94056.5859375,94619.5546875,94983.734375,95161.1171875,95164.8515625,95329.625,95236.796875,94407.3828125,94780.609375,93767.421875,93568.2890625,93662.203125,93762.8125,94485.546875,94742.421875,95297.796875,95168.171875
AS_319,89659.703125,89936.75,89720.84375,89527.578125,89427.1875,89274.0,89053.71875,89192.734375,89444.1171875,89886.796875,90179.8125,89982.78125,90118.75,89730.703125,89633.265625,89578.375,89404.6953125,89217.25,88952.6328125,89191.25,89472.84375,89862.0703125,90037.6796875,89939.8828125,90030.640625,90063.140625,89603.65625,89345.1796875,89406.328125,89272.8359375,89139.8203125,89086.171875,89617.890625,89883.984375,90164.7578125,89939.359375,89954.734375,89452.8046875,89542.0625,89461.546875,89631.46875,89249.3203125,88954.0625,89221.1875,89521.8046875,89759.71875,90136.015625,90110.71875,89551.28125,89841.2109375,89969.640625,89539.375,89321.6640625,89332.453125,89133.578125,89097.5703125,89647.578125,90048.140625,89927.7734375,90239.28125,89866.703125,89639.65625,89584.1640625,89687.921875,89449.9453125,89242.3359375,89024.078125,89103.390625,89480.5,89928.84375,90137.578125,90090.34375,89925.2578125,89672.15625,89531.03125,89423.828125,89601.34375,89325.5,89005.25,89102.8359375,89558.65625,89791.1328125,90030.796875,90279.296875,90231.0703125,89666.1328125,89545.9296875,89468.15625,89602.0390625,89158.0390625,89089.328125,89108.0625,89484.859375,90051.171875,89989.125,90077.25,89975.6015625,90215.765625,89528.078125,89556.53125,89395.40625,89205.8515625,88958.890625,89084.53125,89419.8359375,89975.0859375,90151.515625,90174.40625,90104.671875,89511.5390625,89466.7890625,89497.0625,89583.8125,89400.125,88996.609375,89241.453125,89493.421875,89908.390625,89919.375,89817.875,89874.03125,89541.953125,89703.5078125,89586.390625,89396.734375,89156.6015625,89011.203125,89192.34375,89459.640625,89760.625,90239.03125,89954.6875,89852.96875,89474.8984375,89856.671875,89302.4609375,89547.8125,89149.96875,89010.6875,89061.90625,89392.765625,89815.90625,89971.7421875,90223.265625,89700.625,89661.953125,89713.578125,89549.734375,89428.359375,89299.25,89018.46875,89114.1328125,89513.9453125,89902.609375,89985.359375,89841.6875,89761.53125,89855.0390625,89582.96875,89538.328125,89488.3125,89120.6953125,88908.578125,89097.046875,89409.640625,89913.65625,90010.5625,90220.578125,90087.484375,89988.84375,89570.578125,89620.859375,89507.0625,89273.7890625,88977.9375,89128.34375,89385.109375,89911.3125,90063.5625,90228.5703125,89982.9375,89579.5703125,89818.125,89522.2734375,89480.2578125,89183.546875,89143.15625,89265.921875,89635.40625,89879.6796875,90081.890625,90368.46875,89885.2421875,90146.09375,89545.9140625,89575.953125,89385.34375,89310.078125,89041.59375,89240.671875,89536.53125,89855.15625,90264.6875,90057.953125,89975.265625,90132.0390625,89605.8125,89760.578125,89487.9375,89294.3671875,89085.296875,89183.5,89586.375,89812.84375,90043.171875,90254.359375,89855.515625,89749.0390625,89550.9921875,89600.609375,89519.125,89186.921875,88908.34375,89108.8125,89593.078125,90042.21875,90101.890625,89915.1953125,89740.6328125,89877.671875,89552.828125,89593.34375,89622.625,89315.90625,89000.6875,89189.5859375,89507.5546875,89923.734375,90206.1171875,89951.8515625,89982.625,89898.796875,89650.3828125,89551.609375,89656.421875,89271.2890625,89096.203125,89060.8125,89628.546875,90089.421875,90164.796875,90295.171875
AS_327,98800.703125,98609.75,98294.84375,97812.578125,97683.1875,97463.0,97439.71875,97580.734375,97956.1171875,98269.796875,98693.8125,98868.78125,98752.75,98485.703125,98375.265625,98140.375,97551.6953125,97375.25,97460.6328125,97588.25,97981.84375,98345.0703125,98756.6796875,99070.8828125,98856.640625,98892.140625,98380.65625,97983.1796875,97481.328125,97495.8359375,97554.8203125,97570.171875,97998.890625,98476.984375,98725.7578125,98890.359375,99011.734375,98735.8046875,98450.0625,98074.546875,97651.46875,97358.3203125,97564.0625,97606.1875,97872.8046875,98394.71875,98871.015625,99025.71875,98881.28125,98735.2109375,98321.640625,97970.375,97637.6640625,97532.453125,97556.578125,97506.5703125,98051.578125,98621.140625,98880.7734375,98916.28125,98830.703125,98727.65625,98403.1640625,98245.921875,97752.9453125,97308.3359375,97504.078125,97637.390625,97894.5,98430.84375,98768.578125,98841.34375,98868.2578125,98634.15625,98420.03125,98001.828125,97756.34375,97589.5,97416.25,97520.8359375,97936.65625,98589.1328125,98754.796875,98950.296875,98984.0703125,98684.1328125,98454.9296875,98103.15625,97715.0390625,97404.0390625,97536.328125,97564.0625,97711.859375,98332.171875,98709.125,98830.25,98744.6015625,98715.765625,98308.078125,98020.53125,97600.40625,97476.8515625,97467.890625,97587.53125,97885.8359375,98437.0859375,98679.515625,98803.40625,98879.671875,98538.5390625,98344.7890625,97984.0625,97609.8125,97397.125,97374.609375,97738.453125,97817.421875,98370.390625,98719.375,98886.875,98996.03125,98685.953125,98318.5078125,97961.390625,97629.734375,97535.6015625,97557.203125,97718.34375,97897.640625,98157.625,98610.03125,98605.6875,98734.96875,98613.8984375,98314.671875,98221.4609375,97710.8125,97382.96875,97510.6875,97603.90625,97752.765625,98412.90625,98709.7421875,98789.265625,98815.625,98571.953125,98322.578125,98033.734375,97634.359375,97305.25,97384.46875,97587.1328125,97932.9453125,98523.609375,98660.359375,98780.6875,98903.53125,98782.0390625,98470.96875,98091.328125,97528.3125,97396.6953125,97304.578125,97640.046875,97918.640625,98312.65625,98796.5625,98858.578125,99024.484375,98650.84375,98607.578125,98220.859375,97884.0625,97422.7890625,97392.9375,97717.34375,97961.109375,98541.3125,98721.5625,98907.5703125,98973.9375,98761.5703125,98660.125,98234.2734375,97837.2578125,97565.546875,97577.15625,97750.921875,98047.40625,98552.6796875,98777.890625,98952.46875,98948.2421875,98780.09375,98539.9140625,98012.953125,97788.34375,97617.078125,97575.59375,97576.671875,97888.53125,98293.15625,98716.6875,98850.953125,98936.265625,98794.0390625,98364.8125,97972.578125,97818.9375,97529.3671875,97560.296875,97677.5,98015.375,98261.84375,98692.171875,98904.359375,98752.515625,98758.0390625,98398.9921875,98144.609375,97843.125,97502.921875,97358.34375,97450.8125,98063.078125,98577.21875,98811.890625,98979.1953125,99076.6328125,98846.671875,98549.828125,98174.34375,97843.625,97553.90625,97513.6875,97545.5859375,98011.5546875,98555.734375,98756.1171875,99003.8515625,98878.625,98891.796875,98537.3828125,98279.609375,97868.421875,97586.2890625,97653.203125,97435.8125,97830.546875,98113.421875,98799.796875,98826.171875
AS_330,97859.703125,97155.75,96653.84375,96351.578125,96548.1875,96278.0,95996.71875,96768.734375,97147.1171875,96969.796875,97545.8125,97414.78125,97406.75,97156.703125,96420.265625,96449.375,96120.6953125,96271.25,96248.6328125,96776.25,97042.84375,97423.0703125,96900.6796875,97556.8828125,97204.640625,97057.140625,96411.65625,96524.1796875,96604.328125,96532.8359375,96419.8203125,96782.171875,97057.890625,97222.984375,97178.7578125,97691.359375,97337.734375,97529.8046875,97432.0625,96564.546875,96599.46875,96284.3203125,96572.0625,96479.1875,96919.8046875,96887.71875,97648.015625,97163.71875,97462.28125,96794.2109375,96690.640625,96444.375,95968.6640625,96460.453125,96351.578125,96548.5703125,96954.578125,97214.140625,97249.7734375,97652.28125,97145.703125,97427.65625,96733.1640625,96370.921875,96461.9453125,96142.3359375,96451.078125,96600.390625,97118.5,97035.84375,96971.578125,97455.34375,97635.2578125,97266.15625,96659.03125,96592.828125,96520.34375,96404.5,96243.25,96598.8359375,97135.65625,97294.1328125,97018.796875,97690.296875,97658.0703125,97071.1328125,96940.9296875,96764.15625,96222.0390625,96353.0390625,96163.328125,96413.0625,97077.859375,97113.171875,97193.125,97294.25,97515.6015625,97216.765625,97032.078125,96581.53125,96534.40625,96727.8515625,96308.890625,96646.53125,96606.8359375,96988.0859375,97049.515625,96966.40625,97518.671875,97072.5390625,96896.7890625,96750.0625,96246.8125,96116.125,96236.609375,96519.453125,96775.421875,96974.390625,97530.375,97325.875,97171.03125,97273.953125,96949.5078125,96801.390625,96658.734375,96464.6015625,96367.203125,96577.34375,97001.640625,97276.625,97000.03125,96728.6875,97461.96875,97239.8984375,96771.671875,96490.4609375,96501.8125,96143.96875,96432.6875,96563.90625,96900.765625,96964.90625,97560.7421875,97647.265625,97776.625,97040.953125,97022.578125,96298.734375,96666.359375,96537.25,96444.46875,96588.1328125,97170.9453125,97044.609375,97231.359375,97301.6875,97609.53125,97298.0390625,96465.96875,96356.328125,96338.3125,96487.6953125,96133.578125,96205.046875,96858.640625,97440.65625,96716.5625,97263.578125,97360.484375,97948.84375,97104.578125,96960.859375,96314.0625,96545.7890625,96060.9375,96768.34375,97011.109375,97273.3125,97089.5625,97039.5703125,97477.9375,97288.5703125,96954.125,96679.2734375,96031.2578125,96293.546875,96423.15625,96830.921875,97039.40625,96713.6796875,98112.890625,97493.46875,97328.2421875,97277.09375,97080.9140625,96441.953125,96293.34375,96383.078125,96473.59375,96491.671875,97161.53125,97146.15625,97508.6875,97516.953125,97369.265625,97113.0390625,97134.8125,96228.578125,96210.9375,96379.3671875,96224.296875,96436.5,96562.375,97465.84375,96967.171875,97316.359375,97154.515625,97268.0390625,97078.9921875,96618.609375,96644.125,96216.921875,96519.34375,96813.8125,96787.078125,97001.21875,97397.890625,97392.1953125,97239.6328125,97202.671875,96736.828125,96482.34375,96046.625,96462.90625,96277.6875,96629.5859375,96963.5546875,97245.734375,97239.1171875,97426.8515625,97676.625,97615.796875,96727.3828125,96917.609375,96363.421875,96298.2890625,96508.203125,96511.8125,97144.546875,97050.421875,97328.796875,97138.171875
AS_343,100241.703125,100326.75,100098.84375,99532.578125,99626.1875,99396.0,99218.71875,99294.734375,99667.1171875,100478.796875,100818.8125,100370.78125,100838.75,100095.703125,99930.265625,99752.375,99474.6953125,99301.25,99222.6328125,99363.25,99686.84375,100257.0703125,100144.6796875,100304.8828125,100460.640625,100250.140625,99888.65625,99738.1796875,99778.328125,99363.8359375,99280.8203125,99248.171875,99683.890625,100011.984375,100484.7578125,100639.359375,100316.734375,100073.8046875,100254.0625,100050.546875,99911.46875,99501.3203125,99161.0625,99445.1875,99894.8046875,99833.71875,100577.015625,100554.71875,99852.28125,99991.2109375,100396.640625,99901.375,99529.6640625,99462.453125,99417.578125,99205.5703125,100004.578125,100377.140625,100129.7734375,100536.28125,100274.703125,100368.65625,99872.1640625,100046.921875,99718.9453125,99421.3359375,99158.078125,99340.390625,99696.5,100302.84375,100513.578125,100479.34375,100625.2578125,99990.15625,99860.03125,99699.828125,99827.34375,99438.5,99228.25,99168.8359375,99789.65625,100058.1328125,100261.796875,100817.296875,100348.0703125,100156.1328125,100146.9296875,99879.15625,99912.0390625,99273.0390625,99367.328125,99326.0625,99795.859375,100474.171875,100254.125,100543.25,100989.6015625,100834.765625,99550.078125,99616.53125,99573.40625,99400.8515625,99156.890625,99328.53125,99617.8359375,100445.0859375,100650.515625,100731.40625,100440.671875,99817.5390625,99750.7890625,99990.0625,99724.8125,99644.125,99031.609375,99550.453125,99727.421875,100218.390625,100196.375,100151.875,100267.03125,100081.953125,100150.5078125,100027.390625,99543.734375,99163.6015625,99139.203125,99413.34375,99768.640625,99986.625,100395.03125,100148.6875,100420.96875,100109.8984375,100376.671875,99718.4609375,99688.8125,99208.96875,99096.6875,99378.90625,99743.765625,100165.90625,100615.7421875,100715.265625,100198.625,100367.953125,99961.578125,99630.734375,99432.359375,99404.25,99292.46875,99262.1328125,99885.9453125,100127.609375,100474.359375,100337.6875,99924.53125,100245.0390625,99794.96875,99882.328125,99706.3125,99254.6953125,99092.578125,99429.046875,99446.640625,100336.65625,100410.5625,100782.578125,100509.484375,100747.84375,99983.578125,99850.859375,99531.0625,99323.7890625,99229.9375,99204.34375,99540.109375,100397.3125,100615.5625,100551.5703125,100414.9375,100125.5703125,100440.125,99766.2734375,99589.2578125,99225.546875,99320.15625,99519.921875,99966.40625,100229.6796875,100259.890625,100728.46875,100133.2421875,100509.09375,99733.9140625,99799.953125,99443.34375,99469.078125,99295.59375,99446.671875,99691.53125,100524.15625,100807.6875,100496.953125,100431.265625,100648.0390625,100065.8125,100137.578125,99532.9375,99392.3671875,99258.296875,99424.5,99863.375,100006.84375,100369.171875,100522.359375,100389.515625,100262.0390625,99699.9921875,100163.609375,99651.125,99297.921875,98876.34375,99441.8125,99887.078125,100423.21875,100725.890625,100345.1953125,99956.6328125,100259.671875,99956.828125,99885.34375,99652.625,99384.90625,99035.6875,99501.5859375,99924.5546875,100215.734375,100831.1171875,100315.8515625,100301.625,99966.796875,100006.3828125,99845.609375,99494.421875,99083.2890625,99130.203125,99251.8125,99855.546875,100352.421875,100571.796875,100791.171875
AS_372,102343.703125,101894.75,101220.84375,100609.578125,100203.1875,99918.0,99629.71875,100004.734375,100702.1171875,101387.796875,101921.8125,101891.78125,101865.75,101827.703125,101089.265625,100873.375,100220.6953125,99810.25,99726.6328125,100224.25,100884.84375,101370.0703125,101762.6796875,102470.8828125,101784.640625,101811.140625,101085.65625,100704.1796875,100458.328125,99842.8359375,99651.8203125,100102.171875,100902.890625,101245.984375,101675.7578125,102236.359375,102076.734375,101721.8046875,101541.0625,100813.546875,100467.46875,99811.3203125,99769.0625,100113.1875,100700.8046875,101324.71875,101878.015625,102222.71875,102042.28125,101493.2109375,101327.640625,100636.375,100177.6640625,100060.453125,99720.578125,100059.5703125,100839.578125,101613.140625,101758.7734375,102134.28125,102055.703125,102042.65625,101556.1640625,100621.921875,100221.9453125,99599.3359375,99767.078125,100006.390625,100855.5,101583.84375,101503.578125,102321.34375,102071.2578125,102144.15625,101043.03125,100454.828125,100438.34375,99755.5,99646.25,100056.8359375,100916.65625,101246.1328125,101448.796875,102247.296875,102327.0703125,101452.1328125,101201.9296875,100909.15625,100022.0390625,99926.0390625,99631.328125,99936.0625,100661.859375,101470.171875,101895.125,101889.25,102389.6015625,102155.765625,101227.078125,100689.53125,100097.40625,99918.8515625,99650.890625,99970.53125,100713.8359375,101258.0859375,101745.515625,101926.40625,102156.671875,101417.5390625,101311.7890625,100840.0625,100523.8125,99550.125,99673.609375,100137.453125,100748.421875,101086.390625,101965.375,101919.875,102032.03125,101539.953125,101462.5078125,101143.390625,100265.734375,100085.6015625,99813.203125,100116.34375,100700.640625,101425.625,101502.03125,101440.6875,102524.96875,101665.8984375,101668.671875,100788.4609375,100306.8125,99723.96875,99613.6875,100001.90625,100813.765625,101442.90625,101706.7421875,102400.265625,102209.625,101930.953125,101456.578125,100441.734375,100330.359375,99704.25,99578.46875,100055.1328125,100821.9453125,101246.609375,101481.359375,102048.6875,102083.53125,101915.0390625,101188.96875,100740.328125,100217.3125,99931.6953125,99493.578125,99847.046875,100818.640625,101493.65625,101664.5625,101948.578125,101911.484375,102042.84375,101357.578125,100984.859375,100238.0625,99886.7890625,99818.9375,100175.34375,100709.109375,101337.3125,101710.5625,102189.5703125,102106.9375,101764.5703125,101493.125,100905.2734375,100213.2578125,99817.546875,99844.15625,100085.921875,100792.40625,101347.6796875,101847.890625,102166.46875,102218.2421875,101944.09375,101446.9140625,100554.953125,100416.34375,99893.078125,99761.59375,99985.671875,100642.53125,101374.15625,101760.6875,102065.953125,102164.265625,101930.0390625,101502.8125,100627.578125,100392.9375,100035.3671875,99773.296875,99944.5,100603.375,101652.84375,101792.171875,102151.359375,102097.515625,101810.0390625,101280.9921875,100791.609375,100352.125,99842.921875,99773.34375,99864.8125,100770.078125,101480.21875,101759.890625,102413.1953125,102296.6328125,101992.671875,101215.828125,100764.34375,100450.625,99826.90625,99686.6875,99953.5859375,100893.5546875,101428.734375,101788.1171875,102098.8515625,101972.625,101845.796875,101198.3828125,101158.609375,100089.421875,99767.2890625,99839.203125,99810.8125,100592.546875,101554.421875,101957.796875,102265.171875
AS_389,56878.69921875,56553.75,56921.84375,57240.57421875,57561.18359375,57447.99609375,57500.71484375,57592.734375,57607.1171875,57617.79296875,57295.80859375,57248.78515625,56839.75,56858.69921875,57073.265625,57299.375,57438.6953125,57471.25,57568.6328125,57638.24609375,57637.84375,57596.0703125,57552.6796875,57253.8828125,56949.64453125,57174.13671875,57204.65234375,57312.1796875,57349.328125,57478.8359375,57456.8203125,57679.16796875,57673.88671875,57653.98046875,57563.7578125,57167.35546875,57178.734375,56958.8046875,57061.0625,57409.546875,57310.47265625,57380.3203125,57629.0625,57669.18359375,57710.8046875,57683.72265625,57411.01171875,57191.71484375,56895.27734375,57059.2109375,57339.640625,57345.375,57334.6640625,57419.45703125,57487.57421875,57588.5703125,57769.578125,57626.140625,57432.7734375,57323.28515625,56852.703125,56885.65625,57210.1640625,57377.91796875,57312.9453125,57407.3359375,57564.07421875,57541.390625,57795.5,57618.83984375,57337.57421875,57215.34375,57117.2578125,57279.15234375,57141.02734375,57332.83203125,57556.33984375,57428.49609375,57596.24609375,57683.8359375,57781.65625,57776.1328125,57478.796875,57330.296875,57069.0703125,56914.1328125,57177.9296875,57593.15234375,57513.0390625,57481.0390625,57508.32421875,57619.05859375,57646.85546875,57563.17578125,57521.125,57164.25390625,56721.6015625,56778.76171875,57136.07421875,57291.53125,57366.41015625,57512.8515625,57531.88671875,57599.52734375,57650.8359375,57678.0859375,57576.515625,57370.41015625,57243.671875,57007.5390625,57152.7890625,57356.0625,57368.8125,57366.125,57467.60546875,57697.44921875,57735.41796875,57558.390625,57401.37890625,57178.875,57264.03515625,56986.953125,57320.5078125,57483.390625,57370.73046875,57362.6015625,57626.203125,57758.33984375,57704.63671875,57595.625,57528.03515625,57054.68359375,56712.96484375,57015.8984375,57126.67578125,57373.4609375,57483.80859375,57449.96875,57533.68359375,57704.91015625,57624.765625,57607.90234375,57520.7421875,57092.265625,56596.62890625,56799.95703125,57026.57421875,57197.734375,57401.36328125,57226.24609375,57479.47265625,57671.1328125,57735.9453125,57518.60546875,57260.36328125,57129.68359375,56917.53125,57148.0390625,57326.96484375,57268.33203125,57369.3125,57518.6953125,57519.57421875,57679.05078125,57713.640625,57776.65234375,57495.56640625,57102.578125,57148.484375,56824.84765625,57166.578125,57346.86328125,57422.0625,57351.7890625,57588.93359375,57642.33984375,57692.109375,57696.3125,57425.56640625,57290.5703125,57167.93359375,57173.5703125,57342.12890625,57344.2734375,57476.2578125,57434.54296875,57665.15625,57685.92578125,57639.40234375,57740.6796875,57541.88671875,57096.46484375,56971.2421875,57203.09375,57323.9140625,57328.953125,57442.33984375,57648.08203125,57615.58984375,57724.66796875,57726.53515625,57557.16015625,57512.68359375,57463.94921875,57019.26953125,57243.0390625,57016.80859375,57352.58203125,57554.9375,57504.3671875,57635.29296875,57682.49609375,57749.37890625,57584.84765625,57433.16796875,57466.359375,56915.515625,57058.0390625,57226.9921875,57409.60546875,57435.12109375,57434.92578125,57517.33984375,57621.80859375,57771.07421875,57596.21875,57412.89453125,57106.1953125,56985.6328125,56977.671875,57140.82421875,57494.34375,57411.625,57421.91015625,57591.69140625,57752.5859375,57823.5546875,57683.73046875,57548.1171875,57176.8515625,56960.62109375,57223.79296875,57233.3828125,57478.61328125,57580.41796875,57557.2890625,57674.20703125,57784.80859375,57767.546875,57671.41796875,57574.80078125,57220.171875
AS_391,102457.703125,102113.75,101510.84375,100996.578125,100533.1875,100199.0,99859.71875,100138.734375,100860.1171875,101524.796875,102111.8125,102170.78125,102071.75,102004.703125,101455.265625,101110.375,100593.6953125,100088.25,99949.6328125,100367.25,100899.84375,101508.0703125,102024.6796875,102681.8828125,102152.640625,102041.140625,101444.65625,100990.1796875,100737.328125,100060.8359375,99907.8203125,100337.171875,101074.890625,101474.984375,101972.7578125,102389.359375,102347.734375,101908.8046875,101703.0625,101107.546875,100639.46875,100077.3203125,100061.0625,100227.1875,100846.8046875,101639.71875,102008.015625,102578.71875,102331.28125,101834.2109375,101636.640625,100896.375,100548.6640625,100324.453125,100071.578125,100148.5703125,101001.578125,101825.140625,102053.7734375,102323.28125,102280.703125,102179.65625,101879.1640625,101001.921875,100403.9453125,99930.3359375,100021.078125,100236.390625,100905.5,101770.84375,101795.578125,102631.34375,102229.2578125,102351.15625,101461.03125,100828.828125,100742.34375,100132.5,99816.25,100207.8359375,101028.65625,101491.1328125,101756.796875,102509.296875,102674.0703125,101620.1328125,101428.9296875,101295.15625,100447.0390625,100142.0390625,99899.328125,100053.0625,100841.859375,101626.171875,102091.125,102159.25,102562.6015625,102468.765625,101464.078125,101016.53125,100454.40625,100125.8515625,99918.890625,100190.53125,100789.8359375,101540.0859375,102125.515625,102289.40625,102531.671875,101563.5390625,101519.7890625,101089.0625,100805.8125,99923.125,99924.609375,100239.453125,100803.421875,101354.390625,102192.375,102223.875,102264.03125,101720.953125,101687.5078125,101387.390625,100551.734375,100330.6015625,100068.203125,100371.34375,100813.640625,101626.625,101884.03125,101851.6875,102783.96875,101775.8984375,102033.671875,101118.4609375,100643.8125,100024.96875,99902.6875,100221.90625,100894.765625,101630.90625,101795.7421875,102625.265625,102400.625,102069.953125,101684.578125,100816.734375,100571.359375,99913.25,99870.46875,100149.1328125,101036.9453125,101506.609375,101746.359375,102275.6875,102309.53125,102027.0390625,101428.96875,101027.328125,100488.3125,100114.6953125,99892.578125,100046.046875,100961.640625,101620.65625,102000.5625,102321.578125,102182.484375,102080.84375,101615.578125,101165.859375,100620.0625,100130.7890625,100103.9375,100380.34375,100788.109375,101514.3125,101953.5625,102584.5703125,102338.9375,101977.5703125,101698.125,101187.2734375,100491.2578125,100123.546875,100116.15625,100306.921875,100927.40625,101573.6796875,101997.890625,102501.46875,102451.2421875,102348.09375,101670.9140625,100818.953125,100680.34375,100236.078125,100017.59375,100126.671875,100757.53125,101447.15625,101999.6875,102289.953125,102325.265625,102197.0390625,101728.8125,101031.578125,100770.9375,100269.3671875,100112.296875,100172.5,100787.375,101738.84375,102010.171875,102475.359375,102320.515625,102120.0390625,101502.9921875,101102.609375,100619.125,100149.921875,99930.34375,99993.8125,100944.078125,101734.21875,101976.890625,102567.1953125,102559.6328125,102173.671875,101546.828125,100973.34375,100761.625,100107.90625,99978.6875,100084.5859375,100990.5546875,101613.734375,102012.1171875,102365.8515625,102198.625,102086.796875,101442.3828125,101455.609375,100446.421875,100005.2890625,100039.203125,100102.8125,100890.546875,101718.421875,102100.796875,102524.171875
AS_410,89188.703125,89445.75,89332.84375,88919.578125,89248.1875,89277.0,89001.71875,89156.734375,89260.1171875,89543.796875,89675.8125,89449.78125,89568.75,89193.703125,89190.265625,89045.375,89128.6953125,89099.25,88920.6328125,89083.25,89207.84375,89555.0703125,89403.6796875,89040.8828125,89671.640625,89562.140625,89081.65625,88939.1796875,89154.328125,89220.8359375,89049.8203125,89032.171875,89354.890625,89484.984375,89619.7578125,89379.359375,89241.734375,88852.8046875,89090.0625,88986.546875,89313.46875,89157.3203125,89008.0625,89171.1875,89384.8046875,89430.71875,89716.015625,89430.71875,88676.28125,89357.2109375,89591.640625,89140.375,89054.6640625,89256.453125,89064.578125,89035.5703125,89472.578125,89622.140625,89448.7734375,89692.28125,89215.703125,88988.65625,89177.1640625,89242.921875,89168.9453125,89131.3359375,89005.078125,89047.390625,89320.5,89632.84375,89567.578125,89465.34375,89399.2578125,89011.15625,88915.03125,88998.828125,89270.34375,89239.5,89031.25,88963.8359375,89324.65625,89325.1328125,89615.796875,90002.296875,89744.0703125,89066.1328125,89185.9296875,89196.15625,89104.0390625,89081.0390625,89046.328125,88993.0625,89294.859375,89614.171875,89450.125,89499.25,89633.6015625,89738.765625,88946.078125,89134.53125,89187.40625,89143.8515625,88947.890625,88963.53125,89138.8359375,89646.0859375,89619.515625,89604.40625,89358.671875,88754.5390625,88961.7890625,89129.0625,89305.8125,89216.125,89023.609375,89155.453125,89301.421875,89401.390625,89490.375,89061.875,89121.03125,88842.953125,89269.5078125,89221.390625,89097.734375,88948.6015625,88955.203125,89052.34375,89206.640625,89359.625,89635.03125,89183.6875,89307.96875,89037.8984375,89484.671875,88857.4609375,89188.8125,89071.96875,88941.6875,89019.90625,89239.765625,89460.90625,89651.7421875,89585.265625,89024.625,89105.953125,89422.578125,89006.734375,89053.359375,89135.25,88932.46875,89136.1328125,89276.9453125,89406.609375,89514.359375,89128.6875,89084.53125,89132.0390625,88990.96875,89166.328125,89135.3125,89026.6953125,88977.578125,89065.046875,89230.640625,89656.65625,89457.5625,89747.578125,89471.484375,89460.84375,89101.578125,89081.859375,89126.0625,89147.7890625,88970.9375,89016.34375,89160.109375,89486.3125,89593.5625,89508.5703125,89326.9375,88920.5703125,89302.125,89209.2734375,89153.2578125,89099.546875,89114.15625,89202.921875,89325.40625,89445.6796875,89648.890625,90073.46875,89307.2421875,89607.09375,89025.9140625,89181.953125,89074.34375,89145.078125,88996.59375,89108.671875,89349.53125,89518.15625,89700.6875,89544.953125,89361.265625,89725.0390625,89096.8125,89288.578125,89167.9375,89214.3671875,89029.296875,89078.5,89321.375,89451.84375,89474.171875,89603.359375,89352.515625,89107.0390625,88990.9921875,89311.609375,89103.125,89008.921875,88924.34375,89080.8125,89386.078125,89597.21875,89564.890625,89298.1953125,88844.6328125,89338.671875,89207.828125,89195.34375,89226.625,89195.90625,88979.6875,89150.5859375,89298.5546875,89550.734375,89585.1171875,89281.8515625,89582.625,89316.796875,89141.3828125,89140.609375,89371.421875,89054.2890625,88984.203125,88981.8125,89363.546875,89594.421875,89711.796875,89555.171875
AS_413,79447.703125,79449.75,79543.84375,79592.578125,79558.1875,79437.0,79399.71875,79500.734375,79751.1171875,79815.796875,79803.8125,79693.78125,79454.75,79436.703125,79635.265625,79578.375,79643.6953125,79398.25,79321.6328125,79596.25,79745.84375,79817.0703125,79886.6796875,79840.8828125,79626.640625,79543.140625,79473.65625,79430.1796875,79567.328125,79389.8359375,79478.8203125,79553.171875,79986.890625,79961.984375,79902.7578125,79587.359375,79646.734375,79226.8046875,79487.0625,79570.546875,79614.46875,79486.3203125,79315.0625,79593.1875,79783.8046875,79984.71875,79699.015625,79881.71875,79419.28125,79609.2109375,79605.640625,79619.375,79672.6640625,79599.453125,79410.578125,79504.5703125,79953.578125,80047.140625,79802.7734375,79636.28125,79342.703125,79358.65625,79598.1640625,79761.921875,79487.9453125,79449.3359375,79417.078125,79437.390625,79849.5,80018.84375,79936.578125,79866.34375,79368.2578125,79676.15625,79607.03125,79618.828125,79714.34375,79547.5,79375.25,79557.8359375,79842.65625,79954.1328125,79722.796875,79741.296875,79897.0703125,79315.1328125,79492.9296875,79815.15625,79734.0390625,79416.0390625,79358.328125,79560.0625,79778.859375,80143.171875,79817.125,79587.25,79537.6015625,79629.765625,79564.078125,79518.53125,79602.40625,79425.8515625,79376.890625,79537.53125,79674.8359375,79983.0859375,80090.515625,79808.40625,79696.671875,79305.5390625,79491.7890625,79523.0625,79638.8125,79518.125,79308.609375,79602.453125,79759.421875,80029.390625,79824.375,79552.875,79559.03125,79180.953125,79652.5078125,79770.390625,79552.734375,79517.6015625,79424.203125,79687.34375,79827.640625,79886.625,79943.03125,79662.6875,79570.96875,79140.8984375,79764.671875,79735.4609375,79582.8125,79331.96875,79428.6875,79503.90625,79716.765625,79844.90625,79670.7421875,79830.265625,79444.625,79255.953125,79370.578125,79619.734375,79600.359375,79335.25,79329.46875,79546.1328125,79754.9453125,79954.609375,79639.359375,79559.6875,79424.53125,79506.0390625,79557.96875,79655.328125,79600.3125,79315.6953125,79267.578125,79530.046875,79740.640625,79995.65625,80021.5625,79743.578125,79516.484375,79400.84375,79565.578125,79660.859375,79605.0625,79575.7890625,79398.9375,79644.34375,79646.109375,79963.3125,79719.5625,79896.5703125,79538.9375,79495.5703125,79584.125,79734.2734375,79649.2578125,79492.546875,79466.15625,79667.921875,79881.40625,79964.6796875,79648.890625,79707.46875,79632.2421875,79980.09375,79531.9140625,79614.953125,79527.34375,79592.078125,79384.59375,79684.671875,79759.53125,79872.15625,79831.6875,79650.953125,79605.265625,79621.0390625,79591.8125,79748.578125,79803.9375,79531.3671875,79525.296875,79655.5,79771.375,79893.84375,79928.171875,79903.359375,79536.515625,79605.0390625,79411.9921875,79750.609375,79590.125,79464.921875,79283.34375,79566.8125,79945.078125,79965.21875,79797.890625,79724.1953125,79576.6328125,79348.671875,79575.828125,79563.34375,79718.625,79510.90625,79392.6875,79642.5859375,79836.5546875,80016.734375,79953.1171875,79689.8515625,80355.625,80526.796875,80562.3828125,80658.609375,80638.421875,80306.2890625,80260.203125,80284.8125,80647.546875,81008.421875,80808.796875,80773.171875
AS_42,86510.703125,86676.75,86504.84375,86498.578125,86376.1875,86257.0,86263.71875,86311.734375,86471.1171875,86874.796875,87102.8125,86831.78125,86956.75,86588.703125,86547.265625,86504.375,86314.6953125,86204.25,86190.6328125,86333.25,86549.84375,86817.0703125,86838.6796875,86836.8828125,86790.640625,86851.140625,86527.65625,86245.1796875,86397.328125,86262.8359375,86309.8203125,86186.171875,86646.890625,86858.984375,87085.7578125,86678.359375,86786.734375,86303.8046875,86379.0625,86489.546875,86662.46875,86283.3203125,86049.0625,86387.1875,86578.8046875,86759.71875,87031.015625,87000.71875,86446.28125,86600.2109375,86803.640625,86461.375,86341.6640625,86341.453125,86278.578125,86221.5703125,86764.578125,87057.140625,86807.7734375,86954.28125,86690.703125,86545.65625,86401.1640625,86670.921875,86496.9453125,86258.3359375,86206.078125,86282.390625,86531.5,86929.84375,87021.578125,86998.34375,86697.2578125,86553.15625,86450.03125,86392.828125,86602.34375,86434.5,86141.25,86361.8359375,86586.65625,86862.1328125,86839.796875,87019.296875,86984.0703125,86507.1328125,86415.9296875,86336.15625,86734.0390625,86190.0390625,86244.328125,86330.0625,86602.859375,87088.171875,86816.125,86863.25,86810.6015625,86991.765625,86478.078125,86503.53125,86321.40625,86182.8515625,86084.890625,86304.53125,86480.8359375,86995.0859375,87114.515625,86941.40625,86849.671875,86401.5390625,86367.7890625,86384.0625,86514.8125,86576.125,86062.609375,86337.453125,86523.421875,86958.390625,86799.375,86695.875,86775.03125,86402.953125,86647.5078125,86547.390625,86429.734375,86297.6015625,86195.203125,86448.34375,86628.640625,86742.625,87158.03125,86916.6875,86726.96875,86225.8984375,86711.671875,86338.4609375,86512.8125,86159.96875,86189.6875,86242.90625,86470.765625,86790.90625,86786.7421875,87102.265625,86519.625,86470.953125,86399.578125,86527.734375,86442.359375,86366.25,86219.46875,86247.1328125,86640.9453125,86938.609375,86966.359375,86759.6875,86589.53125,86709.0390625,86469.96875,86483.328125,86527.3125,86189.6953125,85996.578125,86263.046875,86380.640625,86903.65625,86949.5625,87074.578125,86929.484375,86870.84375,86471.578125,86592.859375,86536.0625,86313.7890625,86181.9375,86340.34375,86419.109375,86932.3125,86968.5625,87104.5703125,86786.9375,86486.5703125,86699.125,86446.2734375,86459.2578125,86284.546875,86288.15625,86472.921875,86854.40625,86869.6796875,86938.890625,87159.46875,86635.2421875,86982.09375,86427.9140625,86549.953125,86393.34375,86425.078125,86198.59375,86484.671875,86505.53125,86905.15625,87191.6875,86868.953125,86816.265625,86898.0390625,86551.8125,86711.578125,86472.9375,86293.3671875,86239.296875,86430.5,86720.375,86762.84375,86926.171875,87132.359375,86705.515625,86627.0390625,86461.9921875,86610.609375,86596.125,86274.921875,86026.34375,86270.8125,86711.078125,87117.21875,87074.890625,86822.1953125,86618.6328125,86662.671875,86410.828125,86512.34375,86638.625,86451.90625,86090.6875,86361.5859375,86624.5546875,86976.734375,87194.1171875,86867.8515625,86565.625,86445.796875,86381.3828125,86241.609375,86371.421875,86124.2890625,86082.203125,86006.8125,86569.546875,86945.421875,86854.796875,86931.171875
AS_44,101836.703125,101078.75,100380.84375,99952.578125,100036.1875,99770.0,99464.71875,100137.734375,100584.1171875,100891.796875,101512.8125,101407.78125,101478.75,101354.703125,100136.265625,100207.375,99805.6953125,99754.25,99686.6328125,100232.25,100751.84375,101074.0703125,100894.6796875,101574.8828125,100970.640625,100969.140625,100227.65625,100286.1796875,100206.328125,99930.8359375,99708.8203125,100116.171875,100712.890625,100755.984375,101012.7578125,101736.359375,101235.734375,101403.8046875,101160.0625,100392.546875,100389.46875,99779.3203125,100111.0625,99976.1875,100568.8046875,100620.71875,101532.015625,101137.71875,101301.28125,100620.2109375,100592.640625,100156.375,99677.6640625,99980.453125,99790.578125,100046.5703125,100657.578125,101085.140625,101176.7734375,101596.28125,101038.703125,101417.65625,100547.1640625,99985.921875,100048.9453125,99626.3359375,99783.078125,100023.390625,100794.5,100911.84375,100817.578125,101261.34375,101655.2578125,101341.15625,100304.03125,100153.828125,100236.34375,99826.5,99734.25,100049.8359375,100708.65625,101084.1328125,100956.796875,101663.296875,101481.0703125,100946.1328125,100579.9296875,100407.15625,99712.0390625,99877.0390625,99696.328125,99898.0625,100591.859375,100909.171875,101214.125,101089.25,101654.6015625,101093.765625,100733.078125,100323.53125,100019.40625,100137.8515625,99725.890625,100074.53125,100335.8359375,100761.0859375,101013.515625,101023.40625,101402.671875,100974.5390625,100705.7890625,100386.0625,99972.8125,99496.125,99622.609375,100005.453125,100470.421875,100629.390625,101477.375,101222.875,101153.03125,101275.953125,100928.5078125,100535.390625,100100.734375,99962.6015625,99782.203125,100106.34375,100549.640625,101067.625,100864.03125,100608.6875,101448.96875,101293.8984375,100671.671875,100125.4609375,100073.8125,99621.96875,99817.6875,100019.90625,100486.765625,100825.90625,101443.7421875,101608.265625,101748.625,101064.953125,100775.578125,100169.734375,100166.359375,100022.25,99754.46875,100183.1328125,100594.9453125,100817.609375,100852.359375,101342.6875,101612.53125,101299.0390625,100482.96875,100015.328125,99977.3125,99960.6953125,99516.578125,99606.046875,100667.640625,101140.65625,100513.5625,101125.578125,101432.484375,101919.84375,100870.578125,100650.859375,99707.0625,99875.7890625,99620.9375,100110.34375,100518.109375,101068.3125,100971.5625,100969.5703125,101403.9375,101100.5703125,100713.125,100453.2734375,99579.2578125,99760.546875,99797.15625,100086.921875,100602.40625,100586.6796875,101946.890625,101441.46875,101409.2421875,101243.09375,100908.9140625,100219.953125,99913.34375,99825.078125,99945.59375,99784.671875,100661.53125,101028.15625,101439.6875,101479.953125,101326.265625,101013.0390625,100806.8125,99916.578125,99963.9375,99817.3671875,99710.296875,99960.5,100275.375,101292.84375,100928.171875,101253.359375,101192.515625,101211.0390625,101029.9921875,100316.609375,100090.125,99746.921875,99942.34375,100097.8125,100435.078125,100754.21875,101346.890625,101513.1953125,101234.6328125,101233.671875,100409.828125,100212.34375,99691.625,99790.90625,99737.6875,99867.5859375,100687.5546875,101035.734375,101250.1171875,101433.8515625,101502.625,101346.796875,100458.3828125,100326.609375,99856.421875,99584.2890625,99898.203125,99829.8125,100414.546875,100792.421875,101172.796875,101170.171875
AS_444,101118.703125,100424.75,99671.84375,98972.578125,99073.1875,98810.0,98379.71875,99148.734375,99696.1171875,99940.796875,100565.8125,100668.78125,100765.75,100594.703125,99467.265625,99225.375,98642.6953125,98726.25,98529.6328125,99277.25,99794.84375,100183.0703125,100128.6796875,100934.8828125,100328.640625,100328.140625,99328.65625,99107.1796875,99236.328125,98865.8359375,98716.8203125,99166.171875,99733.890625,100052.984375,100280.7578125,101073.359375,100673.734375,100526.8046875,100427.0625,99373.546875,99275.46875,98651.3203125,98683.0625,98915.1875,99547.8046875,99773.71875,100634.015625,100435.71875,100617.28125,99826.2109375,99649.640625,99382.375,98569.6640625,99036.453125,98747.578125,99087.5703125,99598.578125,100128.140625,100296.7734375,100915.28125,100436.703125,100829.65625,99974.1640625,98895.921875,98973.9453125,98449.3359375,98658.078125,99141.390625,99760.5,99915.84375,99992.578125,100777.34375,100974.2578125,100552.15625,99571.03125,99217.828125,99156.34375,98619.5,98624.25,99067.8359375,99725.65625,100135.1328125,100031.796875,100837.296875,100826.0703125,99990.1328125,99970.9296875,99503.15625,98630.0390625,98755.0390625,98571.328125,98929.0625,99685.859375,100052.171875,100389.125,100383.25,100992.6015625,100509.765625,99753.078125,99175.53125,98840.40625,98995.8515625,98633.890625,99007.53125,99395.8359375,99733.0859375,100138.515625,100136.40625,100653.671875,100164.5390625,99889.7890625,99488.0625,98929.8125,98330.125,98609.609375,99009.453125,99433.421875,99870.390625,100548.375,100504.875,100517.03125,100524.953125,100053.5078125,99590.390625,99033.734375,98945.6015625,98761.203125,99072.34375,99685.640625,100150.625,99935.03125,99902.6875,100919.96875,100429.8984375,99984.671875,99312.4609375,98839.8125,98587.96875,98626.6875,99109.90625,99694.765625,99896.90625,100726.7421875,100961.265625,101037.625,100293.953125,99986.578125,98961.734375,99122.359375,98682.25,98624.46875,99116.1328125,99674.9453125,99858.609375,100117.359375,100621.6875,100854.53125,100554.0390625,99775.96875,99263.328125,98751.3125,98821.6953125,98361.578125,98638.046875,99607.640625,100281.65625,99861.5625,100382.578125,100574.484375,101082.84375,100126.578125,99799.859375,98851.0625,98895.7890625,98542.9375,99156.34375,99681.109375,100142.3125,100132.5625,100422.5703125,100737.9375,100303.5703125,99981.125,99447.2734375,98608.2578125,98649.546875,98887.15625,99040.921875,99739.40625,99754.6796875,101089.890625,100673.46875,100821.2421875,100380.09375,99914.9140625,99220.953125,98796.34375,98720.078125,98850.59375,99005.671875,99602.53125,100285.15625,100543.6875,100721.953125,100760.265625,100388.0390625,100180.8125,99053.578125,98914.9375,98884.3671875,98702.296875,98908.5,99265.375,100445.84375,100093.171875,100634.359375,100552.515625,100427.0390625,100143.9921875,99463.609375,99150.125,98559.921875,98783.34375,99234.8125,99377.078125,99904.21875,100428.890625,100756.1953125,100548.6328125,100539.671875,99675.828125,99357.34375,98665.625,98820.90625,98576.6875,98936.5859375,99745.5546875,100113.734375,100469.1171875,100604.8515625,100776.625,100662.796875,99655.3828125,99736.609375,98905.421875,98654.2890625,98849.203125,98816.8125,99452.546875,99916.421875,100503.796875,100490.171875
AS_455,101320.703125,100635.75,99874.84375,99173.578125,99226.1875,98983.0,98576.71875,99296.734375,99890.1171875,100211.796875,100806.8125,100860.78125,100984.75,100851.703125,99680.265625,99495.375,98861.6953125,98880.25,98742.6328125,99452.25,99991.84375,100384.0703125,100382.6796875,101162.8828125,100520.640625,100533.140625,99568.65625,99334.1796875,99431.328125,99000.8359375,98839.8203125,99303.171875,99933.890625,100230.984375,100466.7578125,101284.359375,100863.734375,100697.8046875,100612.0625,99600.546875,99506.46875,98842.3203125,98854.0625,99116.1875,99742.8046875,99994.71875,100831.015625,100670.71875,100814.28125,100010.2109375,99905.640625,99550.375,98821.6640625,99207.453125,98900.578125,99271.5703125,99818.578125,100350.140625,100540.7734375,101099.28125,100647.703125,101040.65625,100196.1640625,99116.921875,99160.9453125,98616.3359375,98796.078125,99278.390625,99980.5,100165.84375,100216.578125,100983.34375,101164.2578125,100790.15625,99747.03125,99407.828125,99388.34375,98778.5,98800.25,99254.8359375,99940.65625,100320.1328125,100267.796875,101053.296875,101025.0703125,100215.1328125,100131.9296875,99683.15625,98813.0390625,98945.0390625,98728.328125,99097.0625,99864.859375,100291.171875,100640.125,100579.25,101241.6015625,100732.765625,99944.078125,99401.53125,99008.40625,99162.8515625,98801.890625,99187.53125,99641.8359375,99961.0859375,100376.515625,100403.40625,100838.671875,100370.5390625,100088.7890625,99658.0625,99190.8125,98492.125,98765.609375,99194.453125,99652.421875,100032.390625,100768.375,100694.875,100760.03125,100723.953125,100278.5078125,99801.390625,99177.734375,99176.6015625,98935.203125,99261.34375,99860.640625,100368.625,100139.03125,100092.6875,101153.96875,100681.8984375,100208.671875,99493.4609375,99016.8125,98775.96875,98779.6875,99276.90625,99887.765625,100136.90625,100925.7421875,101182.265625,101218.625,100543.953125,100196.578125,99209.734375,99306.359375,98853.25,98788.46875,99321.1328125,99834.9453125,100085.609375,100263.359375,100841.6875,101060.53125,100788.0390625,100015.96875,99487.328125,98982.3125,98989.6953125,98545.578125,98828.046875,99836.640625,100473.65625,100081.5625,100583.578125,100787.484375,101262.84375,100302.578125,99981.859375,99010.0625,99008.7890625,98762.9375,99307.34375,99864.109375,100340.3125,100366.5625,100628.5703125,100943.9375,100501.5703125,100207.125,99665.2734375,98776.2578125,98830.546875,99052.15625,99171.921875,99909.40625,100019.6796875,101253.890625,100887.46875,101056.2421875,100590.09375,100146.9140625,99435.953125,99014.34375,98869.078125,99032.59375,99143.671875,99772.53125,100487.15625,100741.6875,100919.953125,100966.265625,100595.0390625,100362.8125,99284.578125,99155.9375,99059.3671875,98892.296875,99086.5,99486.375,100664.84375,100348.171875,100845.359375,100787.515625,100646.0390625,100366.9921875,99639.609375,99318.125,98749.921875,98966.34375,99340.8125,99594.078125,100145.21875,100682.890625,101041.1953125,100806.6328125,100785.671875,99872.828125,99589.34375,98884.625,98964.90625,98736.6875,99085.5859375,99960.5546875,100326.734375,100714.1171875,100831.8515625,100988.625,100868.796875,99901.3828125,99902.609375,99097.421875,98810.2890625,99036.203125,98987.8125,99603.546875,100193.421875,100732.796875,100772.171875
AS_459,101438.703125,100539.75,100287.84375,100273.578125,100244.1875,99820.0,99720.71875,100289.734375,100613.1171875,100245.796875,100940.8125,100690.78125,100812.75,100554.703125,100221.265625,100054.375,100043.6953125,99787.25,100003.6328125,100242.25,100268.84375,100850.0703125,100019.6796875,100730.8828125,100629.640625,100475.140625,99888.65625,100284.1796875,100193.328125,100164.8359375,100112.8203125,100426.171875,100234.890625,100774.984375,100343.7578125,100886.359375,100702.734375,101005.8046875,100799.0625,99995.546875,100114.46875,99779.3203125,100408.0625,99943.1875,100331.8046875,100225.71875,100947.015625,100349.71875,101131.28125,100543.2109375,100270.640625,99901.375,99907.6640625,99826.453125,99908.578125,99899.5703125,100273.578125,100507.140625,100422.7734375,101028.28125,100649.703125,100898.65625,99984.1640625,100477.921875,100336.9453125,99705.3359375,100045.078125,99946.390625,100419.5,100204.84375,100298.578125,100881.34375,100914.2578125,100669.15625,100256.03125,100614.828125,100126.34375,100238.5,99899.25,99960.8359375,100457.65625,100456.1328125,100336.796875,100975.296875,101042.0703125,100675.1328125,100532.9296875,100465.15625,100013.0390625,100009.0390625,99692.328125,99807.0625,100412.859375,100327.171875,100280.125,100676.25,100672.6015625,100516.765625,100760.078125,100400.53125,100421.40625,100161.8515625,99906.890625,100145.53125,99727.8359375,100378.0859375,100270.515625,100228.40625,101198.671875,100660.5390625,100352.7890625,100056.0625,99777.8125,100047.125,99965.609375,100019.453125,100233.421875,100175.390625,100889.375,100732.875,100524.03125,100770.953125,100469.5078125,100589.390625,100552.734375,99872.6015625,100131.203125,99953.34375,100057.640625,100711.625,100420.03125,100286.6875,100714.96875,100656.8984375,100050.671875,100188.4609375,100360.8125,99713.96875,99940.6875,99898.90625,100216.765625,100217.90625,100783.7421875,101031.265625,101057.625,100661.953125,100596.578125,99958.734375,100438.359375,100126.25,100125.46875,99924.1328125,100817.9453125,100421.609375,100664.359375,100672.6875,101158.53125,100716.0390625,99692.96875,99978.328125,100338.3125,100028.6953125,99837.578125,99767.046875,100151.640625,100789.65625,100138.5625,100497.578125,100745.484375,101140.84375,100352.578125,100274.859375,100089.0625,100126.7890625,99620.9375,100203.34375,100411.109375,100528.3125,100335.5625,100261.5703125,100709.9375,100939.5703125,100580.125,100394.2734375,99682.2578125,100084.546875,99885.15625,100470.921875,100483.40625,99911.6796875,101463.890625,100722.46875,100751.2421875,100802.09375,100738.9140625,100237.953125,99929.34375,100244.078125,100051.59375,99932.671875,100763.53125,100049.15625,100868.6875,100696.953125,100743.265625,100459.0390625,100555.8125,100011.578125,99863.9375,100039.3671875,99628.296875,100108.5,99935.375,100678.84375,100312.171875,100548.359375,100554.515625,100731.0390625,100469.9921875,99937.609375,100188.125,99983.921875,100150.34375,100263.8125,100137.078125,100412.21875,100695.890625,100438.1953125,100434.6328125,100394.671875,100319.828125,99991.34375,99782.625,100223.90625,100015.6875,100357.5859375,100135.5546875,100580.734375,100109.1171875,100609.8515625,100882.625,101136.796875,100176.3828125,100450.609375,99919.421875,100091.2890625,100083.203125,100150.8125,100810.546875,100433.421875,100363.796875,100289.171875
AS_46,67849.703125,67775.75,68021.84375,68223.578125,68460.1875,68308.0,68364.71875,68501.734375,68597.1171875,68512.796875,68260.8125,68241.78125,67810.75,67889.703125,68131.265625,68180.375,68473.6953125,68380.25,68366.6328125,68582.25,68596.84375,68623.0703125,68494.6796875,68210.8828125,68135.640625,68088.140625,68078.65625,68026.1796875,68368.328125,68378.8359375,68432.8203125,68613.171875,68740.890625,68611.984375,68473.7578125,68048.359375,68151.734375,67829.8046875,67940.0625,68149.546875,68283.46875,68378.3203125,68374.0625,68504.1875,68624.8046875,68697.71875,68296.015625,68284.71875,67862.28125,68015.2109375,68134.640625,68345.375,68426.6640625,68448.453125,68425.578125,68470.5703125,68713.578125,68721.140625,68524.7734375,68172.28125,67809.703125,67686.65625,68162.1640625,68384.921875,68230.9453125,68356.3359375,68458.078125,68428.390625,68734.5,68729.84375,68355.578125,68233.34375,67853.2578125,68079.15625,68044.03125,68210.828125,68466.34375,68446.5,68388.25,68552.8359375,68683.65625,68804.1328125,68371.796875,68311.296875,68282.0703125,67959.1328125,67966.9296875,68399.15625,68478.0390625,68390.0390625,68344.328125,68517.0625,68591.859375,68657.171875,68549.125,68075.25,67740.6015625,67969.765625,68175.078125,68209.53125,68406.40625,68407.8515625,68370.890625,68495.53125,68606.8359375,68715.0859375,68517.515625,68231.40625,68139.671875,67791.5390625,68051.7890625,68236.0625,68394.8125,68345.125,68344.609375,68604.453125,68628.421875,68680.390625,68333.375,68037.875,68065.03125,67694.953125,68093.5078125,68263.390625,68236.734375,68417.6015625,68498.203125,68628.34375,68579.640625,68661.625,68540.03125,68027.6875,67751.96875,67736.8984375,68094.671875,68385.4609375,68398.8125,68315.96875,68437.6875,68526.90625,68533.765625,68610.90625,68415.7421875,68225.265625,67720.625,67615.953125,67948.578125,68156.734375,68372.359375,68258.25,68352.46875,68551.1328125,68635.9453125,68585.609375,68120.359375,67958.6875,67980.53125,67913.0390625,68242.96875,68196.328125,68377.3125,68283.6953125,68304.578125,68472.046875,68677.640625,68761.65625,68507.5625,68220.578125,68152.484375,67721.84375,68118.578125,68305.859375,68334.0625,68383.7890625,68449.9375,68564.34375,68608.109375,68703.3125,68320.5625,68318.5703125,68149.9375,67955.5703125,68154.125,68382.2734375,68360.2578125,68365.546875,68529.15625,68617.921875,68642.40625,68755.6796875,68384.890625,68282.46875,67954.2421875,68236.09375,68147.9140625,68213.953125,68335.34375,68529.078125,68429.59375,68578.671875,68751.53125,68563.15625,68465.6875,68364.953125,68079.265625,68166.0390625,68047.8125,68290.578125,68586.9375,68467.3671875,68543.296875,68561.5,68684.375,68715.84375,68466.171875,68367.359375,67790.515625,67959.0390625,68261.9921875,68386.609375,68422.125,68419.921875,68365.34375,68556.8125,68719.078125,68696.21875,68409.890625,68152.1953125,68096.6328125,67818.671875,68157.828125,68330.34375,68435.625,68409.90625,68464.6875,68643.5859375,68800.5546875,68738.734375,68466.1171875,68281.8515625,67803.625,68080.796875,67972.3828125,68375.609375,68317.421875,68284.2890625,68329.203125,68348.8125,68469.546875,68530.421875,68331.796875,67959.171875
AS_465,102251.703125,101930.75,101342.84375,100842.578125,100386.1875,100056.0,99721.71875,99983.734375,100699.1171875,101342.796875,101926.8125,101992.78125,101878.75,101819.703125,101292.265625,100936.375,100444.6953125,99946.25,99802.6328125,100200.25,100701.84375,101329.0703125,101843.6796875,102494.8828125,101978.640625,101865.140625,101278.65625,100817.1796875,100573.328125,99914.8359375,99755.8203125,100176.171875,100904.890625,101307.984375,101794.7578125,102198.359375,102167.734375,101725.8046875,101525.0625,100941.546875,100466.46875,99940.3203125,99931.0625,100069.1875,100676.8046875,101467.71875,101818.015625,102388.71875,102148.28125,101661.2109375,101464.640625,100735.375,100400.6640625,100172.453125,99938.578125,99990.5703125,100826.578125,101646.140625,101880.7734375,102138.28125,102090.703125,101979.65625,101700.1640625,100858.921875,100232.9453125,99787.3359375,99899.078125,100074.390625,100735.5,101588.84375,101614.578125,102440.34375,102040.2578125,102157.15625,101297.03125,100674.828125,100591.34375,100001.5,99678.25,100058.8359375,100844.65625,101319.1328125,101584.796875,102319.296875,102494.0703125,101445.1328125,101258.9296875,101142.15625,100312.0390625,99989.0390625,99766.328125,99885.0625,100676.859375,101443.171875,101903.125,101973.25,102360.6015625,102288.765625,101290.078125,100853.53125,100303.40625,99968.8515625,99777.890625,100035.53125,100608.8359375,101358.0859375,101947.515625,102104.40625,102351.671875,101376.5390625,101342.7890625,100919.0625,100647.8125,99782.125,99792.609375,100077.453125,100619.421875,101179.390625,102004.375,102038.875,102075.03125,101533.953125,101513.5078125,101214.390625,100387.734375,100174.6015625,99930.203125,100216.34375,100632.640625,101447.625,101714.03125,101679.6875,102588.96875,101591.8984375,101861.671875,100965.4609375,100493.8125,99881.96875,99761.6875,100073.90625,100702.765625,101447.90625,101600.7421875,102431.265625,102205.625,101867.953125,101503.578125,100657.734375,100405.359375,99750.25,99736.46875,99989.1328125,100862.9453125,101342.609375,101568.359375,102080.6875,102122.53125,101831.0390625,101255.96875,100863.328125,100337.3125,99964.6953125,99772.578125,99892.046875,100777.640625,101440.65625,101819.5625,102141.578125,102011.484375,101884.84375,101450.578125,100994.859375,100459.0625,99960.7890625,99955.9375,100214.34375,100618.109375,101330.3125,101769.5625,102399.5703125,102146.9375,101796.5703125,101518.125,101018.2734375,100332.2578125,99971.546875,99968.15625,100167.921875,100746.40625,101395.6796875,101808.890625,102313.46875,102259.2421875,102182.09375,101494.9140625,100658.953125,100526.34375,100093.078125,99884.59375,99964.671875,100591.53125,101252.15625,101816.6875,102110.953125,102133.265625,102024.0390625,101553.8125,100876.578125,100622.9375,100122.3671875,99987.296875,100026.5,100611.375,101546.84375,101828.171875,102292.359375,102128.515625,101937.0390625,101332.9921875,100954.609375,100464.125,100010.921875,99781.34375,99832.8125,100763.078125,101567.21875,101799.890625,102365.1953125,102377.6328125,101979.671875,101373.828125,100817.34375,100596.625,99947.90625,99837.6875,99919.5859375,100816.5546875,101433.734375,101832.1171875,102187.8515625,102098.625,101990.796875,101353.3828125,101376.609375,100371.421875,99939.2890625,99962.203125,100035.8125,100808.546875,101622.421875,101995.796875,102417.171875
AS_473,57955.69921875,57666.75,58058.84375,58405.57421875,58507.18359375,58402.99609375,58398.71484375,58486.734375,58520.1171875,58590.79296875,58339.80859375,58358.78515625,57999.75,58031.69921875,58193.265625,58448.375,58392.6953125,58335.25,58464.6328125,58534.24609375,58585.84375,58562.0703125,58550.6796875,58328.8828125,57996.64453125,58222.13671875,58368.65234375,58455.1796875,58456.328125,58433.8359375,58360.8203125,58537.16796875,58588.88671875,58564.98046875,58530.7578125,58235.35546875,58261.734375,58101.8046875,58236.0625,58563.546875,58420.47265625,58347.3203125,58546.0625,58572.18359375,58613.8046875,58642.72265625,58443.01171875,58215.71484375,57973.27734375,58252.2109375,58488.640625,58385.375,58438.6640625,58354.45703125,58375.57421875,58484.5703125,58688.578125,58627.140625,58514.7734375,58423.28515625,57908.703125,57977.65625,58369.1640625,58502.91796875,58438.9453125,58446.3359375,58469.07421875,58460.390625,58694.5,58585.83984375,58363.57421875,58211.34375,58235.2578125,58502.15234375,58271.02734375,58419.83203125,58554.33984375,58448.49609375,58469.24609375,58565.8359375,58673.65625,58678.1328125,58384.796875,58402.296875,58214.0703125,58006.1328125,58333.9296875,58665.15234375,58517.0390625,58455.0390625,58385.32421875,58512.05859375,58523.85546875,58606.17578125,58539.125,58222.25390625,57790.6015625,57948.76171875,58321.07421875,58445.53125,58382.41015625,58399.8515625,58407.88671875,58482.52734375,58573.8359375,58676.0859375,58635.515625,58461.41015625,58347.671875,58166.5390625,58332.7890625,58527.0625,58431.8125,58436.125,58410.60546875,58583.44921875,58640.41796875,58609.390625,58520.37890625,58275.875,58378.03515625,58161.953125,58542.5078125,58639.390625,58494.73046875,58449.6015625,58559.203125,58655.33984375,58623.63671875,58505.625,58494.03515625,58014.68359375,57909.96484375,58068.8984375,58315.67578125,58461.4609375,58520.80859375,58349.96875,58447.68359375,58553.91015625,58541.765625,58565.90234375,58502.7421875,58162.265625,57699.62890625,57876.95703125,58181.57421875,58334.734375,58471.36328125,58304.24609375,58378.47265625,58555.1328125,58667.9453125,58523.60546875,58269.36328125,58214.68359375,58029.53125,58188.0390625,58504.96484375,58415.33203125,58469.3125,58458.6953125,58438.57421875,58560.05078125,58607.640625,58639.65234375,58477.56640625,58112.578125,58219.484375,57895.84765625,58319.578125,58515.86328125,58548.0625,58425.7890625,58491.93359375,58544.33984375,58598.109375,58702.3125,58564.56640625,58342.5703125,58152.93359375,58290.5703125,58431.12890625,58466.2734375,58624.2578125,58479.54296875,58536.15625,58595.92578125,58658.40234375,58687.6796875,58566.88671875,58199.46484375,58079.2421875,58360.09375,58492.9140625,58500.953125,58461.33984375,58567.08203125,58509.58984375,58594.66796875,58623.53515625,58550.16015625,58549.68359375,58498.94921875,58051.26953125,58390.0390625,58183.80859375,58527.58203125,58545.9375,58464.3671875,58523.29296875,58580.49609375,58683.37890625,58590.84765625,58414.16796875,58471.359375,58118.515625,58244.0390625,58391.9921875,58465.60546875,58507.12109375,58408.92578125,58415.33984375,58508.80859375,58703.07421875,58572.21875,58498.89453125,58157.1953125,58004.6328125,58026.671875,58269.82421875,58620.34375,58556.625,58520.91015625,58472.69140625,58623.5859375,58734.5546875,58657.73046875,58572.1171875,58267.8515625,57942.62109375,58316.79296875,58291.3828125,58527.61328125,58564.41796875,58508.2890625,58567.20703125,58615.80859375,58681.546875,58627.41796875,58540.80078125,58294.171875
AS_501,101606.703125,100739.75,100237.84375,99996.578125,100085.1875,99696.0,99487.71875,100162.734375,100550.1171875,100403.796875,101076.8125,100931.78125,101112.75,100692.703125,100068.265625,99996.375,99750.6953125,99686.25,99814.6328125,100194.25,100412.84375,100884.0703125,100275.6796875,101021.8828125,100768.640625,100588.140625,99941.65625,100195.1796875,100059.328125,100007.8359375,99861.8203125,100235.171875,100404.890625,100702.984375,100609.7578125,101235.359375,100893.734375,101173.8046875,100883.0625,100034.546875,100106.46875,99691.3203125,100141.0625,99913.1875,100363.8046875,100293.71875,101150.015625,100647.71875,101184.28125,100485.2109375,100317.640625,99922.375,99627.6640625,99814.453125,99770.578125,99889.5703125,100406.578125,100665.140625,100644.7734375,101234.28125,100776.703125,101037.65625,100177.1640625,100153.921875,100080.9453125,99570.3359375,99877.078125,99930.390625,100533.5,100454.84375,100384.578125,101064.34375,101235.2578125,100856.15625,100192.03125,100331.828125,100060.34375,99997.5,99704.25,99939.8359375,100527.65625,100669.1328125,100544.796875,101201.296875,101161.0703125,100701.1328125,100448.9296875,100390.15625,99802.0390625,99831.0390625,99549.328125,99759.0625,100439.859375,100521.171875,100598.125,100790.25,100983.6015625,100692.765625,100683.078125,100237.53125,100191.40625,100070.8515625,99748.890625,100050.53125,99899.8359375,100467.0859375,100516.515625,100541.40625,101277.671875,100708.5390625,100412.7890625,100160.0625,99723.8125,99735.125,99719.609375,99903.453125,100253.421875,100317.390625,101084.375,100966.875,100736.03125,100921.953125,100532.5078125,100453.390625,100272.734375,99801.6015625,99877.203125,99954.34375,100214.640625,100775.625,100553.03125,100341.6875,101063.96875,100848.8984375,100211.671875,100044.4609375,100104.8125,99610.96875,99801.6875,99871.90625,100276.765625,100405.90625,100999.7421875,101225.265625,101421.625,100706.953125,100574.578125,99990.734375,100197.359375,99997.25,99907.46875,99986.1328125,100679.9453125,100489.609375,100697.359375,100910.6875,101370.53125,100919.0390625,99914.96875,99903.328125,100065.3125,99913.6953125,99664.578125,99655.046875,100297.640625,100862.65625,100225.5625,100824.578125,100995.484375,101430.84375,100524.578125,100369.859375,99832.0625,99942.7890625,99509.9375,100131.34375,100376.109375,100677.3125,100551.5625,100569.5703125,100983.9375,100950.5703125,100495.125,100320.2734375,99554.2578125,99841.546875,99787.15625,100296.921875,100465.40625,100061.6796875,101636.890625,100998.46875,100922.2421875,100889.09375,100730.9140625,100124.953125,99869.34375,99981.078125,99906.59375,99870.671875,100682.53125,100335.15625,101052.6875,101005.953125,100919.265625,100649.0390625,100641.8125,99825.578125,99747.9375,99836.3671875,99550.296875,99946.5,99992.375,100852.84375,100473.171875,100841.359375,100742.515625,100852.0390625,100557.9921875,99989.609375,100075.125,99774.921875,99972.34375,100165.8125,100189.078125,100452.21875,100909.890625,100819.1953125,100730.6328125,100590.671875,100280.828125,99990.34375,99584.625,99983.90625,99779.6875,100122.5859375,100279.5546875,100708.734375,100512.1171875,100910.8515625,101419.625,101482.796875,100480.3828125,100620.609375,100002.421875,100067.2890625,100139.203125,100230.8125,100928.546875,100762.421875,100894.796875,100810.171875
AS_502,102603.703125,102180.75,101508.84375,100891.578125,100479.1875,100190.0,99900.71875,100241.734375,100943.1171875,101638.796875,102189.8125,102179.78125,102134.75,102106.703125,101381.265625,101152.375,100501.6953125,100091.25,99982.6328125,100476.25,101127.84375,101626.0703125,102035.6796875,102733.8828125,102068.640625,102104.140625,101380.65625,100984.1796875,100714.328125,100111.8359375,99907.8203125,100360.171875,101156.890625,101506.984375,101956.7578125,102498.359375,102360.734375,101999.8046875,101817.0625,101093.546875,100734.46875,100082.3203125,100032.0625,100357.1875,100956.8046875,101594.71875,102134.015625,102504.71875,102325.28125,101785.2109375,101625.640625,100917.375,100454.6640625,100327.453125,99994.578125,100298.5703125,101089.578125,101877.140625,102031.7734375,102404.28125,102337.703125,102316.65625,101843.1640625,100913.921875,100490.9453125,99877.3359375,100032.078125,100249.390625,101097.5,101849.84375,101780.578125,102598.34375,102343.2578125,102435.15625,101339.03125,100743.828125,100716.34375,100032.5,99903.25,100304.8359375,101174.65625,101516.1328125,101715.796875,102528.296875,102610.0703125,101735.1328125,101481.9296875,101201.15625,100302.0390625,100192.0390625,99894.328125,100171.0625,100902.859375,101727.171875,102172.125,102158.25,102654.6015625,102445.765625,101511.078125,100970.53125,100372.40625,100186.8515625,99904.890625,100219.53125,100957.8359375,101524.0859375,102027.515625,102211.40625,102449.671875,101695.5390625,101597.7890625,101120.0625,100797.8125,99828.125,99937.609375,100379.453125,100999.421875,101359.390625,102229.375,102206.875,102312.03125,101814.953125,101743.5078125,101434.390625,100543.734375,100351.6015625,100075.203125,100367.34375,100946.640625,101687.625,101793.03125,101725.6875,102809.96875,101936.8984375,101956.671875,101064.4609375,100577.8125,99996.96875,99878.6875,100246.90625,101053.765625,101714.90625,101955.7421875,102675.265625,102489.625,102210.953125,101735.578125,100725.734375,100601.359375,99973.25,99849.46875,100281.1328125,101076.9453125,101520.609375,101760.359375,102322.6875,102367.53125,102197.0390625,101481.96875,101016.328125,100487.3125,100206.6953125,99770.578125,100106.046875,101082.640625,101755.65625,101937.5625,102236.578125,102199.484375,102304.84375,101648.578125,101255.859375,100524.0625,100144.7890625,100083.9375,100427.34375,100951.109375,101602.3125,101977.5625,102479.5703125,102387.9375,102048.5703125,101782.125,101183.2734375,100491.2578125,100091.546875,100111.15625,100339.921875,101044.40625,101616.6796875,102100.890625,102445.46875,102497.2421875,102229.09375,101734.9140625,100835.953125,100684.34375,100171.078125,100027.59375,100223.671875,100892.53125,101621.15625,102036.6875,102342.953125,102438.265625,102215.0390625,101777.8125,100908.578125,100672.9375,100301.3671875,100048.296875,100192.5,100864.375,101902.84375,102067.171875,102439.359375,102381.515625,102102.0390625,101564.9921875,101066.609375,100626.125,100121.921875,100034.34375,100097.8125,101017.078125,101748.21875,102029.890625,102678.1953125,102577.6328125,102275.671875,101507.828125,101034.34375,100729.625,100106.90625,99958.6875,100193.5859375,101140.5546875,101689.734375,102058.1171875,102379.8515625,102347.625,102235.796875,101586.3828125,101539.609375,100464.421875,100122.2890625,100193.203125,100166.8125,100950.546875,101918.421875,102330.796875,102654.171875
AS_506,71960.703125,71859.75,72044.84375,72162.578125,72287.1875,72106.0,72088.71875,72298.734375,72478.1171875,72482.796875,72344.8125,72424.78125,71966.75,71971.703125,72159.265625,72124.375,72352.6953125,72178.25,72117.6328125,72379.25,72459.84375,72566.0703125,72538.6796875,72333.8828125,72273.640625,72142.140625,72105.65625,71927.1796875,72239.328125,72171.8359375,72205.8203125,72398.171875,72617.890625,72570.984375,72539.7578125,72145.359375,72262.734375,71870.8046875,71949.0625,72067.546875,72138.46875,72175.3203125,72155.0625,72297.1875,72490.8046875,72674.71875,72330.015625,72383.71875,72019.28125,72125.2109375,72143.640625,72244.375,72299.6640625,72257.453125,72218.578125,72263.5703125,72598.578125,72695.140625,72587.7734375,72245.28125,71898.703125,71741.65625,72155.1640625,72314.921875,72065.9453125,72148.3359375,72238.078125,72227.390625,72606.5,72719.84375,72423.578125,72345.34375,71913.2578125,72134.15625,72062.03125,72152.828125,72323.34375,72235.5,72129.25,72313.8359375,72557.65625,72762.1328125,72400.796875,72427.296875,72432.0703125,72007.1328125,71948.9296875,72331.15625,72312.0390625,72219.0390625,72124.328125,72296.0625,72457.859375,72640.171875,72604.125,72158.25,71857.6015625,72145.765625,72174.078125,72123.53125,72233.40625,72201.8515625,72135.890625,72314.53125,72470.8359375,72690.0859375,72587.515625,72335.40625,72254.671875,71821.5390625,72062.7890625,72124.0625,72260.8125,72139.125,72124.609375,72423.453125,72489.421875,72653.390625,72381.375,72137.875,72144.03125,71738.953125,72102.5078125,72210.390625,72072.734375,72238.6015625,72265.203125,72404.34375,72411.640625,72623.625,72589.03125,72142.6875,71893.96875,71758.8984375,72135.671875,72305.4609375,72266.8125,72106.96875,72212.6875,72315.90625,72417.765625,72567.90625,72469.7421875,72326.265625,71840.625,71684.953125,71969.578125,72095.734375,72214.359375,72038.25,72127.46875,72340.1328125,72501.9453125,72555.609375,72182.359375,72071.6875,72093.53125,71963.0390625,72215.96875,72102.328125,72236.3125,72048.6953125,72081.578125,72220.046875,72560.640625,72732.65625,72583.5625,72326.578125,72260.484375,71768.84375,72117.578125,72221.859375,72199.0625,72193.7890625,72223.9375,72372.34375,72469.109375,72660.3125,72360.5625,72413.5703125,72253.9375,72015.5703125,72154.125,72320.2734375,72213.2578125,72168.546875,72327.15625,72409.921875,72515.40625,72706.6796875,72395.890625,72394.46875,72094.2421875,72339.09375,72170.9140625,72138.953125,72197.34375,72331.078125,72192.59375,72328.671875,72630.53125,72521.15625,72506.6875,72428.953125,72176.265625,72222.0390625,72081.8125,72205.578125,72463.9375,72290.3671875,72282.296875,72354.5,72551.375,72689.84375,72536.171875,72451.359375,71909.515625,72059.0390625,72233.9921875,72326.609375,72260.125,72220.921875,72130.34375,72334.8125,72602.078125,72684.21875,72532.890625,72305.1953125,72241.6328125,71879.671875,72171.828125,72231.34375,72301.625,72215.90625,72270.6875,72439.5859375,72673.5546875,72705.734375,72496.1171875,72401.8515625,72060.625,72322.796875,72136.3828125,72490.609375,72357.421875,72266.2890625,72278.203125,72318.8125,72497.546875,72685.421875,72545.796875,72247.171875
AS_530,101166.703125,100308.75,99954.84375,99760.578125,99719.1875,99345.0,99217.71875,99805.734375,100171.1171875,99933.796875,100620.8125,100451.78125,100652.75,100245.703125,99848.265625,99628.375,99468.6953125,99361.25,99493.6328125,99784.25,99879.84375,100453.0703125,99717.6796875,100586.8828125,100412.640625,100166.140625,99518.65625,99806.1796875,99722.328125,99706.8359375,99598.8203125,99972.171875,99880.890625,100435.984375,100150.7578125,100742.359375,100502.734375,100708.8046875,100495.0625,99544.546875,99660.46875,99302.3203125,99786.0625,99530.1875,99925.8046875,99867.71875,100682.015625,100116.71875,100838.28125,100199.2109375,99927.640625,99522.375,99364.6640625,99418.453125,99431.578125,99522.5703125,99873.578125,100158.140625,100130.7734375,100850.28125,100400.703125,100715.65625,99772.1640625,99965.921875,99824.9453125,99213.3359375,99554.078125,99494.390625,100051.5,99852.84375,99980.578125,100754.34375,100744.2578125,100392.15625,99964.03125,100097.828125,99668.34375,99691.5,99407.25,99498.8359375,100044.65625,100090.1328125,100021.796875,100675.296875,100738.0703125,100290.1328125,100240.9296875,100038.15625,99492.0390625,99494.0390625,99166.328125,99398.0625,100001.859375,100023.171875,100021.125,100399.25,100436.6015625,100307.765625,100362.078125,99866.53125,99941.40625,99724.8515625,99384.890625,99663.53125,99408.8359375,100015.0859375,100015.515625,99997.40625,100890.671875,100344.5390625,100054.7890625,99715.0625,99268.8125,99503.125,99420.609375,99580.453125,99809.421875,99864.390625,100548.375,100545.875,100334.03125,100471.953125,100138.5078125,100136.390625,100023.734375,99388.6015625,99646.203125,99555.34375,99770.640625,100317.625,100108.03125,100014.6875,100625.96875,100358.8984375,99741.671875,99799.4609375,99813.8125,99257.96875,99435.6875,99470.90625,99835.765625,99865.90625,100561.7421875,100837.265625,100894.625,100288.953125,100201.578125,99444.734375,99914.359375,99591.25,99622.46875,99442.1328125,100342.9453125,100028.609375,100374.359375,100456.6875,100920.53125,100494.0390625,99476.96875,99674.328125,99810.3125,99556.6953125,99284.578125,99359.046875,99721.640625,100451.65625,99837.5625,100368.578125,100498.484375,100936.84375,100104.578125,99945.859375,99617.0625,99672.7890625,99097.9375,99757.34375,99990.109375,100203.3125,100109.5625,100150.5703125,100515.9375,100628.5703125,100175.125,99956.2734375,99233.2578125,99547.546875,99476.15625,99999.921875,100123.40625,99658.6796875,101120.890625,100494.46875,100494.2421875,100441.09375,100357.9140625,99760.953125,99454.34375,99693.078125,99529.59375,99547.671875,100325.53125,99815.15625,100576.6875,100466.953125,100483.265625,100288.0390625,100269.8125,99539.578125,99352.9375,99560.3671875,99160.296875,99620.5,99499.375,100350.84375,100018.171875,100421.359375,100312.515625,100429.0390625,100116.9921875,99569.609375,99706.125,99499.921875,99650.34375,99867.8125,99726.078125,100051.21875,100385.890625,100273.1953125,100256.6328125,100102.671875,99961.828125,99591.34375,99290.625,99778.90625,99469.6875,99857.5859375,99770.5546875,100195.734375,99927.1171875,100380.8515625,100715.625,100901.796875,99869.3828125,100203.609375,99513.421875,99739.2890625,99664.203125,99771.8125,100438.546875,100154.421875,100221.796875,100136.171875
AS_538,102490.703125,102166.75,101570.84375,101040.578125,100586.1875,100268.0,99930.71875,100171.734375,100893.1171875,101554.796875,102141.8125,102215.78125,102108.75,102044.703125,101503.265625,101155.375,100631.6953125,100144.25,100018.6328125,100418.25,100956.84375,101558.0703125,102072.6796875,102702.8828125,102194.640625,102097.140625,101497.65625,101042.1796875,100772.328125,100121.8359375,99957.8203125,100379.171875,101110.890625,101519.984375,102023.7578125,102415.359375,102401.734375,101951.8046875,101757.0625,101147.546875,100690.46875,100135.3203125,100122.0625,100266.1875,100896.8046875,101672.71875,102051.015625,102617.71875,102376.28125,101886.2109375,101691.640625,100958.375,100593.6640625,100376.453125,100136.578125,100177.5703125,101046.578125,101861.140625,102096.7734375,102360.28125,102330.703125,102217.65625,101933.1640625,101058.921875,100466.9453125,99997.3359375,100086.078125,100278.390625,100939.5,101803.84375,101837.578125,102671.34375,102261.2578125,102404.15625,101513.03125,100881.828125,100798.34375,100192.5,99874.25,100261.8359375,101081.65625,101535.1328125,101792.796875,102555.296875,102710.0703125,101684.1328125,101477.9296875,101339.15625,100502.0390625,100207.0390625,99961.328125,100097.0625,100862.859375,101663.171875,102144.125,102191.25,102583.6015625,102513.765625,101524.078125,101067.53125,100498.40625,100185.8515625,99965.890625,100242.53125,100822.8359375,101577.0859375,102165.515625,102333.40625,102574.671875,101608.5390625,101579.7890625,101149.0625,100857.8125,99982.125,99987.609375,100278.453125,100850.421875,101406.390625,102222.375,102270.875,102308.03125,101756.953125,101732.5078125,101443.390625,100603.734375,100386.6015625,100137.203125,100420.34375,100858.640625,101662.625,101929.03125,101893.6875,102818.96875,101830.8984375,102076.671875,101169.4609375,100690.8125,100079.96875,99957.6875,100259.90625,100945.765625,101678.90625,101839.7421875,102665.265625,102434.625,102117.953125,101730.578125,100870.734375,100623.359375,99980.25,99939.46875,100166.1328125,101080.9453125,101547.609375,101798.359375,102319.6875,102357.53125,102073.0390625,101488.96875,101084.328125,100541.3125,100182.6953125,99975.578125,100104.046875,101011.640625,101664.65625,102035.5625,102361.578125,102242.484375,102115.84375,101670.578125,101211.859375,100675.0625,100179.7890625,100154.9375,100419.34375,100823.109375,101569.3125,101992.5625,102633.5703125,102393.9375,102036.5703125,101758.125,101237.2734375,100541.2578125,100180.546875,100159.15625,100342.921875,100983.40625,101623.6796875,102035.890625,102541.46875,102486.2421875,102394.09375,101731.9140625,100866.953125,100723.34375,100292.078125,100082.59375,100167.671875,100800.53125,101477.15625,102036.6875,102335.953125,102367.265625,102244.0390625,101776.8125,101076.578125,100807.9375,100324.3671875,100175.296875,100223.5,100830.375,101767.84375,102051.171875,102521.359375,102351.515625,102171.0390625,101550.9921875,101151.609375,100673.125,100207.921875,99989.34375,100024.8125,100986.078125,101779.21875,102012.890625,102600.1953125,102592.6328125,102209.671875,101600.828125,101020.34375,100811.625,100176.90625,100034.6875,100132.5859375,101043.5546875,101653.734375,102051.1171875,102410.8515625,102305.625,102212.796875,101567.3828125,101570.609375,100565.421875,100129.2890625,100160.203125,100224.8125,100993.546875,101811.421875,102218.796875,102626.171875
AS_554,99164.703125,99168.75,98856.84375,98316.578125,97978.1875,97702.0,97477.71875,97613.734375,98181.1171875,99095.796875,99557.8125,99301.78125,99618.75,99073.703125,98765.265625,98326.375,97822.6953125,97465.25,97560.6328125,97837.25,98382.84375,98934.0703125,99076.6796875,99404.8828125,99295.640625,99153.140625,98753.65625,98382.1796875,98229.328125,97665.8359375,97574.8203125,97548.171875,98351.890625,98752.984375,99279.7578125,99506.359375,99259.734375,98859.8046875,98924.0625,98689.546875,98480.46875,97840.3203125,97408.0625,97733.1875,98287.8046875,98737.71875,99352.015625,99551.71875,98936.28125,98991.2109375,99092.640625,98602.375,98016.6640625,97647.453125,97638.578125,97658.5703125,98440.578125,99211.140625,99034.7734375,99337.28125,99233.703125,99222.65625,98628.1640625,98743.921875,98228.9453125,97629.3359375,97388.078125,97694.390625,98157.5,99012.84375,99417.578125,99477.34375,99531.2578125,98988.15625,98712.03125,98447.828125,98094.34375,97745.5,97428.25,97540.8359375,98324.65625,98827.1328125,99069.796875,99586.296875,99520.0703125,98899.1328125,98766.9296875,98440.15625,98306.0390625,97504.0390625,97405.328125,97597.0625,98207.859375,99289.171875,98988.125,99500.25,99891.6015625,99653.765625,98485.078125,98313.53125,97905.40625,97462.8515625,97288.890625,97505.53125,98187.8359375,99080.0859375,99491.515625,99419.40625,99327.671875,98865.5390625,98551.7890625,98646.0625,98236.8125,97897.125,97349.609375,97781.453125,98225.421875,98984.390625,99145.375,99183.875,99250.03125,98980.953125,98874.5078125,98516.390625,98086.734375,97631.6015625,97475.203125,97688.34375,98332.640625,98628.625,99248.03125,99301.6875,99285.96875,98881.8984375,99048.671875,98434.4609375,98088.8125,97504.96875,97415.6875,97481.90625,98102.765625,98765.90625,99273.7421875,99785.265625,99174.625,99228.953125,98742.578125,98309.734375,98124.359375,97613.25,97316.46875,97531.1328125,98307.9453125,98943.609375,99330.359375,99367.6875,99121.53125,99083.0390625,98703.96875,98594.328125,98119.3125,97439.6953125,97288.578125,97682.046875,97974.640625,98950.65625,99295.5625,99651.578125,99387.484375,99661.84375,98888.578125,98677.859375,97959.0625,97609.7890625,97521.9375,97656.34375,98115.109375,99090.3125,99451.5625,99592.5703125,99322.9375,98970.5703125,99179.125,98532.2734375,98189.2578125,97579.546875,97350.15625,97884.921875,98537.40625,98947.6796875,99230.890625,99598.46875,99113.2421875,99375.09375,98618.9140625,98588.953125,98002.34375,97740.078125,97464.59375,97707.671875,98077.53125,99137.15625,99597.6875,99324.953125,99313.265625,99393.0390625,98953.8125,98849.578125,98054.9375,97641.3671875,97377.296875,97775.5,98365.375,98763.84375,99162.171875,99583.359375,99196.515625,99097.0390625,98561.9921875,98687.609375,98265.125,97692.921875,97149.34375,97773.8125,98453.078125,99179.21875,99543.890625,99315.1953125,99049.6328125,99059.671875,98676.828125,98553.34375,98242.625,97926.90625,97180.6875,97770.5859375,98391.5546875,98934.734375,99637.1171875,99240.8515625,99336.625,99090.796875,98790.3828125,98639.609375,98216.421875,97695.2890625,97501.203125,97653.8125,98552.546875,99274.421875,99597.796875,99822.171875
AS_56,82087.703125,82340.75,82235.84375,82359.578125,82300.1875,82240.0,82241.71875,82294.734375,82414.1171875,82664.796875,82786.8125,82473.78125,82590.75,82260.703125,82353.265625,82366.375,82213.6953125,82203.25,82134.6328125,82326.25,82499.84375,82662.0703125,82585.6796875,82471.8828125,82412.640625,82568.140625,82264.65625,82061.1796875,82268.328125,82244.8359375,82286.8203125,82171.171875,82638.890625,82746.984375,82828.7578125,82275.359375,82446.734375,81933.8046875,82066.0625,82250.546875,82543.46875,82239.3203125,82031.0625,82354.1875,82491.8046875,82649.71875,82732.015625,82600.71875,82071.28125,82265.2109375,82573.640625,82253.375,82209.6640625,82315.453125,82246.578125,82214.5703125,82662.578125,82903.140625,82527.7734375,82608.28125,82321.703125,82136.65625,82161.1640625,82482.921875,82369.9453125,82228.3359375,82203.078125,82257.390625,82465.5,82721.84375,82732.578125,82665.34375,82287.2578125,82214.15625,82217.03125,82228.828125,82499.34375,82428.5,82122.25,82366.8359375,82515.65625,82686.1328125,82559.796875,82652.296875,82594.0703125,82175.1328125,82127.9296875,82101.15625,82598.0390625,82172.0390625,82219.328125,82296.0625,82526.859375,82912.171875,82567.125,82504.25,82317.6015625,82595.765625,82275.078125,82406.53125,82231.40625,82152.8515625,82068.890625,82274.53125,82431.8359375,82797.0859375,82798.515625,82599.40625,82509.671875,82102.5390625,82098.7890625,82195.0625,82437.8125,82490.125,82074.609375,82295.453125,82415.421875,82798.390625,82539.375,82388.875,82432.03125,82122.953125,82378.5078125,82359.390625,82324.734375,82302.6015625,82195.203125,82394.34375,82556.640625,82616.625,82944.03125,82604.6875,82314.96875,81927.8984375,82437.671875,82109.4609375,82408.8125,82165.96875,82197.6875,82204.90625,82387.765625,82612.90625,82444.7421875,82712.265625,82154.625,82097.953125,82138.578125,82382.734375,82368.359375,82346.25,82187.46875,82247.1328125,82565.9453125,82781.609375,82695.359375,82393.6875,82221.53125,82409.0390625,82228.96875,82322.328125,82402.3125,82160.6953125,81979.578125,82206.046875,82354.640625,82687.65625,82691.5625,82622.578125,82574.484375,82525.84375,82239.578125,82438.859375,82451.0625,82289.7890625,82163.9375,82327.34375,82392.109375,82724.3125,82652.5625,82774.5703125,82440.9375,82160.5703125,82416.125,82249.2734375,82379.2578125,82271.546875,82293.15625,82436.921875,82756.40625,82724.6796875,82682.890625,82787.46875,82263.2421875,82686.09375,82181.9140625,82391.953125,82314.34375,82364.078125,82176.59375,82455.671875,82455.53125,82708.15625,82882.6875,82440.953125,82383.265625,82523.0390625,82265.8125,82509.578125,82394.9375,82312.3671875,82247.296875,82400.5,82672.375,82608.84375,82667.171875,82817.359375,82351.515625,82331.0390625,82275.9921875,82397.609375,82444.125,82258.921875,82082.34375,82236.8125,82630.078125,82927.21875,82749.890625,82465.1953125,82240.6328125,82376.671875,82136.828125,82288.34375,82545.625,82442.90625,82107.6875,82328.5859375,82512.5546875,82828.734375,82886.1171875,82529.8515625,82289.625,82206.796875,82220.3828125,82158.609375,82383.421875,82199.2890625,82175.203125,82058.8125,82607.546875,82877.421875,82658.796875,82664.171875
AS_565,95864.703125,95656.75,95555.84375,95268.578125,95201.1875,94954.0,94950.71875,95049.734375,95358.1171875,95495.796875,95778.8125,95935.78125,95783.75,95675.703125,95532.265625,95420.375,95151.6953125,94927.25,95024.6328125,95147.25,95356.84375,95531.0703125,95842.6796875,96107.8828125,95895.640625,95918.140625,95601.65625,95333.1796875,95146.328125,94966.8359375,95183.8203125,95100.171875,95468.890625,95608.984375,95839.7578125,95955.359375,96002.734375,95752.8046875,95615.0625,95406.546875,95220.46875,94933.3203125,94996.0625,95162.1875,95333.8046875,95595.71875,95894.015625,95999.71875,95831.28125,95820.2109375,95575.640625,95339.375,95109.6640625,95057.453125,95045.578125,95108.5703125,95431.578125,95800.140625,95961.7734375,95973.28125,95854.703125,95867.65625,95668.1640625,95512.921875,95238.9453125,94914.3359375,95021.078125,95187.390625,95192.5,95627.84375,95887.578125,95860.34375,95962.2578125,95825.15625,95580.03125,95350.828125,95150.34375,95060.5,94958.25,95079.8359375,95330.65625,95793.1328125,95849.796875,96006.296875,96027.0703125,95762.1328125,95643.9296875,95428.15625,95209.0390625,94866.0390625,94923.328125,95027.0625,95113.859375,95576.171875,95833.125,95884.25,95823.6015625,95793.765625,95467.078125,95348.53125,95230.40625,94968.8515625,94928.890625,95063.53125,95257.8359375,95662.0859375,95769.515625,95899.40625,95937.671875,95742.5390625,95602.7890625,95372.0625,95125.8125,95070.125,94886.609375,95203.453125,95300.421875,95619.390625,95763.375,95895.875,96021.03125,95783.953125,95660.5078125,95432.390625,95071.734375,95049.6015625,94963.203125,95045.34375,95256.640625,95406.625,95663.03125,95643.6875,95805.96875,95695.8984375,95591.671875,95372.4609375,95240.8125,94936.96875,94935.6875,94976.90625,95235.765625,95622.90625,95794.7421875,95817.265625,95814.625,95683.953125,95590.578125,95359.734375,95203.359375,94981.25,94903.46875,95070.1328125,95289.9453125,95688.609375,95733.359375,95801.6875,95910.53125,95786.0390625,95646.96875,95364.328125,95117.3125,94910.6953125,94873.578125,95153.046875,95248.640625,95527.65625,95855.5625,95885.578125,95974.484375,95716.84375,95773.578125,95524.859375,95271.0625,95012.7890625,94998.9375,95148.34375,95358.109375,95696.3125,95841.5625,95917.5703125,95984.9375,95846.5703125,95818.125,95475.2734375,95252.2578125,95015.546875,95101.15625,95257.921875,95383.40625,95725.6796875,95823.890625,95991.46875,95985.2421875,95854.09375,95724.9140625,95431.953125,95216.34375,95051.078125,95047.59375,95099.671875,95316.53125,95600.15625,95898.6875,95951.953125,95967.265625,95923.0390625,95607.8125,95440.578125,95251.9375,95051.3671875,95049.296875,95079.5,95338.375,95489.84375,95780.171875,95935.359375,95827.515625,95866.0390625,95630.9921875,95405.609375,95165.125,94972.921875,94948.34375,95094.8125,95470.078125,95742.21875,95912.890625,95978.1953125,96076.6328125,95918.671875,95703.828125,95445.34375,95310.625,95037.90625,95004.6875,95063.5859375,95294.5546875,95702.734375,95869.1171875,95949.8515625,95965.625,95954.796875,95739.3828125,95582.609375,95307.421875,95093.2890625,95055.203125,95027.8125,95259.546875,95457.421875,95966.796875,95945.171875
AS_597,97567.703125,97037.75,96430.84375,95975.578125,95993.1875,95896.0,95656.71875,96178.734375,96673.1171875,97017.796875,97373.8125,97191.78125,97246.75,97253.703125,96207.265625,96359.375,95805.6953125,95793.25,95788.6328125,96312.25,96813.84375,97075.0703125,97039.6796875,97570.8828125,96941.640625,97052.140625,96282.65625,96232.1796875,96257.328125,95897.8359375,95725.8203125,96109.171875,96796.890625,96827.984375,96937.7578125,97600.359375,97195.734375,97120.8046875,97104.0625,96414.546875,96392.46875,95781.3203125,95900.0625,96115.1875,96636.8046875,96778.71875,97390.015625,97175.71875,97180.28125,96522.2109375,96582.640625,96210.375,95785.6640625,96104.453125,95815.578125,96160.5703125,96707.578125,97175.140625,97167.7734375,97478.28125,97012.703125,97306.65625,96686.1640625,95975.921875,96031.9453125,95624.3359375,95765.078125,96119.390625,96846.5,97029.84375,96853.578125,97274.34375,97499.2578125,97268.15625,96323.03125,96049.828125,96299.34375,95749.5,95804.25,96181.8359375,96786.65625,97013.1328125,96893.796875,97511.296875,97431.0703125,96850.1328125,96588.9296875,96388.15625,95688.0390625,95938.0390625,95672.328125,96010.0625,96639.859375,97053.171875,97230.125,97017.25,97609.6015625,97153.765625,96608.078125,96300.53125,95888.40625,96083.8515625,95787.890625,96085.53125,96548.8359375,96809.0859375,96990.515625,96988.40625,97216.671875,96837.5390625,96643.7890625,96392.0625,96126.8125,95474.125,95673.609375,96136.453125,96565.421875,96692.390625,97316.375,97057.875,97157.03125,97106.953125,96851.5078125,96510.390625,96029.734375,96140.6015625,95857.203125,96218.34375,96644.640625,97056.625,96802.03125,96506.6875,97434.96875,97159.8984375,96766.671875,96188.4609375,95953.8125,95746.96875,95770.6875,96119.90625,96659.765625,96995.90625,97397.7421875,97575.265625,97496.625,97033.953125,96754.578125,96076.734375,96148.359375,95861.25,95753.46875,96219.1328125,96622.9453125,96841.609375,96770.359375,97219.6875,97380.53125,97225.0390625,96594.96875,96134.328125,95999.3125,95960.6953125,95507.578125,95818.046875,96739.640625,97172.65625,96698.5625,97034.578125,97251.484375,97645.84375,96824.578125,96697.859375,95835.0625,95853.7890625,95827.9375,96156.34375,96638.109375,97074.3125,97024.5625,97008.5703125,97342.9375,96963.5703125,96862.125,96475.2734375,95722.2578125,95792.546875,95913.15625,96060.921875,96692.40625,96813.6796875,97623.890625,97364.46875,97367.2421875,97087.09375,96843.9140625,96207.953125,95959.34375,95820.078125,95979.59375,95951.671875,96631.53125,97130.15625,97242.6875,97354.953125,97330.265625,97077.0390625,96871.8125,96083.578125,96051.9375,95961.3671875,95885.296875,96028.5,96427.375,97345.84375,96987.171875,97228.359375,97187.515625,97045.0390625,96961.9921875,96383.609375,96134.125,95795.921875,96035.34375,96121.8125,96504.078125,96909.21875,97297.890625,97545.1953125,97304.6328125,97269.671875,96448.828125,96376.34375,95889.625,95851.90625,95763.6875,95947.5859375,96805.5546875,97075.734375,97297.1171875,97329.8515625,97339.625,97249.796875,96505.3828125,96481.609375,95928.421875,95682.2890625,95936.203125,95876.8125,96336.546875,96979.421875,97259.796875,97226.171875
AS_611,99284.703125,99130.75,98893.84375,98771.578125,98655.1875,98592.0,98419.71875,98487.734375,98807.1171875,98908.796875,99240.8125,99281.78125,99092.75,99064.703125,99000.265625,98757.375,98652.6953125,98494.25,98457.6328125,98492.25,98766.84375,99061.0703125,99408.6796875,99562.8828125,99427.640625,99345.140625,99004.65625,98810.1796875,98681.328125,98532.8359375,98464.8203125,98591.171875,98833.890625,99099.984375,99320.7578125,99371.359375,99517.734375,99228.8046875,99116.0625,98818.546875,98583.46875,98583.3203125,98658.0625,98549.1875,98737.8046875,99164.71875,99270.015625,99585.71875,99363.28125,99272.2109375,98971.640625,98842.375,98677.6640625,98601.453125,98591.578125,98518.5703125,98941.578125,99318.140625,99377.7734375,99439.28125,99301.703125,99098.65625,99193.1640625,98992.921875,98588.9453125,98435.3359375,98557.078125,98542.390625,98770.5,99169.84375,99214.578125,99459.34375,99257.2578125,99284.15625,98937.03125,98827.828125,98808.34375,98609.5,98470.25,98492.8359375,98846.65625,99146.1328125,99142.796875,99479.296875,99554.0703125,99144.1328125,98895.9296875,98963.15625,98735.0390625,98503.0390625,98537.328125,98472.0625,98686.859375,99010.171875,99327.125,99227.25,99306.6015625,99408.765625,99005.078125,98800.53125,98574.40625,98556.8515625,98519.890625,98574.53125,98682.8359375,99046.0859375,99322.515625,99439.40625,99557.671875,98978.5390625,98971.7890625,98764.0625,98676.8125,98498.125,98468.609375,98580.453125,98648.421875,98962.390625,99269.375,99330.875,99386.03125,99075.953125,99076.5078125,98862.390625,98585.734375,98612.6015625,98625.203125,98636.34375,98800.640625,98932.625,99226.03125,99092.6875,99405.96875,99048.8984375,99225.671875,98949.4609375,98705.8125,98473.96875,98478.6875,98611.90625,98632.765625,99050.90625,99173.7421875,99477.265625,99259.625,98992.953125,98958.578125,98799.734375,98515.359375,98412.25,98468.46875,98538.1328125,98826.9453125,99072.609375,99074.359375,99209.6875,99397.53125,99165.0390625,98992.96875,98761.328125,98651.3125,98484.6953125,98499.578125,98549.046875,98721.640625,99147.65625,99235.5625,99482.578125,99580.484375,99097.84375,99057.578125,98880.859375,98740.0625,98425.7890625,98520.9375,98710.34375,98780.109375,99159.3125,99220.5625,99523.5703125,99499.9375,99320.5703125,99131.125,98969.2734375,98675.2578125,98611.546875,98582.15625,98658.921875,98836.40625,99203.6796875,99249.890625,99474.46875,99411.2421875,99583.09375,99107.9140625,98722.953125,98693.34375,98692.078125,98655.59375,98442.671875,98690.53125,98861.15625,99222.6875,99380.953125,99340.265625,99372.0390625,99035.8125,98930.578125,98780.9375,98625.3671875,98558.296875,98609.5,98789.375,99031.84375,99183.171875,99491.359375,99189.515625,99349.0390625,99067.9921875,98968.609375,98866.125,98570.921875,98354.34375,98432.8125,98807.078125,99219.21875,99280.890625,99372.1953125,99486.6328125,99201.671875,98968.828125,98800.34375,98660.625,98590.90625,98554.6875,98455.5859375,98931.5546875,99134.734375,99289.1171875,99512.8515625,99300.625,99411.796875,98983.3828125,99095.609375,98730.421875,98641.2890625,98627.203125,98553.8125,98732.546875,98913.421875,99352.796875,99429.171875
AS_622,90629.703125,90278.75,89911.84375,89562.578125,89282.1875,89194.0,88918.71875,89273.734375,89884.1171875,90174.796875,90384.8125,90265.78125,90117.75,90148.703125,89805.265625,89665.375,89386.6953125,88945.25,88962.6328125,89428.25,89951.84375,90170.0703125,90487.6796875,90860.8828125,90377.640625,90262.140625,89798.65625,89526.1796875,89565.328125,88927.8359375,89108.8203125,89375.171875,90048.890625,90070.984375,90286.7578125,90637.359375,90521.734375,90125.8046875,90011.0625,89587.546875,89383.46875,89121.3203125,88954.0625,89327.1875,89664.8046875,90253.71875,90401.015625,90796.71875,90481.28125,90022.2109375,89894.640625,89469.375,89344.6640625,89233.453125,89034.578125,89356.5703125,89898.578125,90425.140625,90494.7734375,90478.28125,90432.703125,90291.65625,90245.1640625,89627.921875,89193.9453125,88807.3359375,89039.078125,89288.390625,89918.5,90382.84375,90294.578125,90874.34375,90397.2578125,90427.15625,89799.03125,89335.828125,89371.34375,88986.5,88909.25,89318.8359375,89987.65625,90120.1328125,90219.796875,90624.296875,90791.0703125,89929.1328125,89851.9296875,89848.15625,89218.0390625,89094.0390625,88900.328125,89283.0625,89861.859375,90409.171875,90473.125,90452.25,90747.6015625,90552.765625,89875.078125,89469.53125,89314.40625,88970.8515625,88982.890625,89258.53125,89778.8359375,90183.0859375,90425.515625,90456.40625,90557.671875,89867.5390625,89911.7890625,89594.0625,89453.8125,88879.125,88905.609375,89412.453125,89775.421875,90054.390625,90491.375,90329.875,90443.03125,89918.953125,89955.5078125,89774.390625,89298.734375,89183.6015625,89054.203125,89438.34375,89806.640625,90259.625,90140.03125,90105.6875,90898.96875,90006.8984375,90365.671875,89733.4609375,89379.8125,88876.96875,88941.6875,89228.90625,89922.765625,90165.90625,90389.7421875,90822.265625,90532.625,90273.953125,89980.578125,89390.734375,89363.359375,88927.25,88899.46875,89349.1328125,89960.9453125,90129.609375,90086.359375,90296.6875,90370.53125,90271.0390625,89728.96875,89576.328125,89272.3125,88927.6953125,88822.578125,89167.046875,89787.640625,90317.65625,90465.5625,90524.578125,90332.484375,90260.84375,90026.578125,89833.859375,89255.0625,89164.7890625,89057.9375,89455.34375,89733.109375,90122.3125,90376.5625,90708.5703125,90499.9375,90248.5703125,90078.125,89851.2734375,89300.2578125,89128.546875,89047.15625,89433.921875,89857.40625,90338.6796875,90252.890625,90547.46875,90736.2421875,90574.09375,90067.9140625,89433.953125,89426.34375,89108.078125,89023.59375,89399.671875,89794.53125,90141.15625,90315.6875,90481.953125,90544.265625,90438.0390625,90197.8125,89628.578125,89522.9375,89164.3671875,89046.296875,89335.5,89612.375,90437.84375,90408.171875,90679.359375,90487.515625,90281.0390625,89758.9921875,89651.609375,89367.125,89092.921875,88969.34375,89344.8125,89989.078125,90397.21875,90369.890625,90855.1953125,90736.6328125,90298.671875,89981.828125,89537.34375,89528.625,89082.90625,89016.6875,89425.5859375,90014.5546875,90308.734375,90401.1171875,90508.8515625,90448.625,90318.796875,89940.3828125,90109.609375,89331.421875,89005.2890625,88988.203125,89163.8125,89804.546875,90462.421875,90619.796875,90760.171875
AS_66,102485.703125,102221.75,101673.84375,101146.578125,100722.1875,100441.0,100108.71875,100251.734375,100950.1171875,101563.796875,102143.8125,102261.78125,102126.75,102086.703125,101611.265625,101235.375,100721.6953125,100307.25,100194.6328125,100495.25,100971.84375,101597.0703125,102138.6796875,102698.8828125,102275.640625,102183.140625,101603.65625,101154.1796875,100840.328125,100276.8359375,100083.8203125,100444.171875,101142.890625,101598.984375,102096.7578125,102431.359375,102476.734375,102027.8046875,101843.0625,101223.546875,100777.46875,100308.3203125,100301.0625,100356.1875,100956.8046875,101701.71875,102077.015625,102644.71875,102419.28125,101980.2109375,101784.640625,101097.375,100710.6640625,100499.453125,100339.578125,100222.5703125,101100.578125,101892.140625,102153.7734375,102384.28125,102387.703125,102240.65625,102034.1640625,101220.921875,100581.9453125,100172.3359375,100277.078125,100339.390625,100971.5,101814.84375,101887.578125,102697.34375,102278.2578125,102456.15625,101638.03125,101017.828125,100946.34375,100369.5,100041.25,100368.8359375,101109.65625,101577.1328125,101845.796875,102589.296875,102733.0703125,101797.1328125,101572.9296875,101452.15625,100664.0390625,100336.0390625,100149.328125,100186.0625,100866.859375,101657.171875,102169.125,102210.25,102564.6015625,102562.765625,101621.078125,101176.53125,100631.40625,100319.8515625,100127.890625,100358.53125,100848.8359375,101600.0859375,102209.515625,102398.40625,102629.671875,101662.5390625,101678.7890625,101260.0625,100951.8125,100158.125,100172.609375,100337.453125,100874.421875,101449.390625,102239.375,102325.875,102368.03125,101822.953125,101815.5078125,101542.390625,100704.734375,100513.6015625,100317.203125,100532.34375,100889.640625,101680.625,101986.03125,101961.6875,102830.96875,101913.8984375,102152.671875,101285.4609375,100812.8125,100238.96875,100098.6875,100351.90625,100955.765625,101706.90625,101868.7421875,102677.265625,102455.625,102150.953125,101791.578125,100989.734375,100707.359375,100116.25,100141.46875,100192.1328125,101136.9453125,101591.609375,101852.359375,102339.6875,102436.53125,102117.0390625,101597.96875,101203.328125,100672.3125,100341.6953125,100255.578125,100249.046875,101029.640625,101690.65625,102079.5625,102405.578125,102342.484375,102132.84375,101783.578125,101293.859375,100794.0625,100256.7890625,100266.9375,100497.34375,100867.109375,101623.3125,102017.5625,102676.5703125,102456.9375,102111.5703125,101864.125,101333.2734375,100651.2578125,100325.546875,100264.15625,100422.921875,101035.40625,101664.6796875,102072.890625,102563.46875,102508.2421875,102491.09375,101845.9140625,100981.953125,100825.34375,100433.078125,100270.59375,100227.671875,100833.53125,101448.15625,102066.6875,102385.953125,102405.265625,102323.0390625,101851.8125,101201.578125,100907.9375,100466.3671875,100371.296875,100352.5,100886.375,101741.84375,102080.171875,102565.359375,102359.515625,102254.0390625,101662.9921875,101290.609375,100798.125,100352.921875,100137.34375,100076.8125,101002.078125,101815.21875,102062.890625,102596.1953125,102625.6328125,102236.671875,101697.828125,101137.34375,100904.625,100302.90625,100185.6875,100197.5859375,101075.5546875,101680.734375,102076.1171875,102461.8515625,102301.625,102275.796875,101639.3828125,101647.609375,100657.421875,100276.2890625,100278.203125,100354.8125,101019.546875,101784.421875,102222.796875,102601.171875
AS_661,99326.703125,99139.75,98838.84375,98469.578125,98242.1875,98086.0,97776.71875,97829.734375,98320.1171875,98645.796875,99069.8125,99210.78125,99085.75,99091.703125,98831.265625,98548.375,98138.6953125,97928.25,97794.6328125,97951.25,98157.84375,98812.0703125,99196.6796875,99567.8828125,99351.640625,99309.140625,98844.65625,98579.1796875,98240.328125,97995.8359375,97681.8203125,97919.171875,98406.890625,98814.984375,99200.7578125,99366.359375,99455.734375,99154.8046875,99012.0625,98569.546875,98205.46875,97967.3203125,98157.0625,97939.1875,98315.8046875,98887.71875,99103.015625,99543.71875,99358.28125,99141.2109375,98910.640625,98543.375,98243.6640625,98018.453125,98055.578125,97740.5703125,98412.578125,98982.140625,99234.7734375,99310.28125,99276.703125,99128.65625,99175.1640625,98724.921875,98118.9453125,97837.3359375,98019.078125,97878.390625,98370.5,98886.84375,99010.578125,99511.34375,99194.2578125,99333.15625,98857.03125,98500.828125,98372.34375,98060.5,97734.25,97930.8359375,98363.65625,98814.1328125,98936.796875,99461.296875,99589.0703125,99026.1328125,98839.9296875,98757.15625,98271.0390625,97954.0390625,97988.328125,97745.0625,98141.859375,98753.171875,99094.125,99168.25,99348.6015625,99462.765625,98854.078125,98531.53125,98130.40625,97929.8515625,97881.890625,97970.53125,98172.8359375,98772.0859375,99182.515625,99336.40625,99506.671875,98790.5390625,98845.7890625,98567.0625,98394.8125,97822.125,97852.609375,97853.453125,98159.421875,98593.390625,99173.375,99281.875,99362.03125,98951.953125,98990.5078125,98784.390625,98181.734375,98093.6015625,98129.203125,98147.34375,98237.640625,98687.625,99061.03125,98996.6875,99543.96875,98998.8984375,99212.671875,98664.4609375,98262.8125,97880.96875,97791.6875,97959.90625,98211.765625,98805.90625,98924.7421875,99483.265625,99302.625,99032.953125,98888.578125,98429.734375,98113.359375,97637.25,97842.46875,97737.1328125,98435.9453125,98788.609375,98927.359375,99230.6875,99399.53125,99156.0390625,98859.96875,98557.328125,98208.3125,97929.6953125,98082.578125,97887.046875,98266.640625,98797.65625,99149.5625,99332.578125,99426.484375,99100.84375,99021.578125,98651.859375,98289.0625,97756.7890625,97907.9375,98054.34375,98253.109375,98815.3125,99079.5625,99550.5703125,99432.9375,99203.5703125,99060.125,98716.2734375,98193.2578125,98056.546875,97794.15625,97965.921875,98389.40625,98843.6796875,99129.890625,99466.46875,99402.2421875,99547.09375,99057.9140625,98446.953125,98304.34375,98101.078125,98029.59375,97689.671875,98098.53125,98512.15625,99112.6875,99328.953125,99338.265625,99360.0390625,98971.8125,98635.578125,98382.9375,98018.3671875,98063.296875,98017.5,98306.375,98726.84375,99073.171875,99450.359375,99206.515625,99280.0390625,98926.9921875,98735.609375,98378.125,97878.921875,97798.34375,97613.8125,98308.078125,98953.21875,99121.890625,99425.1953125,99501.6328125,99153.671875,98881.828125,98543.34375,98322.625,97933.90625,97849.6875,97731.5859375,98372.5546875,98881.734375,99103.1171875,99409.8515625,99110.625,99235.796875,98700.3828125,98804.609375,98050.421875,97942.2890625,97921.203125,97870.8125,98182.546875,98623.421875,99012.796875,99219.171875
AS_666,81135.703125,80944.75,80971.84375,80874.578125,80919.1875,80720.0,80633.71875,80782.734375,81102.1171875,81270.796875,81318.8125,81260.78125,80948.75,80994.703125,81006.265625,80879.375,80901.6953125,80664.25,80667.6328125,80895.25,81128.84375,81361.0703125,81459.6796875,81449.8828125,81219.640625,81197.140625,81027.65625,80885.1796875,80843.328125,80658.8359375,80640.8203125,80914.171875,81257.890625,81313.984375,81404.7578125,81238.359375,81264.734375,81119.8046875,81011.0625,80931.546875,80794.46875,80687.3203125,80818.0625,80838.1875,81135.8046875,81379.71875,81347.015625,81419.71875,81113.28125,81084.2109375,80981.640625,80998.375,80857.6640625,80822.453125,80756.578125,80792.5703125,81236.578125,81509.140625,81477.7734375,81321.28125,81045.703125,80948.65625,81152.1640625,81054.921875,80671.9453125,80576.3359375,80774.078125,80766.390625,81251.5,81462.84375,81312.578125,81359.34375,81065.2578125,81153.15625,80922.03125,80885.828125,80981.34375,80733.5,80646.25,80893.8359375,81216.65625,81459.1328125,81277.796875,81382.296875,81350.0703125,81103.1328125,80896.9296875,81086.15625,80951.0390625,80683.0390625,80640.328125,80815.0625,81107.859375,81373.171875,81484.125,81166.25,81048.6015625,81112.765625,81032.078125,80911.53125,80801.40625,80693.8515625,80676.890625,80821.53125,81082.8359375,81400.0859375,81437.515625,81317.40625,81278.671875,80933.5390625,80958.7890625,80886.0625,80888.8125,80616.125,80633.609375,80925.453125,81128.421875,81245.390625,81310.375,81143.875,81235.03125,80940.953125,81070.5078125,81004.390625,80725.734375,80768.6015625,80810.203125,81000.34375,81097.640625,81345.625,81366.03125,81054.6875,81056.96875,80909.8984375,81152.671875,81056.4609375,80894.8125,80613.96875,80714.6875,80908.90625,81019.765625,81358.90625,81339.7421875,81343.265625,80981.625,80807.953125,80958.578125,80841.734375,80769.359375,80514.25,80599.46875,80835.1328125,81184.9453125,81318.609375,81134.359375,81136.6875,81168.53125,81118.0390625,81045.96875,80874.328125,80795.3125,80689.6953125,80675.578125,80840.046875,81160.640625,81458.65625,81383.5625,81273.578125,81281.484375,80878.84375,81044.578125,80967.859375,80809.0625,80644.7890625,80768.9375,80919.34375,81059.109375,81426.3125,81274.5625,81410.5703125,81303.9375,81129.5703125,81122.125,81086.2734375,80784.2578125,80708.546875,80784.15625,80929.921875,81143.40625,81470.6796875,81373.890625,81384.46875,81212.2421875,81383.09375,81110.9140625,80864.953125,80873.34375,80848.078125,80824.59375,80833.671875,81133.53125,81256.15625,81372.6875,81402.953125,81285.265625,81211.0390625,81040.8125,81016.578125,81042.9375,80719.3671875,80874.296875,80860.5,81135.375,81404.84375,81402.171875,81437.359375,81040.515625,81136.0390625,81058.9921875,81055.609375,80951.125,80703.921875,80665.34375,80761.8125,81163.078125,81444.21875,81379.890625,81329.1953125,81378.6328125,81140.671875,81021.828125,80956.34375,80798.625,80706.90625,80711.6875,80868.5859375,81303.5546875,81413.734375,81386.1171875,81430.8515625,81286.625,81411.796875,81125.3828125,81327.609375,81021.421875,80799.2890625,80907.203125,80921.8125,81178.546875,81507.421875,81631.796875,81371.171875
AS_672,99638.703125,99682.75,99369.84375,98817.578125,98577.1875,98257.0,98068.71875,98198.734375,98737.1171875,99653.796875,100080.8125,99798.78125,100145.75,99538.703125,99241.265625,98869.375,98380.6953125,98063.25,98159.6328125,98396.25,98944.84375,99496.0703125,99546.6796875,99877.8828125,99766.640625,99579.140625,99204.65625,98861.1796875,98756.328125,98201.8359375,98117.8203125,98131.171875,98876.890625,99278.984375,99766.7578125,100015.359375,99701.734375,99312.8046875,99417.0625,99165.546875,98958.46875,98396.3203125,97986.0625,98296.1875,98827.8046875,99224.71875,99821.015625,100030.71875,99386.28125,99458.2109375,99598.640625,99124.375,98514.6640625,98221.453125,98180.578125,98200.5703125,98965.578125,99718.140625,99501.7734375,99833.28125,99707.703125,99741.65625,99091.1640625,99265.921875,98718.9453125,98169.3359375,97965.078125,98238.390625,98715.5,99550.84375,99924.578125,99954.34375,100043.2578125,99440.15625,99203.03125,98967.828125,98662.34375,98336.5,98047.25,98150.8359375,98876.65625,99336.1328125,99551.796875,100079.296875,99962.0703125,99407.1328125,99264.9296875,98956.15625,98859.0390625,98083.0390625,97979.328125,98156.0625,98791.859375,99817.171875,99490.125,99989.25,100412.6015625,100149.765625,98942.078125,98829.53125,98438.40625,98066.8515625,97852.890625,98084.53125,98754.8359375,99618.0859375,100006.515625,99915.40625,99798.671875,99303.5390625,99066.7890625,99127.0625,98736.8125,98439.125,97933.609375,98364.453125,98790.421875,99481.390625,99632.375,99646.875,99721.03125,99479.953125,99353.5078125,99051.390625,98578.734375,98149.6015625,98046.203125,98223.34375,98863.640625,99157.625,99746.03125,99782.6875,99788.96875,99352.8984375,99564.671875,98932.4609375,98617.8125,98059.96875,98003.6875,98088.90625,98653.765625,99284.90625,99809.7421875,100311.265625,99670.625,99688.953125,99196.578125,98796.734375,98577.359375,98158.25,97912.46875,98073.1328125,98847.9453125,99443.609375,99851.359375,99868.6875,99507.53125,99587.0390625,99164.96875,99109.328125,98665.3125,98039.6953125,97881.578125,98247.046875,98509.640625,99470.65625,99788.5625,100145.578125,99867.484375,100175.84375,99328.578125,99188.859375,98449.0625,98174.7890625,98133.9375,98199.34375,98665.109375,99632.3125,99939.5625,100075.5703125,99823.9375,99447.5703125,99707.125,99001.2734375,98701.2578125,98119.546875,97997.15625,98453.921875,99069.40625,99471.6796875,99678.890625,100030.46875,99553.2421875,99883.09375,99056.9140625,99084.953125,98520.34375,98309.078125,98034.59375,98248.671875,98612.53125,99692.15625,100098.6875,99795.953125,99821.265625,99899.0390625,99489.8125,99377.578125,98580.9375,98206.3671875,98022.296875,98326.5,98908.375,99253.84375,99663.171875,100092.359375,99683.515625,99629.0390625,99034.9921875,99205.609375,98789.125,98246.921875,97763.34375,98356.8125,98991.078125,99665.21875,100063.890625,99802.1953125,99457.6328125,99508.671875,99146.828125,99056.34375,98743.625,98440.90625,97811.6875,98359.5859375,98929.5546875,99450.734375,100171.1171875,99698.8515625,99833.625,99531.796875,99268.3828125,99123.609375,98706.421875,98230.2890625,98039.203125,98205.8125,99058.546875,99805.421875,100143.796875,100367.171875
AS_692,102691.703125,102314.75,101655.84375,101035.578125,100624.1875,100330.0,100048.71875,100337.734375,101037.1171875,101732.796875,102290.8125,102311.78125,102236.75,102229.703125,101520.265625,101290.375,100650.6953125,100248.25,100111.6328125,100587.25,101212.84375,101725.0703125,102150.6796875,102814.8828125,102189.640625,102246.140625,101528.65625,101128.1796875,100825.328125,100255.8359375,100028.8203125,100479.171875,101259.890625,101619.984375,102081.7578125,102592.359375,102479.734375,102120.8046875,101943.0625,101229.546875,100859.46875,100221.3203125,100163.0625,100461.1875,101070.8046875,101709.71875,102229.015625,102616.71875,102443.28125,101920.2109375,101781.640625,101061.375,100590.6640625,100463.453125,100141.578125,100391.5703125,101187.578125,101979.140625,102146.7734375,102502.28125,102452.703125,102427.65625,101973.1640625,101068.921875,100634.9453125,100031.3359375,100174.078125,100350.390625,101180.5,101959.84375,101899.578125,102700.34375,102449.2578125,102570.15625,101493.03125,100893.828125,100861.34375,100187.5,100037.25,100421.8359375,101281.65625,101643.1328125,101829.796875,102642.296875,102725.0703125,101872.1328125,101611.9296875,101351.15625,100457.0390625,100337.0390625,100022.328125,100271.0625,100988.859375,101829.171875,102293.125,102259.25,102741.6015625,102571.765625,101648.078125,101120.53125,100513.40625,100316.8515625,100032.890625,100334.53125,101047.8359375,101636.0859375,102145.515625,102328.40625,102574.671875,101821.5390625,101735.7890625,101260.0625,100928.8125,99976.125,100073.609375,100481.453125,101105.421875,101482.390625,102324.375,102319.875,102434.03125,101939.953125,101874.5078125,101579.390625,100684.734375,100491.6015625,100209.203125,100488.34375,101051.640625,101803.625,101936.03125,101847.6875,102923.96875,102058.8984375,102094.671875,101199.4609375,100713.8125,100145.96875,100014.6875,100356.90625,101138.765625,101836.90625,102043.7421875,102780.265625,102603.625,102330.953125,101862.578125,100871.734375,100738.359375,100118.25,100002.46875,100365.1328125,101183.9453125,101649.609375,101880.359375,102424.6875,102494.53125,102328.0390625,101640.96875,101149.328125,100631.3125,100357.6953125,99939.578125,100234.046875,101201.640625,101868.65625,102043.5625,102354.578125,102334.484375,102402.84375,101798.578125,101384.859375,100680.0625,100268.7890625,100222.9375,100533.34375,101048.109375,101718.3125,102077.5625,102598.5703125,102505.9375,102171.5703125,101925.125,101315.2734375,100630.2578125,100234.546875,100241.15625,100455.921875,101147.40625,101735.6796875,102187.890625,102557.46875,102610.2421875,102355.09375,101880.9140625,100982.953125,100815.34375,100322.078125,100173.59375,100325.671875,100998.53125,101710.15625,102153.6875,102458.953125,102544.265625,102346.0390625,101897.8125,101050.578125,100820.9375,100438.3671875,100204.296875,100306.5,100982.375,101987.84375,102187.171875,102566.359375,102494.515625,102241.0390625,101704.9921875,101210.609375,100764.125,100280.921875,100163.34375,100196.8125,101111.078125,101864.21875,102145.890625,102767.1953125,102692.6328125,102394.671875,101650.828125,101167.34375,100874.625,100262.90625,100100.6875,100290.5859375,101240.5546875,101794.734375,102171.1171875,102501.8515625,102404.625,102326.796875,101683.3828125,101634.609375,100580.421875,100214.2890625,100276.203125,100255.8125,101023.546875,101980.421875,102399.796875,102724.171875
AS_721,97810.703125,97692.75,97400.84375,96821.578125,96378.1875,96123.0,96148.71875,96365.734375,96797.1171875,97216.796875,97710.8125,97883.78125,97792.75,97612.703125,97421.265625,97141.375,96363.6953125,96155.25,96218.6328125,96445.25,96891.84375,97321.0703125,97821.6796875,98113.8828125,97926.640625,97983.140625,97459.65625,96969.1796875,96365.328125,96192.8359375,96061.8203125,96377.171875,97001.890625,97439.984375,97769.7578125,97917.359375,98091.734375,97743.8046875,97519.0625,97101.546875,96665.46875,96005.3203125,96321.0625,96447.1875,96797.8046875,97484.71875,97837.015625,98048.71875,97898.28125,97762.2109375,97341.640625,96864.375,96498.6640625,96259.453125,96176.578125,96390.5703125,96903.578125,97647.140625,97877.7734375,97927.28125,97923.703125,97806.65625,97558.1640625,97263.921875,96844.9453125,96121.3359375,96258.078125,96326.390625,96849.5,97452.84375,97814.578125,97915.34375,97938.2578125,97701.15625,97515.03125,97027.828125,96514.34375,96362.5,96142.25,96484.8359375,96915.65625,97527.1328125,97802.796875,98006.296875,98074.0703125,97665.1328125,97517.9296875,97026.15625,96654.0390625,96195.0390625,96093.328125,96297.0625,96636.859375,97317.171875,97696.125,97928.25,97888.6015625,97732.765625,97298.078125,97130.53125,96501.40625,96147.8515625,96122.890625,96339.53125,96805.8359375,97379.0859375,97712.515625,97862.40625,97980.671875,97676.5390625,97454.7890625,97133.0625,96571.8125,96248.125,96063.609375,96417.453125,96757.421875,97359.390625,97746.375,97882.875,97997.03125,97726.953125,97359.5078125,97005.390625,96511.734375,96314.6015625,96291.203125,96485.34375,96797.640625,97192.625,97621.03125,97621.6875,97789.96875,97696.8984375,97399.671875,97268.4609375,96536.8125,96081.96875,96216.6875,96395.90625,96662.765625,97367.90625,97668.7421875,97832.265625,97870.625,97696.953125,97403.578125,97118.734375,96682.359375,95981.25,95999.46875,96389.1328125,96839.9453125,97523.609375,97687.359375,97814.6875,97964.53125,97847.0390625,97555.96875,97155.328125,96521.3125,96129.6953125,96101.578125,96459.046875,96813.640625,97367.65625,97859.5625,97882.578125,98118.484375,97718.84375,97734.578125,97373.859375,96889.0625,96114.7890625,96218.9375,96432.34375,96826.109375,97571.3125,97755.5625,97977.5703125,98064.9375,97812.5703125,97720.125,97195.2734375,96771.2578125,96388.546875,96261.15625,96493.921875,96934.40625,97562.6796875,97846.890625,97999.46875,97974.2421875,97898.09375,97627.9140625,97120.953125,96584.34375,96359.078125,96240.59375,96461.671875,96762.53125,97225.15625,97734.6875,97872.953125,98033.265625,97861.0390625,97498.8125,97003.578125,96749.9375,96324.3671875,96278.296875,96424.5,96848.375,97251.84375,97767.171875,98008.359375,97764.515625,97816.0390625,97441.9921875,97115.609375,96786.125,96160.921875,96094.34375,96253.8125,96914.078125,97604.21875,97852.890625,98034.1953125,98151.6328125,97871.671875,97689.828125,97202.34375,96851.625,96360.90625,96178.6875,96420.5859375,96876.5546875,97552.734375,97851.1171875,98068.8515625,97824.625,97788.796875,97459.3828125,97211.609375,96711.421875,96252.2890625,96167.203125,96166.8125,96585.546875,97073.421875,97802.796875,97784.171875
AS_746,98581.703125,98475.75,98378.84375,98253.578125,98216.1875,98202.0,98116.71875,98189.734375,98341.1171875,98333.796875,98515.8125,98545.78125,98476.75,98450.703125,98401.265625,98325.375,98192.6953125,98185.25,98164.6328125,98195.25,98337.84375,98428.0703125,98662.6796875,98802.8828125,98703.640625,98696.140625,98430.65625,98317.1796875,98219.328125,98224.8359375,98193.8203125,98274.171875,98386.890625,98489.984375,98604.7578125,98668.359375,98791.734375,98605.8046875,98535.0625,98368.546875,98228.46875,98255.3203125,98287.0625,98239.1875,98322.8046875,98513.71875,98590.015625,98785.71875,98656.28125,98608.2109375,98448.640625,98342.375,98245.6640625,98238.453125,98256.578125,98237.5703125,98453.578125,98637.140625,98640.7734375,98700.28125,98646.703125,98597.65625,98597.1640625,98501.921875,98195.9453125,98083.3359375,98257.078125,98247.390625,98314.5,98508.84375,98554.578125,98619.34375,98597.2578125,98600.15625,98405.03125,98335.828125,98289.34375,98233.5,98206.25,98228.8359375,98374.65625,98553.1328125,98530.796875,98701.296875,98773.0703125,98599.1328125,98415.9296875,98422.15625,98251.0390625,98116.0390625,98223.328125,98162.0625,98246.859375,98404.171875,98562.125,98540.25,98582.6015625,98582.765625,98405.078125,98278.53125,98157.40625,98205.8515625,98195.890625,98235.53125,98306.8359375,98435.0859375,98547.515625,98674.40625,98783.671875,98441.5390625,98442.7890625,98333.0625,98181.8125,98156.125,98213.609375,98222.453125,98295.421875,98424.390625,98568.375,98661.875,98695.03125,98550.953125,98535.5078125,98411.390625,98185.734375,98234.6015625,98234.203125,98248.34375,98328.640625,98321.625,98478.03125,98380.6875,98560.96875,98445.8984375,98481.671875,98412.4609375,98249.8125,98140.96875,98165.6875,98261.90625,98264.765625,98416.90625,98490.7421875,98617.265625,98545.625,98402.953125,98403.578125,98349.734375,98118.359375,98121.25,98188.46875,98279.1328125,98360.9453125,98494.609375,98475.359375,98509.6875,98676.53125,98537.0390625,98500.96875,98303.328125,98243.3125,98090.6953125,98178.578125,98252.046875,98291.640625,98534.65625,98523.5625,98675.578125,98830.484375,98534.84375,98545.578125,98409.859375,98316.0625,98088.7890625,98209.9375,98343.34375,98393.109375,98536.3125,98571.5625,98694.5703125,98774.9375,98676.5703125,98617.125,98466.2734375,98329.2578125,98303.546875,98271.15625,98344.921875,98420.40625,98623.6796875,98599.890625,98777.46875,98764.2421875,98807.09375,98603.9140625,98376.953125,98256.34375,98312.078125,98285.59375,98171.671875,98293.53125,98335.15625,98521.6875,98603.953125,98609.265625,98686.0390625,98478.8125,98433.578125,98250.9375,98269.3671875,98278.296875,98250.5,98345.375,98428.84375,98459.171875,98685.359375,98488.515625,98653.0390625,98477.9921875,98412.609375,98365.125,98231.921875,98136.34375,98176.8125,98372.078125,98592.21875,98627.890625,98657.1953125,98768.6328125,98696.671875,98540.828125,98362.34375,98302.625,98227.90625,98311.6875,98196.5859375,98493.5546875,98526.734375,98591.1171875,98761.8515625,98307.625,98381.796875,98146.3828125,98156.609375,97973.421875,97921.2890625,97911.203125,97858.8125,97944.546875,97948.421875,98273.796875,98289.171875
AS_748,98885.703125,98465.75,97901.84375,97376.578125,97292.1875,97128.0,96921.71875,97347.734375,97842.1171875,98346.796875,98726.8125,98587.78125,98582.75,98638.703125,97678.265625,97813.375,97226.6953125,97065.25,97032.6328125,97471.25,98004.84375,98298.0703125,98456.6796875,98978.8828125,98314.640625,98508.140625,97766.65625,97631.1796875,97561.328125,97167.8359375,96928.8203125,97273.171875,97988.890625,98148.984375,98342.7578125,98904.359375,98569.734375,98452.8046875,98395.0625,97760.546875,97673.46875,97029.3203125,97131.0625,97364.1875,97876.8046875,98143.71875,98683.015625,98606.71875,98554.28125,98008.2109375,98071.640625,97577.375,97186.6640625,97362.453125,97042.578125,97316.5703125,97935.578125,98506.140625,98508.7734375,98783.28125,98446.703125,98668.65625,98141.1640625,97469.921875,97356.9453125,96891.3359375,97006.078125,97294.390625,98033.5,98393.84375,98265.578125,98689.34375,98808.2578125,98730.15625,97809.03125,97379.828125,97606.34375,97037.5,97063.25,97356.8359375,97985.65625,98255.1328125,98262.796875,98860.296875,98782.0703125,98279.1328125,97964.9296875,97768.15625,97023.0390625,97226.0390625,96892.328125,97226.0625,97782.859375,98350.171875,98602.125,98406.25,98927.6015625,98569.765625,97995.078125,97710.53125,97229.40625,97314.8515625,97030.890625,97241.53125,97808.8359375,98155.0859375,98395.515625,98440.40625,98611.671875,98220.5390625,98072.7890625,97753.0625,97481.8125,96784.125,96917.609375,97375.453125,97838.421875,97986.390625,98651.375,98450.875,98551.03125,98417.953125,98241.5078125,97950.390625,97340.734375,97394.6015625,97108.203125,97426.34375,97829.640625,98333.625,98247.03125,97922.6875,98840.96875,98482.8984375,98219.671875,97590.4609375,97323.8125,97031.96875,96982.6875,97285.90625,97861.765625,98371.90625,98622.7421875,98942.265625,98817.625,98523.953125,98165.578125,97498.734375,97454.359375,97114.25,96960.46875,97353.1328125,97806.9453125,98146.609375,98119.359375,98611.6875,98756.53125,98666.0390625,98018.96875,97503.328125,97396.3125,97220.6953125,96747.578125,97074.046875,97983.640625,98453.65625,98160.5625,98368.578125,98669.484375,98884.84375,98171.578125,98002.859375,97226.0625,97061.7890625,97094.9375,97342.34375,97834.109375,98356.3125,98411.5625,98520.5703125,98692.9375,98340.5703125,98295.125,97846.2734375,97183.2578125,97055.546875,97120.15625,97270.921875,97898.40625,98192.6796875,98775.890625,98748.46875,98734.2421875,98525.09375,98273.9140625,97593.953125,97377.34375,97112.078125,97184.59375,97126.671875,97836.53125,98406.15625,98576.6875,98719.953125,98752.265625,98534.0390625,98193.8125,97501.578125,97456.9375,97239.3671875,97119.296875,97257.5,97733.375,98596.84375,98472.171875,98685.359375,98606.515625,98456.0390625,98313.9921875,97810.609375,97453.125,97144.921875,97304.34375,97269.8125,97763.078125,98260.21875,98645.890625,98995.1953125,98771.6328125,98655.671875,97888.828125,97777.34375,97391.625,97131.90625,97033.6875,97151.5859375,98000.5546875,98340.734375,98625.1171875,98747.8515625,98561.625,98541.796875,97892.3828125,97805.609375,97195.421875,96933.2890625,97077.203125,97036.8125,97537.546875,98318.421875,98615.796875,98657.171875
AS_776,101785.703125,101770.75,101429.84375,100887.578125,100487.1875,99863.0,99525.71875,99729.734375,100362.1171875,101114.796875,101715.8125,101856.78125,101931.75,101700.703125,101262.265625,100972.375,100370.6953125,99755.25,99573.6328125,99855.25,100435.84375,101016.0703125,101664.6796875,101887.8828125,102025.640625,101876.140625,101311.65625,100944.1796875,100481.328125,99948.8359375,99759.8203125,99795.171875,100496.890625,101025.984375,101648.7578125,101876.359375,101908.734375,101536.8046875,101362.0625,100972.546875,100657.46875,99896.3203125,99595.0625,99797.1875,100409.8046875,101074.71875,101711.015625,102000.71875,101612.28125,101875.2109375,101438.640625,101008.375,100497.6640625,99976.453125,99665.578125,99827.5703125,100460.578125,101199.140625,101631.7734375,101955.28125,101854.703125,101628.65625,101437.1640625,101088.921875,100517.9453125,99894.3359375,99602.078125,99787.390625,100380.5,101224.84375,101695.578125,101818.34375,101934.2578125,101710.15625,101246.03125,100918.828125,100496.34375,99911.5,99588.25,99711.8359375,100412.65625,101141.1328125,101642.796875,102038.296875,102244.0703125,101529.1328125,101299.9296875,101026.15625,100539.0390625,99711.0390625,99615.328125,99729.0625,100211.859375,101173.171875,101580.125,101915.25,101921.6015625,102068.765625,101111.078125,100853.53125,100463.40625,99763.8515625,99548.890625,99712.53125,100375.8359375,101164.0859375,101707.515625,101912.40625,101985.671875,101515.5390625,101260.7890625,101045.0625,100583.8125,100119.125,99598.609375,99894.453125,100465.421875,101063.390625,101541.375,101719.875,101920.03125,101436.953125,101377.5078125,101027.390625,100511.734375,99931.6015625,99547.203125,99763.34375,100282.640625,100888.625,101518.03125,101697.6875,101763.96875,101443.8984375,101482.671875,100899.4609375,100565.8125,99814.96875,99594.6875,99643.90625,100228.765625,101062.90625,101562.7421875,102026.265625,101793.625,101617.953125,101516.578125,100895.734375,100536.359375,99831.25,99512.46875,99747.1328125,100311.9453125,101091.609375,101530.359375,101793.6875,101887.53125,101713.0390625,101341.96875,100831.328125,100620.3125,99808.6953125,99466.578125,99787.046875,100350.640625,101135.65625,101596.5625,102035.578125,101982.484375,101711.84375,101324.578125,101089.859375,100568.0625,100010.7890625,99691.9375,99859.34375,100353.109375,101160.3125,101719.5625,102016.5703125,101939.9375,101475.5703125,101489.125,101093.2734375,100595.2578125,99981.546875,99653.15625,99943.921875,100503.40625,101111.6796875,101706.890625,102145.46875,102032.2421875,101895.09375,101377.9140625,101024.953125,100538.34375,100099.078125,99630.59375,99848.671875,100394.53125,101037.15625,101724.6875,101998.953125,101871.265625,101939.0390625,101317.8125,101098.578125,100586.9375,99992.3671875,99567.296875,99786.5,100372.375,101052.84375,101626.171875,102001.359375,101779.515625,101548.0390625,101275.9921875,100965.609375,100617.125,99900.921875,99538.34375,99758.8125,100384.078125,101227.21875,101735.890625,101966.1953125,101916.6328125,101791.671875,101411.828125,101118.34375,100637.625,100006.90625,99595.6875,99764.5859375,100336.5546875,101047.734375,101676.1171875,101820.8515625,101855.625,101825.796875,101297.3828125,100975.609375,100672.421875,100012.2890625,99606.203125,99645.8125,100343.546875,101134.421875,101640.796875,101984.171875
AS_798,90014.703125,90298.75,90106.84375,89690.578125,90015.1875,90043.0,89724.71875,89939.734375,90023.1171875,90367.796875,90545.8125,90299.78125,90442.75,90005.703125,89949.265625,89821.375,89890.6953125,89836.25,89655.6328125,89845.25,89954.84375,90402.0703125,90244.6796875,89933.8828125,90517.640625,90391.140625,89897.65625,89733.1796875,89915.328125,89972.8359375,89770.8203125,89775.171875,90110.890625,90285.984375,90465.7578125,90278.359375,90089.734375,89715.8046875,89936.0625,89790.546875,90090.46875,89913.3203125,89744.0625,89957.1875,90172.8046875,90185.71875,90540.015625,90297.71875,89562.28125,90123.2109375,90414.640625,89951.375,89813.6640625,90018.453125,89855.578125,89766.5703125,90286.578125,90450.140625,90266.7734375,90573.28125,90075.703125,89854.65625,89951.1640625,90042.921875,89927.9453125,89903.3359375,89725.078125,89788.390625,90100.5,90459.84375,90414.578125,90314.34375,90289.2578125,89861.15625,89715.03125,89771.828125,90025.34375,89962.5,89835.25,89676.8359375,90143.65625,90151.1328125,90459.796875,90872.296875,90521.0703125,89930.1328125,89994.9296875,89992.15625,89866.0390625,89817.0390625,89817.328125,89750.0625,90067.859375,90442.171875,90268.125,90395.25,90509.6015625,90614.765625,89700.078125,89873.53125,89940.40625,89922.8515625,89721.890625,89753.53125,89927.8359375,90476.0859375,90463.515625,90480.40625,90235.671875,89604.5390625,89763.7890625,89935.0625,90100.8125,89982.125,89776.609375,89988.453125,90101.421875,90219.390625,90313.375,89923.875,89976.03125,89666.953125,90065.5078125,90039.390625,89837.734375,89660.6015625,89702.203125,89804.34375,89984.640625,90178.625,90475.03125,90005.6875,90169.96875,89875.8984375,90295.671875,89663.4609375,89975.8125,89825.96875,89679.6875,89820.90625,90069.765625,90319.90625,90539.7421875,90449.265625,89887.625,89948.953125,90224.578125,89787.734375,89797.359375,89945.25,89702.46875,89911.1328125,90083.9453125,90220.609375,90352.359375,89996.6875,89919.53125,89980.0390625,89792.96875,89956.328125,89871.3125,89773.6953125,89776.578125,89872.046875,90003.640625,90483.65625,90313.5625,90630.578125,90327.484375,90298.84375,89913.578125,89835.859375,89882.0625,89891.7890625,89690.9375,89761.34375,89907.109375,90304.3125,90433.5625,90376.5703125,90177.9375,89749.5703125,90110.125,89970.2734375,89902.2578125,89852.546875,89897.15625,89956.921875,90087.40625,90287.6796875,90472.890625,90959.46875,90126.2421875,90417.09375,89836.9140625,89944.953125,89811.34375,89899.078125,89797.59375,89872.671875,90152.53125,90351.15625,90545.6875,90399.953125,90240.265625,90551.0390625,89931.8125,90088.578125,89919.9375,89953.3671875,89799.296875,89822.5,90086.375,90279.84375,90315.171875,90433.359375,90196.515625,89922.0390625,89754.9921875,90104.609375,89860.125,89733.921875,89634.34375,89856.8125,90194.078125,90421.21875,90430.890625,90151.1953125,89747.6328125,90182.671875,90006.828125,89970.34375,89978.625,89923.90625,89752.6875,89938.5859375,90119.5546875,90352.734375,90442.1171875,90165.8515625,90372.625,90069.796875,89917.3828125,89908.609375,90060.421875,89743.2890625,89708.203125,89738.8125,90093.546875,90343.421875,90559.796875,90388.171875
AS_809,102227.703125,101992.75,101901.84375,101687.578125,100556.1875,100701.0,100776.71875,100557.734375,101094.1171875,102061.796875,102801.8125,101983.78125,102092.75,102160.703125,101509.265625,101844.375,100832.6953125,100227.25,100481.6328125,100335.25,101389.84375,101207.0703125,102136.6796875,103107.8828125,101366.640625,101789.140625,100877.65625,102003.1796875,100834.328125,100270.8359375,100927.8203125,100528.171875,101329.890625,101792.984375,101737.7578125,102478.359375,101995.734375,102100.8046875,102120.0625,102073.546875,101157.46875,100660.3203125,100602.0625,101210.1875,101413.8046875,102134.71875,102328.015625,102026.71875,102746.28125,102009.2109375,101945.640625,101458.375,101210.6640625,100762.453125,100623.578125,100935.5703125,101332.578125,101336.140625,101644.7734375,102331.28125,102745.703125,103105.65625,101724.1640625,101633.921875,101397.9453125,100330.3359375,100365.078125,100627.390625,101520.5,101850.84375,102234.578125,102873.34375,102690.2578125,102519.15625,101823.03125,101590.828125,101449.34375,100554.5,100380.25,100938.8359375,101066.65625,101558.1328125,102021.796875,101501.296875,101860.0703125,101611.1328125,102296.9296875,101469.15625,100734.0390625,100337.0390625,100217.328125,101039.0625,101339.859375,102335.171875,101938.125,102211.25,103315.6015625,102061.765625,101608.078125,101392.53125,101113.40625,100516.8515625,100398.890625,100723.53125,101474.8359375,101759.0859375,101834.515625,102835.40625,102446.671875,102516.5390625,102012.7890625,101130.0625,101070.8125,100988.125,100216.609375,100758.453125,101459.421875,101962.390625,102504.375,102340.875,103228.03125,102828.953125,101792.5078125,102127.390625,101374.734375,100900.6015625,100810.203125,100988.34375,101495.640625,101954.625,101535.03125,102534.6875,103522.96875,102005.8984375,102339.671875,101269.4609375,101218.8125,100123.96875,100726.6875,100783.90625,101277.765625,101465.90625,101588.7421875,102827.265625,103499.625,103446.953125,101647.578125,101507.734375,101265.359375,100406.25,100653.46875,100784.1328125,100972.9453125,101749.609375,101666.359375,103255.6875,101702.53125,102355.0390625,101555.96875,101388.328125,100962.3125,100876.6953125,100101.578125,100709.046875,101363.640625,101575.65625,101917.5625,101684.578125,102118.484375,102801.84375,101494.578125,101412.859375,101444.0625,100908.7890625,100263.9375,100928.34375,101354.109375,101321.3125,102188.5625,102211.5703125,102031.9375,102132.5703125,102205.125,101458.2734375,101073.2578125,100847.546875,100189.15625,100646.921875,101620.40625,101335.6796875,101979.890625,101130.46875,103154.2421875,102700.09375,101731.9140625,101371.953125,101477.34375,100553.078125,100184.59375,101576.671875,101149.53125,102375.15625,102450.6875,101542.953125,102040.265625,101972.0390625,102448.8125,101481.578125,101003.9375,100467.3671875,100477.296875,101234.5,101460.375,101675.84375,102317.171875,102838.359375,103489.515625,102853.0390625,101413.9921875,101273.609375,101013.125,100188.921875,100816.34375,100582.8125,101658.078125,101389.21875,101916.890625,103124.1953125,102360.6328125,102176.671875,101787.828125,101521.34375,101514.625,100575.90625,100466.6875,100630.5859375,101050.5546875,101582.734375,102607.1171875,101767.8515625,101463.625,101664.796875,101989.3828125,101256.609375,101296.421875,100782.2890625,100769.203125,100442.8125,101263.546875,101852.421875,102458.796875,103084.171875
AS_812,77882.703125,77719.75,77802.84375,77724.578125,77784.1875,77578.0,77542.71875,77677.734375,77933.1171875,78075.796875,78109.8125,78021.78125,77725.75,77769.703125,77828.265625,77790.375,77747.6953125,77555.25,77590.6328125,77774.25,77959.84375,78171.0703125,78216.6796875,78214.8828125,77979.640625,78022.140625,77879.65625,77799.1796875,77702.328125,77553.8359375,77560.8203125,77807.171875,78095.890625,78136.984375,78171.7578125,78006.359375,77997.734375,77938.8046875,77832.0625,77842.546875,77684.46875,77565.3203125,77708.0625,77734.1875,77979.8046875,78164.71875,78132.015625,78163.71875,77895.28125,77849.2109375,77824.640625,77845.375,77701.6640625,77678.453125,77658.578125,77692.5703125,78080.578125,78279.140625,78246.7734375,78073.28125,77850.703125,77820.65625,77968.1640625,77939.921875,77607.9453125,77452.3359375,77651.078125,77646.390625,78097.5,78238.84375,78097.578125,78073.34375,77864.2578125,77945.15625,77800.03125,77779.828125,77832.34375,77618.5,77572.25,77794.8359375,78042.65625,78269.1328125,78086.796875,78128.296875,78058.0703125,77919.1328125,77783.9296875,77910.15625,77801.0390625,77574.0390625,77524.328125,77717.0625,77952.859375,78152.171875,78246.125,77962.25,77847.6015625,77811.765625,77854.078125,77798.53125,77666.40625,77586.8515625,77575.890625,77711.53125,77950.8359375,78212.0859375,78191.515625,78057.40625,77997.671875,77800.5390625,77844.7890625,77735.0625,77728.8125,77501.125,77530.609375,77811.453125,77988.421875,78067.390625,78068.375,77927.875,78034.03125,77802.953125,77899.5078125,77889.390625,77648.734375,77641.6015625,77707.203125,77879.34375,77962.640625,78125.625,78128.03125,77822.6875,77763.96875,77767.8984375,77884.671875,77921.4609375,77745.8125,77516.96875,77621.6875,77819.90625,77854.765625,78153.90625,78142.7421875,78035.265625,77766.625,77674.953125,77798.578125,77757.734375,77622.359375,77409.25,77505.46875,77746.1328125,78017.9453125,78131.609375,77970.359375,77900.6875,77916.53125,77982.0390625,77888.96875,77749.328125,77672.3125,77571.6953125,77563.578125,77753.046875,78004.640625,78241.65625,78156.5625,77978.578125,78043.484375,77710.84375,77916.578125,77874.859375,77696.0625,77523.7890625,77672.9375,77802.34375,77926.109375,78232.3125,78060.5625,78117.5703125,78070.9375,77936.5703125,77996.125,77932.2734375,77684.2578125,77589.546875,77691.15625,77811.921875,77984.40625,78289.6796875,78184.890625,78114.46875,77942.2421875,78095.09375,77961.9140625,77787.953125,77782.34375,77725.078125,77726.59375,77768.671875,77966.53125,78076.15625,78151.6875,78156.953125,78054.265625,77973.0390625,77862.8125,77859.578125,77914.9375,77603.3671875,77773.296875,77774.5,77988.375,78178.84375,78185.171875,78158.359375,77772.515625,77897.0390625,77884.9921875,77906.609375,77820.125,77577.921875,77581.34375,77683.8125,78005.078125,78233.21875,78185.890625,78103.1953125,78144.6328125,78003.671875,77894.828125,77894.34375,77714.625,77598.90625,77618.6875,77786.5859375,78142.5546875,78230.734375,78181.1171875,78174.8515625,77956.625,78077.796875,77895.3828125,78039.609375,77830.421875,77611.2890625,77687.203125,77709.8125,77917.546875,78157.421875,78303.796875,78003.171875
AS_818,83836.703125,83821.75,83761.84375,83825.578125,83563.1875,83258.0,83253.71875,83368.734375,83614.1171875,84019.796875,84109.8125,84079.78125,83956.75,83847.703125,83786.265625,83794.375,83550.6953125,83165.25,83135.6328125,83474.25,83732.84375,84050.0703125,84131.6796875,84247.8828125,83983.640625,84014.140625,83875.65625,83727.1796875,83647.328125,83348.8359375,83291.8203125,83281.171875,83774.890625,84068.984375,84104.7578125,83968.359375,84014.734375,83778.8046875,83824.0625,83891.546875,83763.46875,83302.3203125,83065.0625,83389.1875,83677.8046875,84108.71875,84137.015625,84177.71875,83818.28125,84034.2109375,83988.640625,83758.375,83588.6640625,83311.453125,83277.578125,83294.5703125,83784.578125,84202.140625,84147.7734375,83989.28125,83908.703125,83704.65625,83824.1640625,83926.921875,83666.9453125,83289.3359375,83195.078125,83315.390625,83642.5,84171.84375,84145.578125,84178.34375,83932.2578125,83967.15625,83781.03125,83765.828125,83663.34375,83435.5,83096.25,83359.8359375,83711.65625,84183.1328125,84020.796875,83968.296875,84173.0703125,83718.1328125,83705.9296875,83908.15625,83783.0390625,83134.0390625,83110.328125,83326.0625,83623.859375,84168.171875,84111.125,84051.25,83745.6015625,84112.765625,83832.078125,83725.53125,83603.40625,83127.8515625,83103.890625,83329.53125,83684.8359375,84100.0859375,84122.515625,84015.40625,83908.671875,83829.5390625,83732.7890625,83782.0625,83742.8125,83519.125,83066.609375,83360.453125,83678.421875,84059.390625,84033.375,83925.875,84144.03125,83792.953125,83990.5078125,83849.390625,83631.734375,83384.6015625,83165.203125,83441.34375,83700.640625,83929.625,84127.03125,84056.6875,83847.96875,83563.8984375,83835.671875,83805.4609375,83704.8125,83217.96875,83196.6875,83217.90625,83548.765625,83948.90625,83902.7421875,84149.265625,83801.625,83754.953125,83803.578125,83700.734375,83744.359375,83294.25,83167.46875,83336.1328125,83614.9453125,84106.609375,84054.359375,84011.6875,83970.53125,83966.0390625,83842.96875,83688.328125,83633.3125,83111.6953125,83022.578125,83268.046875,83591.640625,83980.65625,84109.5625,84139.578125,84055.484375,83802.84375,83790.578125,83912.859375,83712.0625,83345.7890625,83204.9375,83415.34375,83646.109375,84076.3125,84100.5625,84208.5703125,84074.9375,83819.5703125,83927.125,83866.2734375,83771.2578125,83334.546875,83285.15625,83548.921875,83864.40625,84136.6796875,84103.890625,84212.46875,84027.2421875,84116.09375,83844.9140625,83755.953125,83666.34375,83441.078125,83200.59375,83532.671875,83654.53125,83984.15625,84211.6875,84193.953125,83933.265625,83921.0390625,83843.8125,83997.578125,83763.9375,83372.3671875,83278.296875,83513.5,83822.375,84035.84375,84138.171875,84292.359375,83893.515625,83882.0390625,83905.9921875,83779.609375,83726.125,83294.921875,83142.34375,83328.8125,83795.078125,84191.21875,84233.890625,84159.1953125,84076.6328125,83876.671875,83726.828125,83808.34375,83800.625,83478.90625,83111.6875,83385.5859375,83701.5546875,84078.734375,84118.1171875,84091.8515625,83675.625,83825.796875,83566.3828125,83667.609375,83612.421875,83171.2890625,83061.203125,82954.8125,83600.546875,83919.421875,84009.796875,83918.171875
AS_82,98394.703125,97599.75,97140.84375,96828.578125,96743.1875,96547.0,96334.71875,96969.734375,97289.1171875,97260.796875,97874.8125,97859.78125,97915.75,97464.703125,96993.265625,96731.375,96425.6953125,96531.25,96561.6328125,97026.25,97084.84375,97681.0703125,97106.6796875,98047.8828125,97763.640625,97481.140625,96717.65625,96806.1796875,96942.328125,96805.8359375,96713.8203125,97100.171875,97174.890625,97681.984375,97629.7578125,98105.359375,97868.734375,97867.8046875,97791.0625,96700.546875,96822.46875,96492.3203125,96805.0625,96766.1875,97164.8046875,97158.71875,98019.015625,97480.71875,97996.28125,97302.2109375,97011.640625,96762.375,96364.6640625,96684.453125,96548.578125,96822.5703125,97015.578125,97319.140625,97417.7734375,98178.28125,97776.703125,97995.65625,97241.1640625,96881.921875,96881.9453125,96303.3359375,96714.078125,96706.390625,97251.5,97107.84375,97330.578125,98153.34375,98103.2578125,97605.15625,97180.03125,97030.828125,96633.34375,96744.5,96580.25,96650.8359375,97295.65625,97371.1328125,97304.796875,97988.296875,98020.0703125,97415.1328125,97595.9296875,97151.15625,96465.0390625,96575.0390625,96299.328125,96702.0625,97276.859375,97341.171875,97339.125,97734.25,97795.6015625,97660.765625,97433.078125,96870.53125,96954.40625,96931.8515625,96505.890625,96810.53125,96826.8359375,97276.0859375,97333.515625,97404.40625,98055.671875,97521.5390625,97323.7890625,97085.0625,96272.8125,96638.125,96568.609375,96881.453125,96968.421875,97224.390625,97781.375,97855.875,97657.03125,97665.953125,97361.5078125,97190.390625,96968.734375,96609.6015625,96703.203125,96845.34375,97234.640625,97516.625,97372.03125,97430.6875,98008.96875,97484.8984375,97116.671875,97013.4609375,96801.8125,96399.96875,96662.6875,96773.90625,97111.765625,97111.90625,97891.7421875,98103.265625,98188.625,97401.953125,97419.578125,96376.734375,96992.359375,96691.25,96727.46875,96610.1328125,97482.9453125,97277.609375,97697.359375,97830.6875,98114.53125,97690.0390625,96836.96875,97013.328125,96670.3125,96696.6953125,96339.578125,96605.046875,96842.640625,97763.65625,97266.5625,97758.578125,97744.484375,98308.84375,97455.578125,97207.859375,96770.0625,96914.7890625,96291.9375,96984.34375,97209.109375,97467.3125,97475.5625,97713.5703125,97895.9375,97860.5703125,97292.125,96986.2734375,96459.2578125,96603.546875,96725.15625,97175.921875,97387.40625,97059.6796875,98362.890625,97915.46875,97697.2421875,97577.09375,97471.9140625,96790.953125,96536.34375,96789.078125,96642.59375,96844.671875,97479.53125,97338.15625,97803.6875,97822.953125,97862.265625,97646.0390625,97641.8125,96613.578125,96470.9375,96728.3671875,96417.296875,96766.5,96679.375,97688.84375,97346.171875,97838.359375,97581.515625,97686.0390625,97318.9921875,96940.609375,96879.125,96607.921875,96782.34375,97138.8125,97053.078125,97354.21875,97629.890625,97732.1953125,97613.6328125,97410.671875,97164.828125,96855.34375,96509.625,96857.90625,96621.6875,97059.5859375,97049.5546875,97393.734375,97463.1171875,97745.8515625,98023.625,97991.796875,96922.3828125,97584.609375,96666.421875,96723.2890625,96682.203125,96943.8125,97540.546875,97328.421875,97617.796875,97444.171875
AS_827,97000.703125,96484.75,95963.84375,95133.578125,95546.1875,95294.0,95424.71875,95555.734375,95322.1171875,95963.796875,96498.8125,96757.78125,96482.75,96215.703125,95973.265625,95184.375,95321.6953125,95150.25,95085.6328125,95668.25,95997.84375,95508.0703125,95646.6796875,96718.8828125,95166.640625,95677.140625,94966.65625,95743.1796875,95326.328125,95302.8359375,95420.8203125,95315.171875,95135.890625,96188.984375,96010.7578125,96625.359375,95478.734375,95550.8046875,95325.0625,95236.546875,95891.46875,95800.3203125,95403.0625,96140.1875,95640.8046875,95868.71875,96240.015625,95364.71875,96009.28125,95781.2109375,95507.640625,95501.375,95788.6640625,95659.453125,95730.578125,95248.5703125,95565.578125,95209.140625,95233.7734375,96994.28125,96802.703125,97095.65625,95958.1640625,95164.921875,95959.9453125,95027.3359375,95476.078125,95529.390625,95552.5,95162.84375,95805.578125,97633.34375,97030.2578125,96317.15625,95810.03125,96294.828125,95499.34375,95566.5,95567.25,95477.8359375,94959.65625,95208.1328125,96430.796875,95551.296875,95761.0703125,95654.1328125,96195.9296875,95722.15625,94889.0390625,95011.0390625,95300.328125,95111.0625,95742.859375,95403.171875,95858.125,95364.25,96697.6015625,95544.765625,95420.078125,95352.53125,95825.40625,95182.8515625,95167.890625,95158.53125,95715.8359375,95424.0859375,95608.515625,95870.40625,96132.671875,96351.5390625,96174.7890625,95373.0625,95277.8125,95494.125,95714.609375,95791.453125,95539.421875,95919.390625,96479.375,96546.875,96711.03125,97000.953125,96265.5078125,96567.390625,95577.734375,94921.6015625,95350.203125,95281.34375,95495.640625,95590.625,95171.03125,96468.6875,97213.96875,95822.8984375,95591.671875,95421.4609375,95767.8125,95275.96875,95044.6875,95105.90625,96482.765625,95373.90625,95775.7421875,96582.265625,97439.625,96725.953125,96389.578125,95474.734375,95277.359375,95825.25,95602.46875,95446.1328125,95779.9453125,96237.609375,96125.359375,97119.6875,96167.53125,95990.0390625,96019.96875,95840.328125,95218.3125,95348.6953125,95708.578125,95587.046875,95582.640625,95008.65625,95312.5625,95660.578125,95993.484375,96657.84375,95540.578125,94948.859375,95399.0625,95610.7890625,95303.9375,95335.34375,95357.109375,95688.3125,95163.5625,95962.5703125,95503.9375,95686.5703125,95193.125,95674.2734375,95840.2578125,95538.546875,95088.15625,95234.921875,95932.40625,95611.6796875,96624.890625,95617.46875,97764.2421875,96534.09375,95885.9140625,96117.953125,95457.34375,95988.078125,95686.59375,95837.671875,96609.53125,96813.15625,96471.6875,95296.953125,96041.265625,96025.0390625,95527.8125,94981.578125,95269.9375,95357.3671875,95426.296875,95449.5,95613.375,95894.84375,96128.171875,96255.359375,96706.515625,96784.0390625,95201.9921875,95256.609375,95183.125,95582.921875,95671.34375,95458.8125,95900.078125,95426.21875,95297.890625,96407.1953125,95597.6328125,96145.671875,95572.828125,95006.34375,95496.625,95360.90625,95571.6875,95901.5859375,95303.5546875,95481.734375,95995.1171875,95821.8515625,94940.625,95940.796875,94711.3828125,96134.609375,95940.421875,95185.2890625,95383.203125,95837.8125,95916.546875,95474.421875,95823.796875,96282.171875
AS_849,100303.703125,100192.75,100106.84375,100059.578125,99932.1875,100011.0,99827.71875,99900.734375,99983.1171875,99918.796875,100030.8125,100034.78125,100198.75,100086.703125,100205.265625,100090.375,99967.6953125,99901.25,99873.6328125,99765.25,99978.84375,100074.0703125,100100.6796875,100419.8828125,100460.640625,100523.140625,100280.65625,100157.1796875,100048.328125,99985.8359375,99851.8203125,99887.171875,100094.890625,100094.984375,100211.7578125,100372.359375,100506.734375,100432.8046875,100368.0625,100137.546875,99909.46875,100033.3203125,99998.0625,99952.1875,100005.8046875,100097.71875,100123.015625,100369.71875,100389.28125,100306.2109375,100183.640625,100116.375,99993.6640625,99883.453125,100024.578125,99816.5703125,100140.578125,100122.140625,100149.7734375,100235.28125,100391.703125,100470.65625,100421.1640625,100292.921875,100027.9453125,99972.3359375,99974.078125,99930.390625,99952.5,100088.84375,100100.578125,100210.34375,100238.2578125,100379.15625,100203.03125,100160.828125,100048.34375,100017.5,99916.25,99864.8359375,99996.65625,100087.1328125,100133.796875,100180.296875,100402.0703125,100378.1328125,100262.9296875,100190.15625,100043.0390625,99903.0390625,99940.328125,99883.0625,99793.859375,99999.171875,99908.125,100113.25,100240.6015625,100245.765625,100180.078125,100052.53125,99843.40625,99991.8515625,99944.890625,99974.53125,99920.8359375,100111.0859375,100104.515625,100170.40625,100317.671875,100180.5390625,100205.7890625,100044.0625,99957.8125,99909.125,99858.609375,99812.453125,99793.421875,99939.390625,100125.375,100358.875,100434.03125,100428.953125,100367.5078125,100252.390625,99980.734375,100039.6015625,100035.203125,99954.34375,100047.640625,99913.625,100058.03125,99963.6875,100193.96875,100187.8984375,100213.671875,100155.4609375,99938.8125,99901.96875,99836.6875,99870.90625,99913.765625,100021.90625,100052.7421875,100103.265625,100240.625,100167.953125,100173.578125,100171.734375,99917.359375,99844.25,99802.46875,99888.1328125,99927.9453125,100054.609375,100208.359375,100186.6875,100331.53125,100313.0390625,100288.96875,100079.328125,100050.3125,99849.6953125,99931.578125,99953.046875,99894.640625,100014.65625,100139.5625,100152.578125,100397.484375,100319.84375,100371.578125,100141.859375,100091.0625,99861.7890625,99832.9375,100051.34375,99978.109375,100059.3125,100184.5625,100224.5703125,100425.9375,100468.5703125,100464.125,100206.2734375,100117.2578125,100038.546875,99935.15625,99956.921875,100057.40625,100143.6796875,100267.890625,100352.46875,100522.2421875,100535.09375,100410.9140625,100229.953125,100092.34375,100090.078125,99970.59375,99790.671875,99938.53125,99952.15625,100131.6875,100127.953125,100291.265625,100408.0390625,100303.8125,100201.578125,100055.9375,100065.3671875,100003.296875,99936.5,100006.375,99872.84375,100037.171875,100116.359375,100151.515625,100297.0390625,100230.9921875,100149.609375,100074.125,99957.921875,99793.34375,99853.8125,99916.078125,100149.21875,100282.890625,100253.1953125,100498.6328125,100593.671875,100362.828125,100189.34375,100059.625,99973.90625,99980.6875,99834.5859375,100032.5546875,100150.734375,100063.1171875,100248.8515625,100350.625,100534.796875,100301.3828125,100249.609375,100046.421875,100021.2890625,99953.203125,99935.8125,99954.546875,99832.421875,100069.796875,100043.171875
AS_858,94692.703125,94579.75,94374.84375,93906.578125,93464.1875,93193.0,93195.71875,93398.734375,93824.1171875,94240.796875,94665.8125,94800.78125,94661.75,94560.703125,94406.265625,94170.375,93452.6953125,93191.25,93253.6328125,93489.25,93929.84375,94321.0703125,94774.6796875,95007.8828125,94798.640625,94883.140625,94445.65625,94040.1796875,93495.328125,93284.8359375,93129.8203125,93421.171875,94018.890625,94420.984375,94711.7578125,94833.359375,94946.734375,94641.8046875,94495.0625,94156.546875,93783.46875,93103.3203125,93352.0625,93488.1875,93826.8046875,94486.71875,94785.015625,94944.71875,94768.28125,94702.2109375,94380.640625,93956.375,93595.6640625,93315.453125,93224.578125,93431.5703125,93947.578125,94630.140625,94815.7734375,94836.28125,94789.703125,94686.65625,94515.1640625,94302.921875,93924.9453125,93231.3359375,93300.078125,93381.390625,93887.5,94467.84375,94779.578125,94813.34375,94829.2578125,94672.15625,94483.03125,94085.828125,93593.34375,93433.5,93192.25,93518.8359375,93943.65625,94516.1328125,94747.796875,94901.296875,94972.0703125,94561.1328125,94478.9296875,94090.15625,93731.0390625,93278.0390625,93149.328125,93341.0625,93676.859375,94328.171875,94641.125,94831.25,94752.6015625,94633.765625,94309.078125,94152.53125,93570.40625,93184.8515625,93165.890625,93379.53125,93832.8359375,94387.0859375,94666.515625,94794.40625,94884.671875,94603.5390625,94450.7890625,94188.0625,93662.8125,93375.125,93120.609375,93452.453125,93796.421875,94365.390625,94692.375,94790.875,94882.03125,94651.953125,94376.5078125,94125.390625,93638.734375,93407.6015625,93328.203125,93516.34375,93829.640625,94195.625,94572.03125,94516.6875,94659.96875,94593.8984375,94381.671875,94272.4609375,93613.8125,93141.96875,93265.6875,93425.90625,93694.765625,94378.90625,94648.7421875,94739.265625,94731.625,94588.953125,94387.578125,94139.734375,93799.359375,93119.25,93045.46875,93415.1328125,93870.9453125,94513.609375,94628.359375,94724.6875,94837.53125,94732.0390625,94530.96875,94195.328125,93634.3125,93197.6953125,93141.578125,93488.046875,93840.640625,94363.65625,94804.5625,94772.578125,94992.484375,94598.84375,94671.578125,94379.859375,93941.0625,93220.7890625,93265.9375,93482.34375,93859.109375,94569.3125,94713.5625,94862.5703125,94921.9375,94727.5703125,94659.125,94210.2734375,93868.2578125,93454.546875,93296.15625,93531.921875,93980.40625,94553.6796875,94792.890625,94884.46875,94839.2421875,94823.09375,94602.9140625,94183.953125,93673.34375,93441.078125,93287.59375,93498.671875,93790.53125,94245.15625,94693.6875,94787.953125,94913.265625,94782.0390625,94468.8125,94071.578125,93818.9375,93378.3671875,93312.296875,93470.5,93894.375,94274.84375,94711.171875,94929.359375,94660.515625,94755.0390625,94451.9921875,94158.609375,93897.125,93236.921875,93146.34375,93299.8125,93931.078125,94605.21875,94803.890625,94914.1953125,95022.6328125,94760.671875,94634.828125,94248.34375,93933.625,93493.90625,93215.6875,93462.5859375,93893.5546875,94545.734375,94802.1171875,94934.8515625,94877.625,94890.796875,94573.3828125,94397.609375,93954.421875,93503.2890625,93386.203125,93383.8125,93829.546875,94281.421875,94936.796875,94889.171875
AS_864,101294.703125,100945.75,100815.84375,100640.578125,99621.1875,99769.0,99763.71875,99507.734375,100086.1171875,100966.796875,101566.8125,100895.78125,101050.75,101080.703125,100514.265625,100719.375,99879.6953125,99186.25,99409.6328125,99436.25,100374.84375,100258.0703125,101061.6796875,101927.8828125,100337.640625,100813.140625,99885.65625,100973.1796875,99890.328125,99252.8359375,99828.8203125,99575.171875,100232.890625,100810.984375,100644.7578125,101413.359375,100916.734375,100986.8046875,101013.0625,100877.546875,100288.46875,99754.3203125,99574.0625,100273.1875,100374.8046875,101058.71875,101106.015625,101003.71875,101631.28125,100865.2109375,100828.640625,100391.375,100138.6640625,99777.453125,99618.578125,99861.5703125,100314.578125,100321.140625,100617.7734375,101324.28125,101595.703125,101883.65625,100844.1640625,100497.921875,100389.9453125,99394.3359375,99339.078125,99646.390625,100402.5,100732.84375,101044.578125,101951.34375,101573.2578125,101533.15625,100783.03125,100595.828125,100396.34375,99570.5,99372.25,99824.8359375,100070.65625,100453.1328125,101080.796875,100458.296875,100933.0703125,100523.1328125,101100.9296875,100508.15625,99610.0390625,99325.0390625,99275.328125,99933.0625,100237.859375,101195.171875,100912.125,101009.25,102185.6015625,101080.765625,100634.078125,100214.53125,100144.40625,99461.8515625,99370.890625,99709.53125,100370.8359375,100652.0859375,100677.515625,101634.40625,101420.671875,101351.5390625,101036.7890625,100198.0625,99967.8125,99808.125,99187.609375,99832.453125,100414.421875,100841.390625,101391.375,101145.875,102164.03125,101582.953125,100695.5078125,101058.390625,100280.734375,99830.6015625,99729.203125,100008.34375,100411.640625,100833.625,100358.03125,101332.6875,102479.96875,100960.8984375,101275.671875,100250.4609375,100176.8125,99228.96875,99665.6875,99659.90625,100500.765625,100439.90625,100567.7421875,101683.265625,102304.625,102262.953125,100756.578125,100483.734375,100285.359375,99477.25,99630.46875,99737.1328125,99943.9453125,100685.609375,100541.359375,102055.6875,100679.53125,101191.0390625,100496.96875,100423.328125,99756.3125,99824.6953125,99195.578125,99608.046875,100355.640625,100497.65625,100797.5625,100681.578125,100972.484375,101698.84375,100473.578125,100322.859375,100327.0625,99979.7890625,99263.9375,99924.34375,100249.109375,100247.3125,100923.5625,101185.5703125,100868.9375,100979.5703125,100981.125,100403.2734375,100091.2578125,99884.546875,99216.15625,99580.921875,100474.40625,100287.6796875,101029.890625,100168.46875,102300.2421875,101651.09375,100856.9140625,100307.953125,100371.34375,99602.078125,99151.59375,100478.671875,100322.53125,101284.15625,101203.6875,100515.953125,100982.265625,100994.0390625,101332.8125,100364.578125,99970.9375,99604.3671875,99374.296875,100187.5,100348.375,100777.84375,101227.171875,101784.359375,102332.515625,101805.0390625,100339.9921875,100248.609375,99834.125,99254.921875,99782.34375,99614.8125,100547.078125,100370.21875,100707.890625,102063.1953125,101319.6328125,101214.671875,100825.828125,100429.34375,100466.625,99506.90625,99533.6875,99725.5859375,100048.5546875,100541.734375,101437.1171875,100801.8515625,100483.625,100769.796875,100781.3828125,100503.609375,100314.421875,99681.2890625,99706.203125,99522.8125,100190.546875,100680.421875,101354.796875,101832.171875
AS_868,102756.703125,102478.75,101891.84375,101293.578125,100895.1875,100570.0,100291.71875,100442.734375,101119.1171875,101813.796875,102360.8125,102471.78125,102338.75,102355.703125,101755.265625,101459.375,100905.6953125,100477.25,100343.6328125,100711.25,101240.84375,101836.0703125,102313.6796875,102876.8828125,102403.640625,102438.140625,101775.65625,101372.1796875,101010.328125,100461.8359375,100228.8203125,100629.171875,101353.890625,101754.984375,102279.7578125,102664.359375,102657.734375,102268.8046875,102098.0625,101442.546875,101005.46875,100459.3203125,100392.0625,100581.1875,101185.8046875,101885.71875,102308.015625,102795.71875,102602.28125,102163.2109375,102029.640625,101301.375,100846.6640625,100687.453125,100419.578125,100467.5703125,101300.578125,102082.140625,102330.7734375,102591.28125,102599.703125,102519.65625,102196.1640625,101361.921875,100868.9453125,100321.3359375,100424.078125,100514.390625,101235.5,102067.84375,102078.578125,102851.34375,102528.2578125,102727.15625,101772.03125,101163.828125,101099.34375,100483.5,100241.25,100565.8359375,101347.65625,101788.1328125,101962.796875,102786.296875,102881.0703125,102045.1328125,101802.9296875,101623.15625,100767.0390625,100555.0390625,100246.328125,100415.0625,101055.859375,101910.171875,102424.125,102383.25,102788.6015625,102762.765625,101846.078125,101372.53125,100774.40625,100477.8515625,100275.890625,100533.53125,101107.8359375,101797.0859375,102330.515625,102529.40625,102770.671875,101958.5390625,101932.7890625,101500.0625,101150.8125,100269.125,100303.609375,100543.453125,101175.421875,101675.390625,102402.375,102484.875,102592.03125,102070.953125,102041.5078125,101778.390625,100920.734375,100695.6015625,100453.203125,100691.34375,101148.640625,101905.625,102165.03125,102059.6875,103055.96875,102195.8984375,102329.671875,101440.4609375,100946.8125,100377.96875,100224.6875,100511.90625,101212.765625,101962.90625,102119.7421875,102895.265625,102706.625,102442.953125,102033.578125,101136.734375,100967.359375,100335.25,100290.46875,100400.1328125,101325.9453125,101810.609375,102038.359375,102554.6875,102660.53125,102454.0390625,101848.96875,101368.328125,100868.3125,100521.6953125,100314.578125,100426.046875,101310.640625,101936.65625,102219.5625,102534.578125,102534.484375,102425.84375,102017.578125,101560.859375,100977.0625,100456.7890625,100426.9375,100640.34375,101111.109375,101846.3125,102202.5625,102811.5703125,102671.9375,102361.5703125,102124.125,101518.2734375,100848.2578125,100461.546875,100415.15625,100610.921875,101248.40625,101897.6796875,102278.890625,102731.46875,102733.2421875,102604.09375,102089.9140625,101209.953125,101011.34375,100581.078125,100405.59375,100446.671875,101093.53125,101737.15625,102268.6875,102585.953125,102657.265625,102552.0390625,102066.8125,101321.578125,101069.9375,100666.3671875,100500.296875,100503.5,101118.375,102019.84375,102318.171875,102752.359375,102615.515625,102448.0390625,101879.9921875,101445.609375,100976.125,100522.921875,100358.34375,100277.8125,101215.078125,102003.21875,102256.890625,102813.1953125,102811.6328125,102495.671875,101894.828125,101343.34375,101120.625,100520.90625,100328.6875,100416.5859375,101312.5546875,101901.734375,102302.1171875,102654.8515625,102503.625,102525.796875,101882.3828125,101856.609375,100853.421875,100444.2890625,100473.203125,100498.8125,101186.546875,102066.421875,102499.796875,102839.171875
AS_894,102673.703125,102367.75,101784.84375,101196.578125,100790.1875,100478.0,100187.71875,100333.734375,101036.1171875,101715.796875,102277.8125,102379.78125,102250.75,102245.703125,101666.265625,101353.375,100796.6953125,100375.25,100242.6328125,100612.25,101155.84375,101741.0703125,102234.6796875,102806.8828125,102335.640625,102329.140625,101682.65625,101269.1796875,100919.328125,100344.8359375,100136.8203125,100541.171875,101262.890625,101677.984375,102197.7578125,102579.359375,102576.734375,102167.8046875,101988.0625,101341.546875,100900.46875,100359.3203125,100308.0625,100464.1875,101079.8046875,101797.71875,102226.015625,102734.71875,102516.28125,102071.2109375,101919.640625,101201.375,100758.6640625,100581.453125,100338.578125,100354.5703125,101214.578125,102005.140625,102248.7734375,102515.28125,102522.703125,102414.65625,102108.1640625,101264.921875,100730.9453125,100212.3359375,100317.078125,100415.390625,101128.5,101973.84375,101994.578125,102780.34375,102430.2578125,102625.15625,101678.03125,101071.828125,101004.34375,100390.5,100122.25,100458.8359375,101253.65625,101692.1328125,101895.796875,102712.296875,102819.0703125,101930.1328125,101689.9296875,101530.15625,100678.0390625,100445.0390625,100165.328125,100301.0625,100975.859375,101813.171875,102333.125,102316.25,102715.6015625,102680.765625,101745.078125,101265.53125,100674.40625,100385.8515625,100170.890625,100436.53125,101006.8359375,101709.0859375,102269.515625,102462.40625,102702.671875,101845.5390625,101820.7890625,101380.0625,101054.8125,100176.125,100205.609375,100440.453125,101062.421875,101587.390625,102348.375,102415.875,102501.03125,101964.953125,101940.5078125,101669.390625,100807.734375,100594.6015625,100359.203125,100594.34375,101043.640625,101825.625,102077.03125,101998.6875,102978.96875,102081.8984375,102237.671875,101347.4609375,100861.8125,100281.96875,100133.6875,100420.90625,101124.765625,101858.90625,102024.7421875,102815.265625,102611.625,102347.953125,101933.578125,101039.734375,100852.359375,100220.25,100183.46875,100291.1328125,101238.9453125,101714.609375,101957.359375,102477.6875,102566.53125,102328.0390625,101734.96875,101274.328125,100743.3125,100418.6953125,100230.578125,100319.046875,101211.640625,101843.65625,102151.5625,102478.578125,102437.484375,102317.84375,101905.578125,101441.859375,100868.0625,100360.7890625,100330.9375,100566.34375,101010.109375,101757.3125,102124.5625,102754.5703125,102589.9375,102261.5703125,102005.125,101426.2734375,100739.2578125,100367.546875,100332.15625,100511.921875,101163.40625,101798.6796875,102196.890625,102663.46875,102648.2421875,102525.09375,101980.9140625,101093.953125,100913.34375,100491.078125,100310.59375,100337.671875,100993.53125,101641.15625,102184.6875,102499.953125,102560.265625,102454.0390625,101967.8125,101239.578125,100962.9375,100554.3671875,100407.296875,100413.5,101020.375,101935.84375,102227.171875,102670.359375,102530.515625,102360.0390625,101769.9921875,101351.609375,100876.125,100416.921875,100234.34375,100170.8125,101138.078125,101922.21875,102162.890625,102745.1953125,102732.6328125,102394.671875,101796.828125,101232.34375,101012.625,100406.90625,100235.6875,100310.5859375,101234.5546875,101819.734375,102214.1171875,102574.8515625,102402.625,102391.796875,101746.3828125,101723.609375,100718.421875,100314.2890625,100349.203125,100376.8125,101085.546875,101941.421875,102383.796875,102737.171875
AS_900,101458.703125,101264.75,100974.84375,100529.578125,100265.1875,99899.0,99832.71875,100053.734375,100499.1171875,100832.796875,101296.8125,101514.78125,101491.75,101269.703125,101024.265625,100753.375,100202.6953125,99814.25,99884.6328125,100168.25,100573.84375,100843.0703125,101352.6796875,101703.8828125,101571.640625,101590.140625,101049.65625,100646.1796875,100241.328125,99938.8359375,99993.8203125,100073.171875,100705.890625,100899.984375,101316.7578125,101532.359375,101686.734375,101314.8046875,101128.0625,100690.546875,100464.46875,99852.3203125,99868.0625,100161.1875,100504.8046875,101003.71875,101407.015625,101669.71875,101498.28125,101409.2109375,100997.640625,100546.375,100269.6640625,99980.453125,100014.578125,100078.5703125,100640.578125,101165.140625,101419.7734375,101536.28125,101603.703125,101433.65625,101128.1640625,100883.921875,100509.9453125,99892.3359375,99944.078125,100129.390625,100394.5,101044.84375,101367.578125,101558.34375,101617.2578125,101334.15625,101058.03125,100672.828125,100291.34375,100084.5,99776.25,100059.8359375,100544.65625,101125.1328125,101338.796875,101628.296875,101736.0703125,101217.1328125,101149.9296875,100763.15625,100376.0390625,99824.0390625,99780.328125,99971.0625,100261.859375,100943.171875,101262.125,101588.25,101557.6015625,101453.765625,100848.078125,100687.53125,100319.40625,99786.8515625,99824.890625,100085.53125,100428.8359375,100988.0859375,101306.515625,101496.40625,101610.671875,101297.5390625,101018.7890625,100774.0625,100230.8125,100072.125,99726.609375,100142.453125,100563.421875,100939.390625,101265.375,101507.875,101653.03125,101365.953125,101002.5078125,100681.390625,100276.734375,100094.6015625,99868.203125,100086.34375,100399.640625,100745.625,101174.03125,101276.6875,101479.96875,101268.8984375,101013.671875,100806.4609375,100356.8125,99795.96875,99883.6875,99961.90625,100297.765625,101022.90625,101259.7421875,101471.265625,101537.625,101382.953125,101069.578125,100709.734375,100427.359375,99922.25,99768.46875,100030.1328125,100402.9453125,101057.609375,101272.359375,101429.6875,101623.53125,101411.0390625,101149.96875,100773.328125,100332.3125,99848.6953125,99781.578125,100144.046875,100402.640625,100892.65625,101389.5625,101533.578125,101753.484375,101295.84375,101248.578125,100887.859375,100513.0625,99954.7890625,99929.9375,100174.34375,100514.109375,101063.3125,101330.5625,101601.5703125,101685.9375,101366.5703125,101272.125,100717.2734375,100471.2578125,99968.546875,99947.15625,100270.921875,100612.40625,101105.6796875,101363.890625,101660.46875,101609.2421875,101493.09375,101184.9140625,100776.953125,100365.34375,100077.078125,99959.59375,100075.671875,100549.53125,100905.15625,101382.6875,101511.953125,101643.265625,101506.0390625,101078.8125,100689.578125,100391.9375,100011.3671875,99950.296875,100067.5,100560.375,100845.84375,101338.171875,101628.359375,101422.515625,101412.0390625,101058.9921875,100709.609375,100364.125,99902.921875,99792.34375,100030.8125,100645.078125,101095.21875,101376.890625,101644.1953125,101762.6328125,101524.671875,101256.828125,100796.34375,100560.625,100047.90625,99873.6875,100030.5859375,100416.5546875,101061.734375,101370.1171875,101651.8515625,101647.625,101537.796875,101166.3828125,100912.609375,100511.421875,100053.2890625,99930.203125,99846.8125,100427.546875,100810.421875,101509.796875,101578.171875
AS_907,88017.703125,87734.75,87396.84375,87023.578125,87148.1875,87189.0,86935.71875,87332.734375,87819.1171875,87884.796875,87850.8125,87599.78125,87576.75,87680.703125,87144.265625,87350.375,87022.6953125,86903.25,87011.6328125,87530.25,87875.84375,87985.0703125,87939.6796875,88201.8828125,87684.640625,87829.140625,87220.65625,87123.1796875,87450.328125,86971.8359375,87107.8203125,87387.171875,87911.890625,87714.984375,87657.7578125,88155.359375,87829.734375,87709.8046875,87833.0625,87319.546875,87356.46875,87002.3203125,86975.0625,87309.1875,87619.8046875,87830.71875,87942.015625,87996.71875,87818.28125,87292.2109375,87314.640625,87263.375,86986.6640625,87250.453125,87070.578125,87403.5703125,87719.578125,88099.140625,87942.7734375,87974.28125,87748.703125,87848.65625,87673.1640625,87102.921875,87021.9453125,86730.3359375,87086.078125,87370.390625,87854.5,87971.84375,87669.578125,88034.34375,87960.2578125,87804.15625,87205.03125,86980.828125,87259.34375,86891.5,87025.25,87389.8359375,87880.65625,87880.1328125,87672.796875,88022.296875,88138.0703125,87502.1328125,87377.9296875,87445.15625,86932.0390625,87119.0390625,86898.328125,87337.0625,87791.859375,87994.171875,87983.125,87781.25,88161.6015625,87891.765625,87476.078125,87188.53125,86958.40625,87010.8515625,87029.890625,87257.53125,87654.8359375,87765.0859375,87782.515625,87618.40625,87819.671875,87417.5390625,87402.7890625,87404.0625,87226.8125,86712.125,86951.609375,87360.453125,87633.421875,87677.390625,87958.375,87603.875,87758.03125,87540.953125,87434.5078125,87358.390625,87067.734375,87234.6015625,87108.203125,87393.34375,87776.640625,87977.625,87487.03125,87202.6875,88115.96875,87671.8984375,87715.671875,87332.4609375,86997.8125,86915.96875,86901.6875,87320.90625,87770.765625,87919.90625,88067.7421875,88159.265625,87920.625,87646.953125,87567.578125,86986.734375,87207.359375,86825.25,86977.46875,87404.1328125,87781.9453125,87725.609375,87514.359375,87671.6875,87789.53125,87726.0390625,87310.96875,87219.328125,87098.3125,87004.6953125,86846.578125,87121.046875,87686.640625,88039.65625,87756.5625,87807.578125,87691.484375,87920.84375,87645.578125,87640.859375,87013.0625,87170.7890625,87046.9375,87433.34375,87689.109375,87878.3125,87819.5625,87793.5703125,87931.9375,87683.5703125,87651.125,87446.2734375,86979.2578125,86985.546875,87156.15625,87400.921875,87794.40625,87884.6796875,88059.890625,87954.46875,87966.2421875,87797.09375,87660.9140625,87126.953125,87151.34375,87007.078125,87146.59375,87427.671875,87688.53125,87925.15625,87755.6875,87965.953125,87947.265625,87896.0390625,87809.8125,87265.578125,87245.9375,87216.3671875,87096.296875,87266.5,87466.375,88197.84375,87733.171875,87885.359375,87764.515625,87568.0390625,87564.9921875,87409.609375,87236.125,86962.921875,87109.34375,87453.8125,87615.078125,87989.21875,87945.890625,88121.1953125,88068.6328125,87910.671875,87444.828125,87373.34375,87167.625,87028.90625,87017.6875,87303.5859375,87957.5546875,88005.734375,87939.1171875,87830.8515625,87946.625,87810.796875,87389.3828125,87684.609375,86974.421875,86906.2890625,87068.203125,87105.8125,87614.546875,87940.421875,88146.796875,87915.171875
AS_916,81429.703125,81239.75,81258.84375,81166.578125,81195.1875,81004.0,80906.71875,81054.734375,81379.1171875,81549.796875,81602.8125,81549.78125,81243.75,81292.703125,81299.265625,81169.375,81178.6953125,80938.25,80936.6328125,81166.25,81402.84375,81643.0703125,81742.6796875,81739.8828125,81516.640625,81494.140625,81315.65625,81175.1796875,81125.328125,80935.8359375,80909.8203125,81182.171875,81528.890625,81594.984375,81688.7578125,81530.359375,81558.734375,81413.8046875,81310.0625,81220.546875,81078.46875,80965.3203125,81097.0625,81109.1875,81409.8046875,81667.71875,81634.015625,81712.71875,81408.28125,81379.2109375,81276.640625,81284.375,81140.6640625,81099.453125,81032.578125,81062.5703125,81512.578125,81793.140625,81761.7734375,81607.28125,81341.703125,81242.65625,81444.1640625,81345.921875,80957.9453125,80854.3359375,81050.078125,81039.390625,81521.5,81747.84375,81597.578125,81655.34375,81361.2578125,81453.15625,81213.03125,81174.828125,81264.34375,81014.5,80917.25,81161.8359375,81493.65625,81739.1328125,81559.796875,81677.296875,81651.0703125,81385.1328125,81188.9296875,81379.15625,81231.0390625,80964.0390625,80922.328125,81084.0625,81378.859375,81655.171875,81768.125,81453.25,81346.6015625,81423.765625,81324.078125,81200.53125,81080.40625,80968.8515625,80951.890625,81093.53125,81353.8359375,81681.0859375,81725.515625,81607.40625,81571.671875,81218.5390625,81248.7890625,81177.0625,81176.8125,80891.125,80909.609375,81197.453125,81398.421875,81531.390625,81597.375,81436.875,81527.03125,81230.953125,81360.5078125,81292.390625,81015.734375,81051.6015625,81086.203125,81272.34375,81373.640625,81622.625,81650.03125,81341.6875,81369.96875,81204.8984375,81453.671875,81346.4609375,81178.8125,80890.96875,80987.6875,81179.90625,81296.765625,81640.90625,81621.7421875,81640.265625,81281.625,81107.953125,81247.578125,81127.734375,81056.359375,80793.25,80873.46875,81103.1328125,81464.9453125,81604.609375,81425.359375,81429.6875,81463.53125,81412.0390625,81335.96875,81166.328125,81080.3125,80968.6953125,80954.578125,81108.046875,81434.640625,81741.65625,81674.5625,81570.578125,81578.484375,81179.84375,81335.578125,81256.859375,81099.0625,80922.7890625,81039.9375,81193.34375,81334.109375,81707.3125,81567.5625,81702.5703125,81593.9375,81424.5703125,81413.125,81375.2734375,81070.2578125,80992.546875,81053.15625,81201.921875,81422.40625,81747.6796875,81658.890625,81677.46875,81503.2421875,81682.09375,81400.9140625,81150.953125,81156.34375,81127.078125,81098.59375,81097.671875,81405.53125,81538.15625,81658.6875,81686.953125,81577.265625,81512.0390625,81333.8125,81301.578125,81322.9375,81002.3671875,81144.296875,81131.5,81411.375,81683.84375,81688.171875,81728.359375,81332.515625,81435.0390625,81352.9921875,81347.609375,81239.125,80981.921875,80935.34375,81026.8125,81439.078125,81731.21875,81667.890625,81625.1953125,81670.6328125,81428.671875,81315.828125,81242.34375,81087.625,80988.90625,80985.6875,81133.5859375,81579.5546875,81698.734375,81675.1171875,81717.8515625,81605.625,81736.796875,81445.3828125,81647.609375,81332.421875,81110.2890625,81215.203125,81220.8125,81482.546875,81816.421875,81946.796875,81700.171875
AS_917,102736.703125,102427.75,101833.84375,101241.578125,100830.1875,100515.0,100227.71875,100386.734375,101088.1171875,101777.796875,102336.8125,102435.78125,102309.75,102308.703125,101713.265625,101408.375,100843.6953125,100422.25,100285.6328125,100668.25,101218.84375,101798.0703125,102282.6796875,102864.8828125,102379.640625,102384.140625,101729.65625,101314.1796875,100967.328125,100389.8359375,100180.8203125,100591.171875,101320.890625,101726.984375,102246.7578125,102642.359375,102627.734375,102223.8046875,102045.0625,101392.546875,100954.46875,100399.3203125,100344.0625,100522.1875,101139.8046875,101850.71875,102284.015625,102783.71875,102572.28125,102118.2109375,101973.640625,101247.375,100799.6640625,100627.453125,100373.578125,100415.5703125,101265.578125,102056.140625,102294.7734375,102570.28125,102576.703125,102480.65625,102156.1640625,101302.921875,100783.9453125,100249.3359375,100358.078125,100464.390625,101188.5,102033.84375,102045.578125,102832.34375,102495.2578125,102686.15625,101720.03125,101112.828125,101047.34375,100425.5,100169.25,100510.8359375,101319.65625,101747.1328125,101946.796875,102766.296875,102868.0703125,101984.1328125,101745.9296875,101576.15625,100712.0390625,100495.0390625,100200.328125,100352.0625,101032.859375,101877.171875,102392.125,102368.25,102779.6015625,102733.765625,101794.078125,101311.53125,100717.40625,100432.8515625,100210.890625,100482.53125,101069.8359375,101761.0859375,102313.515625,102508.40625,102750.671875,101906.5390625,101877.7890625,101430.0625,101101.8125,100210.125,100245.609375,100502.453125,101127.421875,101638.390625,102400.375,102465.875,102558.03125,102022.953125,101997.5078125,101724.390625,100855.734375,100638.6015625,100396.203125,100640.34375,101103.640625,101883.625,102126.03125,102041.6875,103036.96875,102142.8984375,102286.671875,101390.4609375,100904.8125,100326.96875,100173.6875,100470.90625,101182.765625,101917.90625,102082.7421875,102871.265625,102675.625,102409.953125,101987.578125,101081.734375,100906.359375,100267.25,100219.46875,100354.1328125,101290.9453125,101768.609375,102008.359375,102533.6875,102619.53125,102395.0390625,101789.96875,101319.328125,100793.3125,100468.6953125,100261.578125,100368.046875,101271.640625,101907.65625,102195.5625,102524.578125,102486.484375,102388.84375,101959.578125,101498.859375,100911.0625,100408.7890625,100376.9375,100613.34375,101070.109375,101810.3125,102177.5625,102797.5703125,102641.9375,102316.5703125,102061.125,101474.2734375,100787.2578125,100412.546875,100381.15625,100562.921875,101217.40625,101853.6796875,102252.890625,102712.46875,102708.2421875,102567.09375,102034.9140625,101144.953125,100962.34375,100533.078125,100348.59375,100392.671875,101054.53125,101709.15625,102242.6875,102553.953125,102621.265625,102506.0390625,102021.8125,101278.578125,101007.9375,100599.3671875,100443.296875,100455.5,101077.375,102002.84375,102283.171875,102720.359375,102592.515625,102412.0390625,101823.9921875,101396.609375,100921.125,100461.921875,100282.34375,100225.8125,101193.078125,101976.21875,102221.890625,102805.1953125,102789.6328125,102459.671875,101843.828125,101285.34375,101059.625,100452.90625,100277.6875,100367.5859375,101291.5546875,101874.734375,102270.1171875,102626.8515625,102501.625,102485.796875,101841.3828125,101814.609375,100799.421875,100395.2890625,100434.203125,100455.8125,101173.546875,102045.421875,102482.796875,102837.171875
AS_921,102115.703125,101786.75,101213.84375,100662.578125,100249.1875,99944.0,99638.71875,99816.734375,100527.1171875,101185.796875,101740.8125,101819.78125,101699.75,101671.703125,101127.265625,100808.375,100266.6953125,99837.25,99719.6328125,100091.25,100631.84375,101202.0703125,101690.6796875,102272.8828125,101792.640625,101744.140625,101133.65625,100709.1796875,100393.328125,99797.8359375,99621.8203125,100027.171875,100743.890625,101150.984375,101654.7578125,102028.359375,102013.734375,101601.8046875,101416.0625,100794.546875,100359.46875,99812.3203125,99787.0625,99939.1875,100558.8046875,101271.71875,101689.015625,102194.71875,101960.28125,101508.2109375,101347.640625,100646.375,100237.6640625,100034.453125,99827.578125,99840.5703125,100696.578125,101475.140625,101708.7734375,101968.28125,101955.703125,101842.65625,101558.1640625,100717.921875,100149.9453125,99680.3359375,99785.078125,99914.390625,100614.5,101437.84375,101458.578125,102241.34375,101874.2578125,102048.15625,101130.03125,100534.828125,100466.34375,99856.5,99582.25,99934.8359375,100738.65625,101162.1328125,101386.796875,102167.296875,102278.0703125,101351.1328125,101127.9296875,100983.15625,100152.0390625,99894.0390625,99644.328125,99772.0625,100487.859375,101291.171875,101783.125,101778.25,102173.6015625,102114.765625,101183.078125,100706.53125,100151.40625,99864.8515625,99636.890625,99903.53125,100486.8359375,101181.0859375,101747.515625,101927.40625,102152.671875,101272.5390625,101245.7890625,100818.0625,100511.8125,99654.125,99680.609375,99938.453125,100531.421875,101049.390625,101829.375,101873.875,101939.03125,101398.953125,101383.5078125,101107.390625,100261.734375,100049.6015625,99826.203125,100074.34375,100521.640625,101297.625,101536.03125,101469.6875,102412.96875,101499.8984375,101689.671875,100813.4609375,100341.8125,99757.96875,99624.6875,99909.90625,100606.765625,101309.90625,101483.7421875,102262.265625,102042.625,101771.953125,101365.578125,100504.734375,100294.359375,99664.25,99640.46875,99782.1328125,100715.9453125,101171.609375,101410.359375,101922.6875,101991.53125,101743.0390625,101162.96875,100738.328125,100201.3125,99883.6953125,99705.578125,99795.046875,100675.640625,101313.65625,101624.5625,101942.578125,101867.484375,101750.84375,101327.578125,100875.859375,100326.0625,99832.7890625,99811.9375,100071.34375,100479.109375,101217.3125,101598.5625,102209.5703125,102025.9375,101681.5703125,101421.125,100889.2734375,100198.2578125,99843.546875,99817.15625,99990.921875,100638.40625,101255.6796875,101662.890625,102119.46875,102089.2421875,101978.09375,101402.9140625,100531.953125,100381.34375,99965.078125,99776.59375,99819.671875,100468.53125,101112.15625,101647.6875,101944.953125,101996.265625,101881.0390625,101409.8125,100711.578125,100428.9375,99994.3671875,99872.296875,99885.5,100493.375,101412.84375,101675.171875,102110.359375,101966.515625,101801.0390625,101210.9921875,100811.609375,100338.125,99878.921875,99685.34375,99662.8125,100628.078125,101390.21875,101620.890625,102207.1953125,102185.6328125,101832.671875,101236.828125,100686.34375,100459.625,99854.90625,99711.6875,99798.5859375,100716.5546875,101292.734375,101669.1171875,102021.8515625,101792.625,101742.796875,101115.3828125,101104.609375,100108.421875,99705.2890625,99753.203125,99804.8125,100507.546875,101334.421875,101760.796875,102115.171875
AS_957,102624.703125,102244.75,101615.84375,101029.578125,100595.1875,100283.0,99979.71875,100229.734375,100950.1171875,101658.796875,102219.8125,102261.78125,102175.75,102144.703125,101515.265625,101228.375,100639.6953125,100201.25,100049.6328125,100509.25,101097.84375,101656.0703125,102118.6796875,102761.8828125,102201.640625,102189.140625,101520.65625,101092.1796875,100799.328125,100173.8359375,99989.8203125,100441.171875,101191.890625,101563.984375,102068.7578125,102524.359375,102457.734375,102053.8046875,101860.0625,101201.546875,100780.46875,100164.3203125,100118.0625,100359.1875,100986.8046875,101694.71875,102160.015625,102637.71875,102414.28125,101914.2109375,101759.640625,101022.375,100593.6640625,100413.453125,100128.578125,100290.5703125,101130.578125,101928.140625,102123.7734375,102446.28125,102419.703125,102340.65625,101963.1640625,101056.921875,100550.9453125,100000.3359375,100120.078125,100314.390625,101080.5,101901.84375,101881.578125,102694.34375,102370.2578125,102515.15625,101494.03125,100889.828125,100824.34375,100166.5,99949.25,100339.8359375,101212.65625,101590.1328125,101806.796875,102622.296875,102722.0703125,101778.1328125,101560.9296875,101358.15625,100468.0390625,100282.0390625,99974.328125,100176.0625,100938.859375,101762.171875,102239.125,102231.25,102684.6015625,102565.765625,101600.078125,101090.53125,100499.40625,100248.8515625,99982.890625,100284.53125,100952.8359375,101606.0859375,102154.515625,102342.40625,102581.671875,101737.5390625,101681.7890625,101214.0625,100908.8125,99971.125,100025.609375,100371.453125,100999.421875,101465.390625,102294.375,102311.875,102391.03125,101854.953125,101822.5078125,101533.390625,100652.734375,100425.6015625,100172.203125,100447.34375,100970.640625,101749.625,101938.03125,101868.6875,102900.96875,101971.8984375,102096.671875,101184.4609375,100695.8125,100113.96875,99968.6875,100304.90625,101069.765625,101760.90625,101957.7421875,102738.265625,102533.625,102259.953125,101802.578125,100859.734375,100701.359375,100029.25,99958.46875,100246.1328125,101140.9453125,101600.609375,101849.359375,102390.6875,102439.53125,102223.0390625,101570.96875,101111.328125,100574.3125,100266.6953125,99952.578125,100165.046875,101124.640625,101780.65625,102041.5625,102370.578125,102281.484375,102274.84375,101742.578125,101312.859375,100678.0625,100224.7890625,100185.9375,100476.34375,100935.109375,101647.3125,102050.5625,102629.5703125,102470.9375,102130.5703125,101850.125,101285.2734375,100582.2578125,100209.546875,100195.15625,100394.921875,101084.40625,101692.6796875,102127.890625,102555.46875,102565.2421875,102368.09375,101820.9140625,100932.953125,100774.34375,100309.078125,100111.59375,100249.671875,100919.53125,101611.15625,102101.6875,102397.953125,102475.265625,102314.0390625,101848.8125,101068.578125,100798.9375,100364.3671875,100170.296875,100246.5,100923.375,101914.84375,102131.171875,102546.359375,102461.515625,102220.0390625,101626.9921875,101179.609375,100715.125,100237.921875,100062.34375,100083.8125,101070.078125,101825.21875,102075.890625,102707.1953125,102649.6328125,102323.671875,101641.828125,101089.34375,100846.625,100221.90625,100061.6875,100223.5859375,101167.5546875,101741.734375,102123.1171875,102459.8515625,102353.625,102255.796875,101620.3828125,101581.609375,100531.421875,100134.2890625,100210.203125,100216.8125,100988.546875,101893.421875,102313.796875,102679.171875
AS_97,99539.703125,98742.75,98177.84375,97307.578125,97227.1875,97144.0,97161.71875,97658.734375,97674.1171875,98052.796875,98488.8125,99098.78125,98955.75,98516.703125,98321.265625,97260.375,97336.6953125,97273.25,97083.6328125,97749.25,97790.84375,97957.0703125,97731.6796875,99092.8828125,97789.640625,98019.140625,97329.65625,97781.1796875,97484.328125,97110.8359375,97337.8203125,97397.171875,97416.890625,98692.984375,98263.7578125,99133.359375,98328.734375,98040.8046875,97993.0625,97127.546875,97727.46875,97450.3203125,97145.0625,97786.1875,97745.8046875,97808.71875,98666.015625,97842.71875,98527.28125,98127.2109375,97901.640625,97582.375,97382.6640625,97553.453125,97382.578125,97473.5703125,97660.578125,97785.140625,97748.7734375,99265.28125,99029.703125,99466.65625,98281.1640625,97485.921875,97671.9453125,96703.3359375,97287.078125,97497.390625,97725.5,97374.84375,98255.578125,99800.34375,99259.2578125,98551.15625,98024.03125,98088.828125,97325.34375,97349.5,97498.25,97356.8359375,97523.65625,97552.1328125,98480.796875,98256.296875,98453.0703125,97932.1328125,98551.9296875,98017.15625,96872.0390625,97011.0390625,97085.328125,97282.0625,97763.859375,97552.171875,98025.125,98067.25,98795.6015625,98169.765625,97727.078125,97353.53125,97881.40625,97236.8515625,96979.890625,97104.53125,97686.8359375,97813.0859375,98050.515625,98084.40625,98776.671875,98584.5390625,98336.7890625,97746.0625,97024.8125,97221.125,97445.609375,97700.453125,97686.421875,98264.390625,98365.375,99192.875,98833.03125,98940.953125,98512.5078125,98370.390625,97441.734375,97035.6015625,97211.203125,97501.34375,97771.640625,97952.625,97718.03125,98752.6875,99533.96875,98205.8984375,97827.671875,97589.4609375,97763.8125,97012.96875,97163.6875,97260.90625,98216.765625,97582.90625,98404.7421875,98945.265625,99433.625,98472.953125,98500.578125,97294.734375,97477.359375,97415.25,97439.46875,97256.1328125,97995.9453125,98497.609375,98378.359375,99200.6875,98804.53125,98464.0390625,98102.96875,98043.328125,97312.3125,97173.6953125,97344.578125,97520.046875,97577.640625,97830.65625,97702.5625,98442.578125,98391.484375,98923.84375,98058.578125,97536.859375,97413.0625,97579.7890625,97190.9375,97371.34375,97685.109375,97831.3125,97749.5625,98760.5703125,98103.9375,98319.5703125,97559.125,97843.2734375,97533.2578125,97328.546875,97251.15625,97570.921875,98121.40625,97873.6796875,98913.890625,98180.46875,99277.2421875,98493.09375,98110.9140625,97894.953125,97279.34375,97852.078125,97435.59375,97711.671875,98401.53125,98607.15625,98544.6875,98065.953125,98536.265625,98671.0390625,98286.8125,97145.578125,97346.9375,97416.3671875,97258.296875,97542.5,97579.375,98200.84375,98346.171875,98718.359375,98566.515625,98753.0390625,97734.9921875,97706.609375,97212.125,97502.921875,97305.34375,97542.8125,98061.078125,98110.21875,98026.890625,98597.1953125,98141.6328125,98276.671875,97899.828125,97255.34375,97403.625,97376.90625,97445.6875,97824.5859375,97496.5546875,97758.734375,98373.1171875,98380.8515625,97761.625,98469.796875,97086.3828125,98557.609375,97685.421875,97102.2890625,97198.203125,97869.8125,98146.546875,97970.421875,98199.796875,98283.171875
AS_99,96101.703125,95490.75,94831.84375,94238.578125,94281.1875,94130.0,93757.71875,94426.734375,94897.1171875,95116.796875,95424.8125,95435.78125,95572.75,95470.703125,94690.265625,94355.375,94024.6953125,94006.25,93825.6328125,94524.25,94910.84375,95299.0703125,95334.6796875,95946.8828125,95335.640625,95468.140625,94470.65625,94325.1796875,94561.328125,94130.8359375,94121.8203125,94416.171875,94998.890625,95288.984375,95269.7578125,96030.359375,95620.734375,95373.8046875,95545.0625,94551.546875,94619.46875,94079.3203125,93957.0625,94265.1875,94800.8046875,95039.71875,95535.015625,95553.71875,95645.28125,94867.2109375,94759.640625,94647.375,94006.6640625,94357.453125,94142.578125,94395.5703125,94761.578125,95248.140625,95300.7734375,95841.28125,95550.703125,95836.65625,95265.1640625,94179.921875,94208.9453125,93749.3359375,94096.078125,94447.390625,94912.5,95026.84375,95048.578125,95883.34375,95801.2578125,95518.15625,94730.03125,94366.828125,94321.34375,93990.5,94064.25,94321.8359375,94897.65625,95211.1328125,95090.796875,95688.296875,95913.0703125,94920.1328125,95122.9296875,94819.15625,93884.0390625,93999.0390625,93919.328125,94318.0625,94894.859375,95246.171875,95412.125,95424.25,96004.6015625,95606.765625,94930.078125,94421.53125,94139.40625,94189.8515625,93970.890625,94210.53125,94625.8359375,94917.0859375,95160.515625,95123.40625,95610.671875,95102.5390625,95002.7890625,94782.0625,94159.8125,93809.125,93995.609375,94354.453125,94648.421875,95130.390625,95473.375,95432.875,95588.03125,95372.953125,95088.5078125,94850.390625,94273.734375,94247.6015625,94163.203125,94392.34375,94908.640625,95334.625,94932.03125,94942.6875,95999.96875,95348.8984375,95194.671875,94645.4609375,94142.8125,93976.96875,93920.6875,94410.90625,94937.765625,95109.90625,95725.7421875,95981.265625,95849.625,95335.953125,95145.578125,94058.734375,94228.359375,93886.25,94017.46875,94301.1328125,95028.9453125,94960.609375,95070.359375,95578.6875,95693.53125,95479.0390625,94874.96875,94671.328125,94011.3125,94171.6953125,93783.578125,94116.046875,94754.640625,95434.65625,95121.5625,95486.578125,95378.484375,95820.84375,95258.578125,95006.859375,94214.0625,94395.7890625,93975.9375,94550.34375,94900.109375,95240.3125,95151.5625,95473.5703125,95665.9375,95363.5703125,95098.125,94664.2734375,94053.2578125,94112.546875,94216.15625,94501.921875,94959.40625,95004.6796875,95910.890625,95659.46875,95850.2421875,95368.09375,95013.9140625,94430.953125,94172.34375,94157.078125,94044.59375,94500.671875,94951.53125,95474.15625,95417.6875,95621.953125,95837.265625,95596.0390625,95462.8125,94388.578125,94249.9375,94332.3671875,94035.296875,94313.5,94477.375,95548.84375,95145.171875,95567.359375,95544.515625,95389.0390625,95088.9921875,94853.609375,94307.125,93950.921875,94046.34375,94615.8125,94653.078125,95167.21875,95336.890625,95745.1953125,95590.6328125,95645.671875,94950.828125,94693.34375,94205.625,94133.90625,93962.6875,94415.5859375,94903.5546875,95293.734375,95488.1171875,95498.8515625,95774.625,95700.796875,94825.3828125,95270.609375,94218.421875,94024.2890625,94054.203125,94221.8125,94954.546875,95153.421875,95732.796875,95572.171875
EU_1000,97489.703125,97664.75,97536.84375,98942.578125,98996.1875,98806.0,99229.71875,98961.734375,99218.1171875,99535.796875,99489.8125,98728.78125,98946.75,99098.703125,98618.265625,98956.375,98859.6953125,99134.25,98999.6328125,98956.25,99445.84375,98686.0703125,98151.6796875,99189.8828125,97767.640625,97156.140625,98195.65625,99852.1796875,99501.328125,99028.8359375,99157.8203125,99430.171875,98956.890625,99054.984375,99561.7578125,99667.359375,97841.734375,99291.8046875,98449.0625,99920.546875,99044.46875,99186.3203125,99531.0625,98857.1875,98796.8046875,98290.71875,99386.015625,97452.71875,98703.28125,98182.2109375,99603.640625,99640.375,99001.6640625,98740.453125,99381.578125,99218.5703125,98333.578125,98943.140625,97913.7734375,97705.28125,98039.703125,99504.65625,98991.1640625,99039.921875,98942.9453125,99219.3359375,99156.078125,99085.390625,98460.5,99076.84375,98268.578125,99163.34375,99903.2578125,99060.15625,98839.03125,99279.828125,99329.34375,99068.5,99271.25,99416.8359375,98732.65625,98868.1328125,98484.796875,97490.296875,96907.0703125,99458.1328125,98804.9296875,98287.15625,98689.0390625,98979.0390625,98745.328125,98883.0625,98699.859375,99066.171875,98350.125,98437.25,98734.6015625,98308.765625,98085.078125,99504.53125,99633.40625,98890.8515625,99068.890625,98771.53125,99474.8359375,97950.0859375,98036.515625,99033.40625,98517.671875,99120.5390625,98789.7890625,99180.0625,99261.8125,99388.125,99056.609375,99263.453125,98144.421875,98964.390625,99031.375,99461.875,100028.03125,99216.953125,98192.5078125,99100.390625,99535.734375,98899.6015625,99304.203125,99149.34375,99122.640625,98356.625,98663.03125,99182.6875,98618.96875,99529.8984375,98136.671875,98611.4609375,99410.8125,99335.96875,99331.6875,99390.90625,98848.765625,98357.90625,98564.7421875,97379.265625,99711.625,99496.953125,98610.578125,98479.734375,99044.359375,98832.25,98784.46875,99337.1328125,98443.9453125,98415.609375,98499.359375,99877.6875,98264.53125,99316.0390625,99223.96875,98666.328125,99595.3125,99477.6953125,99184.578125,99150.046875,99601.640625,98181.65625,97534.5625,97723.578125,99948.484375,98786.84375,98127.578125,98558.859375,99539.0625,99191.7890625,99726.9375,98859.34375,99073.109375,99569.3125,99587.5625,97830.5703125,98240.9375,97995.5703125,98998.125,98382.2734375,98743.2578125,98452.546875,98819.15625,99605.921875,99406.40625,99131.6796875,98041.890625,97893.46875,98998.2421875,97884.09375,98810.9140625,99067.953125,99623.34375,99083.078125,98801.59375,98999.671875,99181.53125,100515.15625,99219.6875,97742.953125,98225.265625,98832.0390625,98032.8125,98720.578125,99195.9375,98545.3671875,98945.296875,98816.5,100096.375,98796.84375,98293.171875,97854.359375,98978.515625,100299.0390625,98670.9921875,98888.609375,99840.125,98570.921875,99749.34375,98767.8125,98501.078125,98525.21875,99321.890625,99008.1953125,98039.6328125,98323.671875,97552.828125,99986.34375,99109.625,99039.90625,99111.6875,99159.5859375,98638.5546875,98541.734375,99168.1171875,97631.8515625,97469.625,96737.796875,98117.3828125,98187.609375,99086.421875,99554.2890625,98790.203125,98883.8125,98713.546875,99138.421875,98502.796875,99575.171875
EU_1021,99208.703125,99357.75,99304.84375,100409.578125,100347.1875,100008.0,99928.71875,100135.734375,100784.1171875,100963.796875,100803.8125,99952.78125,100586.75,100071.703125,99781.265625,100200.375,99990.6953125,100008.25,100398.6328125,100365.25,100576.84375,100074.0703125,99543.6796875,100767.8828125,99500.640625,98577.140625,99689.65625,101117.1796875,100643.328125,100095.8359375,100468.8203125,100717.171875,100334.890625,100288.984375,100576.7578125,101259.359375,99396.734375,101308.8046875,100685.0625,101034.546875,100342.46875,100032.3203125,100511.0625,99841.1875,100534.8046875,99657.71875,100925.015625,99334.71875,100238.28125,99780.2109375,100642.640625,100864.375,100020.6640625,99838.453125,100302.578125,100326.5703125,99789.578125,100435.140625,99725.7734375,99441.28125,99333.703125,101152.65625,100149.1640625,100381.921875,100226.9453125,100203.3359375,100219.078125,100297.390625,100437.5,101068.84375,100040.578125,100293.34375,101495.2578125,100710.15625,100163.03125,100364.828125,100385.34375,100528.5,100641.25,100165.8359375,100062.65625,99952.1328125,99821.796875,99442.296875,98561.0703125,100733.1328125,100376.9296875,99911.15625,99839.0390625,100085.0390625,99571.328125,100251.0625,100159.859375,100966.171875,99766.125,100419.25,100367.6015625,99835.765625,99004.078125,100531.53125,100781.40625,99972.8515625,100167.890625,99789.53125,100990.8359375,99552.0859375,99435.515625,100795.40625,100050.671875,100362.5390625,100150.7890625,100751.0625,100488.8125,100358.125,100076.609375,100399.453125,100092.421875,100320.390625,100260.375,100614.875,101590.03125,100535.953125,99652.5078125,100572.390625,100350.734375,100191.6015625,100587.203125,100228.34375,100497.640625,100222.625,99851.03125,100475.6875,99997.96875,100818.8984375,100163.671875,100245.4609375,100704.8125,100359.96875,100310.6875,100353.90625,99806.765625,100097.90625,100533.7421875,98897.265625,100674.625,101143.953125,100089.578125,99794.734375,100501.359375,99882.25,100070.46875,100425.1328125,99740.9453125,99837.609375,100063.359375,100959.6875,100028.53125,100672.0390625,100591.96875,100293.328125,100577.3125,100463.6953125,100255.578125,100464.046875,100390.640625,99967.65625,99364.5625,99517.578125,101106.484375,100213.84375,99970.578125,100379.859375,100517.0625,100146.7890625,100751.9375,99974.34375,100707.109375,101012.3125,101391.5625,99513.5703125,99410.9375,99877.5703125,100919.125,99565.2734375,100054.2578125,100026.546875,99693.15625,100854.921875,100724.40625,100905.6796875,99452.890625,99710.46875,100060.2421875,99396.09375,100396.9140625,100074.953125,100741.34375,100197.078125,99839.59375,100266.671875,100422.53125,101931.15625,100334.6875,99697.953125,100241.265625,100407.0390625,99880.8125,99855.578125,100508.9375,99580.3671875,99910.296875,100178.5,100933.375,99828.84375,99805.171875,99292.359375,100314.515625,101442.0390625,100043.9921875,100207.609375,101149.125,99901.921875,100560.34375,100212.8125,100081.078125,100261.21875,101258.890625,100645.1953125,99330.6328125,99844.671875,99124.828125,101428.34375,100190.625,100530.90625,99883.6875,100426.5859375,100111.5546875,99757.734375,100507.1171875,99237.8515625,99302.625,98507.796875,100095.3828125,99644.609375,100276.421875,100701.2890625,99840.203125,100272.8125,100169.546875,100330.421875,100421.796875,100885.171875
EU_1080,97563.703125,97682.75,97651.84375,98912.578125,98868.1875,98538.0,98664.71875,98703.734375,99286.1171875,99433.796875,99291.8125,98443.78125,99013.75,98599.703125,98275.265625,98724.375,98548.6953125,98671.25,98937.6328125,98912.25,99177.84375,98561.0703125,98051.6796875,99235.8828125,97866.640625,96960.140625,98116.65625,99641.1796875,99210.328125,98694.8359375,99014.8203125,99295.171875,98856.890625,98887.984375,99189.7578125,99686.359375,97795.734375,99640.8046875,98971.0625,99658.546875,98840.46875,98723.3203125,99188.0625,98511.1875,98968.8046875,98175.71875,99357.015625,97700.71875,98664.28125,98192.2109375,99190.640625,99427.375,98578.6640625,98426.453125,98970.578125,98913.5703125,98259.578125,98934.140625,98103.7734375,97816.28125,97777.703125,99579.65625,98743.1640625,98883.921875,98759.9453125,98859.3359375,98845.078125,98853.390625,98777.5,99452.84375,98336.578125,98825.34375,99876.2578125,99147.15625,98696.03125,98903.828125,98943.34375,99051.5,99210.25,98910.8359375,98594.65625,98527.1328125,98325.796875,97705.296875,96961.0703125,99209.1328125,98819.9296875,98364.15625,98366.0390625,98663.0390625,98243.328125,98819.0625,98632.859375,99386.171875,98242.125,98732.25,98745.6015625,98250.765625,97610.078125,99131.53125,99355.40625,98557.8515625,98764.890625,98423.53125,99526.8359375,97932.0859375,97877.515625,99178.40625,98504.671875,98884.5390625,98670.7890625,99224.0625,99041.8125,99021.125,98674.609375,98987.453125,98458.421875,98887.390625,98746.375,99148.875,100014.03125,98973.953125,98097.5078125,99033.390625,99002.734375,98749.6015625,99166.203125,98870.34375,99037.640625,98607.625,98457.03125,99030.6875,98442.96875,99298.8984375,98484.671875,98704.4609375,99223.8125,98980.96875,98987.6875,98985.90625,98399.765625,98493.90625,98900.7421875,97264.265625,99246.625,99505.953125,98583.578125,98292.734375,98984.359375,98463.25,98612.46875,99044.1328125,98258.9453125,98312.609375,98497.359375,99512.6875,98393.53125,99171.0390625,99099.96875,98690.328125,99230.3125,99065.6953125,98888.578125,99018.046875,99089.640625,98320.65625,97698.5625,97840.578125,99605.484375,98614.84375,98345.578125,98801.859375,99156.0625,98815.7890625,99379.9375,98575.34375,99172.109375,99505.3125,99790.5625,97844.5703125,97876.9375,98206.5703125,99263.125,98100.2734375,98558.2578125,98456.546875,98315.15625,99395.921875,99270.40625,99302.6796875,97888.890625,98055.46875,98539.2421875,97776.09375,98852.9140625,98642.953125,99336.34375,98787.078125,98457.59375,98797.671875,98993.53125,100471.15625,98885.6875,98012.953125,98549.265625,98838.0390625,98234.8125,98361.578125,99059.9375,98165.3671875,98545.296875,98685.5,99579.375,98443.84375,98216.171875,97722.359375,98741.515625,100017.0390625,98533.9921875,98715.609375,99711.125,98418.921875,99310.34375,98717.8125,98520.078125,98667.21875,99610.890625,99068.1953125,97810.6328125,98257.671875,97534.828125,99934.34375,98720.625,99009.90625,98605.6875,98962.5859375,98633.5546875,98249.734375,98988.1171875,97639.8515625,97559.625,96796.796875,98396.3828125,98087.609375,98821.421875,99277.2890625,98368.203125,98787.8125,98639.546875,98815.421875,98714.796875,99308.171875
EU_1202,92206.703125,92242.75,91846.84375,91202.578125,91901.1875,92197.0,91609.71875,92099.734375,91816.1171875,91843.796875,91337.8125,91602.78125,91587.75,91766.703125,91028.265625,91364.375,91812.6953125,91819.25,91825.6328125,92003.25,91581.84375,92323.0703125,91907.6796875,91923.8828125,92542.640625,91782.140625,91849.65625,91502.1796875,91663.328125,91951.8359375,91762.8203125,91731.171875,91827.890625,91700.984375,91319.7578125,91699.359375,91416.734375,91925.8046875,92256.0625,91687.546875,92031.46875,91983.3203125,91907.0625,92070.1875,92243.8046875,91495.71875,91994.015625,91941.71875,91167.28125,91784.2109375,91974.640625,91417.375,91540.6640625,91905.453125,91929.578125,91804.5703125,92195.578125,91754.140625,91859.7734375,91901.28125,92011.703125,91396.65625,91650.1640625,91587.921875,91843.9453125,92036.3359375,91816.078125,91828.390625,92062.5,92329.84375,91796.578125,91573.34375,92207.2578125,91305.15625,91178.03125,91507.828125,91866.34375,92169.5,92224.25,91489.8359375,91996.65625,92012.1328125,92181.796875,92606.296875,92072.0703125,91469.1328125,91549.9296875,92076.15625,91492.0390625,91679.0390625,91829.328125,91795.0625,92023.859375,92207.171875,91824.125,92232.25,92225.6015625,92653.765625,90886.078125,91250.53125,91772.40625,91869.8515625,91857.890625,91837.53125,91899.8359375,92040.0859375,91653.515625,91732.40625,91386.671875,91264.5390625,91344.7890625,91631.0625,92100.8125,91721.125,91957.609375,92116.453125,92169.421875,91859.390625,91553.375,90958.875,91213.03125,90694.953125,91711.5078125,91881.390625,91404.734375,91663.6015625,91996.203125,91809.34375,91747.640625,91688.625,90960.03125,91163.6875,91896.96875,91742.8984375,92133.671875,91911.4609375,92059.8125,91905.96875,91556.6875,91952.90625,92088.765625,92259.90625,92381.7421875,91812.265625,92016.625,91908.953125,92451.578125,90928.734375,91784.359375,91793.25,91838.46875,92053.1328125,91875.9453125,91577.609375,91601.359375,91551.6875,91277.53125,91107.0390625,90804.96875,91620.328125,91304.3125,91907.6953125,92180.578125,92039.046875,91821.640625,92088.65625,91453.5625,92344.578125,91299.484375,91315.84375,91693.578125,91491.859375,91689.0625,91874.7890625,91705.9375,91736.34375,91971.109375,92067.3125,91581.5625,91866.5703125,91709.9375,91433.5703125,91916.125,92011.2734375,91748.2578125,92076.546875,91954.15625,92006.921875,91900.40625,91889.6796875,92138.890625,93007.46875,91603.2421875,91338.09375,91313.9140625,91416.953125,91536.34375,91718.078125,92027.59375,92220.671875,92165.53125,92093.15625,91765.6875,92827.953125,92025.265625,91926.0390625,91867.8125,91811.578125,91914.9375,91884.3671875,91929.296875,92116.5,91803.375,92269.84375,91675.171875,91706.359375,91797.515625,91242.0390625,90643.9921875,91787.609375,91740.125,91810.921875,91857.34375,92043.8125,92306.078125,91986.21875,91936.890625,92107.1953125,91307.6328125,92301.671875,91996.828125,91525.34375,91463.625,92047.90625,91820.6875,92076.5859375,92115.5546875,91984.734375,90913.1171875,91726.8515625,92507.625,91943.796875,91653.3828125,91847.609375,91886.421875,91537.2890625,91926.203125,91725.8125,91903.546875,91596.421875,92481.796875,91089.171875
EU_123,98941.703125,99105.75,99135.84375,100079.578125,99772.1875,99634.0,99558.71875,99753.734375,100243.1171875,100813.796875,100847.8125,99725.78125,100230.75,99641.703125,99271.265625,100013.375,99426.6953125,99557.25,100107.6328125,99930.25,100284.84375,99684.0703125,99156.6796875,100363.8828125,99074.640625,98520.140625,99282.65625,100742.1796875,100088.328125,99680.8359375,100182.8203125,100162.171875,99855.890625,99615.984375,100018.7578125,100627.359375,99010.734375,100943.8046875,100297.0625,100511.546875,100087.46875,99325.3203125,100082.0625,99324.1875,100251.8046875,99380.71875,100654.015625,99101.71875,99979.28125,99481.2109375,100155.640625,100311.375,99640.6640625,99406.453125,99883.578125,99963.5703125,99678.578125,100024.140625,99366.7734375,99371.28125,99428.703125,100906.65625,99262.1640625,99948.921875,99910.9453125,99632.3359375,99757.078125,100092.390625,100248.5,100787.84375,100111.578125,99984.34375,101066.2578125,100288.15625,99698.03125,100035.828125,99953.34375,100052.5,100074.25,99683.8359375,99607.65625,99740.1328125,99612.796875,99202.296875,98343.0703125,100189.1328125,100164.9296875,99473.15625,99524.0390625,99605.0390625,99171.328125,99926.0625,99973.859375,100680.171875,99387.125,100283.25,100402.6015625,99512.765625,98750.078125,100166.53125,100193.40625,99562.8515625,99662.890625,99378.53125,100521.8359375,99583.0859375,99350.515625,100656.40625,99701.671875,100064.5390625,99750.7890625,100184.0625,99936.8125,99992.125,99701.609375,99928.453125,99914.421875,99873.390625,100041.375,100227.875,101269.03125,100468.953125,99350.5078125,100285.390625,99963.734375,99782.6015625,100279.203125,99821.34375,100164.640625,99988.625,99400.03125,100120.6875,99886.96875,100358.8984375,99786.671875,99689.4609375,100313.8125,99872.96875,99913.6875,100043.90625,99430.765625,99822.90625,100084.7421875,99127.265625,100621.625,100995.953125,99503.578125,99485.734375,100132.359375,99534.25,99847.46875,99949.1328125,99516.9453125,99600.609375,99898.359375,100898.6875,99709.53125,100258.0390625,99941.96875,100051.328125,100179.3125,100086.6953125,99700.578125,100153.046875,99794.640625,99700.65625,99253.5625,99324.578125,100596.484375,100164.84375,99599.578125,99970.859375,100153.0625,99625.7890625,100321.9375,99673.34375,100384.109375,100570.3125,101139.5625,99397.5703125,99209.9375,99666.5703125,100802.125,99139.2734375,99714.2578125,99764.546875,99244.15625,100322.921875,100330.40625,100310.6796875,99380.890625,99396.46875,99737.2421875,99493.09375,99997.9140625,99687.953125,100261.34375,99818.078125,99510.59375,99995.671875,99839.53125,101506.15625,100077.6875,99304.953125,99932.265625,99926.0390625,99671.8125,99483.578125,99955.9375,99040.3671875,99400.296875,99984.5,100527.375,99503.84375,99772.171875,99349.359375,100218.515625,100921.0390625,99644.9921875,99838.609375,100630.125,99515.921875,100014.34375,99917.8125,99884.078125,99924.21875,100906.890625,100532.1953125,99043.6328125,99481.671875,98903.828125,100908.34375,99899.625,100111.90625,99189.6875,99949.5859375,99745.5546875,99369.734375,100387.1171875,99111.8515625,99106.625,98444.796875,99854.3828125,99184.609375,99742.421875,100335.2890625,99559.203125,99854.8125,99958.546875,100183.421875,100384.796875,100997.171875
EU_1277,98027.703125,98151.75,98140.84375,98714.578125,98776.1875,98620.0,98114.71875,98782.734375,99190.1171875,99660.796875,99426.8125,98415.78125,99135.75,98335.703125,98225.265625,98658.375,98442.6953125,98322.25,98913.6328125,98886.25,98986.84375,98736.0703125,98026.6796875,99036.8828125,98311.640625,97560.140625,98340.65625,99344.1796875,99035.328125,98627.8359375,99047.8203125,99092.171875,98801.890625,98414.984375,98812.7578125,99558.359375,98023.734375,99760.8046875,99304.0625,99156.546875,98946.46875,98233.3203125,98796.0625,98230.1875,99231.8046875,98186.71875,99492.015625,98283.71875,98475.28125,98311.2109375,99003.640625,99035.375,98505.6640625,98346.453125,98672.578125,98823.5703125,98725.578125,98924.140625,98478.7734375,98347.28125,98186.703125,99423.65625,98185.1640625,98828.921875,98706.9453125,98444.3359375,98641.078125,98925.390625,99309.5,99741.84375,99126.578125,98643.34375,99918.2578125,98923.15625,98389.03125,98791.828125,98791.34375,99038.5,99087.25,98252.8359375,98749.65625,98647.1328125,98452.796875,98564.296875,97290.0703125,98878.1328125,99011.9296875,98538.15625,98419.0390625,98569.0390625,98106.328125,98792.0625,98884.859375,99421.171875,98300.125,99315.25,99231.6015625,98644.765625,97457.078125,98760.53125,98965.40625,98550.8515625,98565.890625,98315.53125,99251.8359375,98673.0859375,98390.515625,99435.40625,98548.671875,98673.5390625,98491.7890625,99137.0625,98839.8125,98755.125,98586.609375,98928.453125,98981.421875,98699.390625,98775.375,98830.875,99853.03125,98848.953125,98323.5078125,99079.390625,98605.734375,98622.6015625,99022.203125,98617.34375,98994.640625,99019.625,98117.03125,98488.6875,98673.96875,99019.8984375,98924.671875,98638.4609375,99141.8125,98669.96875,98609.6875,98825.90625,98476.765625,98933.90625,99256.7421875,98050.265625,99035.625,99447.953125,98376.578125,98216.734375,98960.359375,98443.25,98778.46875,98772.1328125,98557.9453125,98496.609375,98809.359375,99289.6875,98560.53125,99026.0390625,98600.96875,98913.328125,98793.3125,98895.6953125,98590.578125,99060.046875,98425.640625,98930.65625,98346.5625,98503.578125,99363.484375,98961.84375,98593.578125,98908.859375,98889.0625,98503.7890625,99127.9375,98533.34375,99342.109375,99439.3125,99938.5625,98472.5703125,98089.9375,98714.5703125,99551.125,98048.2734375,98597.2578125,98832.546875,98273.15625,99367.921875,99197.40625,99454.6796875,98271.890625,98716.46875,98439.2421875,98316.09375,98695.9140625,98414.953125,98941.34375,98701.078125,98464.59375,98964.671875,98870.53125,100038.15625,98715.6875,98573.953125,98934.265625,98920.0390625,98561.8125,98413.578125,98822.9375,98134.3671875,98349.296875,98966.5,99221.375,98282.84375,98702.171875,98125.359375,98946.515625,99442.0390625,98438.9921875,98690.609375,99460.125,98596.921875,98594.34375,98968.8125,98953.078125,98983.21875,99972.890625,99069.1953125,97963.6328125,98578.671875,97920.828125,99658.34375,98686.625,99127.90625,98131.6875,98934.5859375,98766.5546875,98450.734375,99079.1171875,98154.8515625,98396.625,97589.796875,98820.3828125,98269.609375,98557.421875,98929.2890625,98516.203125,98782.8125,98930.546875,98933.421875,99311.796875,99558.171875
EU_1538,98665.703125,98698.75,98326.84375,97496.578125,98091.1875,98297.0,97807.71875,98152.734375,97975.1171875,98111.796875,97850.8125,98016.78125,97984.75,98141.703125,97512.265625,97683.375,97940.6953125,97987.25,97946.6328125,98040.25,97825.84375,98585.0703125,98179.6796875,98293.8828125,99060.640625,98225.140625,98113.65625,97703.1796875,97897.328125,98051.8359375,97817.8203125,97801.171875,97941.890625,98042.984375,97696.7578125,97956.359375,97744.734375,98275.8046875,98600.0625,97964.546875,98158.46875,98043.3203125,97958.0625,98072.1875,98322.8046875,97783.71875,98286.015625,98224.71875,97609.28125,98248.2109375,98350.640625,97661.375,97816.6640625,98045.453125,98016.578125,97916.5703125,98282.578125,98047.140625,98085.7734375,98147.28125,98384.703125,97767.65625,98059.1640625,97902.921875,98040.9453125,98144.3359375,97883.078125,97907.390625,98176.5,98536.84375,98108.578125,97975.34375,98529.2578125,97723.15625,97593.03125,97768.828125,98130.34375,98289.5,98180.25,97616.8359375,98056.65625,98224.1328125,98582.796875,98996.296875,98619.0703125,97865.1328125,97809.9296875,98240.15625,97704.0390625,97855.0390625,97948.328125,97885.0625,98193.859375,98302.171875,98085.125,98574.25,98661.6015625,99127.765625,97264.078125,97631.53125,97929.40625,97990.8515625,97959.890625,97895.53125,98055.8359375,98355.0859375,97964.515625,98077.40625,97697.671875,97677.5390625,97671.7890625,97800.0625,98290.8125,97887.125,98064.609375,98108.453125,98206.421875,98031.390625,97977.375,97325.875,97589.03125,97076.953125,98112.5078125,98129.390625,97695.734375,97789.6015625,98004.203125,97919.34375,97899.640625,97858.625,97338.03125,97605.6875,98259.96875,98087.8984375,98451.671875,98084.4609375,98199.8125,98026.96875,97710.6875,98012.90625,98147.765625,98432.90625,98659.7421875,98274.265625,98451.625,98160.953125,98739.578125,97288.734375,97995.359375,97959.25,97901.46875,98056.1328125,97962.9453125,97810.609375,97920.359375,97967.6875,97644.53125,97474.0390625,97129.96875,97897.328125,97606.3125,98051.6953125,98192.578125,98045.046875,98010.640625,98340.65625,97670.5625,98764.578125,97704.484375,97747.84375,97909.578125,97698.859375,97937.0625,97970.7890625,97803.9375,97885.34375,98049.109375,98259.3125,97919.5625,98201.5703125,98155.9375,97665.5703125,98125.125,98327.2734375,97953.2578125,98167.546875,97958.15625,98012.921875,98027.40625,98036.6796875,98455.890625,99489.46875,98132.2421875,97791.09375,97593.9140625,97722.953125,97774.34375,97883.078125,98062.59375,98205.671875,98211.53125,98264.15625,98138.6875,99201.953125,98347.265625,98349.0390625,98216.8125,98100.578125,98118.9375,98018.3671875,98000.296875,98118.5,98016.375,98500.84375,97957.171875,98227.359375,98243.515625,97508.0390625,97006.9921875,98008.609375,97828.125,97879.921875,97893.34375,98010.8125,98375.078125,98119.21875,98161.890625,98510.1953125,97653.6328125,98643.671875,98333.828125,97780.34375,97672.625,98104.90625,97829.6875,98061.5859375,98212.5546875,98209.734375,97247.1171875,98083.8515625,98924.625,98416.796875,97894.3828125,98066.609375,98053.421875,97727.2890625,97905.203125,97705.8125,97954.546875,97944.421875,98699.796875,97483.171875
EU_1544,98385.703125,98539.75,98431.84375,99815.578125,99853.1875,99556.0,99957.71875,99753.734375,100102.1171875,100385.796875,100355.8125,99562.78125,99885.75,99916.703125,99462.265625,99807.375,99673.6953125,99861.25,99817.6328125,99813.25,100272.84375,99556.0703125,99039.6796875,100151.8828125,98694.640625,97980.140625,99066.65625,100686.1796875,100323.328125,99786.8359375,99963.8203125,100263.171875,99803.890625,99948.984375,100437.7578125,100636.359375,98759.734375,100308.8046875,99476.0625,100807.546875,99852.46875,99958.3203125,100302.0625,99637.1875,99677.8046875,99130.71875,100290.015625,98394.71875,99619.28125,99089.2109375,100436.640625,100503.375,99772.6640625,99522.453125,100138.578125,99993.5703125,99165.578125,99844.140625,98841.7734375,98604.28125,98860.703125,100480.65625,99892.1640625,99892.921875,99769.9453125,99994.3359375,99909.078125,99864.390625,99345.5,100053.84375,99129.578125,99985.34375,100815.2578125,100034.15625,99749.03125,100077.828125,100109.34375,99913.5,100111.25,100180.8359375,99577.65625,99697.1328125,99342.796875,98392.296875,97789.0703125,100346.1328125,99700.9296875,99193.15625,99471.0390625,99759.0390625,99449.328125,99717.0625,99537.859375,100039.171875,99230.125,99399.25,99648.6015625,99199.765625,98897.078125,100349.53125,100468.40625,99655.8515625,99843.890625,99559.53125,100379.8359375,98811.0859375,98866.515625,99970.40625,99463.671875,100017.5390625,99701.7890625,100121.0625,100076.8125,100178.125,99811.609375,100045.453125,99042.421875,99880.390625,99857.375,100314.875,101016.03125,100086.953125,99093.5078125,99977.390625,100277.734375,99729.6015625,100111.203125,99959.34375,99976.640625,99293.625,99574.03125,100115.6875,99518.96875,100462.8984375,99121.671875,99524.4609375,100232.8125,100089.96875,100096.6875,100163.90625,99608.765625,99247.90625,99544.7421875,98220.265625,100547.625,100448.953125,99529.578125,99327.734375,99915.359375,99596.25,99576.46875,100130.1328125,99239.9453125,99257.609375,99384.359375,100754.6875,99206.53125,100224.0390625,100150.96875,99550.328125,100423.3125,100242.6953125,99961.578125,99968.046875,100366.640625,99058.65625,98435.5625,98627.578125,100817.484375,99632.84375,99060.578125,99526.859375,100355.0625,99983.7890625,100472.9375,99628.34375,99942.109375,100475.3125,100578.5625,98704.5703125,99059.9375,98945.5703125,99958.125,99204.2734375,99560.2578125,99274.546875,99551.15625,100396.921875,100232.40625,100040.6796875,98891.890625,98824.46875,99812.2421875,98734.09375,99748.9140625,99861.953125,100435.34375,99866.078125,99547.59375,99778.671875,99989.53125,101420.15625,100066.6875,98683.953125,99217.265625,99765.0390625,98971.8125,99547.578125,100074.9375,99295.3671875,99683.296875,99605.5,100862.375,99613.84375,99165.171875,98726.359375,99837.515625,101215.0390625,99586.9921875,99740.609375,100692.125,99377.921875,100517.34375,99579.8125,99337.078125,99439.21875,100285.890625,99954.1953125,98878.6328125,99215.671875,98438.828125,100905.34375,99909.625,99849.90625,99846.6875,99953.5859375,99501.5546875,99351.734375,100042.1171875,98497.8515625,98345.625,97592.796875,99051.3828125,99037.609375,99901.421875,100322.2890625,99505.203125,99684.8125,99538.546875,99917.421875,99412.796875,100417.171875
EU_155,99071.703125,99214.75,99106.84375,100420.578125,100266.1875,99960.0,100122.71875,100109.734375,100627.1171875,100956.796875,100936.8125,100039.78125,100496.75,100173.703125,99729.265625,100273.375,99915.6953125,100131.25,100371.6328125,100283.25,100671.84375,100010.0703125,99537.6796875,100721.8828125,99242.640625,98531.140625,99556.65625,101164.1796875,100613.328125,100108.8359375,100467.8203125,100648.171875,100209.890625,100242.984375,100638.7578125,101073.359375,99293.734375,101129.8046875,100377.0625,101130.546875,100312.46875,100100.3203125,100590.0625,99839.1875,100400.8046875,99608.71875,100866.015625,99136.71875,100237.28125,99708.2109375,100679.640625,100930.375,100037.6640625,99850.453125,100410.578125,100339.5703125,99732.578125,100363.140625,99514.7734375,99401.28125,99465.703125,101184.65625,100101.1640625,100334.921875,100247.9453125,100282.3359375,100253.078125,100329.390625,100212.5,100887.84375,99876.578125,100339.34375,101421.2578125,100686.15625,100156.03125,100449.828125,100404.34375,100405.5,100539.25,100335.8359375,99948.65625,99975.1328125,99872.796875,99128.296875,98463.0703125,100751.1328125,100354.9296875,99745.15625,99827.0390625,100034.0390625,99625.328125,100222.0625,100116.859375,100861.171875,99712.125,100220.25,100393.6015625,99725.765625,99177.078125,100648.53125,100776.40625,99981.8515625,100135.890625,99804.53125,100936.8359375,99453.0859375,99387.515625,100738.40625,99983.671875,100447.5390625,100148.7890625,100630.0625,100457.8125,100430.125,100086.609375,100377.453125,99883.421875,100304.390625,100321.375,100671.875,101633.03125,100658.953125,99594.5078125,100530.390625,100468.734375,100157.6015625,100591.203125,100281.34375,100452.640625,100053.625,99911.03125,100613.6875,100055.96875,100845.8984375,99948.671875,100092.4609375,100691.8125,100429.96875,100400.6875,100435.90625,99836.765625,99947.90625,100297.7421875,98924.265625,100942.625,101234.953125,100038.578125,99805.734375,100444.359375,99866.25,100046.46875,100428.1328125,99743.9453125,99773.609375,100012.359375,101232.6875,99863.53125,100662.0390625,100591.96875,100215.328125,100713.3125,100519.6953125,100243.578125,100426.046875,100509.640625,99698.65625,99183.5625,99340.578125,101094.484375,100246.84375,99767.578125,100209.859375,100601.0625,100192.7890625,100793.9375,99999.34375,100560.109375,101004.3125,101289.5625,99378.5703125,99452.9375,99705.5703125,100830.125,99544.2734375,100060.2578125,99886.546875,99706.15625,100735.921875,100699.40625,100630.6796875,99479.890625,99505.46875,100136.2421875,99427.09375,100331.9140625,100155.953125,100797.34375,100203.078125,99822.59375,100241.671875,100360.53125,101935.15625,100489.6875,99376.953125,100019.265625,100299.0390625,99727.8125,99841.578125,100465.9375,99516.3671875,99907.296875,100095.5,101038.375,99917.84375,99789.171875,99359.359375,100352.515625,101523.0390625,100008.9921875,100196.609375,101105.125,99800.921875,100720.34375,100106.8125,99959.078125,100078.21875,101026.890625,100690.1953125,99282.6328125,99707.671875,99037.828125,101352.34375,100230.625,100385.90625,99883.6875,100353.5859375,100032.5546875,99636.734375,100571.1171875,99141.8515625,99047.625,98334.796875,99896.3828125,99471.609375,100283.421875,100765.2890625,99835.203125,100181.8125,100106.546875,100359.421875,100279.796875,101013.171875
EU_1583,99998.703125,99907.75,99718.84375,99714.578125,100250.1875,100209.0,99403.71875,100236.734375,100385.1171875,100383.796875,99840.8125,99736.78125,100347.75,99905.703125,99562.265625,99684.375,100045.6953125,99754.25,99897.6328125,100174.25,99644.84375,100338.0703125,99877.6796875,100336.8828125,100306.640625,99292.140625,99986.65625,100324.1796875,100094.328125,100064.8359375,100028.8203125,100092.171875,100238.890625,99648.984375,99851.7578125,100945.359375,99729.734375,100988.8046875,100807.0625,100240.546875,100316.46875,99989.3203125,99922.0625,99919.1875,100532.8046875,99655.71875,100569.015625,99985.71875,99549.28125,99816.2109375,100465.640625,100182.375,99742.6640625,99917.453125,100006.578125,99905.5703125,100204.578125,100066.140625,100007.7734375,100017.28125,99726.703125,100277.65625,99909.1640625,100152.921875,100052.9453125,100050.3359375,99888.078125,100066.390625,100536.5,100948.84375,100262.578125,99795.34375,101400.2578125,99915.15625,99634.03125,99879.828125,100018.34375,100475.5,100492.25,99293.8359375,100307.65625,100022.1328125,99821.796875,100543.296875,99165.0703125,99920.1328125,100164.9296875,100414.15625,99668.0390625,99790.0390625,99515.328125,99993.0625,100069.859375,100795.171875,99727.125,100691.25,100332.6015625,100592.765625,98758.078125,99741.53125,100299.40625,100072.8515625,99981.890625,99718.53125,100413.8359375,100104.0859375,99767.515625,100463.40625,100084.671875,99694.5390625,99614.7890625,100480.0625,100350.8125,99885.125,99871.609375,100362.453125,100488.421875,100011.390625,99708.375,99672.875,100554.03125,99464.953125,99897.5078125,100365.390625,99626.734375,99897.6015625,100083.203125,99772.34375,100043.640625,100396.625,99150.03125,99552.6875,100164.96875,100505.8984375,100687.671875,100183.4609375,100455.8125,99999.96875,99501.6875,100012.90625,100150.765625,100531.90625,100996.7421875,99418.265625,99985.625,100749.953125,100484.578125,99255.734375,100188.359375,99782.25,99966.46875,100135.1328125,99996.9453125,99810.609375,99957.359375,99928.6875,99803.53125,100062.0390625,99908.96875,100177.328125,99720.3125,100057.6953125,100196.578125,100347.046875,99854.640625,100388.65625,99800.5625,100215.578125,100165.484375,99859.84375,100071.578125,100062.859375,100024.0625,99950.7890625,100047.9375,99757.34375,100436.109375,100506.3125,100614.5625,100032.5703125,99557.9375,100151.5703125,100489.125,99916.2734375,99984.2578125,100262.546875,99862.15625,100460.921875,100294.40625,100789.6796875,99802.890625,100829.46875,99877.2421875,99437.09375,99954.9140625,99728.953125,100034.34375,99967.078125,99947.59375,100307.671875,100460.53125,100767.15625,99985.6875,100698.953125,100575.265625,100410.0390625,99952.8125,99985.578125,100263.9375,99732.3671875,99795.296875,100240.5,100030.375,99752.84375,99803.171875,99441.359375,100049.515625,100553.0390625,99498.9921875,99966.609375,100485.125,100024.921875,99815.34375,100231.8125,100428.078125,100276.21875,101049.890625,100080.1953125,99356.6328125,100407.671875,99672.828125,100584.34375,99802.625,100359.90625,99746.6875,100282.5859375,100128.5546875,99980.734375,99652.1171875,99668.8515625,100374.625,99336.796875,100309.3828125,100249.609375,100171.421875,99793.2890625,100000.203125,100004.8125,100219.546875,99846.421875,100787.796875,100045.171875
EU_1707,101862.703125,102038.75,101740.84375,101202.578125,101474.1875,101310.0,100891.71875,101205.734375,101467.1171875,102263.796875,102380.8125,101996.78125,102424.75,101687.703125,101458.265625,101419.375,101308.6953125,101062.25,101006.6328125,101175.25,101356.84375,102035.0703125,101661.6796875,101916.8828125,102338.640625,101834.140625,101532.65625,101539.1796875,101574.328125,101256.8359375,100997.8203125,101094.171875,101364.890625,101619.984375,102010.7578125,102393.359375,101804.734375,102036.8046875,102076.0625,101739.546875,101611.46875,101294.3203125,101001.0625,101289.1875,101710.8046875,101553.71875,102280.015625,102130.71875,101210.28125,101585.2109375,102164.640625,101543.375,101248.6640625,101279.453125,101278.578125,100993.5703125,101734.578125,102054.140625,101802.7734375,102164.28125,101779.703125,101917.65625,101695.1640625,101688.921875,101414.9453125,101197.3359375,101066.078125,101124.390625,101539.5,102105.84375,102218.578125,101939.34375,102516.2578125,101750.15625,101288.03125,101472.828125,101552.34375,101334.5,101287.25,100823.8359375,101530.65625,101780.1328125,101930.796875,102606.296875,101674.0703125,101837.1328125,101921.9296875,101688.15625,101330.0390625,101052.0390625,101088.328125,100980.0625,101429.859375,102008.171875,101868.125,102277.25,102692.6015625,102545.765625,101014.078125,101283.53125,101432.40625,101294.8515625,100951.890625,101104.53125,101375.8359375,102115.0859375,102192.515625,102465.40625,101966.671875,101407.5390625,101324.7890625,101825.0625,101543.8125,101334.125,100945.609375,101464.453125,101560.421875,101741.390625,101818.375,101527.875,101850.03125,101383.953125,101855.5078125,101860.390625,101210.734375,100916.6015625,100936.203125,101025.34375,101397.640625,101822.625,101722.03125,101530.6875,102194.96875,101809.8984375,102198.671875,101365.4609375,101527.8125,101021.96875,100877.6875,101169.90625,101540.765625,101970.90625,102605.7421875,102037.265625,101862.625,102190.953125,101767.578125,101217.734375,101120.359375,101237.25,101069.46875,101082.1328125,101592.9453125,101641.609375,102139.359375,101907.6875,101433.53125,101783.0390625,101260.96875,101579.328125,101289.3125,101007.6953125,100990.578125,101147.046875,101188.640625,102022.65625,101950.5625,102462.578125,102086.484375,102206.84375,101505.578125,101529.859375,101247.0625,101118.7890625,100955.9375,101062.34375,101350.109375,102090.3125,102313.5625,102023.5703125,101887.9375,101767.5703125,102076.125,101420.2734375,101308.2578125,101144.546875,101201.15625,101342.921875,101499.40625,102079.6796875,101730.890625,102609.46875,101749.2421875,102055.09375,101429.9140625,101334.953125,101201.34375,101263.078125,101083.59375,101159.671875,101542.53125,102206.15625,102236.6875,102261.953125,102143.265625,102329.0390625,101639.8125,101690.578125,101346.9375,101153.3671875,101093.296875,101185.5,101573.375,101640.84375,101964.171875,101872.359375,102075.515625,101833.0390625,101292.9921875,101766.609375,101370.125,101023.921875,100754.34375,101291.8125,101622.078125,102007.21875,102482.890625,101891.1953125,101395.6328125,102043.671875,101681.828125,101680.34375,101316.625,101226.90625,100991.6875,101345.5859375,101677.5546875,101910.734375,102175.1171875,101881.8515625,102235.625,101622.796875,101818.3828125,101772.609375,101441.421875,101044.2890625,101064.203125,101195.8125,101571.546875,101853.421875,102522.796875,102393.171875
EU_1713,101481.703125,101571.75,101205.84375,100698.578125,101166.1875,101173.0,100510.71875,101136.734375,101152.1171875,101968.796875,101659.8125,101372.78125,101856.75,101213.703125,100861.265625,100908.375,101023.6953125,100617.25,100760.6328125,101046.25,100921.84375,101743.0703125,101102.6796875,101597.8828125,101951.640625,101256.140625,101127.65625,101203.1796875,101213.328125,101004.8359375,100759.8203125,100780.171875,100921.890625,101145.984375,101375.7578125,102075.359375,101314.734375,101789.8046875,101725.0625,101311.546875,101290.46875,100965.3203125,100696.0625,100968.1875,101492.8046875,101065.71875,101941.015625,101684.71875,100680.28125,101138.2109375,101700.640625,101156.375,100837.6640625,100982.453125,100926.578125,100738.5703125,101417.578125,101621.140625,101347.7734375,101667.28125,101314.703125,101297.65625,101191.1640625,101157.921875,101043.9453125,100911.3359375,100832.078125,100863.390625,101361.5,101887.84375,101718.578125,101311.34375,102321.2578125,101226.15625,100663.03125,101070.828125,101112.34375,101104.5,101175.25,100511.8359375,101289.65625,101462.1328125,101496.796875,102240.296875,101084.0703125,101256.1328125,101459.9296875,101366.15625,100839.0390625,100776.0390625,100801.328125,100770.0625,101149.859375,101684.171875,101302.125,101910.25,102213.6015625,102179.765625,100366.078125,100676.53125,101099.40625,100997.8515625,100709.890625,100925.53125,101118.8359375,101648.0859375,101626.515625,101886.40625,101400.671875,100883.5390625,100839.7890625,101459.0625,101196.8125,100898.125,100765.609375,101273.453125,101377.421875,101273.390625,101354.375,100947.875,101367.03125,100764.953125,101410.5078125,101498.390625,100675.734375,100599.6015625,100706.203125,100764.34375,101124.640625,101530.625,100902.03125,100973.6875,101767.96875,101555.8984375,101912.671875,101027.4609375,101252.8125,100716.96875,100598.6875,100993.90625,101314.765625,101722.90625,102347.7421875,101393.265625,101323.625,101807.953125,101467.578125,100508.734375,100795.359375,100940.25,100861.46875,100909.1328125,101249.9453125,101123.609375,101683.359375,101331.6875,100933.53125,101242.0390625,100687.96875,101226.328125,100785.3125,100751.6953125,100894.578125,101050.046875,100811.640625,101732.65625,101358.5625,102074.578125,101527.484375,101634.84375,101129.578125,100999.859375,100856.0625,100818.7890625,100760.9375,100855.34375,101200.109375,101757.3125,101925.5625,101569.5703125,101305.9375,101385.5703125,101657.125,100982.2734375,100947.2578125,100964.546875,100925.15625,101235.921875,101245.40625,101801.6796875,101280.890625,102417.46875,101238.2421875,101353.09375,100949.9140625,100773.953125,100772.34375,100920.078125,100891.59375,101092.671875,101294.53125,101819.15625,101633.6875,102004.953125,101824.265625,101856.0390625,101199.8125,101202.578125,101061.9375,100844.3671875,100882.296875,101091.5,101194.375,101256.84375,101479.171875,101141.359375,101685.515625,101373.0390625,100693.9921875,101331.609375,101085.125,100731.921875,100477.34375,101136.8125,101374.078125,101628.21875,102185.890625,101488.1953125,100796.6328125,101704.671875,101275.828125,101338.34375,100755.625,101066.90625,100719.6875,101165.5859375,101380.5546875,101548.734375,101477.1171875,101273.8515625,102006.625,101131.796875,101386.3828125,101412.609375,100984.421875,100611.2890625,100940.203125,101001.8125,101281.546875,101275.421875,102265.796875,101758.171875
EU_1738,102514.703125,102488.75,101982.84375,101113.578125,101688.1875,101888.0,101287.71875,101696.734375,101574.1171875,101776.796875,101441.8125,101750.78125,101805.75,101935.703125,101041.265625,101373.375,101580.6953125,101540.25,101455.6328125,101572.25,101392.84375,102220.0703125,102022.6796875,102227.8828125,102911.640625,101950.140625,101888.65625,101479.1796875,101504.328125,101608.8359375,101373.8203125,101352.171875,101612.890625,101615.984375,101352.7578125,101845.359375,101602.734375,102255.8046875,102430.0625,101724.546875,101800.46875,101546.3203125,101488.0625,101572.1875,102046.8046875,101457.71875,102094.015625,102111.71875,101388.28125,102005.2109375,102174.640625,101390.375,101459.6640625,101616.453125,101558.578125,101417.5703125,101963.578125,101656.140625,101904.7734375,102055.28125,102265.703125,101668.65625,101806.1640625,101622.921875,101663.9453125,101736.3359375,101412.078125,101506.390625,101828.5,102308.84375,101914.578125,101793.34375,102530.2578125,101531.15625,101315.03125,101457.828125,101721.34375,101870.5,101797.25,101157.8359375,101709.65625,101886.1328125,102249.796875,102862.296875,102259.0703125,101585.1328125,101573.9296875,101992.15625,101247.0390625,101354.0390625,101427.328125,101443.0625,101840.859375,102157.171875,101909.125,102488.25,102469.6015625,102973.765625,100909.078125,101243.53125,101609.40625,101552.8515625,101465.890625,101434.53125,101709.8359375,101984.0859375,101720.515625,101924.40625,101601.671875,101448.5390625,101407.7890625,101554.0625,101886.8125,101431.125,101575.609375,101700.453125,101885.421875,101767.390625,101626.375,101094.875,101487.03125,100835.953125,101891.5078125,101876.390625,101259.734375,101353.6015625,101579.203125,101457.34375,101534.640625,101637.625,100987.03125,101395.6875,102179.96875,101956.8984375,102321.671875,101820.4609375,101885.8125,101610.96875,101198.6875,101521.90625,101742.765625,102205.90625,102527.7421875,101983.265625,102262.625,102210.953125,102509.578125,100917.734375,101629.359375,101434.25,101386.46875,101605.1328125,101605.9453125,101446.609375,101620.359375,101759.6875,101433.53125,101316.0390625,100894.96875,101616.328125,101179.3125,101631.6953125,101770.578125,101634.046875,101572.640625,102024.65625,101452.5625,102574.578125,101432.484375,101433.84375,101688.578125,101383.859375,101541.0625,101557.7890625,101339.9375,101408.34375,101725.109375,101927.3125,101600.5625,102021.5703125,101885.9375,101586.5703125,102001.125,102027.2734375,101558.2578125,101768.546875,101456.15625,101574.921875,101665.40625,101801.6796875,102184.890625,103294.46875,101819.2421875,101453.09375,101379.9140625,101371.953125,101384.34375,101420.078125,101586.59375,101851.671875,101853.53125,102047.15625,101859.6875,103088.953125,102350.265625,102138.0390625,101915.8125,101795.578125,101753.9375,101525.3671875,101504.296875,101672.5,101596.375,102167.84375,101722.171875,101934.359375,101962.515625,101483.0390625,100738.9921875,101686.609375,101483.125,101460.921875,101433.34375,101578.8125,102036.078125,101862.21875,101974.890625,102308.1953125,101473.6328125,102481.671875,102052.828125,101500.34375,101354.625,101653.90625,101367.6875,101640.5859375,101859.5546875,101876.734375,100884.1171875,101842.8515625,102889.625,102166.796875,101874.3828125,101934.609375,101858.421875,101352.2890625,101642.203125,101371.8125,101705.546875,101664.421875,102710.796875,101351.171875
EU_214,99957.703125,99851.75,100103.84375,100396.578125,99372.1875,99513.0,99929.71875,99715.734375,99943.1171875,101126.796875,101559.8125,100160.78125,100259.75,100217.703125,99557.265625,100629.375,99448.6953125,99439.25,100009.6328125,99441.25,100371.84375,99618.0703125,100121.6796875,101211.8828125,99302.640625,99534.140625,99191.65625,101029.1796875,99544.328125,99542.8359375,100220.8203125,99709.171875,99980.890625,99927.984375,100135.7578125,100745.359375,99813.734375,100766.8046875,100498.0625,100848.546875,100075.46875,99192.3203125,100022.0625,99890.1875,100279.8046875,100351.71875,100995.015625,99965.71875,100980.28125,100305.2109375,100321.640625,100155.375,99947.6640625,99494.453125,99789.578125,100059.5703125,100061.578125,100016.140625,99826.7734375,100370.28125,100944.703125,101658.65625,99534.1640625,100236.921875,100323.9453125,99325.3359375,99632.078125,100098.390625,100347.5,100767.84375,100944.578125,100827.34375,101209.2578125,100588.15625,99980.03125,100298.828125,100085.34375,99935.5,99551.25,99932.8359375,99679.65625,100231.1328125,100496.796875,99475.296875,99281.0703125,100220.1328125,100882.9296875,99795.15625,99619.0390625,99357.0390625,99265.328125,100170.0625,100265.859375,101221.171875,100112.125,100836.25,101366.6015625,99993.765625,99626.078125,100439.53125,99928.40625,99434.8515625,99614.890625,99540.53125,100455.8359375,100344.0859375,100041.515625,101428.40625,100440.671875,100988.5390625,100280.7890625,99657.0625,99975.8125,100295.125,99642.609375,99818.453125,100263.421875,100436.390625,100861.375,100907.875,101458.03125,101472.953125,99938.5078125,100662.390625,100359.734375,99948.6015625,100271.203125,99839.34375,100402.640625,100425.625,99902.03125,100765.6875,101123.96875,100478.8984375,100294.671875,99746.4609375,100315.8125,99398.96875,100001.6875,100024.90625,99474.765625,100083.90625,99894.7421875,100737.265625,101806.625,102080.953125,99427.578125,99869.734375,100233.359375,99621.25,99934.46875,99778.1328125,99786.9453125,100238.609375,100363.359375,101693.6875,100022.53125,100899.0390625,99802.96875,100131.328125,100220.3125,99914.6953125,99465.578125,100039.046875,99861.640625,99921.65625,100062.5625,99615.578125,100579.484375,101161.84375,99638.578125,100057.859375,100475.0625,99650.7890625,99872.9375,99824.34375,100415.109375,100006.3125,101224.5625,100166.5703125,100111.9375,100377.5703125,101150.125,99587.2734375,99961.2578125,99731.546875,99174.15625,99774.921875,100495.40625,99882.6796875,100058.890625,99483.46875,100721.2421875,100647.09375,100072.9140625,99948.953125,100392.34375,99884.078125,99703.59375,100419.671875,99476.53125,101422.15625,100842.6875,99710.953125,100263.265625,99924.0390625,100565.8125,99951.578125,99831.9375,99051.3671875,99508.296875,100266.5,100539.375,100117.84375,100528.171875,100826.359375,101373.515625,101399.0390625,99868.9921875,99912.609375,100270.125,99319.921875,100050.34375,100011.8125,100331.078125,100046.21875,100878.890625,101302.1953125,100210.6328125,100072.671875,99592.828125,100662.34375,100060.625,99903.90625,99152.6875,99563.5859375,99975.5546875,99947.734375,101275.1171875,100029.8515625,99445.625,99504.796875,100250.3828125,99203.609375,99891.421875,100123.2890625,99801.203125,99524.8125,100274.546875,100744.421875,101098.796875,101834.171875
EU_224,97562.703125,97719.75,97648.84375,99015.578125,99086.1875,98803.0,99216.71875,99004.734375,99344.1171875,99592.796875,99530.8125,98744.78125,99083.75,99093.703125,98688.265625,99002.375,98939.6953125,99111.25,99051.6328125,99066.25,99501.84375,98778.0703125,98225.6796875,99358.8828125,97926.640625,97161.140625,98288.65625,99879.1796875,99572.328125,99042.8359375,99195.8203125,99529.171875,99056.890625,99205.984375,99674.7578125,99872.359375,97966.734375,99486.8046875,98678.0625,100021.546875,99086.46875,99225.3203125,99558.0625,98933.1875,98896.8046875,98370.71875,99486.015625,97607.71875,98792.28125,98280.2109375,99642.640625,99691.375,99022.6640625,98784.453125,99382.578125,99247.5703125,98403.578125,99061.140625,98057.7734375,97752.28125,98008.703125,99628.65625,99124.1640625,99118.921875,98982.9453125,99242.3359375,99165.078125,99100.390625,98558.5,99252.84375,98332.578125,99204.34375,99980.2578125,99211.15625,98976.03125,99261.828125,99345.34375,99159.5,99374.25,99426.8359375,98846.65625,98940.1328125,98524.796875,97612.296875,97003.0703125,99528.1328125,98877.9296875,98423.15625,98704.0390625,99039.0390625,98736.328125,98957.0625,98755.859375,99231.171875,98440.125,98591.25,98809.6015625,98407.765625,98091.078125,99559.53125,99716.40625,98909.8515625,99129.890625,98834.53125,99604.8359375,98022.0859375,98073.515625,99153.40625,98656.671875,99175.5390625,98903.7890625,99344.0625,99309.8125,99439.125,99084.609375,99288.453125,98263.421875,99113.390625,99031.375,99510.875,100156.03125,99239.953125,98320.5078125,99186.390625,99516.734375,98980.6015625,99353.203125,99215.34375,99227.640625,98503.625,98813.03125,99297.6875,98678.96875,99626.8984375,98305.671875,98754.4609375,99453.8125,99328.96875,99346.6875,99410.90625,98852.765625,98451.90625,98753.7421875,97383.265625,99708.625,99556.953125,98720.578125,98543.734375,99135.359375,98858.25,98830.46875,99388.1328125,98448.9453125,98498.609375,98573.359375,99901.6875,98425.53125,99420.0390625,99348.96875,98734.328125,99639.3125,99484.6953125,99231.578125,99221.046875,99615.640625,98301.65625,97642.5625,97828.578125,100009.484375,98779.84375,98270.578125,98748.859375,99594.0625,99255.7890625,99723.9375,98884.34375,99174.109375,99670.3125,99779.5625,97883.5703125,98252.9375,98117.5703125,99118.125,98430.2734375,98765.2578125,98522.546875,98828.15625,99654.921875,99470.40625,99283.6796875,98063.890625,98021.46875,98987.2421875,97905.09375,98948.9140625,99083.953125,99653.34375,99122.078125,98809.59375,99023.671875,99230.53125,100638.15625,99250.6875,97919.953125,98391.265625,98979.0390625,98178.8125,98784.578125,99330.9375,98585.3671875,98948.296875,98849.5,100102.375,98845.84375,98351.171875,97901.359375,99014.515625,100405.0390625,98802.9921875,98960.609375,99926.125,98634.921875,99768.34375,98821.8125,98559.078125,98663.21875,99491.890625,99116.1953125,98092.6328125,98423.671875,97646.828125,100137.34375,99130.625,99103.90625,99159.6875,99202.5859375,98751.5546875,98609.734375,99237.1171875,97688.8515625,97539.625,96776.796875,98233.3828125,98298.609375,99123.421875,99560.2890625,98741.203125,98929.8125,98757.546875,99131.421875,98585.796875,99563.171875
EU_306,96913.703125,97089.75,97101.84375,98451.578125,98545.1875,98326.0,98741.71875,98496.734375,98797.1171875,99008.796875,98910.8125,98159.78125,98483.75,98524.703125,98193.265625,98416.375,98477.6953125,98638.25,98487.6328125,98536.25,98943.84375,98218.0703125,97589.6796875,98755.8828125,97377.640625,96543.140625,97742.65625,99293.1796875,99083.328125,98587.8359375,98645.8203125,99047.171875,98561.890625,98717.984375,99167.7578125,99334.359375,97407.734375,98821.8046875,98043.0625,99454.546875,98567.46875,98779.3203125,99051.0625,98525.1875,98306.8046875,97865.71875,98876.015625,97003.71875,98151.28125,97676.2109375,99102.640625,99085.375,98555.6640625,98308.453125,98854.578125,98757.5703125,97852.578125,98476.140625,97463.7734375,97035.28125,97336.703125,98924.65625,98595.1640625,98601.921875,98425.9453125,98743.3359375,98688.078125,98561.390625,97941.5,98602.84375,97737.578125,98693.34375,99332.2578125,98555.15625,98457.03125,98661.828125,98855.34375,98620.5,98866.25,98919.8359375,98366.65625,98451.1328125,97891.796875,97019.296875,96436.0703125,98937.1328125,98228.9296875,97863.15625,98190.0390625,98610.0390625,98327.328125,98407.0625,98178.859375,98566.171875,97878.125,97952.25,98150.6015625,97826.765625,97525.078125,99014.53125,99243.40625,98453.8515625,98707.890625,98389.53125,99020.8359375,97442.0859375,97510.515625,98527.40625,98033.671875,98532.5390625,98299.7890625,98790.0625,98786.8125,98980.125,98636.609375,98772.453125,97656.421875,98562.390625,98397.375,98950.875,99453.03125,98625.953125,97791.5078125,98617.390625,99031.734375,98470.6015625,98801.203125,98722.34375,98720.640625,97896.625,98298.03125,98676.6875,98033.96875,98994.8984375,97644.671875,98191.4609375,98915.8125,98821.96875,98851.6875,98913.90625,98328.765625,97840.90625,98131.7421875,96730.265625,99092.625,98807.953125,98111.578125,97995.734375,98564.359375,98402.25,98322.46875,98892.1328125,97864.9453125,97986.609375,97957.359375,99256.6875,97859.53125,98835.0390625,98779.96875,98122.328125,99068.3125,98965.6953125,98743.578125,98692.046875,99125.640625,97779.65625,97041.5625,97212.578125,99430.484375,98105.84375,97679.578125,98175.859375,99103.0625,98805.7890625,99244.9375,98391.34375,98615.109375,99053.3125,99154.5625,97248.5703125,97690.9375,97443.5703125,98424.125,97901.2734375,98198.2578125,98007.546875,98403.15625,99152.921875,98933.40625,98746.6796875,97419.890625,97371.46875,98412.2421875,97282.09375,98326.9140625,98570.953125,99085.34375,98639.078125,98327.59375,98523.671875,98695.53125,100071.15625,98663.6875,97358.953125,97711.265625,98401.0390625,97576.8125,98297.578125,98851.9375,98184.3671875,98464.296875,98327.5,99599.375,98325.84375,97738.171875,97265.359375,98410.515625,99817.0390625,98266.9921875,98430.609375,99392.125,98133.921875,99244.34375,98264.8125,97981.078125,98077.21875,98874.890625,98442.1953125,97542.6328125,97864.671875,97076.828125,99605.34375,98610.625,98616.90625,98782.6875,98683.5859375,98220.5546875,98160.734375,98657.1171875,97075.8515625,96878.625,96086.796875,97537.3828125,97783.609375,98513.421875,99018.2890625,98181.203125,98345.8125,98108.546875,98543.421875,97858.796875,98858.171875
EU_310,98489.703125,98602.75,98557.84375,99871.578125,99846.1875,99495.0,99750.71875,99698.734375,100221.1171875,100390.796875,100315.8125,99487.78125,99999.75,99743.703125,99374.265625,99738.375,99599.6953125,99716.25,99841.6328125,99856.25,100196.84375,99560.0703125,99065.6796875,100267.8828125,98837.640625,97933.140625,99107.65625,100656.1796875,100251.328125,99704.8359375,99942.8203125,100270.171875,99822.890625,99966.984375,100365.7578125,100751.359375,98812.734375,100557.8046875,99811.0625,100760.546875,99814.46875,99826.3203125,100206.0625,99557.1875,99832.8046875,99156.71875,100340.015625,98603.71875,99670.28125,99175.2109375,100307.640625,100481.375,99619.6640625,99438.453125,99999.578125,99907.5703125,99184.578125,99913.140625,99012.7734375,98728.28125,98784.703125,100587.65625,99878.1640625,99874.921875,99747.9453125,99899.3359375,99824.078125,99811.390625,99559.5,100302.84375,99200.578125,99908.34375,100882.2578125,100173.15625,99791.03125,99944.828125,99976.34375,99978.5,100148.25,100005.8359375,99587.65625,99603.1328125,99341.796875,98550.296875,97905.0703125,100316.1328125,99772.9296875,99313.15625,99366.0390625,99680.0390625,99292.328125,99745.0625,99566.859375,100265.171875,99253.125,99607.25,99698.6015625,99240.765625,98741.078125,100242.53125,100407.40625,99568.8515625,99766.890625,99467.53125,100488.8359375,98846.0859375,98853.515625,100108.40625,99531.671875,99968.5390625,99727.7890625,100223.0625,100028.8125,100081.125,99679.609375,99972.453125,99260.421875,99927.390625,99762.375,100241.875,101090.03125,100023.953125,99119.5078125,100007.390625,100090.734375,99719.6015625,100098.203125,99895.34375,100020.640625,99477.625,99575.03125,100136.6875,99484.96875,100422.8984375,99359.671875,99643.4609375,100206.8125,99983.96875,99997.6875,100019.90625,99438.765625,99371.90625,99779.7421875,98187.265625,100391.625,100500.953125,99596.578125,99305.734375,99936.359375,99471.25,99549.46875,100066.1328125,99207.9453125,99285.609375,99454.359375,100644.6875,99348.53125,100230.0390625,100184.96875,99611.328125,100301.3125,100081.6953125,99902.578125,99984.046875,100191.640625,99192.65625,98567.5625,98740.578125,100733.484375,99584.84375,99247.578125,99724.859375,100232.0625,99889.7890625,100381.9375,99550.34375,100061.109375,100515.3125,100748.5625,98765.5703125,98923.9375,99107.5703125,100141.125,99144.2734375,99518.2578125,99343.546875,99360.15625,100357.921875,100234.40625,100207.6796875,98852.890625,98973.46875,99653.2421875,98728.09375,99831.9140625,99712.953125,100353.34375,99789.078125,99439.59375,99737.671875,99981.53125,101490.15625,99974.6875,98899.953125,99439.265625,99853.0390625,99135.8125,99440.578125,100099.9375,99184.3671875,99566.296875,99605.5,100673.375,99520.84375,99179.171875,98713.359375,99773.515625,101182.0390625,99608.9921875,99724.609375,100692.125,99380.921875,100381.34375,99619.8125,99398.078125,99562.21875,100495.890625,100042.1953125,98850.6328125,99244.671875,98493.828125,100952.34375,99769.625,99905.90625,99703.6875,99912.5859375,99576.5546875,99265.734375,100018.1171875,98562.8515625,98470.625,97707.796875,99297.3828125,99115.609375,99875.421875,100285.2890625,99386.203125,99746.8125,99597.546875,99846.421875,99592.796875,100362.171875
EU_384,100259.703125,100333.75,100033.84375,99789.578125,100173.1875,100202.0,99480.71875,100285.734375,100310.1171875,101155.796875,100819.8125,100189.78125,100826.75,100074.703125,99859.265625,99992.375,100000.6953125,99650.25,99992.6328125,100232.25,100091.84375,100671.0703125,100001.6796875,100601.8828125,100682.640625,99947.140625,100180.65625,100362.1796875,100322.328125,100128.8359375,100069.8203125,100047.171875,100064.890625,100083.984375,100414.7578125,101155.359375,100251.734375,100996.8046875,100727.0625,100409.546875,100383.46875,99946.3203125,99826.0625,99955.1875,100633.8046875,99958.71875,101016.015625,100577.71875,99777.28125,99981.2109375,100631.640625,100283.375,99901.6640625,100019.453125,99999.578125,99961.5703125,100472.578125,100612.140625,100314.7734375,100495.28125,100214.703125,100505.65625,100031.1640625,100169.921875,100151.9453125,99902.3359375,99996.078125,100134.390625,100634.5,101023.84375,100823.578125,100232.34375,101430.2578125,100196.15625,99743.03125,100132.828125,100171.34375,100274.5,100373.25,99543.8359375,100392.65625,100462.1328125,100356.796875,101011.296875,99720.0703125,100290.1328125,100566.9296875,100313.15625,99859.0390625,99879.0390625,99775.328125,100027.0625,100236.859375,100829.171875,100198.125,100978.25,101145.6015625,100993.765625,99257.078125,99774.53125,100145.40625,100095.8515625,99808.890625,100011.53125,100286.8359375,100648.0859375,100532.515625,100906.40625,100335.671875,99977.5390625,99829.7890625,100558.0625,100211.8125,99997.125,99906.609375,100421.453125,100555.421875,100307.390625,100372.375,100070.875,100704.03125,99943.953125,100356.5078125,100557.390625,99744.734375,99780.6015625,99907.203125,99927.34375,100303.640625,100661.625,99769.03125,99937.6875,100677.96875,100566.8984375,100899.671875,100122.4609375,100396.8125,99814.96875,99713.6875,100134.90625,100338.765625,100772.90625,101246.7421875,100230.265625,100413.625,100881.953125,100234.578125,99497.734375,100057.359375,99938.25,100097.46875,99999.1328125,100336.9453125,100168.609375,100685.359375,100504.6875,99949.53125,100353.0390625,99709.96875,100336.328125,99903.3125,99952.6953125,99968.578125,100286.046875,99650.640625,100743.65625,100256.5625,100821.578125,100663.484375,100667.84375,100186.578125,100164.859375,100016.0625,99920.7890625,100076.9375,99982.34375,100494.109375,100970.3125,101148.5625,100522.5703125,100141.9375,100474.5703125,100803.125,99885.2734375,99964.2578125,100153.546875,99961.15625,100559.921875,100442.40625,100962.6796875,100159.890625,101130.46875,100192.2421875,100273.09375,99966.9140625,99750.953125,99914.34375,100084.078125,99951.59375,100346.671875,100385.53125,100949.15625,100557.6875,100732.953125,100756.265625,100796.0390625,100156.8125,100133.578125,100163.9375,99829.3671875,99896.296875,100309.5,100364.375,100105.84375,100492.171875,99884.359375,100714.515625,100533.0390625,99729.9921875,100307.609375,100343.125,99899.921875,99579.34375,100392.8125,100485.078125,100668.21875,101443.890625,100429.1953125,99782.6328125,100621.671875,100047.828125,100534.34375,99855.625,100322.90625,99722.6875,100317.5859375,100408.5546875,100484.734375,100612.1171875,100162.8515625,100717.625,99877.796875,100402.3828125,100225.609375,99917.421875,99709.2890625,100026.203125,100091.8125,100389.546875,100314.421875,101169.796875,100912.171875
EU_396,98955.703125,99074.75,99168.84375,100038.578125,99645.1875,99565.0,99553.71875,99697.734375,100164.1171875,100825.796875,100907.8125,99712.78125,100185.75,99591.703125,99210.265625,100029.375,99339.6953125,99484.25,100076.6328125,99853.25,100250.84375,99619.0703125,99161.6796875,100342.8828125,99026.640625,98561.140625,99227.65625,100681.1796875,99995.328125,99620.8359375,100146.8203125,100059.171875,99799.890625,99520.984375,99945.7578125,100532.359375,98990.734375,100887.8046875,100264.0625,100454.546875,100059.46875,99197.3203125,100032.0625,99294.1875,100212.8046875,99416.71875,100626.015625,99137.71875,99989.28125,99498.2109375,100088.640625,100190.375,99592.6640625,99333.453125,99814.578125,99919.5703125,99698.578125,99977.140625,99355.7734375,99413.28125,99522.703125,100907.65625,99135.1640625,99917.921875,99903.9453125,99531.3359375,99679.078125,100072.390625,100241.5,100762.84375,100186.578125,99987.34375,100993.2578125,100237.15625,99648.03125,100009.828125,99889.34375,99997.5,99969.25,99620.8359375,99547.65625,99762.1328125,99626.796875,99190.296875,98356.0703125,100096.1328125,100178.9296875,99434.15625,99480.0390625,99538.0390625,99123.328125,99909.0625,99965.859375,100674.171875,99368.125,100299.25,100463.6015625,99494.765625,98755.078125,100126.53125,100091.40625,99495.8515625,99586.890625,99340.53125,100455.8359375,99637.0859375,99391.515625,100692.40625,99695.671875,100102.5390625,99721.7890625,100081.0625,99841.8125,99981.125,99653.609375,99866.453125,99914.421875,99835.390625,100055.375,100220.875,101233.03125,100536.953125,99336.5078125,100261.390625,99933.734375,99742.6015625,100249.203125,99766.34375,100138.640625,99989.625,99378.03125,100104.6875,99942.96875,100313.8984375,99744.671875,99605.4609375,100258.8125,99783.96875,99872.6875,100007.90625,99365.765625,99789.90625,100000.7421875,99245.265625,100675.625,101028.953125,99396.578125,99444.734375,100073.359375,99505.25,99825.46875,99875.1328125,99502.9453125,99603.609375,99915.359375,100948.6875,99686.53125,100218.0390625,99811.96875,100039.328125,100120.3125,100029.6953125,99609.578125,100111.046875,99675.640625,99691.65625,99294.5625,99311.578125,100532.484375,100213.84375,99557.578125,99915.859375,100132.0625,99553.7890625,100247.9375,99650.34375,100345.109375,100481.3125,101131.5625,99420.5703125,99221.9375,99666.5703125,100819.125,99088.2734375,99668.2578125,99716.546875,99185.15625,100225.921875,100286.40625,100209.6796875,99404.890625,99360.46875,99740.2421875,99573.09375,99947.9140625,99633.953125,100187.34375,99791.078125,99499.59375,99989.671875,99731.53125,101444.15625,100080.6875,99273.953125,99911.265625,99839.0390625,99687.8125,99461.578125,99849.9375,98952.3671875,99342.296875,99999.5,100488.375,99484.84375,99815.171875,99430.359375,100269.515625,100876.0390625,99618.9921875,99797.609375,100532.125,99451.921875,99923.34375,99903.8125,99885.078125,99878.21875,100871.890625,100553.1953125,99086.6328125,99453.671875,98929.828125,100817.34375,99858.625,100038.90625,99104.6875,99853.5859375,99712.5546875,99359.734375,100429.1171875,99162.8515625,99097.625,98504.796875,99831.3828125,99117.609375,99649.421875,100276.2890625,99515.203125,99783.8125,99952.546875,100203.421875,100421.796875,101077.171875
EU_518,101578.703125,101660.75,101292.84375,100769.578125,101250.1875,101261.0,100592.71875,101217.734375,101229.1171875,102032.796875,101709.8125,101455.78125,101932.75,101301.703125,100933.265625,100976.375,101107.6953125,100703.25,100832.6328125,101123.25,100990.84375,101825.0703125,101195.6796875,101682.8828125,102046.640625,101345.140625,101206.65625,101276.1796875,101286.328125,101083.8359375,100831.8203125,100852.171875,101004.890625,101226.984375,101442.7578125,102151.359375,101393.734375,101864.8046875,101809.0625,101382.546875,101365.46875,101051.3203125,100780.0625,101052.1875,101572.8046875,101146.71875,102015.015625,101767.71875,100762.28125,101232.2109375,101782.640625,101228.375,100915.6640625,101066.453125,101007.578125,100815.5703125,101495.578125,101691.140625,101428.7734375,101757.28125,101398.703125,101367.65625,101277.1640625,101229.921875,101117.9453125,100997.3359375,100908.078125,100934.390625,101434.5,101970.84375,101787.578125,101391.34375,102403.2578125,101300.15625,100738.03125,101144.828125,101188.34375,101183.5,101254.25,100591.8359375,101371.65625,101541.1328125,101581.796875,102330.296875,101184.0703125,101327.1328125,101529.9296875,101455.15625,100913.0390625,100856.0390625,100881.328125,100844.0625,101229.859375,101760.171875,101383.125,101989.25,102285.6015625,102269.765625,100443.078125,100744.53125,101175.40625,101075.8515625,100793.890625,101007.53125,101199.8359375,101722.0859375,101701.515625,101953.40625,101479.671875,100955.5390625,100920.7890625,101535.0625,101280.8125,100970.125,100848.609375,101350.453125,101458.421875,101343.390625,101427.375,101020.875,101438.03125,100831.953125,101489.5078125,101571.390625,100745.734375,100672.6015625,100786.203125,100839.34375,101196.640625,101602.625,100974.03125,101054.6875,101843.96875,101641.8984375,101993.671875,101110.4609375,101329.8125,100803.96875,100673.6875,101077.90625,101393.765625,101802.90625,102433.7421875,101477.265625,101404.625,101887.953125,101570.578125,100574.734375,100869.359375,101018.25,100935.46875,100994.1328125,101323.9453125,101197.609375,101754.359375,101398.6875,101016.53125,101310.0390625,100765.96875,101298.328125,100855.3125,100828.6953125,100985.578125,101131.046875,100906.640625,101809.65625,101429.5625,102165.578125,101593.484375,101702.84375,101210.578125,101067.859375,100928.0625,100901.7890625,100829.9375,100930.34375,101273.109375,101821.3125,101988.5625,101650.5703125,101388.9375,101461.5703125,101731.125,101075.2734375,101029.2578125,101046.546875,101007.15625,101303.921875,101317.40625,101868.6796875,101371.890625,102517.46875,101321.2421875,101420.09375,101029.9140625,100849.953125,100850.34375,100988.078125,100975.59375,101175.671875,101375.53125,101891.15625,101713.6875,102111.953125,101914.265625,101937.0390625,101281.8125,101287.578125,101142.9375,100932.3671875,100967.296875,101172.5,101262.375,101345.84375,101551.171875,101236.359375,101762.515625,101447.0390625,100766.9921875,101409.609375,101158.125,100807.921875,100562.34375,101213.8125,101460.078125,101707.21875,102253.890625,101582.1953125,100875.6328125,101794.671875,101367.828125,101414.34375,100827.625,101140.90625,100806.6875,101244.5859375,101461.5546875,101626.734375,101534.1171875,101355.8515625,102040.625,101161.796875,101402.3828125,101439.609375,101012.421875,100625.2890625,100963.203125,101017.8125,101297.546875,101282.421875,102286.796875,101752.171875
EU_527,99032.703125,99014.75,98527.84375,97771.578125,98398.1875,98622.0,98020.71875,98470.734375,98287.1171875,98446.796875,98035.8125,98334.78125,98387.75,98510.703125,97659.265625,97987.375,98293.6953125,98250.25,98204.6328125,98354.25,98078.84375,98884.0703125,98620.6796875,98756.8828125,99408.640625,98516.140625,98493.65625,98132.1796875,98197.328125,98360.8359375,98147.8203125,98117.171875,98331.890625,98268.984375,97981.7578125,98455.359375,98176.734375,98789.8046875,98984.0625,98351.546875,98504.46875,98326.3203125,98257.0625,98367.1875,98745.8046875,98110.71875,98708.015625,98701.71875,97940.28125,98556.2109375,98740.640625,98032.375,98107.6640625,98350.453125,98326.578125,98174.5703125,98673.578125,98327.140625,98528.7734375,98652.28125,98806.703125,98207.65625,98366.1640625,98236.921875,98353.9453125,98471.3359375,98182.078125,98247.390625,98556.5,98958.84375,98521.578125,98353.34375,99085.2578125,98101.15625,97880.03125,98106.828125,98392.34375,98604.5,98573.25,97904.8359375,98444.65625,98562.1328125,98840.796875,99412.296875,98801.0703125,98166.1328125,98211.9296875,98650.15625,97950.0390625,98096.0390625,98186.328125,98202.0625,98527.859375,98824.171875,98513.125,99034.25,99016.6015625,99485.765625,97522.078125,97864.53125,98294.40625,98295.8515625,98230.890625,98205.53125,98420.8359375,98626.0859375,98344.515625,98517.40625,98179.671875,98004.5390625,98003.7890625,98225.0625,98584.8125,98152.125,98334.609375,98470.453125,98627.421875,98432.390625,98227.375,97697.875,98035.03125,97425.953125,98457.5078125,98512.390625,97921.734375,98086.6015625,98351.203125,98203.34375,98245.640625,98314.625,97615.03125,97949.6875,98724.96875,98516.8984375,98885.671875,98475.4609375,98571.8125,98350.96875,97954.6875,98301.90625,98502.765625,98861.90625,99124.7421875,98547.265625,98802.625,98772.953125,99124.578125,97544.734375,98307.359375,98187.25,98186.46875,98387.1328125,98340.9453125,98126.609375,98260.359375,98306.6875,98016.53125,97887.0390625,97498.96875,98251.328125,97844.3125,98354.6953125,98550.578125,98410.046875,98280.640625,98683.65625,98106.5625,99122.578125,98019.484375,98034.84375,98326.578125,98042.859375,98207.0625,98294.7890625,98100.9375,98160.34375,98440.109375,98611.3125,98233.5625,98599.5703125,98441.9375,98187.5703125,98606.125,98630.2734375,98248.2578125,98502.546875,98252.15625,98352.921875,98393.40625,98484.6796875,98785.890625,99804.46875,98362.2421875,98045.09375,97991.9140625,97997.953125,98066.34375,98153.078125,98364.59375,98617.671875,98595.53125,98711.15625,98472.6875,99622.953125,98879.265625,98696.0390625,98515.8125,98427.578125,98432.9375,98271.3671875,98282.296875,98463.5,98310.375,98818.84375,98351.171875,98471.359375,98536.515625,98071.0390625,97339.9921875,98351.609375,98218.125,98216.921875,98213.34375,98384.8125,98760.078125,98552.21875,98619.890625,98857.1953125,98034.6328125,99041.671875,98653.828125,98151.34375,98024.625,98426.90625,98154.6875,98427.5859375,98581.5546875,98548.734375,97547.1171875,98439.8515625,99411.625,98728.796875,98475.3828125,98560.609375,98527.421875,98073.2890625,98404.203125,98168.8125,98446.546875,98303.421875,99308.796875,97937.171875
EU_544,92928.703125,92959.75,92807.84375,92149.578125,92766.1875,92921.0,92497.71875,92787.734375,92681.1171875,92950.796875,92808.8125,92730.78125,92767.75,92561.703125,92345.265625,92193.375,92566.6953125,92569.25,92579.6328125,92682.25,92527.84375,93167.0703125,92689.6796875,92593.8828125,93356.640625,92858.140625,92542.65625,92354.1796875,92595.328125,92731.8359375,92489.8203125,92512.171875,92555.890625,92766.984375,92691.7578125,92605.359375,92331.734375,92516.8046875,92836.0625,92477.546875,92724.46875,92723.3203125,92593.0625,92760.1875,92915.8046875,92576.71875,93088.015625,92792.71875,91951.28125,92763.2109375,92924.640625,92369.375,92420.6640625,92679.453125,92627.578125,92601.5703125,92891.578125,92924.140625,92708.7734375,92900.28125,92607.703125,92192.65625,92537.1640625,92532.921875,92583.9453125,92711.3359375,92523.078125,92539.390625,92794.5,93172.84375,92815.578125,92580.34375,93002.2578125,92218.15625,92064.03125,92356.828125,92728.34375,92818.5,92776.25,92370.8359375,92756.65625,92835.1328125,93067.796875,93544.296875,93104.0703125,92415.1328125,92490.9296875,92800.15625,92340.0390625,92569.0390625,92612.328125,92533.0625,92780.859375,92879.171875,92626.125,92943.25,93227.6015625,93408.765625,91979.078125,92269.53125,92648.40625,92663.8515625,92553.890625,92558.53125,92616.8359375,93080.0859375,92809.515625,92809.40625,92409.671875,92032.5390625,92192.7890625,92530.0625,92815.8125,92555.125,92677.609375,92785.453125,92848.421875,92575.390625,92719.375,92023.875,92221.03125,91823.953125,92673.5078125,92677.390625,92367.734375,92363.6015625,92601.203125,92540.34375,92617.640625,92567.625,92381.03125,92261.6875,92755.96875,92493.8984375,92989.671875,92464.4609375,92663.8125,92621.96875,92421.6875,92647.90625,92784.765625,92996.90625,93321.7421875,92811.265625,92637.625,92513.953125,93083.578125,92038.734375,92427.359375,92676.25,92555.46875,92740.1328125,92729.9453125,92605.609375,92799.359375,92364.6875,92221.53125,92077.0390625,91944.96875,92593.328125,92351.3125,92545.6953125,92719.578125,92670.046875,92658.640625,93074.65625,92493.5625,93285.578125,92527.484375,92655.84375,92444.578125,92184.859375,92408.0625,92606.7890625,92476.9375,92557.34375,92638.109375,92867.3125,92858.5625,92680.5703125,92622.9375,92273.5703125,92650.125,92710.2734375,92569.2578125,92702.546875,92671.15625,92719.921875,92679.40625,92809.6796875,92945.890625,93790.46875,92603.2421875,92649.09375,92191.9140625,92408.953125,92400.34375,92564.078125,92648.59375,92766.671875,92826.53125,92941.15625,92890.6875,93474.953125,92715.265625,93020.0390625,92582.8125,92636.578125,92626.9375,92695.3671875,92609.296875,92754.5,92720.375,92929.84375,92641.171875,92757.359375,92806.515625,92132.0390625,91851.9921875,92716.609375,92508.125,92378.921875,92475.34375,92705.8125,92973.078125,92991.21875,92907.890625,92829.1953125,91964.6328125,92935.671875,92760.828125,92478.34375,92339.625,92774.90625,92514.6875,92749.5859375,92872.5546875,92901.734375,92438.1171875,92661.8515625,93577.625,93025.796875,92714.3828125,92887.609375,92944.421875,92628.2890625,92796.203125,92734.8125,92951.546875,92968.421875,93551.796875,92727.171875
EU_58,100409.703125,100490.75,100441.84375,101060.578125,101257.1875,100984.0,100389.71875,101079.734375,101663.1171875,101734.796875,101397.8125,100753.78125,101476.75,100830.703125,100705.265625,100867.375,100922.6953125,100684.25,101123.6328125,101197.25,101114.84375,101054.0703125,100430.6796875,101483.8828125,100712.640625,99690.140625,100716.65625,101767.1796875,101428.328125,100932.8359375,101236.8203125,101485.171875,101250.890625,100953.984375,101176.7578125,102211.359375,100396.734375,102260.8046875,101802.0625,101590.546875,101246.46875,100758.3203125,101089.0625,100616.1875,101534.8046875,100520.71875,101782.015625,100510.71875,100923.28125,100685.2109375,101459.640625,101529.375,100820.6640625,100685.453125,100956.578125,101071.5703125,100846.578125,101244.140625,100864.7734375,100552.28125,100282.703125,101844.65625,100956.1640625,101263.921875,101034.9453125,100936.3359375,100957.078125,101055.390625,101533.5,102038.84375,101210.578125,101035.34375,102504.2578125,101397.15625,100855.03125,101089.828125,101152.34375,101452.5,101513.25,100584.8359375,101099.65625,100842.1328125,100654.796875,100845.296875,99558.0703125,101435.1328125,101261.9296875,101035.15625,100704.0390625,100871.0390625,100345.328125,101035.0625,101067.859375,101782.171875,100610.125,101557.25,101288.6015625,100945.765625,99684.078125,101115.53125,101496.40625,100877.8515625,100989.890625,100514.53125,101677.8359375,100708.0859375,100462.515625,101662.40625,100970.671875,101057.5390625,100887.7890625,101639.0625,101353.8125,101013.125,100860.609375,101282.453125,101197.421875,101037.390625,100991.375,101161.875,102273.03125,101095.953125,100632.5078125,101413.390625,100936.734375,100949.6015625,101257.203125,100856.34375,101242.640625,101290.625,100424.03125,100883.6875,100903.96875,101666.8984375,101389.671875,101184.4609375,101509.8125,101037.96875,100826.6875,101047.90625,100776.765625,101212.90625,101691.7421875,99990.265625,101209.625,101898.953125,101044.578125,100527.734375,101310.359375,100716.25,100965.46875,101164.1328125,100698.9453125,100687.609375,100966.359375,101395.6875,100996.53125,101444.0390625,101355.96875,101243.328125,101097.3125,101186.6953125,101051.578125,101335.046875,100950.640625,101183.65625,100542.5625,100727.578125,101803.484375,101054.84375,101015.578125,101322.859375,101174.0625,100846.7890625,101399.9375,100728.34375,101655.109375,101789.3125,102186.5625,100655.5703125,100297.9375,101029.5703125,101745.125,100511.2734375,100912.2578125,101099.546875,100585.15625,101738.921875,101486.40625,101979.6796875,100424.890625,101089.46875,100843.2421875,100324.09375,101191.9140625,100821.953125,101396.34375,101000.078125,100767.59375,101148.671875,101361.53125,102463.15625,100989.6875,101032.953125,101360.265625,101393.0390625,100912.8125,100792.578125,101370.9375,100514.3671875,100730.296875,101162.5,101470.375,100531.84375,100745.171875,100257.359375,101145.515625,101998.0390625,100861.9921875,101032.609375,101898.125,100914.921875,101011.34375,101175.8125,101142.078125,101212.21875,102301.890625,101338.1953125,100259.6328125,100996.671875,100199.828125,102153.34375,100994.625,101461.90625,100584.6875,101302.5859375,101023.5546875,100707.734375,101157.1171875,100336.8515625,100675.625,99735.796875,101196.3828125,100749.609375,101091.421875,101222.2890625,100787.203125,101118.8125,101122.546875,101069.421875,101511.796875,101576.171875
EU_715,101759.703125,101925.75,101631.84375,101119.578125,101376.1875,101196.0,100792.71875,101139.734375,101385.1171875,102213.796875,102321.8125,101891.78125,102338.75,101586.703125,101362.265625,101336.375,101206.6953125,100963.25,100950.6328125,101104.25,101281.84375,101934.0703125,101555.6796875,101841.8828125,102216.640625,101709.140625,101433.65625,101473.1796875,101495.328125,101165.8359375,100931.8203125,101023.171875,101279.890625,101527.984375,101929.7578125,102311.359375,101714.734375,101972.8046875,101990.0625,101672.546875,101531.46875,101177.3203125,100916.0625,101194.1875,101631.8046875,101467.71875,102204.015625,102046.71875,101126.28125,101473.2109375,102063.640625,101456.375,101154.6640625,101175.453125,101181.578125,100917.5703125,101646.578125,101962.140625,101707.7734375,102051.28125,101683.703125,101856.65625,101583.1640625,101603.921875,101336.9453125,101086.3359375,100986.078125,101062.390625,101469.5,102024.84375,102141.578125,101842.34375,102435.2578125,101661.15625,101199.03125,101382.828125,101467.34375,101248.5,101214.25,100734.8359375,101444.65625,101694.1328125,101823.796875,102488.296875,101541.0703125,101744.1328125,101853.9296875,101584.15625,101246.0390625,100958.0390625,100997.328125,100907.0625,101346.859375,101942.171875,101776.125,102196.25,102616.6015625,102447.765625,100917.078125,101191.53125,101334.40625,101196.8515625,100858.890625,101026.53125,101303.8359375,102031.0859375,102106.515625,102393.40625,101870.671875,101329.5390625,101225.7890625,101738.0625,101444.8125,101259.125,100856.609375,101377.453125,101487.421875,101662.390625,101734.375,101458.875,101792.03125,101327.953125,101761.5078125,101781.390625,101118.734375,100843.6015625,100859.203125,100956.34375,101322.640625,101746.625,101627.03125,101439.6875,102109.96875,101725.8984375,102111.671875,101279.4609375,101440.8125,100923.96875,100798.6875,101088.90625,101442.765625,101884.90625,102498.7421875,101938.265625,101792.625,102109.953125,101633.578125,101123.734375,101039.359375,101139.25,101001.46875,100990.1328125,101513.9453125,101561.609375,102070.359375,101847.6875,101334.53125,101716.0390625,101156.96875,101497.328125,101209.3125,100917.6953125,100893.578125,101070.046875,101074.640625,101933.65625,101859.5625,102353.578125,102010.484375,102133.84375,101412.578125,101449.859375,101164.0625,101027.7890625,100893.9375,100983.34375,101289.109375,102028.3125,102252.5625,101929.5703125,101795.9375,101698.5703125,102014.125,101302.2734375,101209.2578125,101065.546875,101109.15625,101287.921875,101433.40625,102007.6796875,101619.890625,102479.46875,101649.2421875,101965.09375,101330.9140625,101227.953125,101109.34375,101189.078125,100998.59375,101087.671875,101444.53125,102145.15625,102151.6875,102147.953125,102046.265625,102230.0390625,101549.8125,101590.578125,101259.9375,101050.3671875,101003.296875,101126.5,101509.375,101541.84375,101879.171875,101771.359375,101997.515625,101761.0390625,101207.9921875,101678.609375,101299.125,100947.921875,100662.34375,101237.8125,101550.078125,101930.21875,102433.890625,101805.1953125,101312.6328125,101949.671875,101565.828125,101604.34375,101230.625,101157.90625,100891.6875,101269.5859375,101601.5546875,101821.734375,102122.1171875,101792.8515625,102110.625,101501.796875,101723.3828125,101648.609375,101323.421875,100951.2890625,100971.203125,101108.8125,101493.546875,101767.421875,102423.796875,102331.171875
EU_744,100195.703125,100232.75,100209.84375,100769.578125,101029.1875,100767.0,100134.71875,100853.734375,101419.1171875,101400.796875,101011.8125,100478.78125,101180.75,100563.703125,100450.265625,100591.375,100712.6953125,100459.25,100857.6328125,100950.25,100789.84375,100811.0703125,100204.6796875,101192.8828125,100483.640625,99431.140625,100473.65625,101490.1796875,101167.328125,100699.8359375,100963.8203125,101243.171875,101037.890625,100698.984375,100874.7578125,101948.359375,100148.734375,101985.8046875,101568.0625,101311.546875,101016.46875,100559.3203125,100842.0625,100407.1875,101283.8046875,100293.71875,101476.015625,100275.71875,100620.28125,100423.2109375,101209.640625,101259.375,100569.6640625,100477.453125,100706.578125,100812.5703125,100600.578125,100963.140625,100629.7734375,100292.28125,100006.703125,101521.65625,100750.1640625,101028.921875,100795.9453125,100726.3359375,100719.078125,100785.390625,101284.5,101770.84375,100914.578125,100759.34375,102239.2578125,101079.15625,100579.03125,100788.828125,100887.34375,101232.5,101302.25,100320.8359375,100885.65625,100587.1328125,100379.796875,100634.296875,99306.0703125,101132.1328125,100982.9296875,100853.15625,100455.0390625,100626.0390625,100104.328125,100785.0625,100794.859375,101530.171875,100328.125,101275.25,100960.6015625,100718.765625,99410.078125,100836.53125,101272.40625,100659.8515625,100773.890625,100267.53125,101417.8359375,100435.0859375,100194.515625,101359.40625,100718.671875,100768.5390625,100601.7890625,101396.0625,101124.8125,100770.125,100609.609375,101054.453125,100969.421875,100785.390625,100664.375,100828.875,101931.03125,100739.953125,100379.5078125,101147.390625,100670.734375,100719.6015625,101001.203125,100595.34375,100971.640625,101040.625,100142.03125,100565.6875,100635.96875,101402.8984375,101174.671875,100953.4609375,101244.8125,100793.96875,100552.6875,100784.90625,100557.765625,100975.90625,101471.7421875,99679.265625,100864.625,101585.953125,100864.578125,100245.734375,101063.359375,100477.25,100709.46875,100926.1328125,100445.9453125,100411.609375,100670.359375,101008.6875,100722.53125,101151.0390625,101105.96875,100976.328125,100827.3125,100934.6953125,100851.578125,101095.046875,100705.640625,100945.65625,100292.5625,100471.578125,101478.484375,100716.84375,100767.578125,101065.859375,100935.0625,100615.7890625,101140.9375,100471.34375,101402.109375,101491.3125,101858.5625,100387.5703125,100023.9375,100772.5703125,101424.125,100311.2734375,100657.2578125,100863.546875,100362.15625,101496.921875,101220.40625,101756.6796875,100153.890625,100894.46875,100568.2421875,100009.09375,100932.9140625,100563.953125,101141.34375,100765.078125,100559.59375,100889.671875,101156.53125,102161.15625,100702.6875,100840.953125,101107.265625,101141.0390625,100654.8125,100554.578125,101147.9375,100306.3671875,100508.296875,100920.5,101172.375,100269.84375,100418.171875,99954.359375,100838.515625,101715.0390625,100590.9921875,100773.609375,101641.125,100699.921875,100775.34375,100935.8125,100902.078125,100940.21875,102029.890625,101021.1953125,99992.6328125,100776.671875,99953.828125,101879.34375,100733.625,101222.90625,100381.6875,101059.5859375,100772.5546875,100465.734375,100808.1171875,100080.8515625,100454.625,99483.796875,100942.3828125,100556.609375,100868.421875,100951.2890625,100544.203125,100882.8125,100870.546875,100762.421875,101236.796875,101193.171875
EU_832,99328.703125,99464.75,99428.84375,100500.578125,100469.1875,100114.0,100007.71875,100240.734375,100911.1171875,101036.796875,100858.8125,100031.78125,100691.75,100172.703125,99904.265625,100281.375,100117.6953125,100093.25,100484.6328125,100470.25,100648.84375,100180.0703125,99656.6796875,100885.8828125,99637.640625,98664.140625,99809.65625,101214.1796875,100756.328125,100191.8359375,100552.8203125,100834.171875,100464.890625,100417.984375,100687.7578125,101410.359375,99520.734375,101424.8046875,100820.0625,101140.546875,100434.46875,100144.3203125,100598.0625,99953.1875,100639.8046875,99767.71875,101021.015625,99455.71875,100335.28125,99888.2109375,100755.640625,100964.375,100115.6640625,99943.453125,100389.578125,100420.5703125,99880.578125,100544.140625,99860.7734375,99534.28125,99402.703125,101240.65625,100303.1640625,100496.921875,100322.9453125,100305.3359375,100316.078125,100376.390625,100544.5,101172.84375,100132.578125,100403.34375,101615.2578125,100821.15625,100281.03125,100448.828125,100485.34375,100643.5,100764.25,100248.8359375,100182.65625,100048.1328125,99906.796875,99569.296875,98665.0703125,100842.1328125,100467.9296875,100046.15625,99939.0390625,100197.0390625,99664.328125,100346.0625,100248.859375,101067.171875,99874.125,100524.25,100431.6015625,99947.765625,99083.078125,100620.53125,100896.40625,100065.8515625,100276.890625,99889.53125,101099.8359375,99638.0859375,99532.515625,100886.40625,100165.671875,100461.5390625,100259.7890625,100881.0625,100601.8125,100462.125,100172.609375,100507.453125,100200.421875,100433.390625,100337.375,100711.875,101684.03125,100610.953125,99761.5078125,100671.390625,100443.734375,100300.6015625,100667.203125,100319.34375,100597.640625,100336.625,99959.03125,100570.6875,100086.96875,100943.8984375,100289.671875,100378.4609375,100804.8125,100452.96875,100392.6875,100439.90625,99907.765625,100205.90625,100662.7421875,98958.265625,100727.625,101221.953125,100216.578125,99882.734375,100602.359375,99986.25,100162.46875,100532.1328125,99828.9453125,99928.609375,100160.359375,101008.6875,100147.53125,100781.0390625,100718.96875,100390.328125,100663.3125,100549.6953125,100375.578125,100561.046875,100488.640625,100092.65625,99473.5625,99622.578125,101222.484375,100282.84375,100091.578125,100501.859375,100609.0625,100254.7890625,100845.9375,100061.34375,100825.109375,101109.3125,101490.5625,99614.5703125,99495.9375,99985.5703125,100997.125,99680.2734375,100136.2578125,100123.546875,99801.15625,100976.921875,100821.40625,101048.6796875,99523.890625,99832.46875,100164.2421875,99460.09375,100504.9140625,100170.953125,100836.34375,100297.078125,99946.59375,100357.671875,100542.53125,102027.15625,100414.6875,99845.953125,100359.265625,100527.0390625,99989.8125,99963.578125,100635.9375,99703.3671875,100022.296875,100281.5,101026.375,99922.84375,99882.171875,99365.359375,100396.515625,101553.0390625,100162.9921875,100310.609375,101267.125,100015.921875,100650.34375,100313.8125,100184.078125,100370.21875,101378.890625,100726.1953125,99445.6328125,99969.671875,99234.828125,101540.34375,100284.625,100646.90625,100009.6875,100526.5859375,100212.5546875,99877.734375,100587.1171875,99341.8515625,99400.625,98589.796875,100183.3828125,99765.609375,100369.421875,100767.2890625,99915.203125,100362.8125,100244.546875,100388.421875,100499.796875,100921.171875
EU_846,98108.703125,98268.75,98194.84375,99552.578125,99621.1875,99327.0,99736.71875,99520.734375,99872.1171875,100120.796875,100069.8125,99302.78125,99637.75,99671.703125,99268.265625,99541.375,99490.6953125,99636.25,99555.6328125,99582.25,100026.84375,99318.0703125,98771.6796875,99927.8828125,98497.640625,97709.140625,98845.65625,100424.1796875,100115.328125,99567.8359375,99700.8203125,100055.171875,99593.890625,99765.984375,100257.7578125,100463.359375,98546.734375,100031.8046875,99214.0625,100577.546875,99620.46875,99763.3203125,100071.0625,99469.1875,99411.8046875,98912.71875,100032.015625,98159.71875,99351.28125,98841.2109375,100207.640625,100230.375,99571.6640625,99314.453125,99891.578125,99769.5703125,98923.578125,99596.140625,98604.7734375,98276.28125,98543.703125,100178.65625,99701.1640625,99668.921875,99513.9453125,99767.3359375,99678.078125,99611.390625,99065.5,99771.84375,98864.578125,99777.34375,100540.2578125,99776.15625,99551.03125,99797.828125,99886.34375,99673.5,99893.25,99943.8359375,99382.65625,99492.1328125,99064.796875,98155.296875,97556.0703125,100118.1328125,99410.9296875,98962.15625,99243.0390625,99576.0390625,99266.328125,99466.0625,99274.859375,99747.171875,98986.125,99124.25,99353.6015625,98965.765625,98647.078125,100111.53125,100270.40625,99440.8515625,99664.890625,99369.53125,100130.8359375,98546.0859375,98617.515625,99694.40625,99217.671875,99734.5390625,99457.7890625,99894.0625,99844.8125,99975.125,99614.609375,99803.453125,98767.421875,99661.390625,99568.375,100083.875,100723.03125,99810.953125,98888.5078125,99725.390625,100057.734375,99507.6015625,99859.203125,99739.34375,99758.640625,99027.625,99383.03125,99865.6875,99239.96875,100211.8984375,98840.671875,99291.4609375,99986.8125,99847.96875,99858.6875,99934.90625,99378.765625,98971.90625,99287.7421875,97906.265625,100276.625,100105.953125,99266.578125,99086.734375,99662.359375,99389.25,99347.46875,99912.1328125,98963.9453125,99042.609375,99110.359375,100469.6875,98986.53125,99981.0390625,99922.96875,99265.328125,100167.3125,100002.6953125,99751.578125,99732.046875,100149.640625,98840.65625,98181.5625,98373.578125,100592.484375,99313.84375,98811.578125,99285.859375,100139.0625,99792.7890625,100238.9375,99402.34375,99695.109375,100206.3125,100329.5625,98423.5703125,98824.9375,98652.5703125,99644.125,98970.2734375,99286.2578125,99044.546875,99363.15625,100178.921875,99993.40625,99824.6796875,98590.890625,98564.46875,99571.2421875,98440.09375,99490.9140625,99629.953125,100178.34375,99649.078125,99318.59375,99539.671875,99756.53125,101182.15625,99799.6875,98471.953125,98935.265625,99543.0390625,98719.8125,99342.578125,99884.9375,99130.3671875,99467.296875,99364.5,100642.375,99388.84375,98886.171875,98441.359375,99573.515625,100985.0390625,99371.9921875,99504.609375,100458.125,99159.921875,100273.34375,99327.8125,99071.078125,99196.21875,100028.890625,99659.1953125,98666.6328125,98989.671875,98192.828125,100688.34375,99666.625,99627.90625,99703.6875,99724.5859375,99275.5546875,99167.734375,99790.1171875,98225.8515625,98107.625,97329.796875,98787.3828125,98874.609375,99678.421875,100098.2890625,99269.203125,99461.8125,99288.546875,99686.421875,99125.796875,100125.171875
EU_911,94906.703125,94919.75,94491.84375,93797.578125,94457.1875,94731.0,94140.71875,94615.734375,94361.1171875,94424.796875,93959.8125,94257.78125,94263.75,94424.703125,93637.265625,93986.375,94367.6953125,94362.25,94337.6328125,94507.25,94158.84375,94898.0703125,94554.6796875,94621.8828125,95234.640625,94434.140625,94479.65625,94112.1796875,94228.328125,94471.8359375,94281.8203125,94255.171875,94392.890625,94288.984375,93925.7578125,94362.359375,94092.734375,94636.8046875,94897.0625,94302.546875,94589.46875,94474.3203125,94409.0625,94548.1875,94809.8046875,94114.71875,94632.015625,94619.71875,93839.28125,94457.2109375,94640.640625,94024.375,94116.6640625,94434.453125,94445.578125,94319.5703125,94755.578125,94334.140625,94498.7734375,94569.28125,94704.703125,94095.65625,94295.1640625,94201.921875,94411.9453125,94561.3359375,94328.078125,94358.390625,94615.5,94938.84375,94443.578125,94259.34375,94911.2578125,93962.15625,93825.03125,94110.828125,94440.34375,94710.5,94716.25,94018.8359375,94535.65625,94589.1328125,94812.796875,95284.296875,94735.0703125,94113.1328125,94188.9296875,94661.15625,94047.0390625,94208.0390625,94346.328125,94316.0625,94592.859375,94814.171875,94482.125,94921.25,94905.6015625,95343.765625,93516.078125,93862.53125,94336.40625,94402.8515625,94373.890625,94348.53125,94457.8359375,94626.0859375,94289.515625,94404.40625,94055.671875,93934.5390625,93983.7890625,94230.0625,94662.8125,94250.125,94475.609375,94626.453125,94720.421875,94463.390625,94177.375,93626.875,93904.03125,93356.953125,94372.5078125,94494.390625,93978.734375,94192.6015625,94498.203125,94336.34375,94303.640625,94294.625,93584.03125,93850.6875,94585.96875,94399.8984375,94793.671875,94502.4609375,94623.8125,94440.96875,94074.6875,94458.90625,94623.765625,94871.90625,95023.7421875,94479.265625,94698.625,94605.953125,95074.578125,93527.734375,94357.359375,94319.25,94347.46875,94560.1328125,94421.9453125,94157.609375,94224.359375,94235.6875,93940.53125,93793.0390625,93448.96875,94226.328125,93882.3125,94451.6953125,94686.578125,94556.046875,94362.640625,94679.65625,94088.5625,95009.578125,93949.484375,93961.84375,94313.578125,94069.859375,94267.0625,94403.7890625,94225.9375,94261.34375,94524.109375,94649.3125,94176.5625,94527.5703125,94373.9375,94100.5703125,94566.125,94625.2734375,94310.2578125,94605.546875,94437.15625,94514.921875,94457.40625,94484.6796875,94761.890625,95678.46875,94273.2421875,93989.09375,93949.9140625,94009.953125,94110.34375,94244.078125,94534.59375,94739.671875,94703.53125,94698.15625,94404.6875,95502.953125,94731.265625,94585.0390625,94482.8125,94416.578125,94480.9375,94393.3671875,94443.296875,94620.5,94366.375,94860.84375,94323.171875,94387.359375,94450.515625,93928.0390625,93271.9921875,94376.609375,94295.125,94331.921875,94352.34375,94542.8125,94850.078125,94561.21875,94567.890625,94778.1953125,93983.6328125,94960.671875,94636.828125,94123.34375,94054.625,94563.90625,94314.6875,94587.5859375,94666.5546875,94555.734375,93524.1171875,94378.8515625,94998.625,94417.796875,94112.3828125,94257.609375,94269.421875,93886.2890625,94257.203125,94042.8125,94265.546875,93997.421875,94940.796875,93554.171875
NA_1018,95528.703125,95492.75,95345.84375,95568.578125,95054.1875,95292.0,95374.71875,95329.734375,95263.1171875,95533.796875,95570.8125,96160.78125,95463.75,95904.703125,95528.265625,95304.375,95155.6953125,95351.25,95279.6328125,95378.25,95485.84375,95154.0703125,95409.6796875,95195.8828125,95199.640625,95571.140625,95900.65625,95474.1796875,95432.328125,95157.8359375,95350.8203125,95445.171875,95155.890625,95812.984375,95338.7578125,95060.359375,96014.734375,95603.8046875,95209.0625,95304.546875,95364.46875,95159.3203125,95374.0625,95507.1875,95334.8046875,95251.71875,95212.015625,95225.71875,95777.28125,95538.2109375,95455.640625,95583.375,95246.6640625,95509.453125,95395.578125,95550.5703125,95257.578125,95184.140625,95502.7734375,95383.28125,95908.703125,95641.65625,95280.1640625,95351.921875,95437.9453125,94975.3359375,95215.078125,95339.390625,95255.5,95511.84375,95221.578125,95337.34375,94806.2578125,95682.15625,95634.03125,95197.828125,95233.34375,95470.5,95291.25,95341.8359375,95429.65625,95450.1328125,95211.796875,95384.296875,95417.0703125,95668.1328125,95440.9296875,95558.15625,95366.0390625,95138.0390625,95308.328125,95291.0625,95208.859375,95297.171875,95375.125,95285.25,95148.6015625,95397.765625,95444.078125,95271.53125,95386.40625,95176.8515625,95169.890625,95095.53125,95601.8359375,95612.0859375,95461.515625,95466.40625,95595.671875,95704.5390625,95402.7890625,95597.0625,95282.8125,95223.125,95575.609375,95413.453125,95436.421875,95422.390625,95058.375,95901.875,95598.03125,95909.953125,95323.5078125,94954.390625,95159.734375,95152.6015625,95157.203125,95100.34375,95353.640625,95337.625,95468.03125,95610.6875,95629.96875,95379.8984375,95686.671875,95003.4609375,95403.8125,94979.96875,95092.6875,95161.90625,95539.765625,95142.90625,94931.7421875,95347.265625,95120.625,95650.953125,94653.578125,95336.734375,95220.359375,94912.25,95366.46875,95384.1328125,95524.9453125,95349.609375,95606.359375,95242.6875,95529.53125,95368.0390625,95908.96875,95571.328125,95616.3125,95336.6953125,95538.578125,95492.046875,95112.640625,95575.65625,95552.5625,95794.578125,95392.484375,95606.84375,95606.578125,95287.859375,95460.0625,95032.7890625,95483.9375,95453.34375,95472.109375,95105.3125,95524.5625,95569.5703125,95831.9375,96042.5703125,95551.125,95307.2734375,95769.2578125,95349.546875,95051.15625,95252.921875,95182.40625,95436.6796875,95174.890625,95026.46875,95349.2421875,95418.09375,95123.9140625,95676.953125,95315.34375,95335.078125,95188.59375,95389.671875,95437.53125,95253.15625,95324.6875,95449.953125,95335.265625,95121.0390625,95586.8125,95386.578125,95216.9375,95044.3671875,95443.296875,95619.5,95451.375,95058.84375,95248.171875,95884.359375,95684.515625,95682.0390625,95733.9921875,95719.609375,95341.125,95081.921875,95636.34375,95265.8125,95697.078125,95647.21875,95519.890625,95412.1953125,95559.6328125,96042.671875,95912.828125,95330.34375,95486.625,95118.90625,95325.6875,95383.5859375,95310.5546875,95371.734375,95607.1171875,95290.8515625,95332.625,95363.796875,95346.3828125,95324.609375,95508.421875,94951.2890625,95115.203125,95196.8125,95418.546875,95440.421875,95049.796875,95399.171875
NA_1020,100478.703125,100965.75,100765.84375,100677.578125,100652.1875,100784.0,100728.71875,100834.734375,100846.1171875,100904.796875,100433.8125,100669.78125,100589.75,100886.703125,100377.265625,100857.375,100925.6953125,100753.25,100608.6328125,100746.25,101017.84375,100864.0703125,101139.6796875,100528.8828125,100276.640625,100708.140625,101228.65625,100967.1796875,100694.328125,100746.8359375,100601.8203125,100963.171875,100905.890625,101096.984375,100411.7578125,100325.359375,100221.734375,100500.8046875,100697.0625,101047.546875,100937.46875,100510.3203125,100664.0625,100827.1875,101335.8046875,100655.71875,100798.015625,100494.71875,99895.28125,100754.2109375,101249.640625,100558.375,100931.6640625,100693.453125,100824.578125,100822.5703125,101211.578125,100912.140625,100985.7734375,100845.28125,101292.703125,101044.65625,99899.1640625,100784.921875,100854.9453125,100762.3359375,100770.078125,100889.390625,100919.5,100746.84375,100840.578125,100372.34375,100549.2578125,100321.15625,100200.03125,100578.828125,100675.34375,100696.5,100671.25,100671.8359375,100837.65625,100476.1328125,101276.796875,100911.296875,100466.0703125,99869.1328125,100870.9296875,100446.15625,101010.0390625,100557.0390625,100663.328125,100687.0625,101021.859375,100957.171875,100797.125,100987.25,100876.6015625,100620.765625,100732.078125,101128.53125,100174.40625,100600.8515625,100695.890625,100543.53125,101198.8359375,101018.0859375,100826.515625,100832.40625,100363.671875,100415.5390625,101196.7890625,100639.0625,100921.8125,100547.125,100701.609375,100767.453125,101073.421875,100856.390625,101042.375,100458.875,100098.03125,99643.953125,100570.5078125,100299.390625,100484.734375,100330.6015625,100498.203125,100766.34375,100574.640625,100121.625,100948.03125,99804.6875,100274.96875,100382.8984375,101023.671875,100567.4609375,101061.8125,100544.96875,100367.6875,100462.90625,100995.765625,100648.90625,101001.7421875,101096.265625,100612.625,100541.953125,100971.578125,100244.734375,101059.359375,100633.25,100478.46875,100734.1328125,100961.9453125,100777.609375,101083.359375,100763.6875,100746.53125,100471.0390625,100273.96875,101186.328125,101109.3125,100536.6953125,100833.578125,100698.046875,100673.640625,100915.65625,100854.5625,100963.578125,100572.484375,100635.84375,100644.578125,100887.859375,100890.0625,100756.7890625,100595.9375,100853.34375,101095.109375,100598.3125,100538.5625,101117.5703125,100750.9375,100622.5703125,100604.125,100593.2734375,101076.2578125,100823.546875,100501.15625,100760.921875,101033.40625,100980.6796875,101239.890625,101106.46875,100397.2421875,100672.09375,100784.9140625,100821.953125,100662.34375,100440.078125,100547.59375,100843.671875,101172.53125,101056.15625,100657.6875,100682.953125,100678.265625,100289.0390625,100783.8125,101007.578125,100568.9375,100454.3671875,100681.296875,100823.5,100840.375,101119.84375,100914.171875,100603.359375,100896.515625,101314.0390625,100267.9921875,100695.609375,100854.125,100504.921875,101129.34375,100828.8125,101470.078125,100693.21875,100653.890625,100851.1953125,100593.6328125,100839.671875,100895.828125,100665.34375,100713.625,100489.90625,100532.6875,100650.5859375,101005.5546875,101113.734375,100627.1171875,100706.8515625,100784.625,100597.796875,101086.3828125,100181.609375,100603.421875,100716.2890625,100591.203125,100495.8125,101086.546875,101061.421875,101037.796875,100599.171875
NA_1037,98276.703125,98318.75,98144.84375,98223.578125,97794.1875,98040.0,98182.71875,98233.734375,98142.1171875,98585.796875,97992.8125,98467.78125,98044.75,98305.703125,98059.265625,98323.375,98228.6953125,98155.25,98096.6328125,98098.25,98267.84375,97929.0703125,98374.6796875,97816.8828125,97668.640625,97948.140625,98284.65625,98320.1796875,98106.328125,98158.8359375,98166.8203125,98423.171875,98207.890625,98411.984375,97752.7578125,97840.359375,97935.734375,98055.8046875,97974.0625,98446.546875,98243.46875,97992.3203125,97901.0625,98265.1875,98276.8046875,97853.71875,98006.015625,98008.71875,98102.28125,98501.2109375,98412.640625,98109.375,98168.6640625,98047.453125,98016.578125,98130.5703125,98633.578125,98085.140625,98353.7734375,98071.28125,98874.703125,98502.65625,97779.1640625,98124.921875,98211.9453125,98011.3359375,98186.078125,98144.390625,98294.5,98353.84375,97697.578125,97899.34375,97864.2578125,97796.15625,98168.03125,98079.828125,97805.34375,98171.5,98007.25,98303.8359375,98124.65625,97757.1328125,98393.796875,98245.296875,97986.0703125,97852.1328125,98506.9296875,97856.15625,98672.0390625,98057.0390625,98025.328125,98135.0625,98356.859375,98144.171875,98070.125,98239.25,97980.6015625,97956.765625,98314.078125,98287.53125,97618.40625,97735.8515625,97825.890625,98110.53125,98567.8359375,98504.0859375,98025.515625,97986.40625,97964.671875,98157.5390625,98632.7890625,98104.0625,98096.8125,97871.125,97809.609375,98108.453125,98544.421875,98147.390625,98450.375,98127.875,98067.03125,97841.953125,98247.5078125,97949.390625,98199.734375,97905.6015625,97968.203125,98016.34375,97855.640625,97837.625,98332.03125,97834.6875,98076.96875,97971.8984375,98624.671875,97746.4609375,98242.8125,97964.96875,97908.6875,97778.90625,98253.765625,98067.90625,98006.7421875,98287.265625,97749.625,98077.953125,98232.578125,98034.734375,98155.359375,97904.25,98076.46875,98020.1328125,98100.9453125,97903.609375,98543.359375,98101.6875,98089.53125,98057.0390625,98038.96875,98242.328125,98325.3125,98032.6953125,98260.578125,98145.046875,98211.640625,98047.65625,98196.5625,98222.578125,97578.484375,98003.84375,98188.578125,98143.859375,98126.0625,98159.7890625,97887.9375,98232.34375,98393.109375,97727.3125,97760.5625,98502.5703125,98195.9375,98341.5703125,98268.125,97995.2734375,98402.2578125,98102.546875,97843.15625,98014.921875,98454.40625,98367.6796875,98337.890625,98101.46875,97793.2421875,97958.09375,98176.9140625,98441.953125,98134.34375,97938.078125,98008.59375,98195.671875,98496.53125,98493.15625,98153.6875,97916.953125,97800.265625,97603.0390625,98600.8125,98171.578125,97771.9375,97721.3671875,98112.296875,98161.5,98335.375,98053.84375,98115.171875,98042.359375,98398.515625,98377.0390625,98383.9921875,98124.609375,98140.125,98031.921875,98271.34375,98129.8125,98621.078125,98088.21875,98120.890625,98263.1953125,98183.6328125,98284.671875,98165.828125,98034.34375,98088.625,97902.90625,98019.6875,98024.5859375,98375.5546875,98207.734375,98146.1171875,98060.8515625,98248.625,97869.796875,98303.3828125,97655.609375,98243.421875,97996.2890625,97935.203125,98018.8125,98208.546875,98200.421875,98059.796875,97868.171875
NA_1058,98294.703125,98051.75,98068.84375,98443.578125,97993.1875,98145.0,98046.71875,97883.734375,97802.1171875,97974.796875,98284.8125,99122.78125,97875.75,98594.703125,98265.265625,98180.375,97806.6953125,98236.25,97832.6328125,97765.25,97968.84375,97676.0703125,98228.6796875,97993.8828125,98000.640625,98255.140625,98834.65625,98444.1796875,98389.328125,97921.8359375,97786.8203125,97942.171875,97580.890625,98460.984375,97943.7578125,97751.359375,98750.734375,98708.8046875,98145.0625,98482.546875,97976.46875,97789.3203125,97912.0625,98016.1875,98012.8046875,97923.71875,97566.015625,97752.71875,99055.28125,98319.2109375,98203.640625,98460.375,98271.6640625,98410.453125,97974.578125,98337.5703125,97837.578125,97762.140625,97824.7734375,98494.28125,98674.703125,98375.65625,98319.1640625,98340.921875,98391.9453125,97947.3359375,97617.078125,97927.390625,97763.5,98022.84375,97905.578125,98116.34375,97600.2578125,98588.15625,98899.03125,97872.828125,98283.34375,98027.5,97780.25,97828.8359375,98262.65625,98067.1328125,98409.796875,97642.296875,98028.0703125,98870.1328125,98287.9296875,98461.15625,98242.0390625,98039.0390625,97848.328125,97885.0625,97888.859375,97685.171875,98143.125,98290.25,98016.6015625,98366.765625,98485.078125,98235.53125,98455.40625,97811.8515625,97791.890625,97466.53125,98069.8359375,97928.0859375,98229.515625,98451.40625,98494.671875,98598.5390625,98456.7890625,98578.0625,98218.8125,97968.125,98263.609375,98002.453125,97855.421875,98406.390625,97248.375,98819.875,98607.03125,98750.953125,97882.5078125,98077.390625,98322.734375,97906.6015625,97577.203125,97767.34375,98032.640625,97859.625,98088.03125,98569.6875,98754.96875,97981.8984375,98817.671875,97829.4609375,98529.8125,97762.96875,97505.6875,97525.90625,97751.765625,97785.90625,97534.7421875,97628.265625,97680.625,98381.953125,97599.578125,98482.734375,98081.359375,97755.25,97830.46875,97817.1328125,97850.9453125,98218.609375,98547.359375,98389.6875,98440.53125,98188.0390625,98960.96875,98588.328125,98418.3125,98081.6953125,97955.578125,98067.046875,97555.640625,98075.65625,98425.5625,98738.578125,98221.484375,98638.84375,98498.578125,98457.859375,98353.0625,97980.7890625,97947.9375,98029.34375,98058.109375,97768.3125,98543.5625,98249.5703125,98511.9375,99085.5703125,98265.125,98136.2734375,98671.2578125,97884.546875,97595.15625,97846.921875,97710.40625,97936.6796875,97738.890625,97806.46875,98161.2421875,98385.09375,98220.9140625,98688.953125,98222.34375,97835.078125,97867.59375,98028.671875,97867.53125,98417.15625,97794.6875,98192.953125,97902.265625,97758.0390625,98755.8125,98534.578125,98215.9375,97795.3671875,97895.296875,97997.5,98025.375,97600.84375,98053.171875,98520.359375,98671.515625,98023.0390625,98777.9921875,98369.609375,97973.125,97671.921875,98107.34375,97721.8125,98421.078125,98297.21875,98556.890625,98099.1953125,98500.6328125,99115.671875,98540.828125,98014.34375,98453.625,97916.90625,97779.6875,97920.5859375,98035.5546875,97938.734375,98244.1171875,97953.8515625,98146.625,97917.796875,98338.3828125,98058.609375,98513.421875,97873.2890625,97547.203125,97512.8125,97842.546875,97871.421875,97708.796875,97916.171875
NA_1066,98536.703125,98517.75,98595.84375,99013.578125,98768.1875,98653.0,98348.71875,98549.734375,98252.1171875,98246.796875,98686.8125,99690.78125,98194.75,99133.703125,98922.265625,98604.375,98429.6953125,98903.25,98296.6328125,98307.25,98161.84375,98220.0703125,98686.6796875,98335.8828125,98488.640625,99006.140625,99736.65625,99156.1796875,99118.328125,98286.8359375,98370.8203125,98377.171875,98147.890625,98905.984375,98561.7578125,97945.359375,99448.734375,99542.8046875,98952.0625,98932.546875,98561.46875,98499.3203125,98364.0625,98325.1875,98567.8046875,98448.71875,97995.015625,98097.71875,99811.28125,98910.2109375,98860.640625,99181.375,99064.6640625,99132.453125,98503.578125,98932.5703125,98257.578125,98137.140625,98238.7734375,99040.28125,99221.703125,98860.65625,98996.1640625,99098.921875,99102.9453125,98603.3359375,98148.078125,98514.390625,98315.5,98074.84375,98390.578125,98407.34375,98163.2578125,99044.15625,99138.03125,98214.828125,98765.34375,98394.5,98492.25,98355.8359375,98652.65625,98614.1328125,99101.796875,97661.296875,98519.0703125,99637.1328125,99061.9296875,98782.15625,98748.0390625,98706.0390625,98294.328125,98643.0625,98651.859375,97900.171875,98728.125,98775.25,98582.6015625,98992.765625,99158.078125,98870.53125,98927.40625,98357.8515625,98087.890625,98043.53125,98638.8359375,98152.0859375,98634.515625,99276.40625,99085.671875,99168.5390625,99123.7890625,99149.0625,98963.8125,98515.125,98839.609375,98436.453125,98191.421875,99002.390625,97547.375,99526.875,99167.03125,98905.953125,98087.5078125,98516.390625,99043.734375,98302.6015625,98036.203125,98404.34375,98573.640625,98089.625,98522.03125,99326.6875,99344.96875,98687.8984375,99225.671875,98536.4609375,98961.8125,98430.96875,97975.6875,98034.90625,97869.765625,98049.90625,98116.7421875,98043.265625,98162.625,98698.953125,98278.578125,99082.734375,98439.359375,98378.25,98370.46875,98254.1328125,98113.9453125,99005.609375,99160.359375,99016.6875,99135.53125,98598.0390625,99521.96875,99394.328125,98839.3125,98740.6953125,98572.578125,98504.046875,97951.640625,98402.65625,98836.5625,99463.578125,98921.484375,99493.84375,99208.578125,98881.859375,99071.0625,98421.7890625,98376.9375,98436.34375,98470.109375,98232.3125,99343.5625,98755.5703125,99247.9375,99756.5703125,98955.125,98542.2734375,99189.2578125,98438.546875,98211.15625,98236.921875,97943.40625,98480.6796875,97970.890625,98255.46875,98763.2421875,99034.09375,98918.9140625,99326.953125,98917.34375,98317.078125,98377.59375,98754.671875,98273.53125,99101.15625,98051.6875,98898.953125,98467.265625,98499.0390625,99383.8125,99141.578125,98621.9375,98399.3671875,98414.296875,98119.5,98375.375,98249.84375,98704.171875,99113.359375,99246.515625,98694.0390625,99389.9921875,99069.609375,98528.125,98227.921875,98710.34375,98105.8125,99036.078125,98747.21875,98980.890625,98378.1953125,99119.6328125,99809.671875,99067.828125,98703.34375,99118.625,98642.90625,98462.6875,98629.5859375,98440.5546875,98437.734375,98772.1171875,98471.8515625,98871.625,98632.796875,99125.3828125,98908.609375,99318.421875,98428.2890625,98231.203125,98199.8125,98482.546875,98687.421875,98191.796875,98446.171875
NA_1075,99275.703125,98931.75,98997.84375,99305.578125,98628.1875,98781.0,98965.71875,98803.734375,98658.1171875,99099.796875,98991.8125,99930.78125,98924.75,99469.703125,99185.265625,99120.375,98685.6953125,98902.25,98811.6328125,98661.25,99132.84375,98506.0703125,99221.6796875,98781.8828125,98788.640625,99200.140625,99392.65625,99122.1796875,99116.328125,98781.8359375,98726.8203125,98740.171875,98416.890625,99159.984375,98751.7578125,98631.359375,99221.734375,99259.8046875,98884.0625,99506.546875,99105.46875,98660.3203125,98724.0625,99031.1875,98698.8046875,98762.71875,98615.015625,98891.71875,99702.28125,99289.2109375,99166.640625,99130.375,99000.6640625,98858.453125,98777.578125,98949.5703125,98791.578125,98613.140625,98811.7734375,99306.28125,99614.703125,99399.65625,99062.1640625,99032.921875,99023.9453125,98722.3359375,98554.078125,98679.390625,98663.5,99228.84375,98810.578125,99025.34375,98615.2578125,99370.15625,99944.03125,98991.828125,98977.34375,98985.5,98513.25,98820.8359375,99027.65625,98551.1328125,99013.796875,98886.296875,98880.0703125,99403.1328125,99281.9296875,99450.15625,99227.0390625,98725.0390625,98711.328125,98590.0625,98704.859375,98839.171875,98954.125,99242.25,98740.6015625,99090.765625,99262.078125,99212.53125,99037.40625,98662.8515625,98543.890625,98525.53125,99021.8359375,99088.0859375,99138.515625,99118.40625,99081.671875,99460.5390625,99408.7890625,99415.0625,98868.8125,98754.125,98793.609375,98842.453125,99052.421875,99006.390625,98564.375,99454.875,99428.03125,99930.953125,99019.5078125,98916.390625,99059.734375,98878.6015625,98404.203125,98242.34375,98789.640625,98651.625,98992.03125,99465.6875,99441.96875,98792.8984375,99877.671875,98720.4609375,99218.8125,98756.96875,98419.6875,98373.90625,98941.765625,98698.90625,98484.7421875,98767.265625,98707.625,99221.953125,98673.578125,99311.734375,98962.359375,98400.25,98760.46875,98733.1328125,98695.9453125,98895.609375,99393.359375,99073.6875,99136.53125,99380.0390625,99827.96875,99338.328125,99458.3125,99023.6953125,98830.578125,98803.046875,98581.640625,98777.65625,99120.5625,99433.578125,98637.484375,99013.84375,99256.578125,99347.859375,99137.0625,98687.7890625,98695.9375,98999.34375,98941.109375,98464.3125,98884.5625,99297.5703125,99199.9375,99646.5703125,99070.125,99008.2734375,99405.2578125,98711.546875,98331.15625,98648.921875,98608.40625,98992.6796875,98775.890625,98818.46875,98890.2421875,99139.09375,99075.9140625,99688.953125,99021.34375,98820.078125,98646.59375,98756.671875,98856.53125,98986.15625,98918.6875,98946.953125,98678.265625,98528.0390625,99444.8125,99383.578125,98970.9375,98473.3671875,98788.296875,99031.5,98901.375,98291.84375,98816.171875,99079.359375,99457.515625,98942.0390625,99707.9921875,99382.609375,98894.125,98729.921875,98816.34375,98627.8125,99155.078125,99026.21875,99333.890625,99086.1953125,99361.6328125,99697.671875,99180.828125,99086.34375,99117.625,98802.90625,98555.6875,98446.5859375,98872.5546875,98596.734375,99078.1171875,98957.8515625,99201.625,98835.796875,99219.3828125,98805.609375,99335.421875,98706.2890625,98462.203125,98613.8125,98613.546875,98694.421875,98678.796875,98865.171875
NA_1095,100594.703125,100714.75,100191.84375,100014.578125,100070.1875,100271.0,99958.71875,100157.734375,100084.1171875,100604.796875,100259.8125,100704.78125,100452.75,100726.703125,99828.265625,100473.375,100116.6953125,100133.25,100095.6328125,100177.25,100149.84375,100584.0703125,100652.6796875,100376.8828125,100387.640625,100497.140625,100476.65625,100416.1796875,100290.328125,100136.8359375,100154.8203125,100204.171875,100086.890625,100180.984375,100238.7578125,100373.359375,100344.734375,100171.8046875,99925.0625,100076.546875,99933.46875,99929.3203125,100174.0625,100173.1875,100149.8046875,100117.71875,100482.015625,100489.71875,100396.28125,100595.2109375,100641.640625,100063.375,100303.6640625,100159.453125,99916.578125,100060.5703125,100124.578125,100162.140625,100550.7734375,100512.28125,100744.703125,100457.65625,99700.1640625,99911.921875,99947.9453125,99989.3359375,100084.078125,100032.390625,100185.5,100025.84375,100350.578125,100265.34375,100282.2578125,100310.15625,100316.03125,99989.828125,99769.34375,99968.5,100222.25,100010.8359375,100007.65625,100081.1328125,100286.796875,100803.296875,100594.0703125,100186.1328125,100607.9296875,99923.15625,100372.0390625,99981.0390625,100002.328125,99956.0625,100298.859375,100232.171875,100459.125,100459.25,100684.6015625,100204.765625,100327.078125,100175.53125,99765.40625,100015.8515625,100007.890625,99782.53125,100152.8359375,100513.0859375,100335.515625,100574.40625,100307.671875,100600.5390625,100517.7890625,100104.0625,100145.8125,99609.125,99923.609375,100127.453125,100154.421875,100129.390625,100263.375,100342.875,100266.03125,99830.953125,99743.5078125,100064.390625,100090.734375,99962.6015625,100092.203125,99940.34375,99958.640625,100053.625,100406.03125,100174.6875,100176.96875,100385.8984375,100346.671875,99993.4609375,99899.8125,99890.96875,99924.6875,99669.90625,99962.765625,100136.90625,100530.7421875,100753.265625,100432.625,100440.953125,100467.578125,99959.734375,100004.359375,99921.25,100022.46875,100023.1328125,100171.9453125,99975.609375,100583.359375,100276.6875,100669.53125,100196.0390625,100127.96875,100363.328125,100254.3125,99979.6953125,100248.578125,100221.046875,100083.640625,100251.65625,100735.5625,100560.578125,100391.484375,100214.84375,100161.578125,100096.859375,100236.0625,100046.7890625,100078.9375,100027.34375,100236.109375,100002.3125,100441.5625,100550.5703125,100604.9375,100394.5703125,100514.125,100074.2734375,100508.2578125,100041.546875,99904.15625,99993.921875,100053.40625,100168.6796875,100638.890625,100454.46875,100272.2421875,100287.09375,100233.9140625,100230.953125,100011.34375,99994.078125,100117.59375,100196.671875,100150.53125,100404.15625,100501.6875,100652.953125,100226.265625,100183.0390625,100622.8125,100141.578125,99777.9375,100030.3671875,100090.296875,100071.5,100008.375,100346.84375,100455.171875,100439.359375,100896.515625,100858.0390625,100068.9921875,100083.609375,100185.125,99897.921875,100098.34375,100238.8125,100150.078125,100274.21875,100313.890625,100336.1953125,100413.6328125,100536.671875,100470.828125,100098.34375,100017.625,99974.90625,100080.6875,99954.5859375,100180.5546875,100123.734375,100361.1171875,100336.8515625,100594.625,100346.796875,100503.3828125,99816.609375,100131.421875,100130.2890625,99993.203125,99957.8125,100168.546875,100261.421875,100655.796875,100377.171875
NA_1102,82233.703125,82262.75,82531.84375,82716.578125,82647.1875,83139.0,83209.71875,83194.734375,83051.1171875,82707.796875,82852.8125,82810.78125,82668.75,82570.703125,82525.265625,82461.375,82922.6953125,83020.25,83184.6328125,83185.25,83048.84375,82655.0703125,82146.6796875,81993.8828125,82329.640625,82782.140625,82459.65625,82647.1796875,82793.328125,83089.8359375,83328.8203125,83429.171875,83017.890625,83275.984375,82801.7578125,81995.359375,82763.734375,82747.8046875,82008.0625,82158.546875,82822.46875,83086.3203125,83347.0625,83303.1875,83175.8046875,82835.71875,82354.015625,82049.71875,82378.28125,82536.2109375,82671.640625,83008.375,82871.6640625,83243.453125,83271.578125,83157.5703125,82913.578125,82515.140625,82929.7734375,82534.28125,82486.703125,82788.65625,82477.1640625,82632.921875,82776.9453125,82739.3359375,83117.078125,83326.390625,83104.5,82501.84375,82596.578125,82424.34375,81835.2578125,82794.15625,81919.03125,82453.828125,82955.34375,83248.5,83282.25,83271.8359375,83255.65625,83079.1328125,81765.796875,82376.296875,82821.0703125,82183.1328125,82383.9296875,82564.15625,82962.0390625,82896.0390625,83242.328125,83079.0625,83061.859375,82531.171875,82699.125,82135.25,81944.6015625,82394.765625,82566.078125,82640.53125,83006.40625,83052.8515625,83143.890625,82922.53125,83284.8359375,83015.0859375,82586.515625,82260.40625,82977.671875,82421.5390625,82245.7890625,82782.0625,82824.8125,82978.125,83437.609375,83247.453125,83037.421875,82730.390625,82038.375,82673.875,82012.03125,82417.953125,82309.5078125,82250.390625,82715.734375,82969.6015625,83270.203125,83109.34375,82842.640625,82713.625,82445.03125,81884.6875,82644.96875,82300.8984375,81838.671875,82374.4609375,82660.8125,82842.96875,82975.6875,83138.90625,83036.765625,82713.90625,82034.7421875,82987.265625,82162.625,82525.953125,81660.578125,82455.734375,82908.359375,82756.25,83252.46875,83306.1328125,83483.9453125,82711.609375,82303.359375,81794.6875,82873.53125,82625.0390625,82701.96875,82789.328125,83064.3125,83062.6953125,83381.578125,83177.046875,82729.640625,83280.65625,82743.5625,82927.578125,83027.484375,82156.84375,82282.578125,82533.859375,83017.0625,82968.7890625,83335.9375,83314.34375,83078.109375,82473.3125,82717.5625,82437.5703125,83037.9375,82908.5703125,82823.125,82695.2734375,83008.2578125,83228.546875,83241.15625,83088.921875,82861.40625,82912.6796875,82638.890625,81810.46875,82276.2421875,82671.09375,82191.9140625,82921.953125,83068.34375,83136.078125,83245.59375,83348.671875,83188.53125,82263.15625,82190.6875,82481.953125,82399.265625,81974.0390625,82131.8125,82434.578125,82936.9375,83014.3671875,83371.296875,83377.5,83112.375,82957.84375,82021.171875,83252.359375,82335.515625,82619.0390625,82396.9921875,82588.609375,83150.125,83002.921875,83608.34375,83363.8125,83057.078125,83075.21875,82757.890625,82374.1953125,82543.6328125,82120.671875,82965.828125,82695.34375,82898.625,83185.90625,83227.6875,83253.5859375,82966.5546875,82990.734375,83010.1171875,82318.8515625,81875.625,82738.796875,82447.3828125,82885.609375,82915.421875,82926.2890625,83175.203125,83167.8125,83297.546875,83016.421875,82286.796875,82629.171875
NA_1121,98484.703125,98866.75,98607.84375,98467.578125,98520.1875,98700.0,98676.71875,98789.734375,98780.1171875,98949.796875,98420.8125,98705.78125,98492.75,98870.703125,98255.265625,98839.375,98819.6953125,98681.25,98584.6328125,98692.25,98896.84375,98798.0703125,99050.6796875,98523.8828125,98220.640625,98531.140625,99012.65625,98847.1796875,98645.328125,98679.8359375,98589.8203125,98899.171875,98865.890625,99020.984375,98337.7578125,98370.359375,98216.734375,98470.8046875,98556.0625,98865.546875,98732.46875,98441.3203125,98560.0625,98772.1875,99170.8046875,98526.71875,98714.015625,98434.71875,98119.28125,98829.2109375,99036.640625,98446.375,98754.6640625,98642.453125,98619.578125,98731.5703125,99175.578125,98795.140625,98943.7734375,98660.28125,99188.703125,98895.65625,97902.1640625,98486.921875,98607.9453125,98648.3359375,98711.078125,98778.390625,98913.5,98671.84375,98640.578125,98329.34375,98415.2578125,98238.15625,98299.03125,98475.828125,98366.34375,98498.5,98612.25,98695.8359375,98748.65625,98410.1328125,99021.796875,98902.296875,98490.0703125,97968.1328125,98851.9296875,98261.15625,98960.0390625,98505.0390625,98555.328125,98648.0625,99023.859375,98882.171875,98701.125,98868.25,98752.6015625,98471.765625,98635.078125,98964.53125,98119.40625,98420.8515625,98524.890625,98493.53125,99095.8359375,98936.0859375,98656.515625,98723.40625,98332.671875,98447.5390625,99069.7890625,98479.0625,98775.8125,98346.125,98526.609375,98734.453125,99026.421875,98766.390625,98984.375,98527.875,98163.03125,97659.953125,98366.5078125,98276.390625,98572.734375,98303.6015625,98495.203125,98684.34375,98523.640625,98135.625,98843.03125,97857.6875,98284.96875,98360.8984375,98917.671875,98409.4609375,98734.8125,98424.96875,98360.6875,98301.90625,98880.765625,98580.90625,98864.7421875,98967.265625,98477.625,98508.953125,98865.578125,98140.734375,98804.359375,98491.25,98477.46875,98655.1328125,98802.9453125,98573.609375,99022.359375,98593.6875,98730.53125,98404.0390625,98226.96875,99008.328125,98859.3125,98442.6953125,98812.578125,98704.046875,98679.640625,98850.65625,98888.5625,98812.578125,98413.484375,98546.84375,98536.578125,98730.859375,98690.0625,98702.7890625,98529.9375,98788.34375,99046.109375,98425.3125,98508.5625,98924.5703125,98656.9375,98563.5703125,98666.125,98490.2734375,98982.2578125,98665.546875,98425.15625,98649.921875,98991.40625,98933.6796875,99162.890625,98917.46875,98354.2421875,98476.09375,98644.9140625,98704.953125,98560.34375,98385.078125,98518.59375,98807.671875,99092.53125,98963.15625,98588.6875,98649.953125,98495.265625,98195.0390625,98786.8125,98720.578125,98369.9375,98384.3671875,98609.296875,98767.5,98776.375,98933.84375,98847.171875,98569.359375,98890.515625,99152.0390625,98239.9921875,98509.609375,98766.125,98450.921875,98982.34375,98764.8125,99327.078125,98656.21875,98626.890625,98789.1953125,98517.6328125,98834.671875,98781.828125,98567.34375,98572.625,98399.90625,98521.6875,98583.5859375,98992.5546875,98904.734375,98640.1171875,98638.8515625,98664.625,98421.796875,98912.3828125,98043.609375,98587.421875,98553.2890625,98456.203125,98469.8125,98922.546875,98903.421875,98911.796875,98421.171875
NA_113,98004.703125,97982.75,98027.84375,98462.578125,98229.1875,98141.0,97848.71875,98056.734375,97765.1171875,97754.796875,98147.8125,99101.78125,97620.75,98580.703125,98343.265625,98051.375,97867.6953125,98369.25,97783.6328125,97795.25,97659.84375,97684.0703125,98104.6796875,97769.8828125,97918.640625,98402.140625,99198.65625,98619.1796875,98564.328125,97800.8359375,97854.8203125,97896.171875,97653.890625,98376.984375,98014.7578125,97392.359375,98874.734375,98953.8046875,98378.0625,98341.546875,98041.46875,97973.3203125,97880.0625,97862.1875,98061.8046875,97940.71875,97482.015625,97505.71875,99226.28125,98310.2109375,98294.640625,98616.375,98503.6640625,98618.453125,98008.578125,98448.5703125,97770.578125,97603.140625,97706.7734375,98453.28125,98677.703125,98285.65625,98402.1640625,98508.921875,98514.9453125,98084.3359375,97655.078125,98035.390625,97771.5,97560.84375,97827.578125,97836.34375,97599.2578125,98491.15625,98565.03125,97643.828125,98215.34375,97887.5,97994.25,97834.8359375,98147.65625,98110.1328125,98515.796875,97125.296875,97951.0703125,99056.1328125,98471.9296875,98196.15625,98206.0390625,98173.0390625,97771.328125,98155.0625,98092.859375,97360.171875,98130.125,98191.25,98003.6015625,98390.765625,98571.078125,98305.53125,98384.40625,97839.8515625,97598.890625,97551.53125,98125.8359375,97628.0859375,98033.515625,98730.40625,98533.671875,98605.5390625,98541.7890625,98607.0625,98410.8125,97985.125,98347.609375,97922.453125,97673.421875,98467.390625,96991.375,98948.875,98577.03125,98324.953125,97561.5078125,97958.390625,98501.734375,97783.6015625,97549.203125,97887.34375,98071.640625,97569.625,98010.03125,98725.6875,98766.96875,98175.8984375,98663.671875,97998.4609375,98401.8125,97902.96875,97459.6875,97533.90625,97399.765625,97527.90625,97566.7421875,97503.265625,97629.625,98148.953125,97679.578125,98511.734375,97889.359375,97835.25,97875.46875,97771.1328125,97632.9453125,98480.609375,98628.359375,98407.6875,98577.53125,98002.0390625,98946.96875,98845.328125,98316.3125,98234.6953125,98096.578125,97998.046875,97448.640625,97924.65625,98309.5625,98943.578125,98336.484375,98929.84375,98648.578125,98303.859375,98525.0625,97918.7890625,97889.9375,97934.34375,97978.109375,97704.3125,98800.5625,98175.5703125,98715.9375,99198.5703125,98388.125,97947.2734375,98659.2578125,97957.546875,97709.15625,97735.921875,97445.40625,97930.6796875,97453.890625,97678.46875,98184.2421875,98426.09375,98329.9140625,98701.953125,98373.34375,97817.078125,97888.59375,98262.671875,97790.53125,98554.15625,97519.6875,98340.953125,97923.265625,97947.0390625,98814.8125,98571.578125,98075.9375,97884.3671875,97917.296875,97660.5,97875.375,97730.84375,98174.171875,98564.359375,98667.515625,98221.0390625,98814.9921875,98513.609375,98001.125,97698.921875,98239.34375,97637.8125,98590.078125,98219.21875,98396.890625,97832.1953125,98537.6328125,99238.671875,98555.828125,98140.34375,98545.625,98106.90625,97975.6875,98151.5859375,97945.5546875,97937.734375,98261.1171875,97896.8515625,98311.625,98071.796875,98600.3828125,98355.609375,98779.421875,97903.2890625,97756.203125,97684.8125,98005.546875,98225.421875,97673.796875,97916.171875
NA_114,102089.703125,102134.75,101556.84375,101576.578125,101452.1875,101611.0,101397.71875,101531.734375,101261.1171875,101975.796875,101705.8125,102218.78125,102112.75,102072.703125,101457.265625,101863.375,101536.6953125,101489.25,101476.6328125,101568.25,101425.84375,101886.0703125,101885.6796875,101858.8828125,101920.640625,102126.140625,101816.65625,101712.1796875,101569.328125,101407.8359375,101611.8203125,101492.171875,101107.890625,101426.984375,101858.7578125,101849.359375,102261.734375,101640.8046875,101261.0625,101489.546875,101279.46875,101182.3203125,101604.0625,101477.1875,101424.8046875,101486.71875,101861.015625,102032.71875,102012.28125,101870.2109375,102064.640625,101621.375,101673.6640625,101549.453125,101405.578125,101432.5703125,101258.578125,101401.140625,101784.7734375,102116.28125,102175.703125,101870.65625,101294.1640625,101426.921875,101359.9453125,101193.3359375,101383.078125,101232.390625,101421.5,101476.84375,101788.578125,101845.34375,101834.2578125,101894.15625,101767.03125,101439.828125,101352.34375,101348.5,101585.25,101390.8359375,101322.65625,101465.1328125,101783.796875,102141.296875,102141.0703125,101840.1328125,101953.9296875,101526.15625,101581.0390625,101354.0390625,101436.328125,101349.0625,101468.859375,101422.171875,101968.125,101843.25,102168.6015625,101731.765625,101705.078125,101532.53125,101199.40625,101479.8515625,101465.890625,101099.53125,101305.8359375,101862.0859375,101893.515625,101971.40625,101941.671875,102103.5390625,101782.7890625,101521.0625,101346.8125,101148.125,101415.609375,101491.453125,101308.421875,101407.390625,101746.375,101729.875,101945.03125,101644.953125,101406.5078125,101462.390625,101320.734375,101390.6015625,101481.203125,101184.34375,101317.640625,101607.625,101728.03125,101932.6875,101808.96875,101888.8984375,101697.671875,101355.4609375,101340.8125,101338.96875,101339.6875,101146.90625,101252.765625,101602.90625,101850.7421875,102118.265625,101972.625,101869.953125,101753.578125,101490.734375,101325.359375,101196.25,101528.46875,101227.1328125,101480.9453125,101519.609375,102090.359375,101746.6875,102068.53125,101630.0390625,101825.96875,101536.328125,101571.3125,101336.6953125,101504.578125,101503.046875,101299.640625,101603.65625,102037.5625,102006.578125,102135.484375,101727.84375,101658.578125,101447.859375,101644.0625,101464.7890625,101551.9375,101427.34375,101470.109375,101495.3125,102052.5625,101981.5703125,102224.9375,102020.5703125,101858.125,101373.2734375,101734.2578125,101504.546875,101480.15625,101341.921875,101346.40625,101421.6796875,101799.890625,101673.46875,101842.2421875,101933.09375,101540.9140625,101540.953125,101474.34375,101446.078125,101602.59375,101428.671875,101472.53125,101729.15625,101881.6875,102047.953125,101788.265625,101640.0390625,102019.8125,101453.578125,101294.9375,101263.3671875,101581.296875,101368.5,101343.375,101565.84375,101824.171875,102055.359375,102413.515625,102041.0390625,101687.9921875,101580.609375,101408.125,101413.921875,101469.34375,101594.8125,101387.078125,101559.21875,101760.890625,101723.1953125,102022.6328125,101756.671875,101984.828125,101449.34375,101364.625,101348.90625,101470.6875,101347.5859375,101503.5546875,101379.734375,101881.1171875,101756.8515625,102010.625,101848.796875,101839.3828125,101371.609375,101463.421875,101447.2890625,101424.203125,101298.8125,101312.546875,101503.421875,101984.796875,101931.171875
NA_1180,95867.703125,95692.75,95755.84375,96166.578125,95751.1875,95978.0,95970.71875,95763.734375,95610.1171875,95792.796875,95981.8125,96619.78125,95557.75,96157.703125,95982.265625,95939.375,95631.6953125,96079.25,95738.6328125,95668.25,95875.84375,95425.0703125,95974.6796875,95633.8828125,95553.640625,95880.140625,96360.65625,96101.1796875,96141.328125,95804.8359375,95674.8203125,95812.171875,95412.890625,96148.984375,95603.7578125,95444.359375,96243.734375,96165.8046875,95741.0625,96266.546875,95821.46875,95638.3203125,95818.0625,95942.1875,95806.8046875,95684.71875,95275.015625,95457.71875,96518.28125,95954.2109375,95872.640625,96147.375,95990.6640625,96185.453125,95876.578125,96143.5703125,95691.578125,95525.140625,95542.7734375,96039.28125,96228.703125,96002.65625,95954.1640625,96036.921875,96137.9453125,95812.3359375,95510.078125,95780.390625,95607.5,95895.84375,95623.578125,95790.34375,95265.2578125,96189.15625,96662.03125,95717.828125,96087.34375,95961.5,95644.25,95726.8359375,96083.65625,95786.1328125,95995.796875,95400.296875,95641.0703125,96377.1328125,95967.9296875,96252.15625,96095.0390625,95862.0390625,95773.328125,95705.0625,95702.859375,95574.171875,95798.125,95894.25,95571.6015625,95898.765625,96086.078125,95934.53125,96230.40625,95718.8515625,95701.890625,95377.53125,95911.8359375,95783.0859375,95961.515625,95931.40625,96008.671875,96170.5390625,96095.7890625,96323.0625,95966.8125,95823.125,96086.609375,95897.453125,95780.421875,96096.390625,95055.375,96347.875,96202.03125,96437.953125,95644.5078125,95861.390625,96125.734375,95817.6015625,95496.203125,95588.34375,95851.640625,95666.625,95810.03125,96171.6875,96271.96875,95544.8984375,96479.671875,95545.4609375,96368.8125,95648.96875,95430.6875,95425.90625,95679.765625,95590.90625,95251.7421875,95300.265625,95339.625,96025.953125,95294.578125,96219.734375,95951.359375,95604.25,95748.46875,95729.1328125,95692.9453125,95931.609375,96193.359375,95926.6875,95951.53125,95869.0390625,96581.96875,96247.328125,96264.3125,96018.6953125,95855.578125,95944.046875,95431.640625,95826.65625,96047.5625,96208.578125,95704.484375,96109.84375,96060.578125,96177.859375,96127.0625,95852.7890625,95847.9375,95929.34375,95880.109375,95538.3125,96076.5625,95885.5703125,96028.9375,96547.5703125,95900.125,95894.2734375,96458.2578125,95752.546875,95475.15625,95744.921875,95561.40625,95739.6796875,95498.890625,95494.46875,95743.2421875,95947.09375,95875.9140625,96419.953125,96052.34375,95746.078125,95761.59375,95873.671875,95731.53125,96117.15625,95584.6875,95758.953125,95512.265625,95367.0390625,96390.8125,96267.578125,96037.9375,95651.3671875,95796.296875,95941.5,95851.375,95315.84375,95666.171875,96046.359375,96243.515625,95550.0390625,96427.9921875,96078.609375,95800.125,95595.921875,95971.34375,95603.8125,96178.078125,96016.21875,96208.890625,95744.1953125,96033.6328125,96581.671875,96184.828125,95781.34375,96210.625,95775.90625,95651.6875,95713.5859375,95859.5546875,95700.734375,95909.1171875,95583.8515625,95912.625,95658.796875,96076.3828125,95862.609375,96400.421875,95866.2890625,95570.203125,95550.8125,95759.546875,95687.421875,95540.796875,95681.171875
NA_1195,100684.703125,99497.75,99534.84375,100860.578125,101432.1875,101024.0,100959.71875,101426.734375,100886.1171875,100186.796875,99661.8125,99618.78125,98799.75,100321.703125,100511.265625,100330.375,101092.6953125,101561.25,101065.6328125,100819.25,100236.84375,100295.0703125,100190.6796875,100137.8828125,99920.640625,99774.140625,101686.65625,101980.1796875,101241.328125,100902.8359375,101280.8203125,101174.171875,100451.890625,100152.984375,99285.7578125,99425.359375,99879.734375,100140.8046875,101386.0625,100710.546875,100989.46875,100839.3203125,101226.0625,100903.1875,101012.8046875,100441.71875,100643.015625,99565.71875,101351.28125,99679.2109375,100859.640625,100605.375,101110.6640625,101282.453125,101074.578125,101224.5703125,100742.578125,99710.140625,99424.7734375,100298.28125,101009.703125,100350.65625,100241.1640625,101188.921875,100742.9453125,101082.3359375,100919.078125,101044.390625,100047.5,99839.84375,100926.578125,99371.34375,100483.2578125,100554.15625,101023.03125,100423.828125,101166.34375,101193.5,101089.25,100892.8359375,100472.65625,100125.1328125,101603.796875,99194.296875,100129.0703125,100976.1328125,101736.9296875,100024.15625,101048.0390625,101130.0390625,101065.328125,101123.0625,100081.859375,99756.171875,99566.125,100257.25,100532.6015625,100430.765625,100444.078125,101430.53125,100896.40625,101072.8515625,100755.890625,100777.53125,100506.8359375,100570.0859375,100449.515625,101287.40625,100779.671875,101066.5390625,100948.7890625,101284.0625,101687.8125,100899.125,101134.609375,101004.453125,100299.421875,100594.390625,99505.375,100500.875,100429.03125,100196.953125,99919.5078125,100179.390625,101196.734375,100858.6015625,100985.203125,100964.34375,100839.640625,99488.625,100885.03125,101408.6875,100482.96875,101886.8984375,100732.671875,100599.4609375,100961.8125,100784.96875,100800.6875,100489.90625,99702.765625,99895.90625,100462.7421875,99714.265625,101253.625,99629.953125,100314.578125,100929.734375,100726.359375,101040.25,100931.46875,100878.1328125,99986.9453125,101610.609375,101333.359375,100283.6875,100216.53125,99866.0390625,101330.96875,102234.328125,101494.3125,101360.6953125,101591.578125,100570.046875,100235.640625,99834.65625,101331.5625,101322.578125,99368.484375,101175.84375,100848.578125,100350.859375,101834.0625,100995.7890625,101291.9375,100600.34375,100655.109375,100549.3125,100077.5625,99517.5703125,100980.9375,101135.5703125,100835.125,100044.2734375,101115.2578125,101137.546875,100909.15625,101403.921875,100663.40625,100072.6796875,99774.890625,98973.46875,98922.2421875,99303.09375,100266.9140625,100056.953125,101085.34375,101029.078125,101323.59375,100981.671875,100616.53125,100287.15625,99836.6875,100853.953125,100918.265625,101245.0390625,102073.8125,100600.578125,100693.9375,100805.3671875,101265.296875,100512.5,100456.375,100244.84375,101269.171875,100127.359375,100651.515625,101591.0390625,101310.9921875,100254.609375,100396.125,100753.921875,101376.34375,100770.8125,101639.078125,99776.21875,100096.890625,99690.1953125,100209.6328125,101146.671875,100367.828125,100645.34375,100636.625,101467.90625,101232.6875,101727.5859375,100223.5546875,100489.734375,100117.1171875,99561.8515625,101063.625,100334.796875,101887.3828125,101110.609375,100899.421875,100753.2890625,101233.203125,100602.8125,100781.546875,100886.421875,99910.796875,99400.171875
NA_1241,96930.703125,96726.75,96716.84375,96909.578125,96260.1875,96417.0,96801.71875,96743.734375,96551.1171875,97076.796875,96465.8125,97377.78125,96645.75,97023.703125,96822.265625,96640.375,96441.6953125,96587.25,96745.6328125,96679.25,97002.84375,96338.0703125,96745.6796875,96318.8828125,96370.640625,96702.140625,96963.65625,96734.1796875,96719.328125,96543.8359375,96739.8203125,96738.171875,96456.890625,96949.984375,96457.7578125,96311.359375,96932.734375,96706.8046875,96444.0625,96927.546875,96836.46875,96516.3203125,96553.0625,96911.1875,96462.8046875,96406.71875,96513.015625,96600.71875,97052.28125,96969.2109375,96731.640625,96756.375,96607.6640625,96578.453125,96673.578125,96692.5703125,96676.578125,96433.140625,96825.7734375,96672.28125,97300.703125,96933.65625,96525.1640625,96762.921875,96617.9453125,96380.3359375,96668.078125,96672.390625,96657.5,96963.84375,96302.578125,96492.34375,96308.2578125,96868.15625,97195.03125,96652.828125,96450.34375,96806.5,96518.25,96829.8359375,96640.65625,96334.1328125,96747.796875,96706.296875,96563.0703125,96825.1328125,96938.9296875,96867.15625,96848.0390625,96432.0390625,96626.328125,96653.0625,96500.859375,96546.171875,96608.125,96716.25,96459.6015625,96630.765625,96838.078125,96758.53125,96514.40625,96304.8515625,96396.890625,96678.53125,96889.8359375,96997.0859375,96681.515625,96619.40625,96641.671875,96871.5390625,96891.7890625,96844.0625,96533.8125,96440.125,96575.609375,96574.453125,97033.421875,96640.390625,96680.375,96879.875,96988.03125,97313.953125,96733.5078125,96510.390625,96641.734375,96525.6015625,96431.203125,96304.34375,96598.640625,96468.625,96583.03125,97013.6875,96821.96875,96514.8984375,97216.671875,96331.4609375,96657.8125,96579.96875,96481.6875,96386.90625,96865.765625,96573.90625,96297.7421875,96636.265625,96287.625,96815.953125,96384.578125,96901.734375,96489.359375,96282.25,96665.46875,96617.1328125,96689.9453125,96420.609375,96952.359375,96632.6875,96600.53125,96807.0390625,97145.96875,96774.328125,96976.3125,96671.6953125,96739.578125,96757.046875,96600.640625,96558.65625,96769.5625,96905.578125,96247.484375,96532.84375,96784.578125,96761.859375,96681.0625,96427.7890625,96561.9375,96857.34375,96817.109375,96299.3125,96460.5625,97029.5703125,96859.9375,97154.5703125,96813.125,96657.2734375,96944.2578125,96616.546875,96349.15625,96491.921875,96679.40625,96835.6796875,96425.890625,96440.46875,96511.2421875,96650.09375,96615.9140625,96988.953125,96702.34375,96614.078125,96562.59375,96674.671875,96784.53125,96775.15625,96709.6875,96469.953125,96409.265625,96261.0390625,97133.8125,96799.578125,96468.9375,96231.3671875,96773.296875,96896.5,96731.375,96331.84375,96575.171875,96717.359375,96976.515625,96855.0390625,97222.9921875,97069.609375,96615.125,96574.921875,96849.34375,96603.8125,96908.078125,96734.21875,96825.890625,96784.1953125,96952.6328125,97116.671875,96880.828125,96673.34375,96708.625,96560.90625,96598.6875,96541.5859375,96634.5546875,96311.734375,96738.1171875,96558.8515625,96825.625,96614.796875,96785.3828125,96452.609375,96933.421875,96470.2890625,96535.203125,96541.8125,96576.546875,96635.421875,96417.796875,96601.171875
NA_1262,100736.703125,100570.75,101100.84375,101441.578125,101365.1875,101063.0,101106.71875,100631.734375,100274.1171875,100906.796875,101229.8125,101576.78125,100850.75,101215.703125,101813.265625,101265.375,101277.6953125,100928.25,100911.6328125,100480.25,100832.84375,100467.0703125,101215.6796875,101067.8828125,100503.640625,101513.140625,101413.65625,101467.1796875,101218.328125,100891.8359375,100630.8203125,100689.171875,100207.890625,100949.984375,100559.7578125,100647.359375,100836.734375,101121.8046875,101142.0625,101942.546875,100968.46875,100759.3203125,100802.0625,100836.1875,100730.8046875,100721.71875,100116.015625,100937.71875,101947.28125,101759.2109375,101424.640625,101353.375,101231.6640625,101227.453125,100713.578125,100826.5703125,100664.578125,100452.140625,100760.7734375,101074.28125,101159.703125,101465.65625,101360.1640625,101639.921875,101546.9453125,101003.3359375,100311.078125,100626.390625,100851.5,101008.84375,100679.578125,101426.34375,100702.2578125,101296.15625,102471.03125,101124.828125,101687.34375,100921.5,100367.25,100722.8359375,100827.65625,100863.1328125,101320.796875,100555.296875,100979.0703125,101461.1328125,101565.9296875,101701.15625,101652.0390625,100794.0390625,100486.328125,100287.0625,101011.859375,100945.171875,101160.125,101131.25,100822.6015625,101211.765625,101458.078125,101480.53125,101303.40625,100956.8515625,100746.890625,100403.53125,100644.8359375,100988.0859375,101506.515625,100765.40625,100883.671875,101720.5390625,101730.7890625,101706.0625,101100.8125,101197.125,101235.609375,100854.453125,100897.421875,101416.390625,100731.375,101233.875,101528.03125,102005.953125,100851.5078125,101583.390625,101718.734375,101047.6015625,100573.203125,100408.34375,100924.640625,100411.625,100495.03125,101629.6875,101364.96875,100231.8984375,101872.671875,100663.4609375,102020.8125,100907.96875,100451.6875,100408.90625,100488.765625,100930.90625,100200.7421875,100148.265625,100904.625,101046.953125,101301.578125,101789.734375,101318.359375,100712.25,100596.46875,100741.1328125,100657.9453125,101416.609375,101167.359375,101254.6875,100963.53125,101518.0390625,102272.96875,101458.328125,101673.3125,101333.6953125,100492.578125,100837.046875,100507.640625,100786.65625,101418.5625,100985.578125,100642.484375,100958.84375,101187.578125,101428.859375,101628.0625,100913.7890625,100685.9375,100811.34375,100736.109375,100945.3125,100749.5625,100966.5703125,100819.9375,101332.5703125,100811.125,101315.2734375,101288.2578125,100654.546875,100480.15625,100906.921875,100683.40625,100966.6796875,100877.890625,101259.46875,100954.2421875,101041.09375,101331.9140625,101829.953125,101456.34375,101110.078125,100779.59375,100728.671875,100755.53125,101407.15625,100771.6875,100842.953125,100800.265625,100819.0390625,101774.8125,101520.578125,101586.9375,100975.3671875,100305.296875,100839.5,100891.375,100566.84375,100315.171875,101052.359375,101410.515625,100316.0390625,101839.9921875,101297.609375,100863.125,101240.921875,100726.34375,100041.8125,100751.078125,100954.21875,101582.890625,100906.1953125,101211.6328125,101565.671875,101010.828125,101401.34375,101439.625,101321.90625,100377.6875,100679.5859375,100352.5546875,100626.734375,101067.1171875,100761.8515625,101132.625,100620.796875,101412.3828125,101382.609375,101583.421875,101358.2890625,100663.203125,100633.8125,100421.546875,100251.421875,100674.796875,100488.171875
NA_1276,99896.703125,99867.75,100357.84375,100646.578125,100632.1875,100440.0,100347.71875,99974.734375,99623.1171875,100189.796875,100486.8125,100908.78125,100063.75,100484.703125,100990.265625,100444.375,100518.6953125,100295.25,100129.6328125,99814.25,100041.84375,99839.0703125,100435.6796875,100245.8828125,99811.640625,100703.140625,100663.65625,100746.1796875,100509.328125,100104.8359375,99921.8203125,99949.171875,99521.890625,100300.984375,99873.7578125,99853.359375,100277.734375,100422.8046875,100446.0625,101185.546875,100252.46875,100135.3203125,100068.0625,100082.1875,100133.8046875,100091.71875,99442.015625,100184.71875,101162.28125,100958.2109375,100577.640625,100639.375,100597.6640625,100489.453125,99997.578125,100147.5703125,99865.578125,99782.140625,99976.7734375,100410.28125,100399.703125,100706.65625,100719.1640625,101027.921875,100876.9453125,100258.3359375,99615.078125,99916.390625,100134.5,100190.84375,100045.578125,100648.34375,99897.2578125,100593.15625,101665.03125,100364.828125,100998.34375,100220.5,99678.25,100029.8359375,100189.65625,100232.1328125,100644.796875,99762.296875,100244.0703125,100875.1328125,100753.9296875,100969.15625,100850.0390625,100176.0390625,99839.328125,99585.0625,100313.859375,100115.171875,100452.125,100348.25,100146.6015625,100484.765625,100723.078125,100724.53125,100665.40625,100187.8515625,99949.890625,99664.53125,99880.8359375,100206.0859375,100802.515625,100083.40625,100200.671875,100942.5390625,100930.7890625,100929.0625,100393.8125,100446.125,100541.609375,100122.453125,100106.421875,100750.390625,99984.375,100596.875,100764.03125,101110.953125,100040.5078125,100863.390625,101019.734375,100271.6015625,99840.203125,99852.34375,100265.640625,99753.625,99718.03125,100924.6875,100647.96875,99496.8984375,100974.671875,99832.4609375,101232.8125,100172.96875,99762.6875,99759.90625,99710.765625,100240.90625,99473.7421875,99361.265625,100081.625,100301.953125,100497.578125,101028.734375,100616.359375,100102.25,99953.46875,99988.1328125,99941.9453125,100731.609375,100425.359375,100566.6875,100210.53125,100739.0390625,101463.96875,100760.328125,100926.3125,100526.6953125,99829.578125,100153.046875,99822.640625,100123.65625,100638.5625,100246.578125,100069.484375,100295.84375,100451.578125,100632.859375,100895.0625,100238.7890625,100003.9375,100079.34375,100044.109375,100323.3125,100095.5625,100233.5703125,100116.9375,100652.5703125,100131.125,100594.2734375,100604.2578125,99972.546875,99776.15625,100179.921875,99904.40625,100258.6796875,100016.890625,100452.46875,100283.2421875,100351.09375,100557.9140625,101154.953125,100754.34375,100298.078125,100047.59375,100138.671875,99991.53125,100665.15625,99961.6875,100092.953125,100063.265625,100078.0390625,100999.8125,100753.578125,100860.9375,100239.3671875,99634.296875,100070.5,100223.375,99940.84375,99672.171875,100397.359375,100655.515625,99494.0390625,101072.9921875,100553.609375,100132.125,100476.921875,99997.34375,99352.8125,99929.078125,100266.21875,100901.890625,100137.1953125,100493.6328125,100883.671875,100346.828125,100593.34375,100831.625,100531.90625,99630.6875,100039.5859375,99739.5546875,99860.734375,100366.1171875,99950.8515625,100343.625,99932.796875,100580.3828125,100707.609375,100905.421875,100582.2890625,99936.203125,99876.8125,99808.546875,99632.421875,99883.796875,99851.171875
NA_1278,97071.703125,96861.75,96846.84375,97143.578125,96598.1875,96815.0,96816.71875,96739.734375,96616.1171875,96922.796875,97042.8125,97792.78125,96719.75,97320.703125,96998.265625,96857.375,96535.6953125,96879.25,96648.6328125,96684.25,96851.84375,96501.0703125,96949.6796875,96698.8828125,96712.640625,96987.140625,97479.65625,97047.1796875,97038.328125,96631.8359375,96649.8203125,96818.171875,96496.890625,97233.984375,96750.7578125,96503.359375,97502.734375,97266.8046875,96747.0625,97076.546875,96775.46875,96537.3203125,96769.0625,96943.1875,96713.8046875,96659.71875,96515.015625,96587.71875,97551.28125,96959.2109375,96900.640625,97108.375,96865.6640625,97069.453125,96782.578125,97068.5703125,96689.578125,96577.140625,96706.7734375,97081.28125,97402.703125,97082.65625,96896.1640625,96909.921875,96990.9453125,96626.3359375,96472.078125,96732.390625,96615.5,96928.84375,96676.578125,96830.34375,96298.2578125,97234.15625,97518.03125,96681.828125,96836.34375,96895.5,96591.25,96678.8359375,97007.65625,96898.1328125,96892.796875,96634.296875,96792.0703125,97402.1328125,96959.9296875,97183.15625,96986.0390625,96712.0390625,96710.328125,96670.0625,96625.859375,96655.171875,96827.125,96925.25,96660.6015625,96994.765625,97050.078125,96877.53125,97072.40625,96644.8515625,96546.890625,96360.53125,96966.8359375,96864.0859375,96948.515625,97103.40625,97134.671875,97249.5390625,97035.7890625,97239.0625,96813.8125,96657.125,96965.609375,96855.453125,96762.421875,96988.390625,96178.375,97498.875,97216.03125,97479.953125,96702.5078125,96564.390625,96835.734375,96674.6015625,96449.203125,96466.34375,96810.640625,96728.625,96973.03125,97193.6875,97287.96875,96772.8984375,97459.671875,96471.4609375,97129.8125,96443.96875,96371.6875,96454.90625,96808.765625,96564.90625,96323.7421875,96543.265625,96476.625,97108.953125,96197.578125,97053.734375,96831.359375,96369.25,96711.46875,96710.1328125,96736.9453125,96847.609375,97249.359375,96942.6875,97083.53125,96944.0390625,97546.96875,97155.328125,97164.3125,96814.6953125,96880.578125,96915.046875,96425.640625,96885.65625,97077.5625,97421.578125,96841.484375,97217.84375,97157.578125,97020.859375,97003.0625,96629.7890625,96821.9375,96888.34375,96874.109375,96526.3125,97167.5625,97029.5703125,97248.9375,97721.5703125,96977.125,96832.2734375,97379.2578125,96705.546875,96392.15625,96659.921875,96550.40625,96780.6796875,96587.890625,96528.46875,96843.2421875,96981.09375,96741.9140625,97325.953125,96888.34375,96662.078125,96608.59375,96829.671875,96781.53125,96934.15625,96700.6875,96919.953125,96685.265625,96514.0390625,97326.8125,97096.578125,96848.9375,96486.3671875,96806.296875,96982.5,96812.375,96346.84375,96750.171875,97254.359375,97295.515625,96908.0390625,97413.9921875,97149.609375,96808.125,96484.921875,96943.34375,96617.8125,97221.078125,97081.21875,97174.890625,96826.1953125,97156.6328125,97729.671875,97345.828125,96802.34375,97052.625,96625.90625,96655.6875,96702.5859375,96857.5546875,96778.734375,97051.1171875,96750.8515625,96929.625,96773.796875,97008.3828125,96810.609375,97127.421875,96543.2890625,96423.203125,96507.8125,96776.546875,96778.421875,96548.796875,96784.171875
NA_1293,100210.703125,100073.75,99705.84375,99688.578125,99329.1875,99693.0,99576.71875,99629.734375,99596.1171875,100171.796875,99957.8125,100581.78125,100327.75,100208.703125,99821.265625,99744.375,99537.6953125,99600.25,99558.6328125,99675.25,99755.84375,99971.0703125,100068.6796875,100012.8828125,100009.640625,100345.140625,99922.65625,99755.1796875,99644.328125,99591.8359375,99735.8203125,99690.171875,99572.890625,99860.984375,100059.7578125,99919.359375,100451.734375,99871.8046875,99448.0625,99454.546875,99359.46875,99400.3203125,99625.0625,99659.1875,99767.8046875,99722.71875,99955.015625,100051.71875,100127.28125,100212.2109375,100125.640625,99685.375,99539.6640625,99642.453125,99554.578125,99703.5703125,99765.578125,99513.140625,99981.7734375,100212.28125,100335.703125,100100.65625,99458.1640625,99492.921875,99579.9453125,99353.3359375,99614.078125,99518.390625,99705.5,99899.84375,99821.578125,100018.34375,99774.2578125,100104.15625,99783.03125,99347.828125,99400.34375,99649.5,99625.25,99510.8359375,99595.65625,99650.1328125,99903.796875,100266.296875,100402.0703125,99894.1328125,99905.9296875,99688.15625,99730.0390625,99469.0390625,99599.328125,99522.0625,99764.859375,99690.171875,100151.125,99944.25,100228.6015625,99712.765625,99698.078125,99558.53125,99180.40625,99432.8515625,99512.890625,99429.53125,99752.8359375,100121.0859375,100019.515625,100062.40625,100086.671875,100067.5390625,99790.7890625,99488.0625,99570.8125,99231.125,99503.609375,99669.453125,99693.421875,99561.390625,99954.375,99940.875,100190.03125,99976.953125,99517.5078125,99413.390625,99380.734375,99402.6015625,99564.203125,99371.34375,99569.640625,99836.625,99829.03125,100028.6875,100058.96875,99923.8984375,99783.671875,99068.4609375,99281.8125,99247.96875,99358.6875,99257.90625,99648.765625,99824.90625,99861.7421875,100324.265625,100001.625,100062.953125,99655.578125,99536.734375,99434.359375,99380.25,99534.46875,99434.1328125,99664.9453125,99710.609375,100249.359375,99761.6875,100244.53125,99820.0390625,99919.96875,99610.328125,99582.3125,99462.6953125,99685.578125,99711.046875,99567.640625,99798.65625,100405.5625,100248.578125,100197.484375,100006.84375,99852.578125,99464.859375,99575.0625,99401.7890625,99784.9375,99590.34375,99816.109375,99597.3125,100157.5625,100237.5703125,100546.9375,100327.5703125,100130.125,99487.2734375,99755.2578125,99537.546875,99475.15625,99580.921875,99652.40625,99853.6796875,99975.890625,99642.46875,100023.2421875,99973.09375,99555.9140625,99604.953125,99638.34375,99605.078125,99551.59375,99612.671875,99787.53125,99879.15625,100038.6875,100268.953125,99823.265625,99641.0390625,99977.8125,99373.578125,99323.9375,99418.3671875,99668.296875,99616.5,99676.375,99818.84375,99938.171875,100299.359375,100615.515625,100171.0390625,99757.9921875,99758.609375,99463.125,99379.921875,99687.34375,99644.8125,99681.078125,99865.21875,99955.890625,99935.1953125,100175.6328125,99914.671875,100177.828125,99434.34375,99330.625,99464.90625,99635.6875,99476.5859375,99669.5546875,99715.734375,100064.1171875,99984.8515625,99986.625,99883.796875,99743.3828125,99445.609375,99485.421875,99447.2890625,99389.203125,99428.8125,99656.546875,99765.421875,100092.796875,99903.171875
NA_1302,100086.703125,100651.75,100362.84375,100353.578125,100328.1875,100494.0,100421.71875,100553.734375,100545.1171875,100546.796875,99957.8125,100324.78125,100161.75,100533.703125,99964.265625,100456.375,100543.6953125,100480.25,100354.6328125,100479.25,100694.84375,100600.0703125,100821.6796875,100179.8828125,99885.640625,100357.140625,100931.65625,100638.1796875,100439.328125,100440.8359375,100311.8203125,100655.171875,100617.890625,100738.984375,100065.7578125,99942.359375,99799.734375,100117.8046875,100402.0625,100680.546875,100550.46875,100205.3203125,100425.0625,100550.1875,101034.8046875,100402.71875,100490.015625,100133.71875,99501.28125,100321.2109375,100859.640625,100218.375,100641.6640625,100403.453125,100517.578125,100555.5703125,100865.578125,100510.140625,100611.7734375,100478.28125,100845.703125,100634.65625,99532.1640625,100456.921875,100413.9453125,100461.3359375,100462.078125,100595.390625,100642.5,100385.84375,100594.578125,100011.34375,100186.2578125,99983.15625,99845.03125,100172.828125,100338.34375,100395.5,100419.25,100366.8359375,100531.65625,100161.1328125,100943.796875,100590.296875,100127.0703125,99512.1328125,100568.9296875,100045.15625,100669.0390625,100211.0390625,100400.328125,100397.0625,100727.859375,100664.171875,100488.125,100593.25,100500.6015625,100294.765625,100362.078125,100763.53125,99802.40625,100282.8515625,100428.890625,100192.53125,100869.8359375,100684.0859375,100521.515625,100530.40625,99983.671875,100071.5390625,100771.7890625,100355.0625,100648.8125,100211.125,100428.609375,100474.453125,100768.421875,100470.390625,100678.375,100053.875,99701.03125,99210.953125,100112.5078125,99936.390625,100176.734375,100041.6015625,100240.203125,100462.34375,100283.640625,99824.625,100525.03125,99363.6875,99816.96875,99998.8984375,100698.671875,100289.4609375,100656.8125,100184.96875,100071.6875,100185.90625,100694.765625,100290.90625,100723.7421875,100783.265625,100275.625,100174.953125,100605.578125,99943.734375,100764.359375,100285.25,100184.46875,100465.1328125,100664.9453125,100456.609375,100688.359375,100355.6875,100405.53125,100031.0390625,99839.96875,100874.328125,100811.3125,100245.6953125,100558.578125,100428.046875,100389.640625,100614.65625,100579.5625,100551.578125,100261.484375,100263.84375,100255.578125,100516.859375,100527.0625,100419.7890625,100401.9375,100526.34375,100798.109375,100247.3125,100204.5625,100731.5703125,100349.9375,100158.5703125,100239.125,100257.2734375,100821.2578125,100496.546875,100201.15625,100481.921875,100737.40625,100655.6796875,100903.890625,100728.46875,100022.2421875,100334.09375,100413.9140625,100456.953125,100333.34375,100158.078125,100268.59375,100562.671875,100856.53125,100687.15625,100273.6875,100348.953125,100331.265625,99879.0390625,100398.8125,100661.578125,100219.9375,100204.3671875,100400.296875,100559.5,100533.375,100877.84375,100609.171875,100230.359375,100549.515625,101011.0390625,99758.9921875,100419.609375,100568.125,100202.921875,100870.34375,100547.8125,101136.078125,100368.21875,100292.890625,100470.1953125,100250.6328125,100499.671875,100615.828125,100379.34375,100341.625,100194.90625,100227.6875,100372.5859375,100677.5546875,100773.734375,100263.1171875,100350.8515625,100455.625,100348.796875,100760.3828125,99867.609375,100404.421875,100481.2890625,100366.203125,100286.8125,100840.546875,100815.421875,100843.796875,100353.171875
NA_1322,98497.703125,98255.75,98355.84375,98877.578125,98473.1875,98544.0,98530.71875,98253.734375,98036.1171875,98347.796875,98670.8125,99221.78125,98307.75,98872.703125,98830.265625,98695.375,98309.6953125,98581.25,98259.6328125,98090.25,98521.84375,97933.0703125,98784.6796875,98347.8828125,98114.640625,98716.140625,98915.65625,98793.1796875,98792.328125,98437.8359375,98130.8203125,98166.171875,97856.890625,98576.984375,98108.7578125,98162.359375,98587.734375,98770.8046875,98440.0625,99188.546875,98533.46875,98182.3203125,98312.0625,98436.1875,98365.8046875,98308.71875,97758.015625,98233.71875,99304.28125,98877.2109375,98723.640625,98817.375,98725.6640625,98602.453125,98329.578125,98521.5703125,98228.578125,98124.140625,98172.7734375,98761.28125,98908.703125,98857.65625,98685.1640625,98639.921875,98780.9453125,98451.3359375,97944.078125,98238.390625,98169.5,98609.84375,98247.578125,98656.34375,98046.2578125,98822.15625,99610.03125,98485.828125,98809.34375,98500.5,98053.25,98232.8359375,98569.65625,98115.1328125,98677.796875,98089.296875,98315.0703125,98988.1328125,98858.9296875,99046.15625,98844.0390625,98386.0390625,98208.328125,98019.0625,98368.859375,98315.171875,98521.125,98701.25,98190.6015625,98610.765625,98889.078125,98703.53125,98793.40625,98303.8515625,98212.890625,97842.53125,98435.8359375,98439.0859375,98733.515625,98468.40625,98514.671875,98968.5390625,98979.7890625,99079.0625,98668.8125,98517.125,98555.609375,98458.453125,98435.421875,98702.390625,97873.375,98875.875,98931.03125,99344.953125,98341.5078125,98675.390625,98924.734375,98491.6015625,97919.203125,97990.34375,98332.640625,98105.625,98364.03125,98895.6875,98976.96875,98047.8984375,99355.671875,98275.4609375,99169.8125,98259.96875,97949.6875,97830.90625,98186.765625,98198.90625,97907.7421875,97914.265625,98195.625,98654.953125,98217.578125,99012.734375,98652.359375,98161.25,98203.46875,98223.1328125,98090.9453125,98623.609375,98836.359375,98602.6875,98571.53125,98785.0390625,99444.96875,98963.328125,98960.3125,98697.6953125,98216.578125,98373.046875,97962.640625,98283.65625,98803.5625,98738.578125,98215.484375,98589.84375,98698.578125,98987.859375,98838.0625,98404.7890625,98269.9375,98451.34375,98369.109375,98079.3125,98412.5625,98539.5703125,98534.9375,99028.5703125,98496.125,98668.2734375,99077.2578125,98172.546875,97920.15625,98293.921875,98126.40625,98395.6796875,98238.890625,98317.46875,98353.2421875,98593.09375,98718.9140625,99282.953125,98743.34375,98377.078125,98273.59375,98275.671875,98259.53125,98795.15625,98226.6875,98407.953125,98112.265625,98006.0390625,99121.8125,99050.578125,98765.9375,98273.3671875,98163.296875,98418.5,98329.375,97881.84375,98162.171875,98545.359375,98990.515625,98029.0390625,99181.9921875,98737.609375,98439.125,98368.921875,98387.34375,97977.8125,98586.078125,98521.21875,98952.890625,98443.1953125,98711.6328125,99164.671875,98623.828125,98541.34375,98852.625,98410.90625,98024.6875,97996.5859375,98247.5546875,98135.734375,98532.1171875,98266.8515625,98632.625,98240.796875,98851.3828125,98512.609375,99114.421875,98617.2890625,98015.203125,98117.8125,98079.546875,98037.421875,98240.796875,98254.171875
NA_1323,97249.703125,97027.75,97023.84375,97241.578125,96568.1875,96729.0,97103.71875,97035.734375,96831.1171875,97376.796875,96791.8125,97722.78125,96952.75,97323.703125,97132.265625,96977.375,96754.6953125,96887.25,97044.6328125,96949.25,97305.84375,96624.0703125,97076.6796875,96615.8828125,96680.640625,97019.140625,97268.65625,97051.1796875,97027.328125,96861.8359375,97015.8203125,97017.171875,96726.890625,97242.984375,96756.7578125,96598.359375,97201.734375,97019.8046875,96772.0625,97291.546875,97163.46875,96813.3203125,96830.0625,97201.1875,96753.8046875,96713.71875,96804.015625,96918.71875,97382.28125,97280.2109375,97052.640625,97070.375,96950.6640625,96859.453125,96958.578125,96976.5703125,96973.578125,96733.140625,97095.7734375,97015.28125,97623.703125,97261.65625,96852.1640625,97105.921875,96951.9453125,96695.3359375,96948.078125,96950.390625,96941.5,97286.84375,96631.578125,96820.34375,96638.2578125,97179.15625,97540.03125,96992.828125,96772.34375,97098.5,96794.25,97123.8359375,96952.65625,96599.1328125,97065.796875,97014.296875,96861.0703125,97154.1328125,97271.9296875,97201.15625,97185.0390625,96727.0390625,96900.328125,96935.0625,96788.859375,96858.171875,96913.125,97059.25,96758.6015625,96944.765625,97159.078125,97099.53125,96832.40625,96610.8515625,96672.890625,96964.53125,97182.8359375,97291.0859375,97006.515625,96947.40625,96956.671875,97214.5390625,97240.7890625,97179.0625,96838.8125,96730.125,96843.609375,96860.453125,97327.421875,96960.390625,96973.375,97218.875,97313.03125,97659.953125,97052.5078125,96848.390625,96970.734375,96843.6015625,96704.203125,96567.34375,96889.640625,96754.625,96902.03125,97333.6875,97162.96875,96807.8984375,97578.671875,96670.4609375,97007.8125,96909.96875,96751.6875,96653.90625,97157.765625,96869.90625,96592.7421875,96941.265625,96590.625,97114.953125,96727.578125,97242.734375,96814.359375,96563.25,96951.46875,96891.1328125,96958.9453125,96741.609375,97283.359375,96953.6875,96919.53125,97160.0390625,97487.96875,97108.328125,97326.3125,96988.6953125,97028.578125,97022.046875,96900.640625,96853.65625,97073.5625,97237.578125,96525.484375,96831.84375,97109.578125,97112.859375,97001.0625,96760.7890625,96832.9375,97163.34375,97115.109375,96582.3125,96754.5625,97343.5703125,97153.9375,97467.5703125,97102.125,96975.2734375,97266.2578125,96903.546875,96608.15625,96768.921875,96964.40625,97139.6796875,96736.890625,96778.46875,96814.2421875,96973.09375,96960.9140625,97353.953125,97009.34375,96911.078125,96848.59375,96952.671875,97073.53125,97092.15625,97020.6875,96784.953125,96703.265625,96550.0390625,97455.8125,97144.578125,96793.9375,96520.3671875,97054.296875,97189.5,97032.375,96617.84375,96873.171875,97012.359375,97289.515625,97137.0390625,97568.9921875,97380.609375,96920.125,96890.921875,97102.34375,96884.8125,97212.078125,97030.21875,97148.890625,97107.1953125,97266.6328125,97452.671875,97156.828125,97003.34375,97032.625,96860.90625,96855.6875,96798.5859375,96952.5546875,96615.734375,97047.1171875,96887.8515625,97149.625,96895.796875,97108.3828125,96753.609375,97236.421875,96768.2890625,96798.203125,96827.8125,96835.546875,96917.421875,96713.796875,96905.171875
NA_1367,100739.703125,99512.75,99560.84375,100895.578125,101484.1875,101069.0,101015.71875,101482.734375,100942.1171875,100221.796875,99677.8125,99614.78125,98819.75,100350.703125,100542.265625,100380.375,101148.6953125,101617.25,101118.6328125,100873.25,100284.84375,100333.0703125,100213.6796875,100169.8828125,99949.640625,99800.140625,101713.65625,102030.1796875,101287.328125,100950.8359375,101333.8203125,101223.171875,100502.890625,100171.984375,99301.7578125,99451.359375,99888.734375,100161.8046875,101429.0625,100754.546875,101036.46875,100886.3203125,101278.0625,100952.1875,101049.8046875,100481.71875,100701.015625,99598.71875,101363.28125,99697.2109375,100900.640625,100639.375,101157.6640625,101326.453125,101121.578125,101270.5703125,100789.578125,99760.140625,99454.7734375,100329.28125,101021.703125,100379.65625,100271.1640625,101232.921875,100785.9453125,101132.3359375,100977.078125,101102.390625,100098.5,99885.84375,100971.578125,99392.34375,100525.2578125,100601.15625,101059.03125,100469.828125,101210.34375,101241.5,101144.25,100946.8359375,100514.65625,100173.1328125,101640.796875,99231.296875,100164.0703125,100995.1328125,101779.9296875,100057.15625,101096.0390625,101187.0390625,101122.328125,101166.0625,100127.859375,99797.171875,99596.125,100289.25,100579.6015625,100452.765625,100489.078125,101490.53125,100934.40625,101125.8515625,100808.890625,100821.53125,100545.8359375,100608.0859375,100489.515625,101319.40625,100805.671875,101115.5390625,100997.7890625,101326.0625,101730.8125,100942.125,101174.609375,101053.453125,100343.421875,100624.390625,99550.375,100518.875,100437.03125,100222.953125,99967.5078125,100229.390625,101241.734375,100908.6015625,101036.203125,101013.34375,100875.640625,99522.625,100934.03125,101453.6875,100493.96875,101944.8984375,100758.671875,100640.4609375,100997.8125,100830.96875,100854.6875,100543.90625,99742.765625,99936.90625,100504.7421875,99758.265625,101284.625,99651.953125,100365.578125,100972.734375,100779.359375,101098.25,100981.46875,100936.1328125,100028.9453125,101642.609375,101351.359375,100313.6875,100233.53125,99897.0390625,101371.96875,102279.328125,101541.3125,101411.6953125,101642.578125,100617.046875,100281.640625,99868.65625,101380.5625,101346.578125,99378.484375,101196.84375,100879.578125,100382.859375,101888.0625,101052.7890625,101348.9375,100642.34375,100694.109375,100592.3125,100092.5625,99532.5703125,100994.9375,101151.5703125,100874.125,100087.2734375,101156.2578125,101188.546875,100956.15625,101462.921875,100722.40625,100101.6796875,99823.890625,98980.46875,98925.2421875,99313.09375,100284.9140625,100086.953125,101131.34375,101083.078125,101382.59375,101023.671875,100664.53125,100307.15625,99860.6875,100886.953125,100954.265625,101288.0390625,102110.8125,100637.578125,100741.9375,100855.3671875,101318.296875,100559.5,100507.375,100293.84375,101316.171875,100151.359375,100672.515625,101628.0390625,101359.9921875,100288.609375,100438.125,100796.921875,101417.34375,100823.8125,101689.078125,99803.21875,100124.890625,99738.1953125,100227.6328125,101187.671875,100403.828125,100681.34375,100674.625,101518.90625,101285.6875,101780.5859375,100267.5546875,100531.734375,100133.1171875,99580.8515625,101106.625,100363.796875,101942.3828125,101156.609375,100942.421875,100808.2890625,101288.203125,100650.8125,100826.546875,100923.421875,99954.796875,99422.171875
NA_1400,98214.703125,98254.75,98079.84375,98135.578125,97724.1875,97949.0,98111.71875,98176.734375,98081.1171875,98531.796875,97917.8125,98421.78125,97974.75,98255.703125,97989.265625,98232.375,98115.6953125,98095.25,98062.6328125,98045.25,98199.84375,97855.0703125,98292.6796875,97748.8828125,97604.640625,97883.140625,98212.65625,98240.1796875,98061.328125,98071.8359375,98124.8203125,98359.171875,98130.890625,98331.984375,97685.7578125,97779.359375,97899.734375,98004.8046875,97896.0625,98354.546875,98145.46875,97930.3203125,97843.0625,98213.1875,98170.8046875,97785.71875,97938.015625,97950.71875,98072.28125,98452.2109375,98324.640625,98039.375,98081.6640625,97992.453125,97951.578125,98057.5703125,98552.578125,97977.140625,98298.7734375,97990.28125,98801.703125,98418.65625,97721.1640625,98059.921875,98125.9453125,97947.3359375,98120.078125,98077.390625,98235.5,98299.84375,97604.578125,97840.34375,97770.2578125,97765.15625,98158.03125,98009.828125,97711.34375,98116.5,97945.25,98244.8359375,98044.65625,97683.1328125,98317.796875,98175.296875,97928.0703125,97833.1328125,98438.9296875,97791.15625,98597.0390625,97986.0390625,97964.328125,98065.0625,98277.859375,98048.171875,98001.125,98155.25,97890.6015625,97886.765625,98255.078125,98185.53125,97552.40625,97655.8515625,97763.890625,98056.53125,98484.8359375,98463.0859375,97961.515625,97895.40625,97900.671875,98101.5390625,98555.7890625,98036.0625,98015.8125,97800.125,97743.609375,98030.453125,98477.421875,98052.390625,98367.375,98057.875,98048.03125,97853.953125,98163.5078125,97892.390625,98121.734375,97831.6015625,97921.203125,97940.34375,97798.640625,97786.625,98232.03125,97852.6875,98005.96875,97918.8984375,98556.671875,97655.4609375,98140.8125,97903.96875,97857.6875,97717.90625,98167.765625,97993.90625,97920.7421875,98212.265625,97655.625,98030.953125,98142.578125,98018.734375,98079.359375,97826.25,98015.46875,97957.1328125,98034.9453125,97826.609375,98489.359375,98021.6875,98016.53125,97970.0390625,98003.96875,98155.328125,98253.3125,97963.6953125,98184.578125,98098.046875,98154.640625,97971.65625,98141.5625,98140.578125,97507.484375,97943.84375,98127.578125,98052.859375,98052.0625,98074.7890625,97843.9375,98160.34375,98325.109375,97647.3125,97703.5625,98439.5703125,98141.9375,98286.5703125,98227.125,97931.2734375,98342.2578125,98026.546875,97793.15625,97945.921875,98379.40625,98293.6796875,98248.890625,97997.46875,97736.2421875,97869.09375,98092.9140625,98363.953125,98071.34375,97892.078125,97952.59375,98128.671875,98409.53125,98429.15625,98115.6875,97863.953125,97725.265625,97528.0390625,98534.8125,98088.578125,97682.9375,97645.3671875,98056.296875,98097.5,98273.375,97968.84375,98053.171875,97986.359375,98327.515625,98307.0390625,98339.9921875,98075.609375,98061.125,97976.921875,98208.34375,98053.8125,98531.078125,98027.21875,98076.890625,98183.1953125,98124.6328125,98211.671875,98116.828125,97966.34375,98005.625,97853.90625,97962.6875,97964.5859375,98293.5546875,98096.734375,98087.1171875,97966.8515625,98189.625,97851.796875,98232.3828125,97621.609375,98200.421875,97953.2890625,97905.203125,97969.8125,98151.546875,98132.421875,98000.796875,97833.171875
NA_1415,99357.703125,99026.75,99058.84375,99410.578125,98783.1875,98950.0,99031.71875,98861.734375,98737.1171875,99117.796875,99217.8125,100050.78125,99012.75,99604.703125,99325.265625,99224.375,98789.6953125,99048.25,98843.6328125,98733.25,99163.84375,98592.0703125,99363.6796875,98963.8828125,98919.640625,99331.140625,99560.65625,99294.1796875,99272.328125,98872.8359375,98757.8203125,98828.171875,98507.890625,99280.984375,98858.7578125,98798.359375,99399.734375,99455.8046875,99026.0625,99620.546875,99127.46875,98699.3203125,98825.0625,99086.1875,98855.8046875,98874.71875,98648.015625,98949.71875,99906.28125,99402.2109375,99294.640625,99259.375,99142.6640625,99035.453125,98870.578125,99099.5703125,98853.578125,98738.140625,98895.7734375,99479.28125,99724.703125,99504.65625,99236.1640625,99099.921875,99162.9453125,98871.3359375,98568.078125,98762.390625,98744.5,99290.84375,98937.578125,99209.34375,98695.2578125,99533.15625,100121.03125,99067.828125,99135.34375,99064.5,98598.25,98840.8359375,99150.65625,98758.1328125,99175.796875,98923.296875,99015.0703125,99608.1328125,99385.9296875,99576.15625,99327.0390625,98869.0390625,98800.328125,98664.0625,98836.859375,98930.171875,99107.125,99361.25,98886.6015625,99266.765625,99413.078125,99253.53125,99241.40625,98801.8515625,98676.890625,98502.53125,99111.8359375,99131.0859375,99288.515625,99266.40625,99253.671875,99578.5390625,99526.7890625,99567.0625,99028.8125,98887.125,98948.609375,98976.453125,99054.421875,99158.390625,98545.375,99630.875,99563.03125,100017.953125,99070.5078125,99024.390625,99196.734375,98969.6015625,98479.203125,98405.34375,98918.640625,98785.625,99137.03125,99578.6875,99627.96875,98901.8984375,99999.671875,98794.4609375,99440.8125,98791.96875,98480.6875,98433.90625,98952.765625,98775.90625,98610.7421875,98788.265625,98847.625,99363.953125,98735.578125,99429.734375,99105.359375,98539.25,98815.46875,98802.1328125,98751.9453125,99072.609375,99546.359375,99236.6875,99306.53125,99474.0390625,99987.96875,99484.328125,99542.3125,99138.6953125,98887.578125,98927.046875,98587.640625,98912.65625,99293.5625,99590.578125,98873.484375,99256.84375,99393.578125,99487.859375,99275.0625,98810.7890625,98824.9375,99055.34375,99018.109375,98616.3125,99106.5625,99360.5703125,99345.9375,99829.5703125,99192.125,99150.2734375,99564.2578125,98775.546875,98442.15625,98783.921875,98678.40625,99054.6796875,98902.890625,98916.46875,99023.2421875,99290.09375,99181.9140625,99809.953125,99156.34375,98899.078125,98743.59375,98865.671875,98908.53125,99171.15625,98973.6875,99099.953125,98793.265625,98665.0390625,99623.8125,99537.578125,99131.9375,98618.3671875,98841.296875,99077.5,98950.375,98363.84375,98944.171875,99244.359375,99646.515625,98973.0390625,99805.9921875,99445.609375,98983.125,98772.921875,98911.34375,98677.8125,99277.078125,99166.21875,99521.890625,99156.1953125,99486.6328125,99879.671875,99333.828125,99154.34375,99263.625,98881.90625,98640.6875,98552.5859375,98962.5546875,98784.734375,99207.1171875,99057.8515625,99266.625,98915.796875,99303.3828125,98900.609375,99448.421875,98817.2890625,98483.203125,98617.8125,98691.546875,98736.421875,98796.796875,98939.171875
NA_1426,96595.703125,96393.75,96454.84375,96877.578125,96472.1875,96670.0,96652.71875,96421.734375,96274.1171875,96466.796875,96697.8125,97363.78125,96281.75,96898.703125,96722.265625,96660.375,96334.6953125,96768.25,96407.6328125,96317.25,96556.84375,96098.0703125,96706.6796875,96367.8828125,96276.640625,96620.140625,97073.65625,96822.1796875,96843.328125,96501.8359375,96329.8203125,96455.171875,96068.890625,96830.984375,96298.7578125,96176.359375,96943.734375,96907.8046875,96470.0625,97027.546875,96520.46875,96315.3203125,96483.0625,96588.1875,96496.8046875,96378.71875,95951.015625,96185.71875,97294.28125,96718.2109375,96611.640625,96861.375,96716.6640625,96859.453125,96542.578125,96810.5703125,96358.578125,96219.140625,96236.7734375,96806.28125,96973.703125,96760.65625,96701.1640625,96748.921875,96854.9453125,96506.3359375,96165.078125,96438.390625,96280.5,96588.84375,96331.578125,96537.34375,95998.2578125,96929.15625,97433.03125,96428.828125,96816.34375,96636.5,96294.25,96391.8359375,96760.65625,96447.1328125,96743.796875,96103.296875,96372.0703125,97131.1328125,96718.9296875,96984.15625,96806.0390625,96553.0390625,96436.328125,96355.0625,96402.859375,96267.171875,96523.125,96653.25,96310.6015625,96652.765625,96836.078125,96661.53125,96954.40625,96391.8515625,96378.890625,96028.53125,96577.8359375,96471.0859375,96697.515625,96665.40625,96736.671875,96919.5390625,96860.7890625,97046.0625,96693.8125,96538.125,96766.609375,96573.453125,96455.421875,96805.390625,95766.375,97079.875,96952.03125,97196.953125,96347.5078125,96605.390625,96860.734375,96516.6015625,96143.203125,96262.34375,96531.640625,96337.625,96498.03125,96924.6875,97038.96875,96247.8984375,97234.671875,96259.4609375,97102.8125,96337.96875,96093.6875,96069.90625,96325.765625,96281.90625,95958.7421875,96004.265625,96080.625,96750.953125,96039.578125,96962.734375,96651.359375,96303.25,96406.46875,96378.1328125,96354.9453125,96647.609375,96911.359375,96687.6875,96686.53125,96627.0390625,97339.96875,96986.328125,96966.3125,96714.6953125,96497.578125,96606.046875,96102.640625,96498.65625,96786.5625,96940.578125,96438.484375,96842.84375,96789.578125,96923.859375,96842.0625,96545.7890625,96506.9375,96591.34375,96548.109375,96224.3125,96771.5625,96604.5703125,96741.9375,97271.5703125,96608.125,96613.2734375,97160.2578125,96411.546875,96131.15625,96410.921875,96231.40625,96428.6796875,96209.890625,96235.46875,96471.2421875,96687.09375,96632.9140625,97165.953125,96756.34375,96429.078125,96437.59375,96529.671875,96395.53125,96843.15625,96272.6875,96490.953125,96221.265625,96087.0390625,97140.8125,96999.578125,96752.9375,96340.3671875,96439.296875,96587.5,96521.375,96002.84375,96379.171875,96760.359375,97001.515625,96239.0390625,97160.9921875,96783.609375,96491.125,96309.921875,96624.34375,96246.8125,96833.078125,96703.21875,96963.890625,96481.1953125,96780.6328125,97320.671875,96859.828125,96487.34375,96933.625,96466.90625,96289.6875,96363.5859375,96514.5546875,96367.734375,96614.1171875,96311.8515625,96584.625,96308.796875,96754.3828125,96511.609375,97077.421875,96530.2890625,96175.203125,96161.8125,96355.546875,96286.421875,96201.796875,96336.171875
NA_1444,97052.703125,96927.75,96913.84375,97152.578125,96492.1875,96698.0,97038.71875,97006.734375,96769.1171875,97301.796875,96713.8125,97414.78125,96777.75,97103.703125,96965.265625,96959.375,96815.6953125,96889.25,96969.6328125,96848.25,97175.84375,96500.0703125,96995.6796875,96391.8828125,96481.640625,96868.140625,97056.65625,97001.1796875,96923.328125,96897.8359375,96960.8203125,97034.171875,96729.890625,97094.984375,96531.7578125,96413.359375,96805.734375,96814.8046875,96668.0625,97255.546875,97128.46875,96797.3203125,96752.0625,97092.1875,96772.8046875,96595.71875,96627.015625,96760.71875,97107.28125,97189.2109375,97033.640625,96977.375,96932.6640625,96763.453125,96877.578125,96846.5703125,97075.578125,96651.140625,96947.7734375,96819.28125,97491.703125,97162.65625,96697.1640625,97071.921875,96941.9453125,96730.3359375,96932.078125,96864.390625,96939.5,97196.84375,96408.578125,96669.34375,96577.2578125,96832.15625,97272.03125,96935.828125,96673.34375,97020.5,96735.25,97085.8359375,96883.65625,96407.1328125,97004.796875,96873.296875,96653.0703125,96870.1328125,97212.9296875,96981.15625,97332.0390625,96771.0390625,96793.328125,96875.0625,96815.859375,96748.171875,96726.125,96918.25,96583.6015625,96735.765625,97075.078125,96998.53125,96551.40625,96511.8515625,96581.890625,96951.53125,97202.8359375,97220.0859375,96794.515625,96680.40625,96728.671875,97067.5390625,97260.7890625,97025.0625,96762.8125,96667.125,96659.609375,96786.453125,97290.421875,96850.390625,96944.375,96927.875,97071.03125,97284.953125,97019.5078125,96829.390625,96994.734375,96786.6015625,96678.203125,96572.34375,96689.640625,96605.625,96840.03125,96977.6875,96935.96875,96633.8984375,97525.671875,96579.4609375,97025.8125,96914.96875,96686.6875,96544.90625,97022.765625,96811.90625,96530.7421875,96844.265625,96414.625,96890.953125,96829.578125,97134.734375,96838.359375,96575.25,96893.46875,96788.1328125,96814.9453125,96648.609375,97172.359375,96814.6875,96739.53125,96964.0390625,97205.96875,96977.328125,97268.3125,96925.6953125,96959.578125,96895.046875,96917.640625,96730.65625,96869.5625,96994.578125,96188.484375,96593.84375,96960.578125,96990.859375,96922.0625,96856.7890625,96674.9375,97112.34375,97082.109375,96459.3125,96473.5625,97220.5703125,96889.9375,97179.5703125,96948.125,96839.2734375,97189.2578125,96864.546875,96554.15625,96672.921875,97024.40625,97066.6796875,96743.890625,96685.46875,96577.2421875,96750.09375,96936.9140625,97313.953125,96968.34375,96801.078125,96794.59375,96924.671875,97073.53125,97116.15625,96927.6875,96577.953125,96470.265625,96327.0390625,97360.8125,97040.578125,96668.9375,96486.3671875,96968.296875,97050.5,97018.375,96618.84375,96714.171875,96738.359375,97102.515625,96921.0390625,97468.9921875,97156.609375,96865.125,96915.921875,96998.34375,96881.8125,97202.078125,96876.21875,96925.890625,96948.1953125,97003.6328125,97175.671875,96881.828125,96921.34375,96962.625,96796.90625,96750.6875,96734.5859375,96979.5546875,96670.734375,96847.1171875,96717.8515625,96980.625,96613.796875,96995.3828125,96589.609375,97108.421875,96753.2890625,96718.203125,96798.8125,96713.546875,96806.421875,96584.796875,96680.171875
NA_1463,99523.703125,99352.75,99064.84375,99008.578125,98599.1875,99000.0,98914.71875,98939.734375,98948.1171875,99473.796875,99308.8125,99933.78125,99636.75,99544.703125,99193.265625,98989.375,98835.6953125,98916.25,98866.6328125,99011.25,99115.84375,99239.0703125,99368.6796875,99301.8828125,99302.640625,99635.140625,99240.65625,99061.1796875,98961.328125,98908.8359375,99072.8203125,99028.171875,98944.890625,99261.984375,99374.7578125,99230.359375,99796.734375,99229.8046875,98777.0625,98727.546875,98718.46875,98754.3203125,98935.0625,99016.1875,99139.8046875,99077.71875,99258.015625,99315.71875,99454.28125,99548.2109375,99431.640625,99009.375,98779.6640625,98989.453125,98891.578125,99040.5703125,99140.578125,98861.140625,99356.7734375,99494.28125,99684.703125,99436.65625,98791.1640625,98819.921875,98913.9453125,98673.3359375,98977.078125,98881.390625,99078.5,99257.84375,99086.578125,99342.34375,99042.2578125,99434.15625,99088.03125,98637.828125,98736.34375,98993.5,98956.25,98857.8359375,98955.65625,98975.1328125,99220.796875,99544.296875,99717.0703125,99211.1328125,99185.9296875,99018.15625,99049.0390625,98801.0390625,98945.328125,98864.0625,99121.859375,99031.171875,99479.125,99275.25,99461.6015625,99052.765625,99047.078125,98860.53125,98483.40625,98714.8515625,98847.890625,98823.53125,99184.8359375,99427.0859375,99323.515625,99354.40625,99427.671875,99351.5390625,99069.7890625,98786.0625,98938.8125,98547.125,98853.609375,99003.453125,99103.421875,98886.390625,99248.375,99255.875,99545.03125,99327.953125,98844.5078125,98681.390625,98721.734375,98722.6015625,98876.203125,98743.34375,98912.640625,99153.625,99128.03125,99355.6875,99396.96875,99263.8984375,99122.671875,98342.4609375,98557.8125,98516.96875,98696.6875,98598.90625,99066.765625,99160.90625,99138.7421875,99640.265625,99306.625,99377.953125,98913.578125,98835.734375,98757.359375,98723.25,98860.46875,98816.1328125,99033.9453125,99025.609375,99531.359375,99057.6875,99572.53125,99158.0390625,99254.96875,98943.328125,98885.3125,98790.6953125,99036.578125,99077.046875,98931.640625,99118.65625,99707.5625,99563.578125,99476.484375,99374.84375,99190.578125,98742.859375,98849.0625,98680.7890625,99122.9375,98905.34375,99168.109375,98926.3125,99440.5625,99570.5703125,99873.9375,99694.5703125,99482.125,98815.2734375,99064.2578125,98846.546875,98779.15625,98955.921875,99005.40625,99248.6796875,99260.890625,98937.46875,99332.2421875,99286.09375,98858.9140625,98915.953125,98971.34375,98946.078125,98857.59375,98960.671875,99147.53125,99179.15625,99336.6875,99602.953125,99144.265625,98963.0390625,99270.8125,98689.578125,98641.9375,98752.3671875,99010.296875,99006.5,99038.375,99130.84375,99258.171875,99626.359375,99884.515625,99511.0390625,99080.9921875,99103.609375,98757.125,98677.921875,99083.34375,98955.8125,99065.078125,99208.21875,99297.890625,99279.1953125,99490.6328125,99265.671875,99507.828125,98740.34375,98626.625,98787.90625,98983.6875,98829.5859375,98980.5546875,99086.734375,99384.1171875,99282.8515625,99417.625,99350.796875,99168.3828125,98882.609375,98953.421875,98839.2890625,98829.203125,98898.8125,99134.546875,99247.421875,99485.796875,99323.171875
NA_149,96994.703125,96783.75,96774.84375,97082.578125,96533.1875,96753.0,96764.71875,96680.734375,96549.1171875,96860.796875,96965.8125,97705.78125,96651.75,97240.703125,96936.265625,96805.375,96480.6953125,96821.25,96594.6328125,96627.25,96797.84375,96427.0703125,96890.6796875,96623.8828125,96631.640625,96914.140625,97391.65625,96975.1796875,96982.328125,96573.8359375,96594.8203125,96749.171875,96423.890625,97151.984375,96670.7578125,96435.359375,97404.734375,97179.8046875,96674.0625,97030.546875,96725.46875,96477.3203125,96705.0625,96890.1875,96644.8046875,96586.71875,96439.015625,96521.71875,97467.28125,96889.2109375,96837.640625,97041.375,96807.6640625,96993.453125,96725.578125,97000.5703125,96625.578125,96511.140625,96637.7734375,97007.28125,97326.703125,97015.65625,96828.1640625,96838.921875,96928.9453125,96566.3359375,96409.078125,96659.390625,96548.5,96875.84375,96607.578125,96759.34375,96229.2578125,97159.15625,97470.03125,96636.828125,96773.34375,96839.5,96528.25,96620.8359375,96937.65625,96813.1328125,96812.796875,96564.296875,96714.0703125,97317.1328125,96897.9296875,97132.15625,96934.0390625,96654.0390625,96654.328125,96601.0625,96561.859375,96598.171875,96752.125,96855.25,96580.6015625,96919.765625,96979.078125,96819.53125,97013.40625,96587.8515625,96484.890625,96302.53125,96903.8359375,96804.0859375,96886.515625,97013.40625,97046.671875,97169.5390625,96967.7890625,97182.0625,96753.8125,96604.125,96895.609375,96794.453125,96714.421875,96908.390625,96124.375,97404.875,97140.03125,97422.953125,96648.5078125,96504.390625,96771.734375,96624.6015625,96384.203125,96396.34375,96744.640625,96655.625,96897.03125,97126.6875,97208.96875,96688.8984375,97401.671875,96413.4609375,97074.8125,96398.96875,96311.6875,96388.90625,96755.765625,96500.90625,96250.7421875,96470.265625,96401.625,97038.953125,96141.578125,96998.734375,96772.359375,96310.25,96655.46875,96650.1328125,96670.9453125,96768.609375,97176.359375,96865.6875,96997.53125,96886.0390625,97485.96875,97092.328125,97116.3125,96762.6953125,96817.578125,96855.046875,96368.640625,96808.65625,96991.5625,97330.578125,96749.484375,97123.84375,97080.578125,96965.859375,96942.0625,96564.7890625,96765.9375,96830.34375,96812.109375,96457.3125,97065.5625,96957.5703125,97160.9375,97633.5703125,96907.125,96775.2734375,97322.2578125,96642.546875,96329.15625,96600.921875,96486.40625,96717.6796875,96518.890625,96461.46875,96761.2421875,96909.09375,96679.9140625,97277.953125,96830.34375,96614.078125,96552.59375,96763.671875,96719.53125,96858.15625,96636.6875,96832.953125,96597.265625,96433.0390625,97256.8125,97036.578125,96786.9375,96421.3671875,96749.296875,96930.5,96750.375,96261.84375,96670.171875,97159.359375,97218.515625,96821.0390625,97347.9921875,97091.609375,96750.125,96437.921875,96869.34375,96558.8125,97142.078125,97002.21875,97108.890625,96758.1953125,97079.6328125,97640.671875,97259.828125,96745.34375,96991.625,96569.90625,96591.6875,96627.5859375,96789.5546875,96699.734375,96968.1171875,96679.8515625,96796.625,96643.796875,96878.3828125,96682.609375,97020.421875,96432.2890625,96313.203125,96403.8125,96652.546875,96637.421875,96422.796875,96651.171875
NA_1491,101811.703125,101919.75,101395.84375,101337.578125,101364.1875,101505.0,101212.71875,101350.734375,101064.1171875,101525.796875,101461.8125,101760.78125,101763.75,101846.703125,101129.265625,101697.375,101321.6953125,101399.25,101299.6328125,101412.25,101063.84375,101547.0703125,101572.6796875,101530.8828125,101684.640625,101663.140625,101610.65625,101555.1796875,101362.328125,101247.8359375,101453.8203125,101326.171875,101033.890625,101193.984375,101489.7578125,101614.359375,101785.734375,101433.8046875,101032.0625,101293.546875,101182.46875,101190.3203125,101515.0625,101381.1875,101126.8046875,101144.71875,101537.015625,101684.71875,101678.28125,101574.2109375,101843.640625,101400.375,101567.6640625,101446.453125,101214.578125,101219.5703125,100856.578125,101288.140625,101597.7734375,101740.28125,101887.703125,101580.65625,101120.1640625,101237.921875,101098.9453125,101068.3359375,101290.078125,101125.390625,101127.5,100946.84375,101481.578125,101511.34375,101660.2578125,101653.15625,101561.03125,101285.828125,101124.34375,101147.5,101447.25,101196.8359375,101119.65625,101214.1328125,101355.796875,101822.296875,101781.0703125,101531.1328125,101726.9296875,101229.15625,101296.0390625,101149.0390625,101244.328125,101175.0625,101203.859375,101075.171875,101542.125,101605.25,101800.6015625,101573.765625,101554.078125,101341.53125,101096.40625,101354.8515625,101317.890625,100901.53125,101086.8359375,101455.0859375,101529.515625,101816.40625,101677.671875,101918.5390625,101660.7890625,101431.0625,101188.8125,100940.125,101296.609375,101315.453125,101129.421875,101195.390625,101277.375,101455.875,101574.03125,101150.953125,101094.5078125,101322.390625,101240.734375,101257.6015625,101312.203125,101084.34375,101051.640625,101214.625,101484.03125,101499.6875,101440.96875,101643.8984375,101558.671875,101329.4609375,101146.8125,101188.96875,101197.6875,100912.90625,101085.765625,101135.90625,101573.7421875,101823.265625,101824.625,101615.953125,101676.578125,101228.734375,101114.359375,101072.25,101395.46875,101234.1328125,101273.9453125,101056.609375,101628.359375,101525.6875,101827.53125,101459.0390625,101482.96875,101405.328125,101360.3125,101261.6953125,101426.578125,101325.046875,101098.640625,101279.65625,101570.5625,101699.578125,101655.484375,101427.84375,101340.578125,101290.859375,101465.0625,101325.7890625,101341.9375,101205.34375,101237.109375,101200.3125,101589.5625,101652.5703125,101774.9375,101579.5703125,101631.125,101249.2734375,101555.2578125,101374.546875,101287.15625,101180.921875,101051.40625,101104.6796875,101528.890625,101563.46875,101444.2421875,101652.09375,101505.9140625,101372.953125,101250.34375,101265.078125,101498.59375,101316.671875,101260.53125,101278.15625,101572.6875,101759.953125,101617.265625,101441.0390625,101796.8125,101370.578125,101144.9375,101222.3671875,101407.296875,101237.5,100966.375,101283.84375,101403.171875,101689.359375,101922.515625,102011.0390625,101430.9921875,101330.609375,101314.125,101281.921875,101324.34375,101492.8125,101244.078125,101304.21875,101408.890625,101585.1953125,101675.6328125,101646.671875,101631.828125,101343.34375,101263.625,101266.90625,101346.6875,101172.5859375,101161.5546875,101163.734375,101387.1171875,101410.8515625,101770.625,101631.796875,101754.3828125,101149.609375,101287.421875,101372.2890625,101289.203125,101202.8125,101120.546875,101224.421875,101546.796875,101648.171875
NA_1514,96863.703125,96980.75,97037.84375,97552.578125,97310.1875,97100.0,96980.71875,97307.734375,96814.1171875,96741.796875,97107.8125,97975.78125,96457.75,97481.703125,97433.265625,97075.375,97074.6953125,97504.25,96980.6328125,96931.25,96642.84375,96688.0703125,97065.6796875,96631.8828125,96797.640625,97334.140625,98420.65625,97681.1796875,97704.328125,96892.8359375,97143.8203125,97022.171875,96837.890625,97185.984375,96885.7578125,96270.359375,97656.734375,97815.8046875,97474.0625,97300.546875,97187.46875,97162.3203125,96954.0625,97001.1875,97119.8046875,97004.71875,96636.015625,96429.71875,98274.28125,97198.2109375,97333.640625,97631.375,97614.6640625,97658.453125,97131.578125,97600.5703125,96861.578125,96587.140625,96662.7734375,97372.28125,97690.703125,97232.65625,97369.1640625,97511.921875,97321.9453125,97248.3359375,96886.078125,97180.390625,96821.5,96510.84375,96968.578125,96663.34375,96599.2578125,97309.15625,97731.03125,96690.828125,97302.34375,97011.5,97091.25,96937.8359375,97040.65625,97079.1328125,97742.796875,95914.296875,96906.0703125,98028.1328125,97547.9296875,97041.15625,97291.0390625,97220.0390625,96939.328125,97354.0625,97092.859375,96449.171875,97070.125,97110.25,96977.6015625,97235.765625,97543.078125,97286.53125,97342.40625,96953.8515625,96652.890625,96887.53125,97236.8359375,96624.0859375,96901.515625,97863.40625,97574.671875,97434.5390625,97652.7890625,97633.0625,97471.8125,97055.125,97546.609375,97001.453125,96768.421875,97450.390625,95934.375,97803.875,97469.03125,97142.953125,96469.5078125,96750.390625,97575.734375,96854.6015625,96842.203125,97077.34375,97283.640625,96515.625,96951.03125,97731.6875,97632.96875,97302.8984375,97471.671875,97096.4609375,97421.8125,97038.96875,96644.6875,96723.90625,96374.765625,96466.90625,96714.7421875,96452.265625,96713.625,96884.953125,96824.578125,97463.734375,96935.359375,96885.25,96966.46875,96974.1328125,96665.9453125,97704.609375,97758.359375,97192.6875,97569.53125,96954.0390625,97902.96875,97820.328125,97381.3125,97391.6953125,97309.578125,96982.046875,96515.640625,96879.65625,97269.5625,97994.578125,97176.484375,97987.84375,97581.578125,97159.859375,97607.0625,96912.7890625,97057.9375,97023.34375,97032.109375,96657.3125,97753.5625,97077.5703125,97733.9375,98076.5703125,97311.125,96807.2734375,97719.2578125,97133.546875,96935.15625,96910.921875,96578.40625,96993.6796875,96448.890625,96571.46875,96955.2421875,97215.09375,97204.9140625,97566.953125,97564.34375,96966.078125,96999.59375,97408.671875,96919.53125,97519.15625,96470.6875,97423.953125,96946.265625,97080.0390625,97755.8125,97653.578125,97012.9375,97095.3671875,97110.296875,96715.5,96873.375,96763.84375,97226.171875,97462.359375,97594.515625,97456.0390625,97784.9921875,97577.609375,97024.125,96923.921875,97400.34375,96778.8125,97866.078125,97133.21875,97254.890625,96603.1953125,97406.6328125,98092.671875,97441.828125,97248.34375,97439.625,97424.90625,97220.6875,97369.5859375,96938.5546875,96992.734375,97313.1171875,96808.8515625,97233.625,96972.796875,97508.3828125,97276.609375,97743.421875,96817.2890625,96972.203125,96779.8125,97005.546875,97353.421875,96578.796875,96790.171875
NA_1541,98189.703125,97950.75,98030.84375,98533.578125,98143.1875,98235.0,98213.71875,97935.734375,97745.1171875,98029.796875,98343.8125,98931.78125,97971.75,98553.703125,98476.265625,98350.375,97968.6953125,98279.25,97938.6328125,97794.25,98190.84375,97624.0703125,98442.6796875,98021.8828125,97815.640625,98359.140625,98613.65625,98463.1796875,98470.328125,98109.8359375,97818.8203125,97882.171875,97549.890625,98294.984375,97812.7578125,97839.359375,98338.734375,98477.8046875,98111.0625,98828.546875,98187.46875,97857.3203125,98000.0625,98115.1875,98054.8046875,97989.71875,97450.015625,97889.71875,98983.28125,98513.2109375,98361.640625,98492.375,98398.6640625,98308.453125,98027.578125,98242.5703125,97904.578125,97811.140625,97849.7734375,98460.28125,98603.703125,98513.65625,98367.1640625,98316.921875,98460.9453125,98115.3359375,97639.078125,97932.390625,97850.5,98265.84375,97935.578125,98306.34375,97701.2578125,98524.15625,99250.03125,98132.828125,98472.34375,98184.5,97755.25,97916.8359375,98269.65625,97848.1328125,98365.796875,97756.296875,97997.0703125,98703.1328125,98496.9296875,98703.15625,98490.0390625,98084.0390625,97919.328125,97746.0625,98038.859375,97968.171875,98193.125,98366.25,97891.6015625,98301.765625,98547.078125,98354.53125,98519.40625,97966.8515625,97900.890625,97524.53125,98119.8359375,98105.0859375,98401.515625,98188.40625,98239.671875,98626.5390625,98626.7890625,98736.0625,98345.8125,98183.125,98250.609375,98140.453125,98090.421875,98390.390625,97512.375,98601.875,98610.03125,98980.953125,97996.5078125,98321.390625,98572.734375,98145.6015625,97611.203125,97714.34375,98037.640625,97822.625,98054.03125,98575.6875,98675.96875,97760.8984375,98998.671875,97936.4609375,98818.8125,97923.96875,97626.6875,97530.90625,97864.765625,97881.90625,97588.7421875,97599.265625,97838.625,98345.953125,97835.578125,98677.734375,98312.359375,97852.25,97905.46875,97904.1328125,97803.9453125,98296.609375,98523.359375,98306.6875,98266.53125,98425.0390625,99092.96875,98642.328125,98619.3125,98346.6953125,97924.578125,98078.046875,97650.640625,97988.65625,98470.5625,98458.578125,97944.484375,98325.84375,98385.578125,98644.859375,98496.0625,98089.7890625,97973.9375,98132.34375,98062.109375,97772.3125,98156.5625,98220.5703125,98251.9375,98759.5703125,98187.125,98315.2734375,98762.2578125,97875.546875,97614.15625,97967.921875,97797.40625,98059.6796875,97896.890625,97965.46875,98047.2421875,98289.09375,98371.9140625,98924.953125,98401.34375,98032.078125,97958.59375,97990.671875,97943.53125,98471.15625,97893.6875,98095.953125,97795.265625,97692.0390625,98805.8125,98707.578125,98428.9375,97933.3671875,97874.296875,98103.5,98025.375,97567.84375,97883.171875,98263.359375,98670.515625,97733.0390625,98835.9921875,98409.609375,98107.125,98006.921875,98094.34375,97689.8125,98291.078125,98219.21875,98639.890625,98120.1953125,98401.6328125,98872.671875,98338.828125,98179.34375,98553.625,98065.90625,97725.6875,97731.5859375,97959.5546875,97843.734375,98212.1171875,97946.8515625,98249.625,97886.796875,98455.3828125,98134.609375,98750.421875,98224.2890625,97665.203125,97743.8125,97768.546875,97704.421875,97864.796875,97911.171875
NA_1574,95055.703125,94941.75,94917.84375,95209.578125,94699.1875,94938.0,94993.71875,94944.734375,94799.1171875,95064.796875,95102.8125,95709.78125,94847.75,95336.703125,95053.265625,94922.375,94704.6953125,95022.25,94855.6328125,94942.25,95032.84375,94650.0703125,94986.6796875,94710.8828125,94707.640625,95047.140625,95464.65625,95072.1796875,95104.328125,94803.8359375,94886.8203125,95039.171875,94706.890625,95330.984375,94831.7578125,94552.359375,95510.734375,95198.8046875,94748.0625,95058.546875,94912.46875,94722.3203125,94990.0625,95157.1875,94895.8046875,94796.71875,94614.015625,94666.71875,95421.28125,94989.2109375,94962.640625,95183.375,94927.6640625,95196.453125,94982.578125,95228.5703125,94864.578125,94711.140625,94840.7734375,95003.28125,95376.703125,95117.65625,94904.1640625,94993.921875,95090.9453125,94747.3359375,94729.078125,94935.390625,94808.5,95040.84375,94760.578125,94868.34375,94335.2578125,95208.15625,95430.03125,94808.828125,94899.34375,95085.5,94841.25,94906.8359375,95141.65625,95032.1328125,94835.796875,94743.296875,94852.0703125,95310.1328125,94991.9296875,95221.15625,95081.0390625,94854.0390625,94941.328125,94876.0625,94784.859375,94805.171875,94860.125,94869.25,94640.6015625,94953.765625,95056.078125,94919.53125,95141.40625,94826.8515625,94749.890625,94610.53125,95153.8359375,95035.0859375,94989.515625,95050.40625,95112.671875,95249.5390625,94988.7890625,95280.0625,94912.8125,94814.125,95184.609375,95061.453125,94963.421875,95060.390625,94353.375,95457.875,95175.03125,95455.953125,94798.5078125,94598.390625,94889.734375,94839.6015625,94703.203125,94686.34375,94960.640625,94879.625,95031.03125,95146.6875,95209.96875,94812.8984375,95388.671875,94575.4609375,95178.8125,94578.96875,94608.6875,94719.90625,95040.765625,94701.90625,94400.7421875,94679.265625,94530.625,95153.953125,94229.578125,95055.734375,94935.359375,94540.25,94961.46875,94948.1328125,94980.9453125,94937.609375,95221.359375,94861.6875,95054.53125,94928.0390625,95527.96875,95192.328125,95291.3125,94961.6953125,95108.578125,95123.046875,94662.640625,95038.65625,95098.5625,95348.578125,94846.484375,95158.84375,95167.578125,95003.859375,95110.0625,94747.7890625,95057.9375,95116.34375,95042.109375,94652.3125,95165.5625,95046.5703125,95295.9375,95654.5703125,95056.125,94903.2734375,95488.2578125,94938.546875,94635.15625,94858.921875,94736.40625,94946.6796875,94690.890625,94551.46875,94863.2421875,94974.09375,94755.9140625,95364.953125,95010.34375,94869.078125,94808.59375,95025.671875,94991.53125,94962.15625,94814.6875,94925.953125,94758.265625,94583.0390625,95270.8125,95073.578125,94921.9375,94657.3671875,95051.296875,95225.5,95012.375,94528.84375,94756.171875,95310.359375,95220.515625,94990.0390625,95392.9921875,95240.609375,94982.125,94688.921875,95187.34375,94850.8125,95340.078125,95182.21875,95141.890625,94861.1953125,95113.6328125,95638.671875,95438.828125,94904.34375,95156.625,94776.90625,94880.6875,94953.5859375,95005.5546875,94901.734375,95133.1171875,94780.8515625,94931.625,94860.796875,95031.3828125,94926.609375,95220.421875,94683.2890625,94672.203125,94780.8125,95007.546875,94939.421875,94614.796875,94883.171875
NA_1587,97340.703125,97550.75,97746.84375,97636.578125,97568.1875,97589.0,97713.71875,97743.734375,97556.1171875,97859.796875,97646.8125,97416.78125,97403.75,97578.703125,97419.265625,97857.375,97951.6953125,97700.25,97432.6328125,97598.25,97870.84375,97516.0703125,97899.6796875,97247.8828125,97098.640625,97494.140625,97811.65625,97825.1796875,97458.328125,97648.8359375,97519.8203125,97832.171875,97748.890625,97911.984375,97287.7578125,97117.359375,96915.734375,97227.8046875,97362.0625,97894.546875,98074.46875,97432.3203125,97445.0625,97761.1875,98137.8046875,97356.71875,97454.015625,97392.71875,96679.28125,97666.2109375,98051.640625,97498.375,97703.6640625,97540.453125,97706.578125,97641.5703125,98115.578125,97923.140625,97761.7734375,97587.28125,98062.703125,97861.65625,96939.1640625,97798.921875,98079.9453125,97671.3359375,97707.078125,97741.390625,97709.5,97871.84375,97423.578125,97248.34375,97385.2578125,97047.15625,97134.03125,97670.828125,97737.34375,97663.5,97538.25,97589.8359375,97699.65625,97435.1328125,98017.796875,97584.296875,97103.0703125,96551.1328125,97670.9296875,97568.15625,98008.0390625,97591.0390625,97528.328125,97622.0625,97800.859375,97747.171875,97549.125,97789.25,97557.6015625,97418.765625,97646.078125,98021.53125,97212.40625,97613.8515625,97495.890625,97654.53125,98097.8359375,97807.0859375,97542.515625,97522.40625,97083.671875,97309.5390625,98087.7890625,97573.0625,97708.8125,97598.125,97656.609375,97662.453125,97913.421875,97812.390625,97852.375,97371.875,97109.03125,96872.953125,97728.5078125,97353.390625,97504.734375,97318.6015625,97360.203125,97667.34375,97537.640625,96987.625,97920.03125,97050.6875,97240.96875,97240.8984375,97865.671875,97375.4609375,98161.8125,97628.96875,97309.6875,97375.90625,97811.765625,97643.90625,97585.7421875,97753.265625,97304.625,97350.953125,97844.578125,97256.734375,97852.359375,97705.25,97402.46875,97614.1328125,97770.9453125,97668.609375,97853.359375,97701.6875,97259.53125,97533.0390625,97441.96875,97899.328125,98010.3125,97560.6953125,97772.578125,97550.046875,97584.640625,97599.65625,97396.5625,97821.578125,97006.484375,97381.84375,97489.578125,97788.859375,97917.0625,97793.7890625,97334.9375,97873.34375,97825.109375,97505.3125,97302.5625,98012.5703125,97382.9375,97472.5703125,97312.125,97542.2734375,97812.2578125,97703.546875,97426.15625,97619.921875,97942.40625,97759.6796875,97962.890625,97913.46875,97113.2421875,97380.09375,97631.9140625,97712.953125,97611.34375,97371.078125,97454.59375,97717.671875,98067.53125,97943.15625,97611.6875,97388.953125,97348.265625,97162.0390625,97743.8125,97921.578125,97660.9375,97239.3671875,97514.296875,97623.5,97795.375,97729.84375,97538.171875,97251.359375,97592.515625,97877.0390625,97669.9921875,97530.609375,97653.125,97437.921875,97854.34375,97692.8125,98269.078125,97572.21875,97519.890625,97616.1953125,97400.6328125,97526.671875,97439.828125,97563.34375,97713.625,97447.90625,97435.6875,97496.5859375,97939.5546875,98052.734375,97481.1171875,97461.8515625,97655.625,97183.796875,97905.3828125,97121.609375,97469.421875,97569.2890625,97497.203125,97343.8125,97731.546875,97761.421875,97612.796875,97337.171875
NA_1589,98406.703125,98354.75,98329.84375,98518.578125,97896.1875,98170.0,98322.71875,98287.734375,98124.1171875,98636.796875,98196.8125,98579.78125,98191.75,98410.703125,98295.265625,98498.375,98418.6953125,98233.25,98114.6328125,98128.25,98388.84375,97976.0703125,98491.6796875,97863.8828125,97822.640625,98186.140625,98441.65625,98502.1796875,98172.328125,98312.8359375,98190.8203125,98434.171875,98226.890625,98551.984375,97913.7578125,97840.359375,97955.734375,98133.8046875,98108.0625,98697.546875,98558.46875,98083.3203125,98009.0625,98315.1875,98391.8046875,97976.71875,98074.015625,98165.71875,98210.28125,98583.2109375,98605.640625,98333.375,98375.6640625,98065.453125,98148.578125,98169.5703125,98669.578125,98238.140625,98333.7734375,98277.28125,98937.703125,98667.65625,97964.1640625,98415.921875,98424.9453125,98094.3359375,98264.078125,98232.390625,98305.5,98492.84375,97832.578125,98059.34375,98065.2578125,97893.15625,98176.03125,98303.828125,98059.34375,98300.5,98058.25,98371.8359375,98259.65625,97855.1328125,98514.796875,98319.296875,97992.0703125,97931.1328125,98655.9296875,98078.15625,98793.0390625,98172.0390625,98086.328125,98223.0625,98353.859375,98245.171875,98129.125,98419.25,98041.6015625,98107.765625,98480.078125,98483.53125,97776.40625,97866.8515625,97877.890625,98208.53125,98673.8359375,98471.0859375,98146.515625,98114.40625,98120.671875,98357.5390625,98800.7890625,98325.0625,98192.8125,98028.125,97944.609375,98195.453125,98584.421875,98308.390625,98469.375,98277.875,98187.03125,98001.953125,98514.5078125,98146.390625,98381.734375,98066.6015625,97964.203125,98042.34375,97964.640625,97900.625,98489.03125,97894.6875,98291.96875,98017.8984375,98837.671875,97945.4609375,98579.8125,98144.96875,97945.6875,97849.90625,98359.765625,98197.90625,98042.7421875,98410.265625,97897.625,98171.953125,98403.578125,98261.734375,98304.359375,98043.25,98127.46875,98073.1328125,98142.9453125,98073.609375,98566.359375,98331.6875,98141.53125,98323.0390625,98240.96875,98389.328125,98556.3125,98186.6953125,98304.578125,98149.046875,98242.640625,98072.65625,98135.5625,98434.578125,97561.484375,98065.84375,98355.578125,98390.859375,98331.0625,98316.7890625,97847.9375,98371.34375,98442.109375,97847.3125,97827.5625,98637.5703125,98210.9375,98472.5703125,98278.125,98128.2734375,98496.2578125,98215.546875,97846.15625,98054.921875,98503.40625,98447.6796875,98395.890625,98286.46875,97889.2421875,98160.09375,98406.9140625,98672.953125,98269.34375,97969.078125,98066.59375,98239.671875,98568.53125,98557.15625,98205.6875,98000.953125,97878.265625,97731.0390625,98782.8125,98446.578125,98021.9375,97815.3671875,98180.296875,98238.5,98424.375,98060.84375,98159.171875,98097.359375,98531.515625,98398.0390625,98646.9921875,98351.609375,98275.125,98168.921875,98264.34375,98231.8125,98692.078125,98207.21875,98249.890625,98373.1953125,98296.6328125,98425.671875,98161.828125,98278.34375,98322.625,98017.90625,98028.6875,98050.5859375,98483.5546875,98377.734375,98256.1171875,98209.8515625,98509.625,97933.796875,98591.3828125,97894.609375,98491.421875,98128.2890625,98033.203125,98178.8125,98228.546875,98391.421875,98143.796875,98072.171875
NA_1592,100109.703125,100502.75,100218.84375,100065.578125,100087.1875,100226.0,100191.71875,100303.734375,100315.1171875,100495.796875,100007.8125,100327.78125,100142.75,100494.703125,99887.265625,100432.375,100376.6953125,100187.25,100079.6328125,100194.25,100434.84375,100347.0703125,100639.6796875,100117.8828125,99823.640625,100164.140625,100651.65625,100439.1796875,100186.328125,100207.8359375,100075.8203125,100406.171875,100385.890625,100602.984375,99935.7578125,99975.359375,99870.734375,100117.8046875,100185.0625,100481.546875,100321.46875,99961.3203125,100064.0625,100279.1875,100729.8046875,100094.71875,100308.015625,100042.71875,99742.28125,100449.2109375,100672.640625,100036.375,100322.6640625,100170.453125,100155.578125,100247.5703125,100715.578125,100369.140625,100543.7734375,100307.28125,100864.703125,100541.65625,99496.1640625,100105.921875,100198.9453125,100176.3359375,100215.078125,100295.390625,100429.5,100239.84375,100236.578125,99945.34375,100041.2578125,99863.15625,99876.03125,100052.828125,99945.34375,100018.5,100098.25,100200.8359375,100286.65625,99969.1328125,100634.796875,100496.296875,100111.0703125,99581.1328125,100457.9296875,99872.15625,100503.0390625,100024.0390625,100070.328125,100155.0625,100546.859375,100441.171875,100301.125,100517.25,100388.6015625,100110.765625,100254.078125,100561.53125,99664.40625,99958.8515625,100038.890625,100013.53125,100650.8359375,100508.0859375,100260.515625,100355.40625,99979.671875,100059.5390625,100708.7890625,100049.0625,100332.8125,99904.125,100058.609375,100246.453125,100564.421875,100352.390625,100572.375,100139.875,99768.03125,99267.953125,99990.5078125,99828.390625,100093.734375,99812.6015625,99981.203125,100201.34375,100046.640625,99675.625,100443.03125,99450.6875,99919.96875,99988.8984375,100541.671875,99999.4609375,100330.8125,99957.96875,99837.6875,99814.90625,100423.765625,100138.90625,100446.7421875,100585.265625,100119.625,100121.953125,100467.578125,99700.734375,100386.359375,100025.25,99978.46875,100166.1328125,100354.9453125,100153.609375,100629.359375,100230.6875,100360.53125,100036.0390625,99825.96875,100611.328125,100429.3125,99956.6953125,100314.578125,100204.046875,100199.640625,100415.65625,100469.5625,100464.578125,100066.484375,100184.84375,100172.578125,100330.859375,100259.0625,100230.7890625,100023.9375,100305.34375,100582.109375,99987.3125,100095.5625,100559.5703125,100300.9375,100244.5703125,100272.125,100076.2734375,100522.2578125,100220.546875,99933.15625,100161.921875,100517.40625,100505.6796875,100755.890625,100537.46875,99975.2421875,100111.09375,100257.9140625,100299.953125,100118.34375,99909.078125,100017.59375,100311.671875,100633.53125,100530.15625,100164.6875,100262.953125,100133.265625,99817.0390625,100410.8125,100321.578125,99945.9375,99892.3671875,100116.296875,100281.5,100297.375,100488.84375,100447.171875,100205.359375,100527.515625,100784.0390625,99841.9921875,100112.609375,100314.125,99969.921875,100514.34375,100270.8125,100879.078125,100224.21875,100228.890625,100422.1953125,100152.6328125,100466.671875,100398.828125,100155.34375,100147.625,99925.90625,100008.6875,100092.5859375,100525.5546875,100492.734375,100237.1171875,100263.8515625,100368.625,100130.796875,100614.3828125,99706.609375,100196.421875,100150.2890625,100036.203125,100047.8125,100545.546875,100557.421875,100565.796875,100122.171875
NA_1598,96008.703125,95843.75,96305.84375,96297.578125,96125.1875,96358.0,96394.71875,96371.734375,96270.1171875,96103.796875,96489.8125,96490.78125,96369.75,96225.703125,96246.265625,96060.375,96488.6953125,96373.25,96376.6328125,96306.25,96274.84375,96241.0703125,95752.6796875,95668.8828125,96104.640625,96581.140625,96182.65625,96222.1796875,96276.328125,96283.8359375,96461.8203125,96477.171875,96236.890625,96644.984375,96289.7578125,95528.359375,96378.734375,96339.8046875,95703.0625,95687.546875,96264.46875,96230.3203125,96451.0625,96400.1875,96350.8046875,96203.71875,96063.015625,95727.71875,96056.28125,96097.2109375,96396.640625,96419.375,96131.6640625,96335.453125,96280.578125,96151.5703125,96184.578125,95876.140625,96646.7734375,96168.28125,96091.703125,96407.65625,96010.1640625,96043.921875,95984.9453125,95978.3359375,96313.078125,96328.390625,96390.5,96014.84375,96246.578125,96023.34375,95553.2578125,96540.15625,95487.03125,95999.828125,96293.34375,96433.5,96367.25,96361.8359375,96350.65625,96472.1328125,95430.796875,96167.296875,96671.0703125,95826.1328125,96246.9296875,96189.15625,96366.0390625,96205.0390625,96302.328125,96193.0625,96300.859375,96104.171875,96428.125,95930.25,95672.6015625,96142.765625,96382.078125,96326.53125,96321.40625,96395.8515625,96303.890625,96032.53125,96421.8359375,96555.0859375,96222.515625,95946.40625,96754.671875,96050.5390625,96030.7890625,96346.0625,96227.8125,96062.125,96343.609375,96288.453125,96246.421875,96146.390625,95775.375,96306.875,95479.03125,95911.953125,95971.5078125,95745.390625,96120.734375,96311.6015625,96330.203125,96130.34375,96066.640625,96166.625,96108.03125,95490.6875,96442.96875,96095.8984375,95467.671875,96079.4609375,96120.8125,96119.96875,96234.6875,96262.90625,96247.765625,96253.90625,95839.7421875,96855.265625,96094.625,96197.953125,95383.578125,96010.734375,96372.359375,96106.25,96308.46875,96314.1328125,96599.9453125,96104.609375,95891.359375,95484.6875,96641.53125,96457.0390625,96381.96875,96400.328125,96370.3125,96280.6953125,96391.578125,96228.046875,95793.640625,96619.65625,96380.5625,96837.578125,96632.484375,95864.84375,95951.578125,96150.859375,96310.0625,96214.7890625,96380.9375,96266.34375,96132.109375,95849.3125,96263.5625,96048.5703125,96700.9375,96433.5703125,96435.125,96317.2734375,96153.2578125,96303.546875,96209.15625,96130.921875,96152.40625,96178.6796875,96235.890625,95441.46875,95848.2421875,96364.09375,95702.9140625,96318.953125,96274.34375,96410.078125,96403.59375,96333.671875,96476.53125,95591.15625,95746.6875,96319.953125,96048.265625,95582.0390625,95907.8125,95993.578125,96255.9375,96257.3671875,96518.296875,96304.5,96195.375,96408.84375,95624.171875,96906.359375,95991.515625,96446.0390625,96025.9921875,96095.609375,96334.125,96295.921875,96573.34375,96325.8125,96251.078125,96388.21875,96312.890625,96105.1953125,96132.6328125,95655.671875,96500.828125,96238.34375,95974.625,96424.90625,96381.6875,96306.5859375,96144.5546875,96548.734375,96514.1171875,95995.8515625,95775.625,96790.796875,96294.3828125,96555.609375,96345.421875,96386.2890625,96471.203125,96483.8125,96536.546875,96668.421875,96149.796875,96490.171875
NA_160,99768.703125,99778.75,99532.84375,99366.578125,99146.1875,99376.0,99406.71875,99540.734375,99537.1171875,99991.796875,99391.8125,99945.78125,99599.75,99930.703125,99382.265625,99629.375,99369.6953125,99462.25,99432.6328125,99438.25,99608.84375,99501.0703125,99799.6796875,99440.8828125,99288.640625,99498.140625,99698.65625,99657.1796875,99547.328125,99395.8359375,99531.8203125,99689.171875,99555.890625,99714.984375,99255.7578125,99480.359375,99607.734375,99537.8046875,99345.0625,99499.546875,99231.46875,99253.3203125,99300.0625,99551.1875,99576.8046875,99332.71875,99507.015625,99527.71875,99631.28125,100005.2109375,99784.640625,99399.375,99384.6640625,99451.453125,99271.578125,99472.5703125,99886.578125,99399.140625,99852.7734375,99485.28125,100185.703125,99849.65625,99092.1640625,99275.921875,99467.9453125,99289.3359375,99448.078125,99438.390625,99697.5,99643.84375,99226.578125,99391.34375,99193.2578125,99389.15625,99680.03125,99332.828125,99004.34375,99457.5,99406.25,99499.8359375,99356.65625,99240.1328125,99733.796875,99830.296875,99546.0703125,99507.1328125,99861.9296875,99201.15625,99891.0390625,99365.0390625,99357.328125,99388.0625,99732.859375,99487.171875,99580.125,99663.25,99564.6015625,99362.765625,99673.078125,99501.53125,98998.40625,99099.8515625,99228.890625,99366.53125,99762.8359375,99951.0859375,99452.515625,99529.40625,99485.671875,99615.5390625,99937.7890625,99278.0625,99461.8125,99067.125,99211.609375,99443.453125,99747.421875,99417.390625,99778.375,99546.875,99593.03125,99250.953125,99363.5078125,99261.390625,99410.734375,99160.6015625,99377.203125,99351.34375,99309.640625,99277.625,99654.03125,99462.6875,99478.96875,99498.8984375,99847.671875,98992.4609375,99228.8125,99224.96875,99278.6875,99106.90625,99396.765625,99359.90625,99480.7421875,99813.265625,99267.625,99639.953125,99566.578125,99437.734375,99417.359375,99240.25,99317.46875,99356.1328125,99468.9453125,99222.609375,100006.359375,99382.6875,99717.53125,99374.0390625,99466.96875,99567.328125,99524.3125,99216.6953125,99555.578125,99561.046875,99539.640625,99480.65625,99884.5625,99633.578125,99311.484375,99612.84375,99630.578125,99342.859375,99451.0625,99354.7890625,99345.9375,99475.34375,99733.109375,99125.3125,99438.5625,99929.5703125,99836.9375,99850.5703125,99897.125,99348.2734375,99779.2578125,99305.546875,99251.15625,99409.921875,99694.40625,99697.6796875,99810.890625,99455.46875,99385.2421875,99332.09375,99388.9140625,99581.953125,99412.34375,99314.078125,99362.59375,99522.671875,99693.53125,99794.15625,99686.6875,99688.953125,99299.265625,99187.0390625,99874.8125,99341.578125,98977.9375,99110.3671875,99393.296875,99486.5,99640.375,99484.84375,99665.171875,99605.359375,99990.515625,99950.0390625,99634.9921875,99455.609375,99414.125,99241.921875,99592.34375,99420.8125,99799.078125,99518.21875,99585.890625,99618.1953125,99658.6328125,99720.671875,99774.828125,99296.34375,99281.625,99231.90625,99390.6875,99354.5859375,99641.5546875,99420.734375,99631.1171875,99435.8515625,99741.625,99553.796875,99710.3828125,99144.609375,99559.421875,99443.2890625,99346.203125,99359.8125,99661.546875,99662.421875,99774.796875,99440.171875
NA_1611,99148.703125,99295.75,98804.84375,98605.578125,98687.1875,98900.0,98645.71875,98842.734375,98794.1171875,99262.796875,98856.8125,99274.78125,98998.75,99323.703125,98448.265625,99056.375,98753.6953125,98780.25,98767.6328125,98836.25,98856.84375,99220.0703125,99311.6796875,98971.8828125,98937.640625,99067.140625,99107.65625,99068.1796875,98937.328125,98814.8359375,98822.8203125,98905.171875,98828.890625,98881.984375,98811.7578125,98949.359375,98849.734375,98755.8046875,98590.0625,98705.546875,98583.46875,98585.3203125,98807.0625,98844.1875,98856.8046875,98786.71875,99095.015625,99055.71875,98926.28125,99227.2109375,99240.640625,98669.375,98921.6640625,98832.453125,98600.578125,98762.5703125,98892.578125,98804.140625,99171.7734375,99053.28125,99328.703125,99062.65625,98279.1640625,98501.921875,98617.9453125,98700.3359375,98755.078125,98740.390625,98922.5,98714.84375,98959.578125,98839.34375,98817.2578125,98843.15625,98890.03125,98584.828125,98399.34375,98650.5,98889.25,98710.8359375,98688.65625,98718.1328125,98927.796875,99414.296875,99139.0703125,98735.1328125,99207.9296875,98506.15625,99063.0390625,98652.0390625,98668.328125,98640.0625,99008.859375,98922.171875,99064.125,99067.25,99244.6015625,98752.765625,98906.078125,98817.53125,98381.40625,98653.8515625,98663.890625,98501.53125,98884.8359375,99192.0859375,98930.515625,99146.40625,98843.671875,99137.5390625,99148.7890625,98688.0625,98814.8125,98297.125,98583.609375,98801.453125,98876.421875,98794.390625,98922.375,98953.875,98826.03125,98394.953125,98333.5078125,98667.390625,98757.734375,98609.6015625,98747.203125,98640.34375,98636.640625,98672.625,99040.03125,98717.6875,98736.96875,98939.8984375,98985.671875,98572.4609375,98550.8125,98557.96875,98604.6875,98373.90625,98654.765625,98773.90625,99130.7421875,99338.265625,98970.625,99022.953125,99075.578125,98592.734375,98693.359375,98599.25,98675.46875,98692.1328125,98838.9453125,98629.609375,99221.359375,98845.6875,99259.53125,98775.0390625,98682.96875,99018.328125,98915.3125,98623.6953125,98930.578125,98901.046875,98785.640625,98906.65625,99382.5625,99142.578125,98907.484375,98813.84375,98764.578125,98733.859375,98843.0625,98713.7890625,98757.9375,98744.34375,98955.109375,98624.3125,99020.5625,99172.5703125,99163.9375,98961.5703125,99137.125,98710.2734375,99168.2578125,98682.546875,98559.15625,98691.921875,98794.40625,98889.6796875,99307.890625,99062.46875,98858.2421875,98842.09375,98839.9140625,98851.953125,98665.34375,98645.078125,98750.59375,98896.671875,98846.53125,99084.15625,99114.6875,99254.953125,98800.265625,98756.0390625,99216.8125,98765.578125,98384.9375,98682.3671875,98722.296875,98771.5,98739.375,99011.84375,99103.171875,99019.359375,99475.515625,99454.0390625,98655.9921875,98701.609375,98842.125,98549.921875,98802.34375,98893.8125,98898.078125,98949.21875,98943.890625,98943.1953125,98984.6328125,99145.671875,99087.828125,98714.34375,98658.625,98629.90625,98743.6875,98642.5859375,98905.5546875,98816.734375,98991.1171875,98944.8515625,99218.625,98930.796875,99133.3828125,98453.609375,98844.421875,98813.2890625,98708.203125,98670.8125,98935.546875,98989.421875,99353.796875,98984.171875
NA_165,100576.703125,100775.75,100452.84375,100344.578125,100195.1875,100414.0,100396.71875,100495.734375,100520.1171875,100828.796875,100333.8125,100732.78125,100462.75,100800.703125,100253.265625,100694.375,100572.6953125,100402.25,100307.6328125,100366.25,100615.84375,100496.0703125,100842.6796875,100374.8828125,100099.640625,100397.140625,100788.65625,100645.1796875,100403.328125,100390.8359375,100325.8203125,100651.171875,100580.890625,100821.984375,100170.7578125,100331.359375,100298.734375,100465.8046875,100411.0625,100696.546875,100478.46875,100187.3203125,100215.0625,100464.1875,100810.8046875,100262.71875,100496.015625,100393.71875,100288.28125,100882.2109375,100847.640625,100317.375,100433.6640625,100364.453125,100275.578125,100433.5703125,100942.578125,100585.140625,100796.7734375,100526.28125,101248.703125,100868.65625,99907.1640625,100284.921875,100461.9453125,100289.3359375,100408.078125,100444.390625,100628.5,100528.84375,100336.578125,100278.34375,100278.2578125,100151.15625,100301.03125,100340.828125,100102.34375,100264.5,100299.25,100438.8359375,100466.65625,100190.1328125,100813.796875,100766.296875,100444.0703125,100066.1328125,100830.9296875,100082.15625,100826.0390625,100237.0390625,100265.328125,100369.0625,100741.859375,100616.171875,100541.125,100740.25,100632.6015625,100379.765625,100549.078125,100688.53125,99898.40625,100071.8515625,100168.890625,100238.53125,100832.8359375,100771.0859375,100456.515625,100577.40625,100349.671875,100440.5390625,100975.7890625,100307.0625,100491.8125,100071.125,100178.609375,100426.453125,100790.421875,100559.390625,100846.375,100520.875,100227.03125,99750.953125,100333.5078125,100117.390625,100373.734375,100041.6015625,100204.203125,100382.34375,100211.640625,100010.625,100742.03125,99952.6875,100342.96875,100347.8984375,100842.671875,100154.4609375,100427.8125,100131.96875,100084.6875,99978.90625,100565.765625,100385.90625,100599.7421875,100812.265625,100325.625,100454.953125,100674.578125,100037.734375,100466.359375,100191.25,100206.46875,100321.1328125,100484.9453125,100275.609375,100932.359375,100479.6875,100643.53125,100403.0390625,100196.96875,100773.328125,100569.3125,100181.6953125,100533.578125,100421.046875,100465.640625,100561.65625,100739.5625,100689.578125,100294.484375,100503.84375,100517.578125,100498.859375,100403.0625,100417.7890625,100214.9375,100498.34375,100756.109375,100158.3125,100327.5625,100842.5703125,100663.9375,100652.5703125,100637.125,100331.2734375,100688.2578125,100376.546875,100121.15625,100346.921875,100731.40625,100744.6796875,100945.890625,100684.46875,100273.2421875,100351.09375,100501.9140625,100627.953125,100322.34375,100110.078125,100227.59375,100484.671875,100807.53125,100762.15625,100467.6875,100498.953125,100320.265625,100075.0390625,100800.8125,100459.578125,100067.9375,100054.3671875,100306.296875,100464.5,100554.375,100592.84375,100645.171875,100488.359375,100892.515625,100964.0390625,100305.9921875,100327.609375,100476.125,100198.921875,100606.34375,100427.8125,101017.078125,100443.21875,100505.890625,100687.1953125,100511.6328125,100775.671875,100636.828125,100337.34375,100329.625,100122.90625,100237.6875,100281.5859375,100731.5546875,100656.734375,100558.1171875,100548.8515625,100556.625,100263.796875,100701.3828125,99873.609375,100339.421875,100224.2890625,100069.203125,100150.8125,100602.546875,100607.421875,100616.796875,100217.171875
NA_1685,98555.703125,98265.75,98228.84375,98528.578125,97896.1875,98105.0,98179.71875,98064.734375,97961.1171875,98334.796875,98402.8125,99254.78125,98181.75,98775.703125,98430.265625,98279.375,97924.6953125,98204.25,98003.6328125,98004.25,98260.84375,97841.0703125,98389.6796875,98129.8828125,98136.640625,98423.140625,98814.65625,98403.1796875,98399.328125,97946.8359375,97986.8203125,98096.171875,97779.890625,98567.984375,98114.7578125,97937.359375,98828.734375,98661.8046875,98160.0625,98565.546875,98193.46875,97856.3203125,98039.0625,98286.1875,98015.8046875,97985.71875,97948.015625,98073.71875,99007.28125,98431.2109375,98363.640625,98444.375,98232.6640625,98266.453125,98094.578125,98337.5703125,98017.578125,97952.140625,98133.7734375,98567.28125,98899.703125,98580.65625,98323.1640625,98236.921875,98309.9453125,97923.3359375,97795.078125,97968.390625,97931.5,98385.84375,98081.578125,98254.34375,97748.2578125,98685.15625,99055.03125,98149.828125,98156.34375,98233.5,97870.25,98028.8359375,98296.65625,98143.1328125,98257.796875,98102.296875,98216.0703125,98794.1328125,98431.9296875,98632.15625,98381.0390625,98018.0390625,98011.328125,97949.0625,97952.859375,98084.171875,98221.125,98407.25,98092.6015625,98448.765625,98472.078125,98315.53125,98402.40625,97949.8515625,97830.890625,97713.53125,98316.8359375,98300.0859375,98394.515625,98519.40625,98519.671875,98682.5390625,98503.7890625,98641.0625,98154.8125,98010.125,98210.609375,98150.453125,98185.421875,98278.390625,97693.375,98852.875,98657.03125,99032.953125,98199.5078125,97970.390625,98158.734375,98039.6015625,97729.203125,97691.34375,98136.640625,98038.625,98360.03125,98696.6875,98745.96875,98175.8984375,98981.671875,97885.4609375,98460.8125,97853.96875,97687.6875,97723.90625,98200.765625,97919.90625,97737.7421875,97995.265625,97934.625,98550.953125,97672.578125,98474.734375,98178.359375,97658.25,98034.46875,98034.1328125,98073.9453125,98162.609375,98666.359375,98392.6875,98485.53125,98504.0390625,99034.96875,98557.328125,98594.3125,98188.6953125,98178.578125,98199.046875,97796.640625,98209.65625,98430.5625,98847.578125,98185.484375,98555.84375,98572.578125,98477.859375,98363.0625,97873.7890625,98111.9375,98221.34375,98216.109375,97848.3125,98419.5625,98506.5703125,98641.9375,99119.5703125,98382.125,98221.2734375,98706.2578125,98000.546875,97657.15625,97963.921875,97879.40625,98184.6796875,98010.890625,97985.46875,98241.2421875,98430.09375,98191.9140625,98833.953125,98208.34375,98044.078125,97914.59375,98093.671875,98124.53125,98215.15625,98120.6875,98297.953125,98035.265625,97896.0390625,98735.8125,98497.578125,98178.9375,97752.3671875,98131.296875,98328.5,98153.375,97606.84375,98145.171875,98583.359375,98748.515625,98330.0390625,98856.9921875,98621.609375,98151.125,97856.921875,98166.34375,97939.8125,98513.078125,98397.21875,98625.890625,98302.1953125,98633.6328125,99131.671875,98642.828125,98235.34375,98384.625,97969.90625,97930.6875,97943.5859375,98168.5546875,98063.734375,98412.1171875,98232.8515625,98384.625,98211.796875,98405.3828125,98140.609375,98513.421875,97849.2890625,97727.203125,97860.8125,98058.546875,98076.421875,97968.796875,98200.171875
NA_1717,99390.703125,99054.75,99076.84375,99419.578125,98786.1875,98958.0,99038.71875,98874.734375,98760.1171875,99140.796875,99235.8125,100086.78125,99031.75,99628.703125,99334.265625,99227.375,98798.6953125,99058.25,98851.6328125,98754.25,99171.84375,98615.0703125,99366.6796875,98987.8828125,98953.640625,99340.140625,99587.65625,99306.1796875,99278.328125,98868.8359375,98774.8203125,98850.171875,98529.890625,99311.984375,98889.7578125,98816.359375,99452.734375,99486.8046875,99042.0625,99614.546875,99128.46875,98704.3203125,98835.0625,99102.1875,98862.8046875,98884.71875,98686.015625,98967.71875,99927.28125,99405.2109375,99299.640625,99269.375,99144.6640625,99044.453125,98886.578125,99117.5703125,98863.578125,98758.140625,98922.7734375,99502.28125,99755.703125,99517.65625,99249.1640625,99110.921875,99167.9453125,98865.3359375,98583.078125,98773.390625,98756.5,99298.84375,98956.578125,99215.34375,98703.2578125,99562.15625,100121.03125,99075.828125,99129.34375,99073.5,98614.25,98853.8359375,99161.65625,98798.1328125,99186.796875,98946.296875,99043.0703125,99636.1328125,99390.9296875,99581.15625,99326.0390625,98876.0390625,98814.328125,98690.0625,98841.859375,98943.171875,99119.125,99373.25,98916.6015625,99295.765625,99420.078125,99258.53125,99255.40625,98806.8515625,98679.890625,98518.53125,99127.8359375,99149.0859375,99301.515625,99306.40625,99290.671875,99591.5390625,99528.7890625,99573.0625,99032.8125,98889.125,98962.609375,98983.453125,99062.421875,99168.390625,98559.375,99663.875,99578.03125,100024.953125,99086.5078125,99015.390625,99181.734375,98967.6015625,98495.203125,98424.34375,98939.640625,98813.625,99162.03125,99600.6875,99652.96875,98937.8984375,100005.671875,98799.4609375,99434.8125,98790.96875,98489.6875,98453.90625,98974.765625,98788.90625,98625.7421875,98815.265625,98860.625,99388.953125,98725.578125,99430.734375,99108.359375,98538.25,98832.46875,98816.1328125,98780.9453125,99078.609375,99566.359375,99262.6875,99334.53125,99488.0390625,99993.96875,99491.328125,99545.3125,99132.6953125,98911.578125,98946.046875,98602.640625,98939.65625,99305.5625,99630.578125,98913.484375,99295.84375,99417.578125,99486.859375,99276.0625,98805.7890625,98844.9375,99064.34375,99034.109375,98639.3125,99144.5625,99385.5703125,99386.9375,99871.5703125,99216.125,99153.2734375,99573.2578125,98791.546875,98459.15625,98791.921875,98691.40625,99065.6796875,98914.890625,98926.46875,99050.2421875,99317.09375,99181.9140625,99809.953125,99152.34375,98904.078125,98751.59375,98881.671875,98924.53125,99170.15625,98989.6875,99123.953125,98820.265625,98693.0390625,99639.8125,99534.578125,99130.9375,98612.3671875,98864.296875,99094.5,98966.375,98377.84375,98974.171875,99285.359375,99664.515625,99015.0390625,99812.9921875,99468.609375,98990.125,98767.921875,98923.34375,98699.8125,99301.078125,99188.21875,99541.890625,99178.1953125,99515.6328125,99914.671875,99367.828125,99163.34375,99269.625,98884.90625,98660.6875,98584.5859375,98981.5546875,98811.734375,99229.1171875,99085.8515625,99301.625,98967.796875,99327.3828125,98931.609375,99466.421875,98822.2890625,98513.203125,98644.8125,98740.546875,98786.421875,98829.796875,98989.171875
NA_172,100065.703125,100175.75,100077.84375,100039.578125,99725.1875,99887.0,99915.71875,99961.734375,99875.1171875,100290.796875,99935.8125,100171.78125,100003.75,100187.703125,99948.265625,100255.375,100165.6953125,99899.25,99673.6328125,99839.25,100103.84375,99817.0703125,100311.6796875,99763.8828125,99620.640625,99927.140625,100264.65625,100198.1796875,99805.328125,99968.8359375,99765.8203125,100108.171875,100011.890625,100325.984375,99712.7578125,99694.359375,99736.734375,99936.8046875,99886.0625,100324.546875,100265.46875,99692.3203125,99670.0625,99971.1875,100315.8046875,99703.71875,99868.015625,99885.71875,99662.28125,100316.2109375,100428.640625,99925.375,100044.6640625,99794.453125,99843.578125,99888.5703125,100444.578125,100149.140625,100189.7734375,100123.28125,100797.703125,100457.65625,99445.1640625,100082.921875,100214.9453125,99814.3359375,99938.078125,99966.390625,100021.5,100159.84375,99726.578125,99807.34375,99881.2578125,99607.15625,99688.03125,99987.828125,99831.34375,99860.5,99723.25,99944.8359375,99951.65625,99675.1328125,100362.796875,100139.296875,99814.0703125,99423.1328125,100313.9296875,99782.15625,100383.0390625,99796.0390625,99757.328125,99898.0625,100138.859375,100071.171875,99948.125,100298.25,100046.6015625,99920.765625,100154.078125,100253.53125,99473.40625,99648.8515625,99625.890625,99826.53125,100391.8359375,100185.0859375,99930.515625,100049.40625,99867.671875,99947.5390625,100592.7890625,99938.0625,99999.8125,99730.125,99743.609375,99897.453125,100261.421875,100128.390625,100315.375,100004.875,99724.03125,99367.953125,100179.5078125,99736.390625,99908.734375,99585.6015625,99600.203125,99838.34375,99721.640625,99480.625,100316.03125,99475.6875,99946.96875,99834.8984375,100415.671875,99708.4609375,100290.8125,99736.96875,99545.6875,99503.90625,100089.765625,99950.90625,99954.7421875,100262.265625,99817.625,99935.953125,100232.578125,99685.734375,100045.359375,99792.25,99704.46875,99791.1328125,99943.9453125,99867.609375,100372.359375,100165.6875,99977.53125,100063.0390625,99814.96875,100208.328125,100164.3125,99766.6953125,100016.578125,99818.046875,99898.640625,99895.65625,99930.5625,100310.578125,99568.484375,99943.84375,100092.578125,100090.859375,100052.0625,99987.7890625,99570.9375,100047.34375,100162.109375,99704.3125,99695.5625,100467.5703125,100045.9375,100232.5703125,99995.125,99855.2734375,100127.2578125,99919.546875,99563.15625,99782.921875,100231.40625,100190.6796875,100313.890625,100246.46875,99710.2421875,99934.09375,100126.9140625,100255.953125,99890.34375,99572.078125,99714.59375,99961.671875,100327.53125,100255.15625,99931.6875,99892.953125,99817.265625,99625.0390625,100383.8125,100133.578125,99747.9375,99469.3671875,99790.296875,99891.5,100054.375,99963.84375,99993.171875,99915.359375,100309.515625,100345.0390625,100089.9921875,99915.609375,99979.125,99719.921875,100038.34375,99902.8125,100515.078125,99961.21875,100003.890625,100219.1953125,100036.6328125,100210.671875,99965.828125,99954.34375,99990.625,99653.90625,99684.6875,99739.5859375,100245.5546875,100286.734375,99993.1171875,100038.8515625,100253.625,99768.796875,100358.3828125,99563.609375,99963.421875,99799.2890625,99649.203125,99698.8125,100073.546875,100170.421875,100026.796875,99802.171875
NA_1792,97582.703125,97410.75,97398.84375,97657.578125,96949.1875,97153.0,97495.71875,97449.734375,97213.1171875,97760.796875,97200.8125,97976.78125,97292.75,97632.703125,97485.265625,97449.375,97258.6953125,97328.25,97416.6328125,97280.25,97649.84375,96960.0703125,97488.6796875,96886.8828125,97008.640625,97401.140625,97574.65625,97479.1796875,97398.328125,97343.8359375,97397.8203125,97448.171875,97148.890625,97575.984375,97033.7578125,96901.359375,97340.734375,97338.8046875,97175.0625,97768.546875,97606.46875,97241.3203125,97205.0625,97544.1875,97205.8046875,97077.71875,97106.015625,97273.71875,97674.28125,97684.2109375,97520.640625,97468.375,97414.6640625,97216.453125,97323.578125,97300.5703125,97485.578125,97114.140625,97406.7734375,97358.28125,98001.703125,97675.65625,97222.1640625,97557.921875,97409.9453125,97167.3359375,97355.078125,97297.390625,97365.5,97681.84375,96932.578125,97190.34375,97088.2578125,97385.15625,97815.03125,97427.828125,97162.34375,97473.5,97167.25,97523.8359375,97353.65625,96864.1328125,97476.796875,97367.296875,97165.0703125,97428.1328125,97708.9296875,97517.15625,97775.0390625,97207.0390625,97240.328125,97310.0625,97245.859375,97224.171875,97219.125,97450.25,97092.6015625,97260.765625,97575.078125,97495.53125,97065.40625,96984.8515625,97030.890625,97385.53125,97640.8359375,97678.0859375,97299.515625,97221.40625,97260.671875,97609.5390625,97756.7890625,97544.0625,97227.8125,97120.125,97125.609375,97231.453125,97732.421875,97339.390625,97390.375,97470.875,97614.03125,97870.953125,97498.5078125,97309.390625,97457.734375,97256.6015625,97097.203125,96977.34375,97174.640625,97072.625,97317.03125,97524.6875,97483.96875,97131.8984375,98047.671875,97076.4609375,97498.8125,97376.96875,97113.6875,96978.90625,97488.765625,97272.90625,96989.7421875,97334.265625,96940.625,97406.953125,97298.578125,97640.734375,97297.359375,97006.25,97333.46875,97231.1328125,97266.9453125,97130.609375,97657.359375,97325.6875,97264.53125,97518.0390625,97764.96875,97483.328125,97769.3125,97398.6953125,97399.578125,97328.046875,97359.640625,97203.65625,97363.5625,97535.578125,96716.484375,97112.84375,97478.578125,97515.859375,97402.0625,97299.7890625,97120.9375,97571.34375,97527.109375,96925.3125,96980.5625,97722.5703125,97412.9375,97729.5703125,97431.125,97333.2734375,97672.2578125,97306.546875,96967.15625,97109.921875,97433.40625,97537.6796875,97193.890625,97188.46875,97105.2421875,97288.09375,97445.9140625,97822.953125,97433.34375,97266.078125,97231.59375,97352.671875,97509.53125,97569.15625,97410.6875,97087.953125,96981.265625,96838.0390625,97858.8125,97556.578125,97162.9375,96940.3671875,97408.296875,97518.5,97458.375,97056.84375,97199.171875,97258.359375,97631.515625,97424.0390625,98000.9921875,97673.609375,97329.125,97370.921875,97424.34375,97310.8125,97648.078125,97370.21875,97431.890625,97459.1953125,97543.6328125,97735.671875,97379.828125,97424.34375,97444.625,97256.90625,97177.6875,97151.5859375,97419.5546875,97109.734375,97347.1171875,97239.8515625,97548.625,97172.796875,97549.3828125,97136.609375,97630.421875,97241.2890625,97179.203125,97277.8125,97184.546875,97311.421875,97100.796875,97242.171875
NA_229,98879.703125,98539.75,98610.84375,98905.578125,98224.1875,98376.0,98607.71875,98450.734375,98290.1171875,98755.796875,98540.8125,99509.78125,98525.75,99043.703125,98777.265625,98710.375,98300.6953125,98499.25,98460.6328125,98314.25,98773.84375,98132.0703125,98801.6796875,98348.8828125,98375.640625,98775.140625,98970.65625,98706.1796875,98707.328125,98399.8359375,98393.8203125,98388.171875,98058.890625,98771.984375,98353.7578125,98209.359375,98815.734375,98817.8046875,98468.0625,99086.546875,98736.46875,98314.3203125,98352.0625,98679.1875,98297.8046875,98367.71875,98251.015625,98503.71875,99247.28125,98876.2109375,98746.640625,98732.375,98601.6640625,98450.453125,98418.578125,98565.5703125,98421.578125,98235.140625,98442.7734375,98862.28125,99207.703125,98980.65625,98634.1640625,98659.921875,98621.9453125,98315.3359375,98229.078125,98323.390625,98310.5,98853.84375,98401.578125,98580.34375,98218.2578125,98948.15625,99494.03125,98607.828125,98553.34375,98621.5,98169.25,98485.8359375,98631.65625,98147.1328125,98606.796875,98513.296875,98470.0703125,98963.1328125,98879.9296875,99035.15625,98823.0390625,98323.0390625,98354.328125,98253.0625,98315.859375,98457.171875,98530.125,98819.25,98332.6015625,98662.765625,98834.078125,98832.53125,98621.40625,98269.8515625,98164.890625,98211.53125,98649.8359375,98726.0859375,98717.515625,98697.40625,98662.671875,99035.5390625,98984.7890625,98994.0625,98471.8125,98360.125,98408.609375,98450.453125,98708.421875,98602.390625,98231.375,99023.875,99009.03125,99510.953125,98639.5078125,98510.390625,98649.734375,98485.6015625,98056.203125,97879.34375,98415.640625,98271.625,98577.03125,99054.6875,99001.96875,98393.8984375,99440.671875,98327.4609375,98776.8125,98401.96875,98076.6875,98029.90625,98601.765625,98323.90625,98074.7421875,98396.265625,98277.625,98805.953125,98278.578125,98911.734375,98548.359375,98015.25,98412.46875,98370.1328125,98350.9453125,98481.609375,98968.359375,98647.6875,98696.53125,98960.0390625,99387.96875,98913.328125,99062.3125,98621.6953125,98490.578125,98439.046875,98245.640625,98390.65625,98695.5625,99006.578125,98197.484375,98569.84375,98838.578125,98918.859375,98725.0625,98300.7890625,98323.9375,98634.34375,98580.109375,98076.3125,98445.5625,98905.5703125,98787.9375,99216.5703125,98666.125,98598.2734375,98987.2578125,98356.546875,97974.15625,98261.921875,98257.40625,98620.6796875,98361.890625,98417.46875,98474.2421875,98716.09375,98660.9140625,99257.953125,98618.34375,98441.078125,98283.59375,98387.671875,98504.53125,98578.15625,98544.6875,98514.953125,98278.265625,98127.0390625,99031.8125,98948.578125,98553.9375,98075.3671875,98448.296875,98679.5,98541.375,97942.84375,98410.171875,98664.359375,99014.515625,98574.0390625,99292.9921875,99000.609375,98515.125,98369.921875,98462.34375,98279.8125,98768.078125,98630.21875,98899.890625,98698.1953125,98943.6328125,99270.671875,98776.828125,98691.34375,98715.625,98426.90625,98206.6875,98106.5859375,98498.5546875,98192.734375,98661.1171875,98553.8515625,98778.625,98427.796875,98786.3828125,98392.609375,98911.421875,98296.2890625,98114.203125,98255.8125,98241.546875,98317.421875,98258.796875,98461.171875
NA_241,101048.703125,101354.75,101588.84375,101916.578125,101633.1875,101094.0,100967.71875,101407.734375,100904.1171875,100894.796875,101429.8125,102571.78125,100778.75,101738.703125,102068.265625,101388.375,101432.6953125,101607.25,101026.6328125,100824.25,100593.84375,100975.0703125,101453.6796875,100878.8828125,101151.640625,101833.140625,102856.65625,101881.1796875,101935.328125,100916.8359375,101140.8203125,101007.171875,100804.890625,101163.984375,101161.7578125,100501.359375,102022.734375,102325.8046875,102092.0625,101597.546875,101407.46875,101329.3203125,100766.0625,100941.1875,101065.8046875,101086.71875,100854.015625,100970.71875,102937.28125,101799.2109375,101872.640625,101983.375,101904.6640625,101732.453125,101007.578125,101605.5703125,100911.578125,100801.140625,101012.7734375,101876.28125,101884.703125,101630.65625,101926.1640625,101886.921875,101581.9453125,101501.3359375,100980.078125,101131.390625,100980.5,100760.84375,101472.578125,100985.34375,101023.2578125,101253.15625,102353.03125,101106.828125,101503.34375,100965.5,100974.25,100895.8359375,100904.65625,101119.1328125,102212.796875,100089.296875,101277.0703125,102504.1328125,102142.9296875,101350.15625,101594.0390625,101395.0390625,100990.328125,101456.0625,101223.859375,100792.171875,101473.125,101548.25,101345.6015625,101531.765625,102140.078125,101525.53125,101606.40625,101003.8515625,100628.890625,101097.53125,101338.8359375,100730.0859375,101231.515625,102247.40625,101856.671875,101694.5390625,102295.7890625,101911.0625,101646.8125,101222.125,101635.609375,100955.453125,100806.421875,101688.390625,100240.375,102087.875,101922.03125,101583.953125,100795.5078125,100846.390625,101946.734375,101016.6015625,100721.203125,101032.34375,101434.640625,100764.625,101177.03125,102243.6875,102016.96875,101476.8984375,101715.671875,101532.4609375,101630.8125,101226.96875,100683.6875,100763.90625,100402.765625,100611.90625,101098.7421875,100816.265625,101114.625,101153.953125,101487.578125,101831.734375,101166.359375,100952.25,100810.46875,100746.1328125,100452.9453125,101793.609375,102056.359375,101675.6875,102053.53125,101602.0390625,102348.96875,102225.328125,101622.3125,101453.6953125,101327.578125,100948.046875,100572.640625,100782.65625,101323.5625,102338.578125,101507.484375,102454.84375,101908.578125,101465.859375,101706.0625,100958.7890625,101063.9375,101085.34375,100991.109375,100901.3125,102012.5625,101507.5703125,102114.9375,102293.5703125,101602.125,101166.2734375,101829.2578125,101087.546875,100994.15625,100890.921875,100789.40625,101275.6796875,100614.890625,100992.46875,101225.2421875,101677.09375,101760.9140625,102082.953125,101745.34375,101001.078125,100901.59375,101354.671875,100843.53125,101684.15625,100762.6875,101754.953125,101164.265625,101481.0390625,102046.8125,102177.578125,101163.9375,101299.3671875,101088.296875,100612.5,100867.375,100781.84375,101380.171875,101662.359375,101968.515625,101668.0390625,102073.9921875,101933.609375,101248.125,101089.921875,101211.34375,100747.8125,101954.078125,101279.21875,101564.890625,100817.1953125,101809.6328125,102101.671875,101434.828125,101697.34375,101717.625,101571.90625,101163.6875,101252.5859375,100857.5546875,101032.734375,101493.1171875,101251.8515625,101768.625,101446.796875,101753.3828125,101475.609375,102081.421875,100956.2890625,101052.203125,100895.8125,101042.546875,101473.421875,100729.796875,101221.171875
NA_242,99322.703125,99367.75,99142.84375,99165.578125,98769.1875,98985.0,99114.71875,99185.734375,99122.1171875,99576.796875,98976.8125,99507.78125,99081.75,99374.703125,99053.265625,99307.375,99157.6953125,99110.25,99064.6328125,99049.25,99223.84375,98929.0703125,99370.6796875,98849.8828125,98695.640625,98968.140625,99311.65625,99312.1796875,99104.328125,99077.8359375,99128.8203125,99373.171875,99174.890625,99386.984375,98750.7578125,98897.359375,99015.734375,99127.8046875,98999.0625,99409.546875,99153.46875,98940.3203125,98848.0625,99213.1875,99223.8046875,98835.71875,99017.015625,99040.71875,99169.28125,99568.2109375,99411.640625,99080.375,99116.6640625,99026.453125,98941.578125,99090.5703125,99593.578125,99047.140625,99385.7734375,99080.28125,99929.703125,99523.65625,98789.1640625,99075.921875,99169.9453125,98959.3359375,99122.078125,99085.390625,99264.5,99323.84375,98697.578125,98922.34375,98859.2578125,98849.15625,99217.03125,99049.828125,98731.34375,99108.5,98957.25,99240.8359375,99070.65625,98741.1328125,99384.796875,99277.296875,99043.0703125,98928.1328125,99532.9296875,98819.15625,99639.0390625,99001.0390625,98975.328125,99070.0625,99331.859375,99102.171875,99087.125,99259.25,99027.6015625,98992.765625,99335.078125,99252.53125,98588.40625,98675.8515625,98781.890625,99044.53125,99508.8359375,99514.0859375,99030.515625,99017.40625,99020.671875,99178.5390625,99656.7890625,99060.0625,99073.8125,98803.125,98759.609375,99055.453125,99496.421875,99110.390625,99447.375,99156.875,99119.03125,98866.953125,99206.5078125,98920.390625,99137.734375,98828.6015625,98933.203125,98973.34375,98824.640625,98821.625,99316.03125,98895.6875,99097.96875,99036.8984375,99617.671875,98719.4609375,99147.8125,98893.96875,98862.6875,98720.90625,99184.765625,99026.90625,99015.7421875,99317.265625,98772.625,99130.953125,99216.578125,99032.734375,99106.359375,98844.25,99007.46875,98969.1328125,99068.9453125,98860.609375,99569.359375,99098.6875,99137.53125,99061.0390625,99053.96875,99235.328125,99268.3125,98960.6953125,99200.578125,99113.046875,99180.640625,99031.65625,99246.5625,99239.578125,98658.484375,99082.84375,99224.578125,99105.859375,99089.0625,99088.7890625,98872.9375,99168.34375,99365.109375,98693.3125,98795.5625,99518.5703125,99270.9375,99413.5703125,99337.125,98989.2734375,99387.2578125,99044.546875,98813.15625,98976.921875,99406.40625,99345.6796875,99344.890625,99094.46875,98831.2421875,98960.09375,99161.9140625,99410.953125,99099.34375,98901.078125,98959.59375,99142.671875,99443.53125,99468.15625,99174.6875,98968.953125,98822.265625,98624.0390625,99605.8125,99117.578125,98710.9375,98669.3671875,99048.296875,99110.5,99298.375,99039.84375,99142.171875,99086.359375,99442.515625,99436.0390625,99368.9921875,99109.609375,99107.125,98978.921875,99233.34375,99068.8125,99574.078125,99079.21875,99134.890625,99268.1953125,99215.6328125,99312.671875,99230.828125,99004.34375,99026.625,98863.90625,98980.6875,98985.5859375,99335.5546875,99157.734375,99161.1171875,99068.8515625,99300.625,98982.796875,99339.3828125,98687.609375,99240.421875,99002.2890625,98918.203125,98988.8125,99227.546875,99220.421875,99125.796875,98923.171875
NA_284,98306.703125,97981.75,98060.84375,98341.578125,97663.1875,97804.0,98095.71875,97959.734375,97767.1171875,98265.796875,97927.8125,98899.78125,97962.75,98436.703125,98211.265625,98144.375,97765.6953125,97943.25,97966.6328125,97818.25,98268.84375,97593.0703125,98228.6796875,97730.8828125,97779.640625,98184.140625,98362.65625,98124.1796875,98125.328125,97876.8359375,97912.8203125,97891.171875,97561.890625,98226.984375,97787.7578125,97616.359375,98204.734375,98181.8046875,97882.0625,98511.546875,98219.46875,97813.3203125,97824.0625,98173.1875,97754.8046875,97818.71875,97731.015625,97955.71875,98605.28125,98308.2109375,98163.640625,98170.375,98057.6640625,97877.453125,97902.578125,98013.5703125,97910.578125,97706.140625,97926.7734375,98237.28125,98628.703125,98393.65625,98030.1640625,98144.921875,98070.9453125,97770.3359375,97767.078125,97825.390625,97815.5,98329.84375,97827.578125,97975.34375,97676.2578125,98329.15625,98854.03125,98076.828125,97967.34375,98098.5,97680.25,98012.8359375,98075.65625,97569.1328125,98062.796875,97984.296875,97888.0703125,98337.1328125,98328.9296875,98447.15625,98275.0390625,97771.0390625,97846.328125,97772.0625,97779.859375,97921.171875,97956.125,98235.25,97753.6015625,98050.765625,98244.078125,98292.53125,98024.40625,97708.8515625,97640.890625,97767.53125,98123.8359375,98213.0859375,98140.515625,98089.40625,98055.671875,98441.5390625,98408.7890625,98406.0625,97910.8125,97802.125,97857.609375,97905.453125,98226.421875,98046.390625,97766.375,98410.875,98425.03125,98912.953125,98101.5078125,97958.390625,98096.734375,97940.6015625,97564.203125,97381.34375,97875.640625,97728.625,98008.03125,98461.6875,98369.96875,97815.8984375,98835.671875,97778.4609375,98183.8125,97909.96875,97591.6875,97536.90625,98108.765625,97802.90625,97527.7421875,97874.265625,97685.625,98205.953125,97759.578125,98355.734375,97976.359375,97489.25,97904.46875,97846.1328125,97848.9453125,97910.609375,98386.359375,98049.6875,98070.53125,98366.0390625,98766.96875,98310.328125,98502.3125,98067.6953125,97988.578125,97920.046875,97771.640625,97847.65625,98124.5625,98389.578125,97558.484375,97926.84375,98236.578125,98321.859375,98147.0625,97777.7890625,97787.9375,98126.34375,98070.109375,97533.3125,97831.5625,98348.5703125,98184.9375,98584.5703125,98085.125,98033.2734375,98399.2578125,97843.546875,97463.15625,97728.921875,97780.40625,98104.6796875,97791.890625,97866.46875,97885.2421875,98107.09375,98084.9140625,98644.953125,98071.34375,97912.078125,97773.59375,97879.671875,98008.53125,98057.15625,98021.6875,97910.953125,97707.265625,97547.0390625,98465.8125,98347.578125,97974.9375,97545.3671875,97954.296875,98172.5,98027.375,97463.84375,97851.171875,98062.359375,98402.515625,98027.0390625,98718.9921875,98443.609375,97971.125,97880.921875,97958.34375,97792.8125,98229.078125,98078.21875,98297.890625,98145.1953125,98345.6328125,98649.671875,98182.828125,98134.34375,98146.625,97892.90625,97703.6875,97612.5859375,97976.5546875,97628.734375,98089.1171875,97980.8515625,98228.625,97871.796875,98225.3828125,97847.609375,98350.421875,97784.2890625,97655.203125,97777.8125,97732.546875,97814.421875,97719.796875,97916.171875
NA_328,100368.703125,99567.75,99306.84375,100482.578125,101080.1875,100878.0,100932.71875,101402.734375,100686.1171875,99791.796875,99643.8125,99520.78125,98570.75,100403.703125,99822.265625,100220.375,100679.6953125,101390.25,101050.6328125,100620.25,99954.84375,99956.0703125,99550.6796875,99441.8828125,99560.640625,99624.140625,101575.65625,101845.1796875,101208.328125,100729.8359375,101150.8203125,100912.171875,100449.890625,99929.984375,98831.7578125,99100.359375,99330.734375,100065.8046875,100604.0625,100541.546875,100793.46875,100752.3203125,101106.0625,100791.1875,100529.8046875,99943.71875,100713.015625,99140.71875,100718.28125,99305.2109375,100453.640625,100362.375,101144.6640625,101115.453125,100893.578125,101052.5703125,100466.578125,99811.140625,99576.7734375,99982.28125,100564.703125,100202.65625,99894.1640625,100657.921875,100503.9453125,100884.3359375,100721.078125,100979.390625,100347.5,99582.84375,100238.578125,98935.34375,99637.2578125,100798.15625,100734.03125,100035.828125,100801.34375,100980.5,100999.25,100680.8359375,100285.65625,100290.1328125,100888.796875,98694.296875,100044.0703125,100637.1328125,100855.9296875,99638.15625,100739.0390625,100921.0390625,100910.328125,100995.0625,100379.859375,99554.171875,99323.125,99869.25,100329.6015625,99617.765625,100056.078125,101287.53125,100738.40625,100943.8515625,100724.890625,100461.53125,100258.8359375,100129.0859375,99897.515625,100956.40625,100296.671875,101121.5390625,100663.7890625,101104.0625,101168.8125,100820.125,101058.609375,100798.453125,99978.421875,100090.390625,99076.375,100310.875,99410.03125,99557.953125,99296.5078125,100032.390625,100900.734375,100730.6015625,101007.203125,100983.34375,100562.640625,99233.625,100561.03125,100529.6875,100187.96875,101556.8984375,100195.671875,100276.4609375,100661.8125,100770.96875,100874.6875,100428.90625,99344.765625,99568.90625,100131.7421875,99844.265625,100351.625,99359.953125,99875.578125,100547.734375,100395.359375,100858.25,100922.46875,101027.1328125,99863.9453125,101113.609375,100323.359375,99712.6875,99917.53125,99332.0390625,100989.96875,101571.328125,101090.3125,101184.6953125,101539.578125,100460.046875,99893.640625,100025.65625,101131.5625,100958.578125,99266.484375,100484.84375,100321.578125,100079.859375,101435.0625,100819.7890625,101101.9375,100385.34375,100360.109375,99926.3125,99802.5625,99247.5703125,100187.9375,100630.5703125,100432.125,99787.2734375,101154.2578125,100895.546875,100832.15625,101162.921875,100427.40625,99761.6796875,99887.890625,98791.46875,98594.2421875,98810.09375,99567.9140625,99834.953125,101064.34375,100962.078125,101239.59375,100911.671875,100604.53125,100099.15625,99175.6875,100618.953125,100713.265625,100811.0390625,101095.8125,100325.578125,100555.9375,100653.3671875,101186.296875,100304.5,100178.375,100392.84375,100932.171875,100077.359375,99874.515625,101631.0390625,101225.9921875,100170.609375,100363.125,100634.921875,101418.34375,100886.8125,101485.078125,99671.21875,99765.890625,99344.1953125,99953.6328125,101565.671875,100302.828125,100303.34375,100580.625,101255.90625,101138.6875,101573.5859375,100423.5546875,100401.734375,99782.1171875,98971.8515625,100384.625,100116.796875,101691.3828125,101028.609375,100726.421875,100671.2890625,101072.203125,100405.8125,100479.546875,100661.421875,99822.796875,99011.171875
NA_350,93467.703125,93498.75,93139.84375,93213.578125,93166.1875,93245.0,93250.71875,93247.734375,93108.1171875,93286.796875,93223.8125,93453.78125,93471.75,93312.703125,93167.265625,93208.375,93135.6953125,93229.25,93261.6328125,93255.25,93156.84375,93253.0703125,93345.6796875,93281.8828125,93401.640625,93436.140625,93244.65625,93179.1796875,93086.328125,93153.8359375,93304.8203125,93188.171875,93066.890625,93095.984375,93373.7578125,93378.359375,93520.734375,93206.8046875,93070.0625,93131.546875,93102.46875,93082.3203125,93287.0625,93252.1875,93151.8046875,93135.71875,93281.015625,93457.71875,93425.28125,93355.2109375,93295.640625,93214.375,93198.6640625,93224.453125,93228.578125,93232.5703125,93098.578125,93143.140625,93307.7734375,93455.28125,93476.703125,93280.65625,93148.1640625,93145.921875,93070.9453125,92976.3359375,93209.078125,93182.390625,93163.5,93107.84375,93319.578125,93347.34375,93392.2578125,93361.15625,93250.03125,93134.828125,93161.34375,93160.5,93255.25,93175.8359375,93186.65625,93123.1328125,93259.796875,93416.296875,93365.0703125,93319.1328125,93246.9296875,93159.15625,93116.0390625,93153.0390625,93250.328125,93127.0625,93197.859375,93088.171875,93332.125,93373.25,93411.6015625,93324.765625,93272.078125,93102.53125,93025.40625,93172.8515625,93241.890625,93127.53125,93067.8359375,93277.0859375,93391.515625,93448.40625,93448.671875,93398.5390625,93249.7890625,93188.0625,93121.8125,93104.125,93237.609375,93199.453125,93146.421875,93075.390625,93192.375,93252.875,93313.03125,93109.953125,93121.5078125,93076.390625,93048.734375,93162.6015625,93189.203125,93140.34375,93011.640625,93322.625,93327.03125,93394.6875,93267.96875,93334.8984375,93253.671875,93123.4609375,93024.8125,93097.96875,93131.6875,93141.90625,93221.765625,93178.90625,93349.7421875,93407.265625,93439.625,93310.953125,93220.578125,93169.734375,93069.359375,93119.25,93237.46875,93192.1328125,93258.9453125,93182.609375,93447.359375,93291.6875,93417.53125,93228.0390625,93309.96875,93107.328125,93197.3125,93165.6953125,93275.578125,93217.046875,93074.640625,93186.65625,93310.5625,93405.578125,93457.484375,93235.84375,93202.578125,93135.859375,93208.0625,93144.7890625,93325.9375,93237.34375,93177.109375,93166.3125,93407.5625,93389.5703125,93486.9375,93370.5703125,93328.125,93094.2734375,93175.2578125,93180.546875,93267.15625,93172.921875,93134.40625,93155.6796875,93137.890625,93209.46875,93377.2421875,93413.09375,93225.9140625,93128.953125,93144.34375,93259.078125,93312.59375,93203.671875,93269.53125,93195.15625,93314.6875,93385.953125,93426.265625,93307.0390625,93370.8125,93120.578125,93114.9375,93128.3671875,93333.296875,93240.5,93117.375,93126.84375,93318.171875,93471.359375,93524.515625,93412.0390625,93201.9921875,93250.609375,93139.125,93239.921875,93309.34375,93277.8125,93119.078125,93144.21875,93307.890625,93379.1953125,93415.6328125,93254.671875,93305.828125,93190.34375,93038.625,93216.90625,93281.6875,93229.5859375,93217.5546875,93119.734375,93305.1171875,93350.8515625,95252.625,95178.796875,95162.3828125,94970.609375,94961.421875,95000.2890625,95050.203125,95030.8125,94998.546875,95005.421875,95117.796875,95256.171875
NA_355,102139.703125,102132.75,101567.84375,101635.578125,101430.1875,101622.0,101513.71875,101614.734375,101327.1171875,102023.796875,101752.8125,102330.78125,102181.75,102079.703125,101571.265625,101816.375,101560.6953125,101475.25,101545.6328125,101622.25,101502.84375,101924.0703125,101926.6796875,101930.8828125,101981.640625,102257.140625,101798.65625,101702.1796875,101568.328125,101419.8359375,101670.8203125,101529.171875,101188.890625,101464.984375,101949.7578125,101902.359375,102398.734375,101707.8046875,101346.0625,101515.546875,101293.46875,101187.3203125,101651.0625,101521.1875,101490.8046875,101566.71875,101921.015625,102116.71875,102071.28125,101948.2109375,102073.640625,101642.375,101645.6640625,101545.453125,101481.578125,101513.5703125,101369.578125,101407.140625,101811.7734375,102203.28125,102227.703125,101959.65625,101371.1640625,101481.921875,101404.9453125,101229.3359375,101458.078125,101356.390625,101385.5,101614.84375,101860.578125,101943.34375,101905.2578125,101963.15625,101748.03125,101454.828125,101394.34375,101448.5,101611.25,101460.8359375,101396.65625,101505.1328125,101854.796875,102194.296875,102209.0703125,101913.1328125,101948.9296875,101585.15625,101585.0390625,101398.0390625,101503.328125,101416.0625,101513.859375,101490.171875,102022.125,101877.25,102221.6015625,101746.765625,101691.078125,101540.53125,101194.40625,101490.8515625,101525.890625,101192.53125,101325.8359375,101946.0859375,101952.515625,101999.40625,102028.671875,102093.5390625,101789.7890625,101534.0625,101379.8125,101233.125,101469.609375,101531.453125,101346.421875,101413.390625,101856.375,101804.875,102045.03125,101775.953125,101532.5078125,101452.390625,101309.734375,101385.6015625,101510.203125,101251.34375,101352.640625,101715.625,101770.03125,101981.6875,101907.96875,101939.8984375,101727.671875,101300.4609375,101330.8125,101371.96875,101391.6875,101228.90625,101312.765625,101679.90625,101893.7421875,102160.265625,102008.625,101925.953125,101718.578125,101519.734375,101383.359375,101239.25,101578.46875,101317.1328125,101538.9453125,101608.609375,102166.359375,101785.6875,102119.53125,101678.0390625,101894.96875,101529.328125,101577.3125,101397.6953125,101563.578125,101547.046875,101324.640625,101643.65625,102148.5625,102109.578125,102234.484375,101800.84375,101725.578125,101473.859375,101629.0625,101465.7890625,101635.9375,101480.34375,101528.109375,101562.3125,102115.5625,102043.5703125,102347.9375,102117.5703125,101921.125,101378.2734375,101675.2578125,101533.546875,101562.15625,101415.921875,101408.40625,101483.6796875,101817.890625,101676.46875,101949.2421875,102028.09375,101503.9140625,101519.953125,101495.34375,101487.078125,101627.59375,101474.671875,101541.53125,101787.15625,101931.6875,102069.953125,101839.265625,101642.0390625,102011.8125,101436.578125,101331.9375,101238.3671875,101644.296875,101343.5,101429.375,101635.84375,101879.171875,102150.359375,102543.515625,102004.0390625,101723.9921875,101657.609375,101456.125,101424.921875,101567.34375,101613.8125,101413.078125,101605.21875,101843.890625,101786.1953125,102116.6328125,101751.671875,102043.828125,101449.34375,101319.625,101393.90625,101495.6875,101399.5859375,101540.5546875,101451.734375,101966.1171875,101879.8515625,102038.625,101908.796875,101823.3828125,101413.609375,101471.421875,101489.2890625,101451.203125,101333.8125,101370.546875,101573.421875,102051.796875,101985.171875
NA_363,98643.703125,98391.75,98313.84375,98573.578125,97905.1875,98052.0,98270.71875,98151.734375,98059.1171875,98493.796875,98333.8125,99297.78125,98327.75,98886.703125,98514.265625,98307.375,97995.6953125,98171.25,98133.6328125,98149.25,98419.84375,97973.0703125,98405.6796875,98149.8828125,98183.640625,98496.140625,98855.65625,98424.1796875,98391.328125,97950.8359375,98132.8203125,98165.171875,97902.890625,98653.984375,98209.7578125,97994.359375,98905.734375,98654.8046875,98205.0625,98499.546875,98301.46875,97965.3203125,98090.0625,98383.1875,98050.8046875,98022.71875,98150.015625,98196.71875,98989.28125,98540.2109375,98419.640625,98489.375,98197.6640625,98222.453125,98178.578125,98325.5703125,98071.578125,98033.140625,98340.7734375,98514.28125,99007.703125,98648.65625,98303.1640625,98282.921875,98265.9453125,97851.3359375,97995.078125,98089.390625,98066.5,98465.84375,98121.578125,98236.34375,97844.2578125,98720.15625,98960.03125,98156.828125,98104.34375,98287.5,97997.25,98164.8359375,98237.65625,98159.1328125,98280.796875,98285.296875,98311.0703125,98741.1328125,98498.9296875,98626.15625,98342.0390625,97966.0390625,98098.328125,98088.0625,97982.859375,98198.171875,98265.125,98412.25,98179.6015625,98480.765625,98477.078125,98361.53125,98330.40625,97925.8515625,97901.890625,97914.53125,98412.8359375,98470.0859375,98423.515625,98531.40625,98541.671875,98728.5390625,98514.7890625,98574.0625,98175.8125,98038.125,98241.609375,98140.453125,98319.421875,98259.390625,97993.375,98822.875,98695.03125,99080.953125,98328.5078125,97965.390625,98090.734375,98004.6015625,97851.203125,97750.34375,98204.640625,98118.625,98336.03125,98796.6875,98740.96875,98285.8984375,98926.671875,97935.4609375,98300.8125,97931.96875,97878.6875,97865.90625,98366.765625,98019.90625,97825.7421875,98213.265625,98024.625,98624.953125,97734.578125,98435.734375,98085.359375,97702.25,98139.46875,98128.1328125,98267.9453125,98148.609375,98668.359375,98401.6875,98477.53125,98547.0390625,99026.96875,98549.328125,98591.3125,98180.6953125,98281.578125,98262.046875,97960.640625,98303.65625,98464.5625,98861.578125,98212.484375,98549.84375,98611.578125,98431.859375,98349.0625,97774.7890625,98186.9375,98274.34375,98308.109375,97904.3125,98381.5625,98619.5703125,98731.9375,99142.5703125,98485.125,98260.2734375,98645.2578125,98099.546875,97735.15625,98004.921875,97996.40625,98313.6796875,98076.890625,98073.46875,98303.2421875,98452.09375,98197.9140625,98762.953125,98176.34375,98132.078125,97974.59375,98125.671875,98258.53125,98161.15625,98231.6875,98322.953125,98130.265625,98007.0390625,98746.8125,98464.578125,98152.9375,97740.3671875,98234.296875,98438.5,98256.375,97763.84375,98202.171875,98647.359375,98748.515625,98574.0390625,98840.9921875,98753.609375,98189.125,97891.921875,98314.34375,98035.8125,98526.078125,98451.21875,98619.890625,98427.1953125,98715.6328125,99142.671875,98716.828125,98300.34375,98371.625,97996.90625,98048.6875,98059.5859375,98142.5546875,98074.734375,98478.1171875,98324.8515625,98430.625,98320.796875,98395.3828125,98151.609375,98512.421875,97779.2890625,97844.203125,97962.8125,98137.546875,98196.421875,97980.796875,98258.171875
NA_371,87706.703125,87639.75,87789.84375,87873.578125,87683.1875,87977.0,88016.71875,87952.734375,87980.1171875,87890.796875,88167.8125,88237.78125,88177.75,87815.703125,87780.265625,87603.375,87959.6953125,87933.25,87948.6328125,88081.25,87983.84375,87889.0703125,87741.6796875,87568.8828125,87747.640625,88186.140625,87639.65625,87696.1796875,87785.328125,87905.8359375,88067.8203125,88119.171875,87891.890625,88190.984375,88199.7578125,87529.359375,88285.734375,87816.8046875,87352.0625,87379.546875,87834.46875,87829.3203125,88058.0625,88087.1875,88064.8046875,88041.71875,87674.015625,87693.71875,87798.28125,87871.2109375,87940.640625,87983.375,87691.6640625,88032.453125,87996.578125,87967.5703125,87869.578125,87634.140625,88245.7734375,87860.28125,87900.703125,88002.65625,87638.1640625,87777.921875,87752.9453125,87581.3359375,87961.078125,88026.390625,87970.5,87883.84375,87955.578125,87919.34375,87397.2578125,88058.15625,87291.03125,87605.828125,87909.34375,88073.5,88011.25,88000.8359375,88077.65625,88029.1328125,87351.796875,88062.296875,88236.0703125,87517.1328125,87864.9296875,87726.15625,87854.0390625,87790.0390625,87981.328125,87845.0625,87905.859375,87878.171875,88071.125,87621.25,87439.6015625,87651.765625,87820.078125,87688.53125,87835.40625,87878.8515625,87918.890625,87812.53125,88171.8359375,88262.0859375,88043.515625,87538.40625,88268.671875,87718.5390625,87499.7890625,87809.0625,87799.8125,87731.125,88120.609375,87973.453125,88062.421875,87856.390625,87707.375,87942.875,87572.03125,87720.953125,87669.5078125,87358.390625,87652.734375,87849.6015625,87944.203125,87842.34375,87874.640625,88018.625,87765.03125,87476.6875,87983.96875,87612.8984375,87302.671875,87441.4609375,87652.8125,87633.96875,87826.6875,87856.90625,88112.765625,87909.90625,87504.7421875,88312.265625,87775.625,87851.953125,87078.578125,87618.734375,87852.359375,87672.25,88011.46875,88039.1328125,88285.9453125,87851.609375,87768.359375,87230.6875,88154.53125,87908.0390625,87904.96875,87804.328125,87994.3125,87921.6953125,88028.578125,88033.046875,87722.640625,88274.65625,88009.5625,88172.578125,88225.484375,87515.84375,87583.578125,87673.859375,87896.0625,87739.7890625,88074.9375,88030.34375,87974.109375,87794.3125,87947.5625,87881.5703125,88434.9375,88100.5703125,88039.125,87783.2734375,87837.2578125,87925.546875,87899.15625,87890.921875,87862.40625,88022.6796875,87829.890625,87361.46875,87734.2421875,88096.09375,87501.9140625,87908.953125,87851.34375,88024.078125,88002.59375,88052.671875,88098.53125,87598.15625,87798.6875,87848.953125,87817.265625,87292.0390625,87616.8125,87638.578125,87874.9375,87872.3671875,88085.296875,88061.5,87975.375,88087.84375,87559.171875,88494.359375,87930.515625,87731.0390625,87589.9921875,87749.609375,87901.125,87851.921875,88264.34375,88030.8125,87989.078125,88153.21875,88048.890625,87922.1953125,87992.6328125,87216.671875,88116.828125,87734.34375,87655.625,87926.90625,88037.6875,88013.5859375,87886.5546875,88131.734375,88127.1171875,87724.8515625,87687.625,88154.796875,87765.3828125,88012.609375,88056.421875,87965.2890625,88132.203125,88124.8125,88393.546875,88257.421875,87934.796875,88320.171875
NA_377,94976.703125,94935.75,94921.84375,95368.578125,95145.1875,95198.0,95039.71875,95196.734375,94897.1171875,94876.796875,95097.8125,95790.78125,94553.75,95471.703125,95130.265625,94973.375,94886.6953125,95359.25,94958.6328125,94966.25,94830.84375,94628.0703125,94918.6796875,94653.8828125,94781.640625,95153.140625,96063.65625,95540.1796875,95464.328125,94959.8359375,95057.8203125,95148.171875,94882.890625,95358.984375,94928.7578125,94302.359375,95645.734375,95638.8046875,95118.0625,95137.546875,95107.46875,95092.3203125,95071.0625,95144.1875,95130.8046875,95002.71875,94539.015625,94363.71875,95899.28125,95040.2109375,95079.640625,95453.375,95401.6640625,95618.453125,95193.578125,95584.5703125,94971.578125,94569.140625,94639.7734375,95186.28125,95542.703125,95106.65625,95149.1640625,95309.921875,95292.9453125,95141.3359375,94819.078125,95270.390625,94840.5,94579.84375,94751.578125,94713.34375,94365.2578125,95382.15625,95375.03125,94598.828125,95186.34375,95085.5,95145.25,95003.8359375,95297.65625,95163.1328125,95314.796875,94205.296875,94848.0703125,95708.1328125,95123.9296875,95036.15625,95192.0390625,95143.0390625,94891.328125,95295.0625,94982.859375,94362.171875,95002.125,94921.25,94783.6015625,95057.765625,95286.078125,95164.53125,95318.40625,94943.8515625,94830.890625,94749.53125,95210.8359375,94709.0859375,94859.515625,95563.40625,95425.671875,95342.5390625,95272.7890625,95488.0625,95280.8125,94983.125,95555.609375,95052.453125,94809.421875,95382.390625,93939.375,95773.875,95275.03125,95132.953125,94582.5078125,94870.390625,95405.734375,94891.6015625,94840.203125,95002.34375,95144.640625,94609.625,94984.03125,95410.6875,95484.96875,95180.8984375,95426.671875,94850.4609375,95270.8125,94917.96875,94661.6875,94733.90625,94641.765625,94565.90625,94443.7421875,94510.265625,94541.625,95083.953125,94426.578125,95297.734375,94857.359375,94837.25,95095.46875,95064.1328125,94927.9453125,95494.609375,95480.359375,95046.6875,95345.53125,94760.0390625,95688.96875,95601.328125,95357.3125,95357.6953125,95326.578125,95104.046875,94604.640625,95086.65625,95244.5625,95801.578125,95117.484375,95707.84375,95466.578125,95080.859375,95523.0625,94990.7890625,95092.9375,95107.34375,95092.109375,94654.3125,95661.5625,94972.5703125,95547.9375,95967.5703125,95181.125,94827.2734375,95662.2578125,95171.546875,94906.15625,94920.921875,94692.40625,94921.6796875,94509.890625,94521.46875,94964.2421875,95109.09375,95028.9140625,95363.953125,95412.34375,94964.078125,95058.59375,95426.671875,94977.53125,95409.15625,94529.6875,95223.953125,94942.265625,94878.0390625,95513.8125,95396.578125,95091.9375,94981.3671875,95138.296875,95013.5,95012.375,94799.84375,95094.171875,95585.359375,95414.515625,95359.0390625,95635.9921875,95420.609375,95052.125,94784.921875,95526.34375,94879.8125,95799.078125,95222.21875,95172.890625,94733.1953125,95277.6328125,96012.671875,95651.828125,95075.34375,95378.625,95252.90625,95199.6875,95311.5859375,95087.5546875,95009.734375,95257.1171875,94647.8515625,95134.625,94983.796875,95494.3828125,95293.609375,95669.421875,94957.2890625,95040.203125,94868.8125,95242.546875,95407.421875,94693.796875,94936.171875
NA_378,80572.703125,80268.75,80427.84375,80592.578125,80514.1875,80727.0,80816.71875,80854.734375,80653.1171875,80469.796875,80538.8125,80824.78125,80543.75,80153.703125,80449.265625,80263.375,80769.6953125,80703.25,80783.6328125,80898.25,80716.84375,80810.0703125,80535.6796875,80400.8828125,80585.640625,80841.140625,80435.65625,80404.1796875,80475.328125,80631.8359375,80917.8203125,80818.171875,80649.890625,80538.984375,80813.7578125,80327.359375,81009.734375,80264.8046875,80437.0625,80069.546875,80489.46875,80545.3203125,80999.0625,80925.1875,80833.8046875,80790.71875,80458.015625,80400.71875,80525.28125,80321.2109375,80764.640625,80503.375,80491.6640625,80622.453125,80815.578125,80845.5703125,80655.578125,80359.140625,80704.7734375,80557.28125,80405.703125,80352.65625,80443.1640625,80357.921875,80425.9453125,80344.3359375,80860.078125,80834.390625,80679.5,80615.84375,80771.578125,80581.34375,80583.2578125,80578.15625,79893.03125,80190.828125,80546.34375,80789.5,80937.25,80745.8359375,80732.65625,80585.1328125,80582.796875,80780.296875,80737.0703125,80396.1328125,80733.9296875,80434.15625,80547.0390625,80633.0390625,80813.328125,80734.0625,80591.859375,80652.171875,80788.125,80517.25,80250.6015625,80474.765625,80654.078125,80480.53125,80415.40625,80719.8515625,80772.890625,80672.53125,80745.8359375,80889.0859375,80853.515625,80327.40625,81007.671875,80255.5390625,80364.7890625,80386.0625,80635.8125,80420.125,80887.609375,80845.453125,80835.421875,80473.390625,80610.375,80293.875,80194.03125,80159.953125,80377.5078125,80104.390625,80388.734375,80639.6015625,80749.203125,80635.34375,80651.640625,80714.625,80575.03125,80223.6875,80782.96875,80351.8984375,80262.671875,80356.4609375,80300.8125,80441.96875,80649.6875,80767.90625,80869.765625,80715.90625,80490.7421875,80848.265625,80809.625,80458.953125,80201.578125,80417.734375,80537.359375,80510.25,80780.46875,80858.1328125,80950.9453125,80682.609375,80641.359375,80199.6875,80773.53125,80590.0390625,80600.96875,80552.328125,80588.3125,80649.6953125,80860.578125,80816.046875,80561.640625,80638.65625,80678.5625,80792.578125,80981.484375,80362.84375,80529.578125,80488.859375,80603.0625,80512.7890625,80936.9375,80808.34375,80610.109375,80717.3125,80752.5625,80483.5703125,80984.9375,80671.5703125,80791.125,80404.2734375,80303.2578125,80690.546875,80791.15625,80839.921875,80662.40625,80741.6796875,80485.890625,80333.46875,80392.2421875,80936.09375,80352.9140625,80548.953125,80427.34375,80803.078125,80857.59375,80820.671875,80791.53125,80545.15625,80669.6875,80492.953125,80170.265625,80139.0390625,80667.8125,80431.578125,80480.9375,80670.3671875,80974.296875,80891.5,80679.375,80808.84375,80582.171875,81036.359375,80810.515625,80539.0390625,80294.9921875,80529.609375,80493.125,80626.921875,81072.34375,80896.8125,80679.078125,80693.21875,80749.890625,80625.1953125,80561.6328125,79764.671875,80359.828125,80526.34375,80206.625,80727.90625,80873.6875,80876.5859375,80678.5546875,80742.734375,80548.1171875,80424.8515625,81241.625,81313.796875,80769.3828125,81029.609375,81101.421875,81179.2890625,81322.203125,81387.8125,81532.546875,81482.421875,81207.796875,81371.171875
NA_390,94976.703125,95049.75,95304.84375,95311.578125,95154.1875,95247.0,95434.71875,95429.734375,95135.1171875,95514.796875,95241.8125,95073.78125,94933.75,95091.703125,95081.265625,95503.375,95607.6953125,95386.25,95148.6328125,95262.25,95502.84375,95052.0703125,95459.6796875,94784.8828125,94591.640625,95029.140625,95278.65625,95433.1796875,95108.328125,95358.8359375,95225.8203125,95516.171875,95366.890625,95493.984375,94848.7578125,94686.359375,94506.734375,94771.8046875,94910.0625,95490.546875,95738.46875,95133.3203125,95131.0625,95459.1875,95713.8046875,94943.71875,94980.015625,95002.71875,94470.28125,95299.2109375,95564.640625,95151.375,95342.6640625,95192.453125,95372.578125,95309.5703125,95779.578125,95497.140625,95270.7734375,95065.28125,95556.703125,95422.65625,94611.1640625,95443.921875,95685.9453125,95318.3359375,95423.078125,95424.390625,95347.5,95539.84375,94882.578125,94832.34375,94939.2578125,94593.15625,94835.03125,95331.828125,95370.34375,95386.5,95204.25,95314.8359375,95355.65625,95024.1328125,95523.796875,95124.296875,94666.0703125,94240.1328125,95325.9296875,95191.15625,95729.0390625,95278.0390625,95222.328125,95321.0625,95410.859375,95361.171875,95078.125,95290.25,94979.6015625,94914.765625,95225.078125,95573.53125,94897.40625,95231.8515625,95125.890625,95367.53125,95747.8359375,95399.0859375,95118.515625,94974.40625,94693.671875,94971.5390625,95642.7890625,95264.0625,95275.8125,95256.125,95310.609375,95334.453125,95589.421875,95390.390625,95414.375,94999.875,94825.03125,94629.953125,95376.5078125,95076.390625,95319.734375,95075.6015625,95063.203125,95288.34375,95178.640625,94689.625,95497.03125,94701.6875,94907.96875,94767.8984375,95505.671875,94930.4609375,95784.8125,95297.96875,95046.6875,95030.90625,95448.765625,95286.90625,95072.7421875,95237.265625,94783.625,94912.953125,95397.578125,95015.734375,95442.359375,95341.25,95141.46875,95262.1328125,95319.9453125,95233.609375,95430.359375,95285.6875,94765.53125,95150.0390625,95125.96875,95392.328125,95647.3125,95270.6953125,95443.578125,95253.046875,95280.640625,95119.65625,94931.5625,95279.578125,94375.484375,94882.84375,95061.578125,95354.859375,95540.0625,95504.7890625,95009.9375,95584.34375,95441.109375,95044.3125,94796.5625,95512.5703125,94849.9375,95037.5703125,94908.125,95133.2734375,95458.2578125,95340.546875,95061.15625,95272.921875,95593.40625,95342.6796875,95441.890625,95386.46875,94649.2421875,94905.09375,95199.9140625,95377.953125,95300.34375,95059.078125,95171.59375,95403.671875,95696.53125,95538.15625,95209.6875,94904.953125,94805.265625,94678.0390625,95443.8125,95491.578125,95290.9375,94903.3671875,95228.296875,95297.5,95499.375,95245.84375,95017.171875,94779.359375,95177.515625,95258.0390625,95375.9921875,95179.609375,95271.125,95191.921875,95491.34375,95376.8125,95826.078125,95167.21875,95114.890625,95177.1953125,94943.6328125,95092.671875,94947.828125,95203.34375,95373.625,95126.90625,95147.6875,95167.5859375,95590.5546875,95627.734375,95096.1171875,95027.8515625,95281.625,94718.796875,95501.3828125,94803.609375,95278.421875,95297.2890625,95237.203125,95159.8125,95331.546875,95378.421875,95148.796875,94925.171875
NA_405,97365.703125,97547.75,97639.84375,98148.578125,97907.1875,97664.0,97500.71875,97823.734375,97338.1171875,97248.796875,97668.8125,98615.78125,97063.75,98044.703125,98052.265625,97682.375,97716.6953125,98091.25,97488.6328125,97455.25,97160.84375,97274.0703125,97685.6796875,97206.8828125,97392.640625,97989.140625,98944.65625,98200.1796875,98309.328125,97407.8359375,97671.8203125,97533.171875,97360.890625,97732.984375,97497.7578125,96833.359375,98302.734375,98464.8046875,98063.0625,97961.546875,97750.46875,97728.3203125,97444.0625,97478.1875,97618.8046875,97541.71875,97135.015625,97086.71875,98874.28125,97843.2109375,97909.640625,98267.375,98234.6640625,98269.453125,97635.578125,98116.5703125,97373.578125,97164.140625,97213.7734375,97975.28125,98185.703125,97808.65625,98020.1640625,98161.921875,98015.9453125,97845.3359375,97403.078125,97670.390625,97418.5,97080.84375,97514.578125,97271.34375,97168.2578125,97847.15625,98314.03125,97295.828125,97911.34375,97545.5,97605.25,97503.8359375,97562.65625,97616.1328125,98315.796875,96507.296875,97480.0703125,98646.1328125,98166.9296875,97707.15625,97934.0390625,97859.0390625,97497.328125,97899.0625,97720.859375,97030.171875,97754.125,97731.25,97541.6015625,97847.765625,98177.078125,97927.53125,97958.40625,97540.8515625,97187.890625,97427.53125,97782.8359375,97158.0859375,97537.515625,98394.40625,98112.671875,97997.5390625,98261.7890625,98240.0625,98101.8125,97655.125,98031.609375,97525.453125,97298.421875,98041.390625,96496.375,98432.875,98079.03125,97760.953125,97063.5078125,97360.390625,98235.734375,97438.6015625,97316.203125,97593.34375,97816.640625,97112.625,97498.03125,98331.6875,98222.96875,97759.8984375,98059.671875,97682.4609375,98079.8125,97641.96875,97188.6875,97229.90625,96900.765625,97034.90625,97255.7421875,97016.265625,97215.625,97467.953125,97454.578125,98115.734375,97569.359375,97508.25,97480.46875,97427.1328125,97145.9453125,98214.609375,98259.359375,97821.6875,98124.53125,97590.0390625,98495.96875,98383.328125,97975.3125,97927.6953125,97796.578125,97525.046875,97042.640625,97366.65625,97757.5625,98497.578125,97790.484375,98562.84375,98182.578125,97807.859375,98156.0625,97487.7890625,97562.9375,97583.34375,97543.109375,97223.3125,98333.5625,97710.5703125,98282.9375,98635.5703125,97904.125,97491.2734375,98329.2578125,97605.546875,97444.15625,97428.921875,97100.40625,97586.6796875,96954.890625,97171.46875,97589.2421875,97905.09375,97887.9140625,98332.953125,98160.34375,97500.078125,97512.59375,97916.671875,97398.53125,98111.15625,97036.6875,97962.953125,97464.265625,97630.0390625,98306.8125,98304.578125,97629.9375,97665.3671875,97615.296875,97210.5,97394.375,97298.84375,97725.171875,98023.359375,98196.515625,97838.0390625,98383.9921875,98190.609375,97645.125,97500.921875,97855.34375,97244.8125,98310.078125,97714.21875,97889.890625,97185.1953125,98024.6328125,98635.671875,97967.828125,97900.34375,98141.625,97973.90625,97712.6875,97795.5859375,97465.5546875,97506.734375,97823.1171875,97415.8515625,97835.625,97606.796875,98047.3828125,97896.609375,98418.421875,97457.2890625,97509.203125,97391.8125,97544.546875,97879.421875,97145.796875,97405.171875
NA_417,95497.703125,95356.75,95338.84375,95635.578125,95111.1875,95351.0,95399.71875,95340.734375,95196.1171875,95476.796875,95520.8125,96162.78125,95253.75,95764.703125,95482.265625,95355.375,95107.6953125,95429.25,95254.6328125,95326.25,95436.84375,95053.0703125,95419.6796875,95145.8828125,95141.640625,95467.140625,95894.65625,95501.1796875,95530.328125,95204.8359375,95278.8203125,95425.171875,95095.890625,95742.984375,95243.7578125,94978.359375,95936.734375,95643.8046875,95183.0625,95514.546875,95329.46875,95122.3203125,95380.0625,95557.1875,95291.8046875,95201.71875,95027.015625,95091.71875,95885.28125,95421.2109375,95389.640625,95598.375,95352.6640625,95599.453125,95381.578125,95632.5703125,95266.578125,95122.140625,95243.7734375,95457.28125,95817.703125,95548.65625,95339.1640625,95409.921875,95506.9453125,95160.3359375,95112.078125,95323.390625,95201.5,95463.84375,95176.578125,95294.34375,94766.2578125,95647.15625,95904.03125,95230.828125,95323.34375,95486.5,95226.25,95296.8359375,95550.65625,95434.1328125,95282.796875,95158.296875,95271.0703125,95762.1328125,95425.9296875,95661.15625,95506.0390625,95263.0390625,95334.328125,95269.0625,95186.859375,95218.171875,95284.125,95322.25,95080.6015625,95399.765625,95491.078125,95352.53125,95564.40625,95224.8515625,95142.890625,95000.53125,95551.8359375,95439.0859375,95418.515625,95492.40625,95544.671875,95684.5390625,95437.7890625,95713.0625,95329.8125,95220.125,95568.609375,95454.453125,95367.421875,95476.390625,94757.375,95893.875,95623.03125,95909.953125,95225.5078125,95030.390625,95314.734375,95249.6015625,95084.203125,95071.34375,95366.640625,95281.625,95452.03125,95601.6875,95659.96875,95234.8984375,95850.671875,94991.4609375,95609.8125,95000.96875,94997.6875,95097.90625,95435.765625,95111.90625,94819.7421875,95083.265625,94951.625,95580.953125,94666.578125,95499.734375,95349.359375,94940.25,95349.46875,95332.1328125,95363.9453125,95347.609375,95667.359375,95319.6875,95490.53125,95376.0390625,95976.96875,95624.328125,95708.3125,95371.6953125,95500.578125,95521.046875,95053.640625,95435.65625,95521.5625,95796.578125,95268.484375,95597.84375,95597.578125,95451.859375,95525.0625,95157.7890625,95450.9375,95506.34375,95445.109375,95064.3125,95591.5625,95482.5703125,95710.9375,96100.5703125,95476.125,95329.2734375,95902.2578125,95322.546875,95017.15625,95256.921875,95133.40625,95349.6796875,95102.890625,94985.46875,95290.2421875,95410.09375,95192.9140625,95803.953125,95420.34375,95266.078125,95204.59375,95418.671875,95385.53125,95389.15625,95231.6875,95351.953125,95167.265625,94999.0390625,95723.8125,95520.578125,95346.9375,95054.3671875,95441.296875,95615.5,95407.375,94916.84375,95187.171875,95719.359375,95669.515625,95400.0390625,95840.9921875,95663.609375,95382.125,95089.921875,95568.34375,95239.8125,95748.078125,95592.21875,95588.890625,95293.1953125,95560.6328125,96091.671875,95847.828125,95324.34375,95568.625,95184.90625,95270.6875,95329.5859375,95412.5546875,95307.734375,95543.1171875,95212.8515625,95397.625,95304.796875,95490.3828125,95359.609375,95669.421875,95120.2890625,95085.203125,95188.8125,95417.546875,95360.421875,95063.796875,95322.171875
NA_426,91814.703125,91834.75,91814.84375,92040.578125,91903.1875,92223.0,92213.71875,92189.734375,92079.1171875,91880.796875,92206.8125,92438.78125,91987.75,92258.703125,91794.265625,91805.375,92058.6953125,92185.25,92218.6328125,92109.25,92075.84375,91698.0703125,91440.6796875,91347.8828125,91668.640625,92177.140625,92222.65625,92073.1796875,92114.328125,92114.8359375,92382.8203125,92484.171875,92098.890625,92521.984375,91982.7578125,91329.359375,92116.734375,92233.8046875,91397.0625,91568.546875,92096.46875,92139.3203125,92368.0625,92316.1875,92221.8046875,91982.71875,91658.015625,91365.71875,92081.28125,91966.2109375,91841.640625,92313.375,92058.6640625,92305.453125,92271.578125,92213.5703125,92020.578125,91612.140625,92050.7734375,91906.28125,92106.703125,92112.65625,91817.1640625,91924.921875,91920.9453125,91827.3359375,92088.078125,92372.390625,92197.5,91552.84375,91719.578125,91767.34375,90988.2578125,92361.15625,91391.03125,91631.828125,92116.34375,92322.5,92251.25,92339.8359375,92372.65625,92300.1328125,91262.796875,91520.296875,92103.0703125,91604.1328125,91458.9296875,91912.15625,92169.0390625,91948.0390625,92193.328125,92130.0625,92105.859375,91513.171875,91985.125,91634.25,91433.6015625,91679.765625,91865.078125,92070.53125,92203.40625,92136.8515625,92124.890625,91814.53125,92382.8359375,92085.0859375,91697.515625,92037.40625,92306.671875,92057.5390625,91701.7890625,92185.0625,92060.8125,92023.125,92502.609375,92230.453125,91984.421875,92051.390625,91066.375,92558.875,91522.03125,91845.953125,91439.5078125,91563.390625,91996.734375,92032.6015625,92293.203125,92094.34375,91983.640625,91739.625,91890.03125,91418.6875,92215.96875,91946.8984375,91381.671875,91678.4609375,91910.8125,91873.96875,91971.6875,92131.90625,91956.765625,91783.90625,91134.7421875,92164.265625,91502.625,91996.953125,90881.578125,91800.734375,92082.359375,91834.25,92250.46875,92301.1328125,92488.9453125,92053.609375,91661.359375,91291.6875,92172.53125,91799.0390625,92150.96875,92115.328125,92231.3125,92175.6953125,92423.578125,92101.046875,91680.640625,92456.65625,92042.5625,92228.578125,92327.484375,91969.84375,91894.578125,91693.859375,92220.0625,92031.7890625,92294.9375,92291.34375,92126.109375,91444.3125,92209.5625,91838.5703125,92399.9375,92400.5703125,92054.125,91894.2734375,92217.2578125,92277.546875,92189.15625,92078.921875,91898.40625,91999.6796875,91870.890625,91223.46875,91758.2421875,91854.09375,91474.9140625,92089.953125,92275.34375,92168.078125,92234.59375,92409.671875,92234.53125,91669.15625,91342.6875,92163.953125,91960.265625,91681.0390625,91525.8125,91796.578125,92022.9375,92028.3671875,92401.296875,92317.5,92152.375,92052.84375,91435.171875,92926.359375,91814.515625,92263.0390625,91911.9921875,91982.609375,92248.125,92005.921875,92657.34375,92278.8125,92396.078125,92275.21875,91929.890625,91668.1953125,91863.6328125,92303.671875,92537.828125,91934.34375,92035.625,92282.90625,92230.6875,92226.5859375,92098.5546875,92160.734375,92269.1171875,91586.8515625,91558.625,92102.796875,92053.3828125,92395.609375,92266.421875,92112.2890625,92284.203125,92226.8125,92420.546875,92432.421875,91555.796875,92008.171875
NA_431,98026.703125,98223.75,98324.84375,98813.578125,98554.1875,98266.0,98102.71875,98450.734375,97969.1171875,97884.796875,98328.8125,99318.78125,97715.75,98710.703125,98753.265625,98339.375,98368.6953125,98709.25,98089.6328125,98047.25,97760.84375,97921.0703125,98353.6796875,97864.8828125,98061.640625,98674.140625,99641.65625,98847.1796875,98952.328125,98010.8359375,98272.8203125,98147.171875,97978.890625,98344.984375,98146.7578125,97479.359375,98978.734375,99154.8046875,98764.0625,98606.546875,98387.46875,98349.3203125,98018.0625,98084.1875,98226.8046875,98168.71875,97801.015625,97760.71875,99593.28125,98536.2109375,98604.640625,98932.375,98887.6640625,98884.453125,98217.578125,98721.5703125,97992.578125,97806.140625,97882.7734375,98668.28125,98855.703125,98484.65625,98700.1640625,98812.921875,98637.9453125,98477.3359375,98015.078125,98276.390625,98040.5,97716.84375,98196.578125,97925.34375,97860.2578125,98474.15625,99023.03125,97956.828125,98545.34375,98140.5,98189.25,98101.8359375,98151.65625,98238.1328125,99010.796875,97145.296875,98149.0703125,99346.1328125,98869.9296875,98353.15625,98586.0390625,98468.0390625,98101.328125,98525.0625,98343.859375,97682.171875,98419.125,98409.25,98219.6015625,98523.765625,98868.078125,98575.53125,98590.40625,98147.8515625,97781.890625,98056.53125,98407.8359375,97787.0859375,98191.515625,99090.40625,98799.671875,98661.5390625,98977.7890625,98885.0625,98733.8125,98270.125,98640.609375,98117.453125,97901.421875,98690.390625,97147.375,99096.875,98764.03125,98432.953125,97714.5078125,97979.390625,98881.734375,98045.6015625,97906.203125,98195.34375,98449.640625,97752.625,98154.03125,99031.6875,98903.96875,98425.8984375,98723.671875,98352.4609375,98708.8125,98253.96875,97791.6875,97836.90625,97504.765625,97663.90625,97942.7421875,97679.265625,97897.625,98114.953125,98162.578125,98771.734375,98202.359375,98107.25,98062.46875,98011.1328125,97733.9453125,98856.609375,98938.359375,98503.6875,98823.53125,98283.0390625,99181.96875,99045.328125,98616.3125,98530.6953125,98402.578125,98117.046875,97654.640625,97977.65625,98398.5625,99186.578125,98458.484375,99259.84375,98853.578125,98449.859375,98778.0625,98088.7890625,98156.9375,98194.34375,98154.109375,97864.3125,98998.5625,98384.5703125,98968.9375,99301.5703125,98559.125,98136.2734375,98955.2578125,98204.546875,98054.15625,98030.921875,97733.40625,98238.6796875,97603.890625,97841.46875,98238.2421875,98577.09375,98559.9140625,98996.953125,98793.34375,98109.078125,98099.59375,98517.671875,98008.53125,98755.15625,97696.6875,98642.953125,98120.265625,98312.0390625,98978.8125,98980.578125,98244.9375,98288.3671875,98209.296875,97799.5,97997.375,97919.84375,98383.171875,98674.359375,98872.515625,98510.0390625,99041.9921875,98851.609375,98270.125,98121.921875,98438.34375,97849.8125,98949.078125,98346.21875,98549.890625,97827.1953125,98698.6328125,99283.671875,98588.828125,98563.34375,98772.625,98596.90625,98307.6875,98393.5859375,98066.5546875,98137.734375,98482.1171875,98105.8515625,98542.625,98315.796875,98724.3828125,98558.609375,99082.421875,98079.2890625,98139.203125,98008.8125,98169.546875,98533.421875,97812.796875,98102.171875
NA_437,97882.703125,97647.75,97680.84375,98073.578125,97653.1875,97812.0,97731.71875,97533.734375,97436.1171875,97613.796875,97913.8125,98697.78125,97504.75,98188.703125,97910.265625,97833.375,97470.6953125,97906.25,97500.6328125,97418.25,97643.84375,97299.0703125,97885.6796875,97609.8828125,97583.640625,97871.140625,98400.65625,98062.1796875,98027.328125,97601.8359375,97438.8203125,97578.171875,97216.890625,98068.984375,97544.7578125,97388.359375,98295.734375,98273.8046875,97746.0625,98171.546875,97632.46875,97446.3203125,97581.0625,97670.1875,97663.8046875,97564.71875,97165.015625,97387.71875,98644.28125,97955.2109375,97833.640625,98088.375,97918.6640625,98043.453125,97640.578125,97975.5703125,97479.578125,97401.140625,97442.7734375,98106.28125,98269.703125,98004.65625,97952.1640625,97978.921875,98048.9453125,97616.3359375,97273.078125,97566.390625,97413.5,97687.84375,97539.578125,97757.34375,97224.2578125,98198.15625,98582.03125,97541.828125,97962.34375,97702.5,97426.25,97489.8359375,97911.65625,97673.1328125,98025.796875,97275.296875,97633.0703125,98460.1328125,97928.9296875,98132.15625,97918.0390625,97701.0390625,97524.328125,97513.0625,97549.859375,97356.171875,97768.125,97915.25,97609.6015625,97965.765625,98106.078125,97872.53125,98126.40625,97481.8515625,97466.890625,97126.53125,97711.8359375,97591.0859375,97886.515625,98014.40625,98066.671875,98200.5390625,98095.7890625,98225.0625,97876.8125,97656.125,97919.609375,97672.453125,97533.421875,98039.390625,96909.375,98397.875,98220.03125,98397.953125,97518.5078125,97760.390625,98008.734375,97592.6015625,97233.203125,97423.34375,97685.640625,97496.625,97698.03125,98191.6875,98353.96875,97553.8984375,98451.671875,97462.4609375,98226.8125,97435.96875,97175.6875,97174.90625,97408.765625,97436.90625,97160.7421875,97236.265625,97303.625,97998.953125,97243.578125,98145.734375,97756.359375,97435.25,97496.46875,97472.1328125,97500.9453125,97859.609375,98155.359375,97994.6875,98013.53125,97832.0390625,98587.96875,98220.328125,98085.3125,97774.6953125,97602.578125,97727.046875,97217.640625,97697.65625,98046.5625,98294.578125,97790.484375,98200.84375,98085.578125,98115.859375,98006.0625,97654.7890625,97610.9375,97688.34375,97698.109375,97408.3125,98108.5625,97852.5703125,98072.9375,98639.5703125,97870.125,97790.2734375,98328.2578125,97530.546875,97248.15625,97512.921875,97358.40625,97584.6796875,97380.890625,97444.46875,97760.2421875,97986.09375,97866.9140625,98352.953125,97894.34375,97515.078125,97541.59375,97668.671875,97517.53125,98062.15625,97431.6875,97782.953125,97491.265625,97354.0390625,98384.8125,98187.578125,97886.9375,97459.3671875,97544.296875,97656.5,97675.375,97225.84375,97653.171875,98089.359375,98283.515625,97568.0390625,98398.9921875,97992.609375,97632.125,97378.921875,97750.34375,97362.8125,98027.078125,97916.21875,98198.890625,97722.1953125,98090.6328125,98679.671875,98119.828125,97656.34375,98116.625,97581.90625,97413.6875,97544.5859375,97667.5546875,97558.734375,97849.1171875,97559.8515625,97865.625,97618.796875,98057.3828125,97784.609375,98287.421875,97666.2890625,97304.203125,97279.8125,97566.546875,97563.421875,97445.796875,97630.171875
NA_448,99843.703125,99484.75,99800.84375,99583.578125,99318.1875,99387.0,99321.71875,99282.734375,99451.1171875,99507.796875,100197.8125,100372.78125,100227.75,99799.703125,99708.265625,99433.375,99630.6953125,99448.25,99254.6328125,99267.25,99282.84375,99668.0703125,99500.6796875,99628.8828125,99909.640625,100284.140625,99747.65625,99542.1796875,99437.328125,99322.8359375,99287.8203125,99398.171875,99306.890625,99879.984375,100106.7578125,99405.359375,100282.734375,99847.8046875,99338.0625,99044.546875,99408.46875,99190.3203125,99291.0625,99296.1875,99421.8046875,99627.71875,99747.015625,99631.71875,99987.28125,99760.2109375,99874.640625,99629.375,99309.6640625,99343.453125,99145.578125,99158.5703125,99333.578125,99229.140625,100219.7734375,99823.28125,99838.703125,99946.65625,99435.1640625,99395.921875,99164.9453125,99032.3359375,99208.078125,99207.390625,99434.5,99501.84375,100019.578125,99948.34375,99458.2578125,100150.15625,99022.03125,99277.828125,99400.34375,99430.5,99187.25,99213.8359375,99407.65625,99699.1328125,99370.796875,100159.296875,100516.0703125,99520.1328125,99825.9296875,99536.15625,99426.0390625,99264.0390625,99092.328125,99115.0625,99319.859375,99607.171875,100077.125,99766.25,99527.6015625,99724.765625,99934.078125,99667.53125,99352.40625,99431.8515625,99179.890625,99063.53125,99481.8359375,99921.0859375,99903.515625,99666.40625,100478.671875,99634.5390625,99604.7890625,99585.0625,99399.8125,99000.125,99201.609375,99199.453125,99392.421875,99544.390625,99683.375,100022.875,99324.03125,99498.953125,99545.5078125,99115.390625,99346.734375,99380.6015625,99165.203125,99056.34375,99272.640625,99608.625,99717.03125,99365.6875,100124.96875,99746.8984375,99171.671875,99496.4609375,99275.8125,99170.96875,99172.6875,99092.90625,99405.765625,99624.90625,99538.7421875,100496.265625,99970.625,99872.953125,99054.578125,99344.734375,99514.359375,99220.25,99154.46875,99167.1328125,99575.9453125,99523.609375,99612.359375,99265.6875,100369.53125,100021.0390625,99844.96875,99713.328125,99503.3125,99307.6953125,99123.578125,99158.046875,99009.640625,99919.65625,100051.5625,100367.578125,100409.484375,99637.84375,99538.578125,99513.859375,99442.0625,99189.7890625,99181.9375,99127.34375,99232.109375,99334.3125,99968.5625,99805.5703125,100495.9375,99921.5703125,99866.125,99597.2734375,99109.2578125,99104.546875,99059.15625,99071.921875,99270.40625,99505.6796875,99854.890625,99376.46875,99702.2421875,100088.09375,99330.9140625,99476.953125,99295.34375,99433.078125,99282.59375,99216.671875,99558.53125,99195.15625,99527.6875,100085.953125,99925.265625,99265.0390625,99603.8125,99452.578125,99372.9375,99267.3671875,99287.296875,99143.5,99279.375,99859.84375,99437.171875,100682.359375,99932.515625,99921.0390625,99455.9921875,99525.609375,99246.125,99295.921875,99398.34375,99229.8125,99397.078125,99767.21875,100017.890625,99995.1953125,99923.6328125,99177.671875,100031.828125,99509.34375,98964.625,99375.90625,99314.6875,99195.5859375,99296.5546875,99997.734375,99949.1171875,99727.8515625,99527.625,100119.796875,99494.3828125,99552.609375,99306.421875,99214.2890625,99165.203125,99170.8125,99476.546875,99800.421875,99679.796875,100181.171875
NA_450,94325.703125,94269.75,94236.84375,94489.578125,94062.1875,94288.0,94290.71875,94288.734375,94145.1171875,94334.796875,94458.8125,94990.78125,94158.75,94656.703125,94312.265625,94188.375,94026.6953125,94364.25,94162.6328125,94277.25,94328.84375,93986.0703125,94230.6796875,93983.8828125,94011.640625,94372.140625,94807.65625,94419.1796875,94400.328125,94174.8359375,94238.8203125,94443.171875,94099.890625,94679.984375,94186.7578125,93823.359375,94840.734375,94534.8046875,94069.0625,94278.546875,94214.46875,94075.3203125,94349.0625,94472.1875,94297.8046875,94153.71875,93906.015625,93913.71875,94704.28125,94288.2109375,94250.640625,94532.375,94263.6640625,94619.453125,94313.578125,94587.5703125,94204.578125,94011.140625,94131.7734375,94269.28125,94646.703125,94383.65625,94191.1640625,94366.921875,94429.9453125,94094.3359375,94092.078125,94361.390625,94190.5,94264.84375,94071.578125,94192.34375,93603.2578125,94535.15625,94568.03125,94042.828125,94269.34375,94425.5,94223.25,94264.8359375,94509.65625,94426.1328125,94160.796875,94028.296875,94183.0703125,94605.1328125,94235.9296875,94458.15625,94365.0390625,94197.0390625,94279.328125,94260.0625,94138.859375,94033.171875,94198.125,94120.25,93934.6015625,94210.765625,94358.078125,94222.53125,94447.40625,94164.8515625,94115.890625,93943.53125,94484.8359375,94324.0859375,94245.515625,94376.40625,94458.671875,94558.5390625,94270.7890625,94567.0625,94255.8125,94176.125,94601.609375,94410.453125,94225.421875,94445.390625,93572.375,94832.875,94456.03125,94628.953125,94037.5078125,93938.390625,94269.734375,94154.6015625,94099.203125,94083.34375,94306.640625,94225.625,94352.03125,94363.6875,94525.96875,94169.8984375,94581.671875,93897.4609375,94439.8125,93879.96875,93935.6875,94099.90625,94317.765625,94030.90625,93685.7421875,93998.265625,93833.625,94448.953125,93494.578125,94320.734375,94268.359375,93892.25,94297.46875,94334.1328125,94326.9453125,94344.609375,94498.359375,94116.6875,94394.53125,94152.0390625,94764.96875,94499.328125,94586.3125,94295.6953125,94453.578125,94451.046875,93978.640625,94409.65625,94452.5625,94659.578125,94236.484375,94515.84375,94495.578125,94241.859375,94465.0625,94129.7890625,94392.9375,94477.34375,94385.109375,93959.3125,94589.5625,94305.5703125,94667.9375,94970.5703125,94349.125,94201.2734375,94819.2578125,94329.546875,94035.15625,94212.921875,94092.40625,94271.6796875,94005.890625,93802.46875,94192.2421875,94273.09375,94028.9140625,94615.953125,94356.34375,94166.078125,94186.59375,94420.671875,94321.53125,94334.15625,94094.6875,94278.953125,94153.265625,93915.0390625,94532.8125,94392.578125,94254.9375,94028.3671875,94392.296875,94537.5,94344.375,93955.84375,94081.171875,94730.359375,94502.515625,94342.0390625,94643.9921875,94525.609375,94334.125,93966.921875,94597.34375,94211.8125,94736.078125,94542.21875,94392.890625,94129.1953125,94384.6328125,94950.671875,94834.828125,94196.34375,94500.625,94141.90625,94252.6875,94367.5859375,94371.5546875,94269.734375,94477.1171875,94036.8515625,94177.625,94119.796875,94325.3828125,94247.609375,94477.421875,93990.2890625,94001.203125,94073.8125,94352.546875,94307.421875,93865.796875,94158.171875
NA_475,99886.703125,99914.75,99422.84375,99337.578125,99293.1875,99506.0,99248.71875,99416.734375,99325.1171875,99915.796875,99528.8125,100034.78125,99862.75,99946.703125,99293.265625,99707.375,99345.6953125,99412.25,99348.6328125,99444.25,99421.84375,99812.0703125,99833.6796875,99655.8828125,99674.640625,99891.140625,99678.65625,99649.1796875,99498.328125,99374.8359375,99461.8203125,99451.171875,99236.890625,99422.984375,99612.7578125,99615.359375,99881.734375,99427.8046875,99151.0625,99262.546875,99142.46875,99156.3203125,99416.0625,99403.1875,99425.8046875,99409.71875,99715.015625,99768.71875,99762.28125,99814.2109375,99869.640625,99421.375,99484.6640625,99431.453125,99261.578125,99386.5703125,99378.578125,99320.140625,99706.7734375,99829.28125,100008.703125,99726.65625,99032.1640625,99165.921875,99301.9453125,99163.3359375,99298.078125,99224.390625,99470.5,99443.84375,99589.578125,99596.34375,99507.2578125,99693.15625,99606.03125,99233.828125,99090.34375,99286.5,99440.25,99261.8359375,99242.65625,99379.1328125,99618.796875,100018.296875,99930.0703125,99578.1328125,99780.9296875,99334.15625,99570.0390625,99218.0390625,99281.328125,99228.0625,99528.859375,99412.171875,99806.125,99669.25,99978.6015625,99447.765625,99504.078125,99391.53125,99021.40625,99305.8515625,99297.890625,99057.53125,99411.8359375,99811.0859375,99679.515625,99796.40625,99643.671875,99873.5390625,99649.7890625,99297.0625,99320.8125,98963.125,99222.609375,99410.453125,99363.421875,99345.390625,99643.375,99582.875,99682.03125,99358.953125,99105.5078125,99289.390625,99258.734375,99270.6015625,99364.203125,99134.34375,99264.640625,99437.625,99608.03125,99660.6875,99559.96875,99616.8984375,99540.671875,99098.4609375,99160.8125,99184.96875,99207.6875,99018.90625,99237.765625,99497.90625,99665.7421875,99981.265625,99647.625,99711.953125,99625.578125,99311.734375,99228.359375,99160.25,99322.46875,99250.1328125,99415.9453125,99355.609375,99936.359375,99494.6875,99925.53125,99457.0390625,99540.96875,99498.328125,99439.3125,99189.6953125,99428.578125,99461.046875,99319.640625,99542.65625,100045.5625,99836.578125,99785.484375,99575.84375,99474.578125,99270.859375,99486.0625,99305.7890625,99405.9375,99316.34375,99495.109375,99286.3125,99817.5625,99863.5703125,100009.9375,99828.5703125,99781.125,99260.2734375,99717.2578125,99315.546875,99252.15625,99296.921875,99370.40625,99453.6796875,99799.890625,99533.46875,99628.2421875,99566.09375,99406.9140625,99449.953125,99350.34375,99303.078125,99396.59375,99381.671875,99429.53125,99683.15625,99767.6875,99926.953125,99478.265625,99453.0390625,99856.8125,99266.578125,99037.9375,99245.3671875,99391.296875,99324.5,99309.375,99536.84375,99703.171875,99815.359375,100268.515625,99940.0390625,99424.9921875,99374.609375,99300.125,99219.921875,99363.34375,99452.8125,99398.078125,99553.21875,99575.890625,99554.1953125,99744.6328125,99651.671875,99811.828125,99235.34375,99235.625,99199.90625,99392.6875,99219.5859375,99470.5546875,99343.734375,99720.1171875,99584.8515625,99798.625,99572.796875,99650.3828125,99180.609375,99365.421875,99362.2890625,99258.203125,99176.8125,99391.546875,99482.421875,99922.796875,99647.171875
NA_492,98694.703125,98661.75,98731.84375,99145.578125,98892.1875,98776.0,98469.71875,98671.734375,98385.1171875,98385.796875,98826.8125,99839.78125,98335.75,99281.703125,99054.265625,98739.375,98543.6953125,99020.25,98413.6328125,98424.25,98291.84375,98352.0703125,98817.6796875,98481.8828125,98636.640625,99143.140625,99879.65625,99294.1796875,99239.328125,98412.8359375,98483.8203125,98506.171875,98274.890625,99044.984375,98699.7578125,98088.359375,99596.734375,99690.8046875,99090.0625,99059.546875,98687.46875,98615.3203125,98487.0625,98455.1875,98695.8046875,98579.71875,98137.015625,98230.71875,99957.28125,99051.2109375,99001.640625,99313.375,99190.6640625,99255.453125,98623.578125,99060.5703125,98386.578125,98270.140625,98383.7734375,99187.28125,99371.703125,99006.65625,99130.1640625,99223.921875,99224.9453125,98721.3359375,98269.078125,98641.390625,98436.5,98211.84375,98520.578125,98548.34375,98305.2578125,99188.15625,99270.03125,98342.828125,98886.34375,98514.5,98613.25,98473.8359375,98783.65625,98750.1328125,99231.796875,97806.296875,98660.0703125,99780.1328125,99198.9296875,98913.15625,98870.0390625,98823.0390625,98409.328125,98764.0625,98773.859375,98027.171875,98855.125,98918.25,98726.6015625,99138.765625,99298.078125,99003.53125,99052.40625,98474.8515625,98212.890625,98158.53125,98764.8359375,98284.0859375,98762.515625,99424.40625,99232.671875,99318.5390625,99260.7890625,99282.0625,99087.8125,98634.125,98962.609375,98556.453125,98314.421875,99135.390625,97680.375,99667.875,99310.03125,99048.953125,98227.5078125,98647.390625,99166.734375,98422.6015625,98154.203125,98522.34375,98697.640625,98224.625,98667.03125,99463.6875,99493.96875,98835.8984375,99371.671875,98672.4609375,99080.8125,98543.96875,98091.6875,98154.90625,98004.765625,98181.90625,98250.7421875,98187.265625,98307.625,98847.953125,98405.578125,99214.734375,98560.359375,98490.25,98492.46875,98375.1328125,98244.9453125,99135.609375,99305.359375,99159.6875,99287.53125,98735.0390625,99662.96875,99534.328125,98967.3125,98859.6953125,98695.578125,98630.046875,98078.640625,98544.65625,98982.5625,99618.578125,99067.484375,99638.84375,99352.578125,99016.859375,99193.0625,98543.7890625,98496.9375,98559.34375,98602.109375,98365.3125,99485.5625,98895.5703125,99397.9375,99907.5703125,99096.125,98668.2734375,99313.2578125,98562.546875,98329.15625,98353.921875,98073.40625,98607.6796875,98114.890625,98392.46875,98905.2421875,99177.09375,99054.9140625,99451.953125,99033.34375,98438.078125,98497.59375,98877.671875,98403.53125,99232.15625,98189.6875,99039.953125,98609.265625,98636.0390625,99526.8125,99269.578125,98743.9375,98516.3671875,98532.296875,98248.5,98504.375,98380.84375,98849.171875,99260.359375,99390.515625,98849.0390625,99525.9921875,99199.609375,98652.125,98339.921875,98834.34375,98233.8125,99173.078125,98882.21875,99118.890625,98526.1953125,99265.6328125,99959.671875,99210.828125,98830.34375,99242.625,98753.90625,98581.6875,98755.5859375,98571.5546875,98572.734375,98917.1171875,98619.8515625,98988.625,98746.796875,99243.3828125,99013.609375,99415.421875,98522.2890625,98325.203125,98288.8125,98587.546875,98796.421875,98307.796875,98565.171875
NA_508,100112.703125,100024.75,99435.84375,99578.578125,99306.1875,99575.0,99603.71875,99735.734375,99462.1171875,99938.796875,99762.8125,100331.78125,100169.75,99978.703125,99584.265625,99604.375,99499.6953125,99482.25,99591.6328125,99676.25,99590.84375,99897.0703125,99934.6796875,99976.8828125,100012.640625,100301.140625,99697.65625,99542.1796875,99416.328125,99391.8359375,99694.8203125,99581.171875,99370.890625,99501.984375,100088.7578125,99994.359375,100422.734375,99683.8046875,99373.0625,99413.546875,99224.46875,99211.3203125,99706.0625,99651.1875,99589.8046875,99684.71875,99951.015625,100186.71875,100053.28125,99915.2109375,99914.640625,99562.375,99539.6640625,99522.453125,99562.578125,99624.5703125,99551.578125,99503.140625,99857.7734375,100253.28125,100148.703125,99959.65625,99417.1640625,99497.921875,99367.9453125,99205.3359375,99516.078125,99516.390625,99600.5,99685.84375,99977.578125,100010.34375,100048.2578125,99976.15625,99581.03125,99359.828125,99346.34375,99561.5,99644.25,99546.8359375,99517.65625,99576.1328125,99880.796875,100198.296875,100195.0703125,99915.1328125,99779.9296875,99499.15625,99451.0390625,99383.0390625,99529.328125,99543.0625,99636.859375,99655.171875,100048.125,99899.25,100140.6015625,99715.765625,99620.078125,99417.53125,99116.40625,99467.8515625,99563.890625,99328.53125,99580.8359375,99996.0859375,99997.515625,100013.40625,100081.671875,99975.5390625,99696.7890625,99431.0625,99341.8125,99287.125,99524.609375,99595.453125,99589.421875,99415.390625,99935.375,99851.875,100043.03125,99760.953125,99617.5078125,99345.390625,99244.734375,99320.6015625,99491.203125,99435.34375,99402.640625,99849.625,99837.03125,99978.6875,99902.96875,99892.8984375,99616.671875,99164.4609375,99163.8125,99351.96875,99479.6875,99374.90625,99518.765625,99739.90625,99927.7421875,100125.265625,100078.625,99893.953125,99609.578125,99450.734375,99368.359375,99291.25,99635.46875,99469.1328125,99658.9453125,99649.609375,100161.359375,99817.6875,100146.53125,99637.0390625,99831.96875,99346.328125,99483.3125,99437.6953125,99633.578125,99656.046875,99392.640625,99684.65625,100163.5625,100164.578125,100299.484375,99751.84375,99689.578125,99404.859375,99584.0625,99405.7890625,99730.9375,99554.34375,99573.109375,99664.3125,100161.5625,100045.5703125,100436.9375,100091.5703125,99992.125,99353.2734375,99465.2578125,99551.546875,99611.15625,99536.921875,99502.40625,99624.6796875,99814.890625,99741.46875,100075.2421875,100110.09375,99478.9140625,99432.953125,99421.34375,99576.078125,99654.59375,99530.671875,99645.53125,99824.15625,100006.6875,100034.953125,99911.265625,99634.0390625,99892.8125,99348.578125,99263.9375,99274.3671875,99733.296875,99478.5,99491.375,99768.84375,99920.171875,100218.359375,100551.515625,99881.0390625,99660.9921875,99622.609375,99428.125,99366.921875,99686.34375,99650.8125,99469.078125,99673.21875,99945.890625,99968.1953125,100144.6328125,99674.671875,99941.828125,99417.34375,99111.625,99429.90625,99602.6875,99425.5859375,99558.5546875,99537.734375,99982.1171875,99985.8515625,99964.625,99868.796875,99595.3828125,99277.609375,99310.421875,99443.2890625,99367.203125,99436.8125,99502.546875,99610.421875,99956.796875,99974.171875
NA_515,97585.703125,97800.75,97912.84375,98410.578125,98176.1875,97898.0,97743.71875,98086.734375,97597.1171875,97491.796875,97916.8125,98887.78125,97294.75,98276.703125,98335.265625,97944.375,97993.6953125,98338.25,97731.6328125,97675.25,97382.84375,97537.0703125,97948.6796875,97437.8828125,97630.640625,98238.140625,99218.65625,98430.1796875,98565.328125,97641.8359375,97909.8203125,97776.171875,97605.890625,97941.984375,97741.7578125,97069.359375,98539.734375,98720.8046875,98346.0625,98211.546875,98004.46875,97985.3203125,97648.0625,97716.1875,97842.8046875,97782.71875,97391.015625,97348.71875,99158.28125,98104.2109375,98174.640625,98527.375,98499.6640625,98513.453125,97850.578125,98352.5703125,97615.578125,97418.140625,97468.7734375,98235.28125,98410.703125,98053.65625,98289.1640625,98419.921875,98257.9453125,98113.3359375,97651.078125,97906.390625,97668.5,97334.84375,97793.578125,97511.34375,97432.2578125,98039.15625,98615.03125,97565.828125,98165.34375,97774.5,97821.25,97737.8359375,97770.65625,97845.1328125,98599.796875,96728.296875,97727.0703125,98906.1328125,98444.9296875,97962.15625,98205.0390625,98101.0390625,97747.328125,98163.0625,97966.859375,97305.171875,98016.125,97986.25,97787.6015625,98081.765625,98445.078125,98173.53125,98215.40625,97782.8515625,97421.890625,97696.53125,98025.8359375,97392.0859375,97787.515625,98657.40625,98363.671875,98222.5390625,98555.7890625,98486.0625,98343.8125,97904.125,98278.609375,97747.453125,97523.421875,98302.390625,96743.375,98663.875,98333.03125,98015.953125,97304.5078125,97587.390625,98508.734375,97684.6015625,97544.203125,97830.34375,98077.640625,97368.625,97748.03125,98605.6875,98467.96875,97991.8984375,98295.671875,97950.4609375,98332.8125,97889.96875,97440.6875,97477.90625,97131.765625,97278.90625,97531.7421875,97261.265625,97464.625,97691.953125,97751.578125,98376.734375,97829.359375,97748.25,97699.46875,97642.1328125,97350.9453125,98465.609375,98520.359375,98073.6875,98384.53125,97860.0390625,98753.96875,98632.328125,98232.3125,98164.6953125,98040.578125,97754.046875,97281.640625,97585.65625,97979.5625,98746.578125,98021.484375,98825.84375,98430.578125,98048.859375,98391.0625,97726.7890625,97797.9375,97830.34375,97771.109375,97479.3125,98580.5625,97962.5703125,98536.9375,98857.5703125,98135.125,97745.2734375,98573.2578125,97831.546875,97696.15625,97664.921875,97368.40625,97855.6796875,97195.890625,97423.46875,97811.2421875,98150.09375,98154.9140625,98603.953125,98416.34375,97745.078125,97734.59375,98149.671875,97626.53125,98366.15625,97293.6875,98212.953125,97696.265625,97890.0390625,98545.8125,98586.578125,97863.9375,97928.3671875,97847.296875,97436.5,97623.375,97526.84375,97963.171875,98252.359375,98447.515625,98079.0390625,98617.9921875,98449.609375,97886.125,97760.921875,98063.34375,97477.8125,98561.078125,97954.21875,98137.890625,97409.1953125,98267.6328125,98838.671875,98172.828125,98172.34375,98393.625,98229.90625,97942.6875,98013.5859375,97687.5546875,97745.734375,98069.1171875,97674.8515625,98099.625,97873.796875,98279.3828125,98138.609375,98688.421875,97704.2890625,97771.203125,97639.8125,97779.546875,98125.421875,97381.796875,97667.171875
NA_546,92432.703125,92421.75,92404.84375,92600.578125,92414.1875,92709.0,92711.71875,92687.734375,92611.1171875,92448.796875,92785.8125,93022.78125,92586.75,92854.703125,92380.265625,92354.375,92572.6953125,92682.25,92694.6328125,92633.25,92621.84375,92280.0703125,92056.6796875,91959.8828125,92268.640625,92756.140625,92812.65625,92621.1796875,92628.328125,92610.8359375,92865.8203125,92972.171875,92620.890625,93055.984375,92580.7578125,91934.359375,92734.734375,92815.8046875,92001.0625,92122.546875,92604.46875,92627.3203125,92859.0625,92828.1875,92764.8046875,92537.71875,92235.015625,91967.71875,92690.28125,92542.2109375,92415.640625,92853.375,92574.6640625,92812.453125,92769.578125,92725.5703125,92548.578125,92180.140625,92621.7734375,92505.28125,92729.703125,92677.65625,92378.1640625,92494.921875,92445.9453125,92317.3359375,92594.078125,92889.390625,92712.5,92155.84375,92314.578125,92366.34375,91585.2578125,92922.15625,91993.03125,92193.828125,92627.34375,92816.5,92736.25,92822.8359375,92879.65625,92845.1328125,91898.796875,92140.296875,92704.0703125,92222.1328125,92070.9296875,92482.15625,92683.0390625,92447.0390625,92696.328125,92635.0625,92625.859375,92103.171875,92570.125,92237.25,92031.6015625,92276.765625,92451.078125,92613.53125,92714.40625,92628.8515625,92618.890625,92320.53125,92891.8359375,92660.0859375,92294.515625,92597.40625,92907.671875,92642.5390625,92293.7890625,92736.0625,92582.8125,92540.125,92997.609375,92725.453125,92508.421875,92620.390625,91670.375,93141.875,92134.03125,92435.953125,92033.5078125,92104.390625,92530.734375,92535.6015625,92746.203125,92584.34375,92537.640625,92331.625,92490.03125,92030.6875,92796.96875,92548.8984375,91997.671875,92213.4609375,92424.8125,92361.96875,92476.6875,92637.90625,92515.765625,92352.90625,91739.7421875,92711.265625,92117.625,92569.953125,91472.578125,92356.734375,92598.359375,92332.25,92726.46875,92799.1328125,92986.9453125,92632.609375,92285.359375,91897.6875,92749.53125,92370.0390625,92716.96875,92670.328125,92746.3125,92679.6953125,92903.578125,92614.046875,92210.640625,92985.65625,92631.5625,92811.578125,92890.484375,92570.84375,92495.578125,92266.859375,92745.0625,92526.7890625,92774.9375,92778.34375,92657.109375,92026.3125,92792.5625,92419.5703125,93008.9375,92975.5703125,92620.125,92438.2734375,92714.2578125,92768.546875,92670.15625,92581.921875,92434.40625,92567.6796875,92440.890625,91811.46875,92353.2421875,92443.09375,92037.9140625,92627.953125,92783.34375,92657.078125,92720.59375,92876.671875,92761.53125,92248.15625,91946.6875,92732.953125,92561.265625,92241.0390625,92136.8125,92347.578125,92536.9375,92526.3671875,92891.296875,92836.5,92678.375,92596.84375,92043.171875,93496.359375,92431.515625,92845.0390625,92480.9921875,92548.609375,92745.125,92480.921875,93137.34375,92748.8125,92944.078125,92831.21875,92529.890625,92274.1953125,92458.6328125,92894.671875,93098.828125,92489.34375,92532.625,92778.90625,92734.6875,92745.5859375,92623.5546875,92710.734375,92850.1171875,92198.8515625,92202.625,92677.796875,92662.3828125,92961.609375,92818.421875,92641.2890625,92799.203125,92768.8125,92976.546875,93006.421875,92184.796875,92631.171875
NA_547,94805.703125,94741.75,94691.84375,94915.578125,94481.1875,94701.0,94693.71875,94710.734375,94577.1171875,94769.796875,94923.8125,95471.78125,94642.75,95144.703125,94759.265625,94607.375,94450.6953125,94775.25,94570.6328125,94700.25,94756.84375,94432.0703125,94664.6796875,94451.8828125,94491.640625,94849.140625,95272.65625,94854.1796875,94809.328125,94575.8359375,94658.8203125,94872.171875,94541.890625,95132.984375,94645.7578125,94284.359375,95316.734375,94995.8046875,94518.0625,94672.546875,94626.46875,94497.3203125,94775.0625,94881.1875,94736.8046875,94589.71875,94375.015625,94385.71875,95169.28125,94754.2109375,94705.640625,94971.375,94671.6640625,95031.453125,94724.578125,94996.5703125,94630.578125,94458.140625,94608.7734375,94727.28125,95129.703125,94849.65625,94627.1640625,94787.921875,94837.9453125,94496.3359375,94519.078125,94791.390625,94634.5,94694.84375,94526.578125,94653.34375,94056.2578125,95003.15625,94981.03125,94465.828125,94677.34375,94845.5,94645.25,94686.8359375,94923.65625,94876.1328125,94589.796875,94510.296875,94668.0703125,95062.1328125,94680.9296875,94876.15625,94770.0390625,94599.0390625,94689.328125,94680.0625,94576.859375,94470.171875,94659.125,94582.25,94403.6015625,94677.765625,94803.078125,94657.53125,94849.40625,94579.8515625,94536.890625,94365.53125,94922.8359375,94777.0859375,94694.515625,94858.40625,94944.671875,95024.5390625,94718.7890625,94987.0625,94670.8125,94595.125,95021.609375,94829.453125,94644.421875,94876.390625,94038.375,95318.875,94910.03125,95082.953125,94476.5078125,94349.390625,94672.734375,94566.6015625,94525.203125,94508.34375,94734.640625,94667.625,94811.03125,94821.6875,94995.96875,94655.8984375,95014.671875,94331.4609375,94834.8125,94276.96875,94359.6875,94534.90625,94751.765625,94467.90625,94142.7421875,94488.265625,94319.625,94910.953125,93926.578125,94726.734375,94684.359375,94300.25,94710.46875,94760.1328125,94771.9453125,94785.609375,94938.359375,94569.6875,94870.53125,94611.0390625,95209.96875,94933.328125,94992.3125,94712.6953125,94879.578125,94860.046875,94404.640625,94868.65625,94913.5625,95139.578125,94731.484375,94992.84375,94959.578125,94651.859375,94883.0625,94533.7890625,94808.9375,94894.34375,94808.109375,94388.3125,95036.5625,94775.5703125,95159.9375,95434.5703125,94803.125,94627.2734375,95225.2578125,94758.546875,94460.15625,94620.921875,94521.40625,94715.6796875,94468.890625,94262.46875,94663.2421875,94728.09375,94460.9140625,95035.953125,94764.34375,94594.078125,94602.59375,94833.671875,94762.53125,94752.15625,94535.6875,94765.953125,94642.265625,94388.0390625,94961.8125,94798.578125,94652.9375,94450.3671875,94817.296875,94961.5,94770.375,94411.84375,94537.171875,95233.359375,94968.515625,94854.0390625,95075.9921875,94969.609375,94750.125,94392.921875,95020.34375,94638.8125,95166.078125,94991.21875,94836.890625,94597.1953125,94848.6328125,95428.671875,95303.828125,94634.34375,94918.625,94554.90625,94672.6875,94803.5859375,94789.5546875,94719.734375,94939.1171875,94508.8515625,94659.625,94611.796875,94790.3828125,94719.609375,94892.421875,94410.2890625,94439.203125,94522.8125,94807.546875,94781.421875,94333.796875,94652.171875
NA_563,90718.703125,90665.75,90832.84375,90880.578125,90662.1875,90961.0,90976.71875,90926.734375,90934.1171875,90864.796875,91190.8125,91285.78125,91188.75,90917.703125,90816.265625,90617.375,90952.6953125,90912.25,90902.6328125,90998.25,90937.84375,90866.0703125,90634.6796875,90524.8828125,90774.640625,91241.140625,90760.65625,90746.1796875,90788.328125,90867.8359375,91035.8203125,91095.171875,90871.890625,91245.984375,91148.7578125,90454.359375,91260.734375,90921.8046875,90361.0625,90330.546875,90815.46875,90811.3203125,91036.0625,91005.1875,91022.8046875,90964.71875,90692.015625,90650.71875,90863.28125,90907.2109375,90959.640625,90991.375,90679.6640625,90966.453125,90932.578125,90863.5703125,90830.578125,90596.140625,91252.7734375,90845.28125,90931.703125,91049.65625,90650.1640625,90747.921875,90676.9453125,90543.3359375,90911.078125,90983.390625,90959.5,90790.84375,90942.578125,90901.34375,90325.2578125,91136.15625,90265.03125,90584.828125,90874.34375,91023.5,90943.25,90949.8359375,91033.65625,91064.1328125,90282.796875,91019.296875,91312.0703125,90525.1328125,90833.9296875,90739.15625,90853.0390625,90760.0390625,90937.328125,90816.0625,90913.859375,90809.171875,91078.125,90625.25,90457.6015625,90692.765625,90869.078125,90749.53125,90840.40625,90870.8515625,90862.890625,90722.53125,91132.8359375,91225.0859375,90991.515625,90616.40625,91318.671875,90726.5390625,90557.7890625,90849.0625,90777.8125,90659.125,91021.609375,90899.453125,90971.421875,90854.390625,90595.375,91025.875,90508.03125,90723.953125,90641.5078125,90344.390625,90650.734375,90811.6015625,90891.203125,90776.34375,90812.640625,90929.625,90793.03125,90432.6875,91015.96875,90687.8984375,90255.671875,90503.4609375,90623.8125,90613.96875,90771.6875,90808.90625,91002.765625,90873.90625,90461.7421875,91327.265625,90767.625,90897.953125,90023.578125,90592.734375,90850.359375,90631.25,90901.46875,90967.1328125,91252.9453125,90808.609375,90696.359375,90189.6875,91204.53125,90956.0390625,90933.96875,90849.328125,90952.3125,90878.6953125,90998.578125,90928.046875,90600.640625,91290.65625,91005.5625,91222.578125,91260.484375,90595.84375,90574.578125,90679.859375,90884.0625,90735.7890625,90998.9375,90948.34375,90924.109375,90689.3125,90994.5625,90870.5703125,91422.9375,91121.5703125,91025.125,90815.2734375,90782.2578125,90898.546875,90846.15625,90801.921875,90801.40625,90968.6796875,90859.890625,90321.46875,90722.2421875,91079.09375,90460.9140625,90881.953125,90836.34375,90970.078125,90955.59375,90968.671875,91077.53125,90499.15625,90677.6875,90943.953125,90889.265625,90363.0390625,90581.8125,90625.578125,90829.9375,90832.3671875,91050.296875,90985.5,90913.375,91070.84375,90500.171875,91571.359375,90894.515625,90885.0390625,90633.9921875,90731.609375,90881.125,90822.921875,91235.34375,90985.8125,90974.078125,91145.21875,91045.890625,90885.1953125,90940.6328125,90396.671875,91169.828125,90764.34375,90618.625,90933.90625,90979.6875,90943.5859375,90828.5546875,91149.734375,91173.1171875,90708.8515625,90164.625,90729.796875,90338.3828125,90612.609375,90541.421875,90484.2890625,90635.203125,90628.8125,90840.546875,90779.421875,90399.796875,90809.171875
NA_585,93778.703125,93811.75,93688.84375,93908.578125,93443.1875,93700.0,93783.71875,93744.734375,93682.1171875,93893.796875,93925.8125,94374.78125,93838.75,94176.703125,93845.265625,93629.375,93595.6953125,93739.25,93701.6328125,93815.25,93883.84375,93551.0703125,93754.6796875,93527.8828125,93521.640625,93931.140625,94164.65625,93801.1796875,93775.328125,93568.8359375,93786.8203125,93877.171875,93603.890625,94153.984375,93704.7578125,93417.359375,94287.734375,93842.8046875,93519.0625,93571.546875,93742.46875,93589.3203125,93811.0625,93905.1875,93766.8046875,93675.71875,93568.015625,93577.71875,93980.28125,93857.2109375,93804.640625,93938.375,93596.6640625,93923.453125,93815.578125,93934.5703125,93665.578125,93552.140625,93908.7734375,93668.28125,94159.703125,93936.65625,93560.1640625,93712.921875,93803.9453125,93340.3359375,93656.078125,93776.390625,93680.5,93869.84375,93566.578125,93681.34375,93143.2578125,93961.15625,93826.03125,93550.828125,93626.34375,93882.5,93740.25,93763.8359375,93821.65625,93818.1328125,93525.796875,93755.296875,93779.0703125,93879.1328125,93755.9296875,93859.15625,93722.0390625,93542.0390625,93742.328125,93700.0625,93625.859375,93679.171875,93753.125,93555.25,93443.6015625,93642.765625,93741.078125,93605.53125,93713.40625,93575.8515625,93606.890625,93535.53125,93996.8359375,94021.0859375,93812.515625,93707.40625,93898.671875,93957.5390625,93689.7890625,93896.0625,93656.8125,93621.125,93989.609375,93835.453125,93855.421875,93774.390625,93480.375,94157.875,93869.03125,94129.953125,93665.5078125,93304.390625,93520.734375,93547.6015625,93616.203125,93547.34375,93749.640625,93743.625,93794.03125,93840.6875,93876.96875,93709.8984375,93892.671875,93365.4609375,93722.8125,93382.96875,93537.6875,93608.90625,93967.765625,93549.90625,93304.7421875,93757.265625,93504.625,93952.953125,93013.578125,93631.734375,93600.359375,93336.25,93792.46875,93815.1328125,93963.9453125,93729.609375,93886.359375,93465.6875,93825.53125,93652.0390625,94126.96875,93871.328125,93964.3125,93745.6953125,93960.578125,93908.046875,93531.640625,93969.65625,93885.5625,94025.578125,93730.484375,93857.84375,93870.578125,93578.859375,93834.0625,93446.7890625,93919.9375,93855.34375,93873.109375,93522.3125,93839.5625,93874.5703125,94160.9375,94257.5703125,93895.125,93680.2734375,94107.2578125,93777.546875,93519.15625,93683.921875,93600.40625,93836.6796875,93550.890625,93337.46875,93651.2421875,93740.09375,93443.9140625,93972.953125,93713.34375,93776.078125,93629.59375,93820.671875,93841.53125,93602.15625,93707.6875,93774.953125,93685.265625,93449.0390625,93864.8125,93692.578125,93601.9375,93489.3671875,93864.296875,94028.5,93855.375,93516.84375,93585.171875,94235.359375,93985.515625,93979.0390625,93965.9921875,94005.609375,93724.125,93501.921875,94084.34375,93712.8125,94052.078125,94014.21875,93815.890625,93739.1953125,93825.6328125,94210.671875,94265.828125,93684.34375,93836.625,93541.90625,93781.6875,93808.5859375,93688.5546875,93777.734375,93956.1171875,93602.8515625,93701.625,93776.796875,93740.3828125,93769.609375,93939.421875,93435.2890625,93657.203125,93704.8125,93930.546875,93918.421875,93487.796875,93824.171875
NA_586,98693.703125,98390.75,98370.84375,98678.578125,98036.1875,98237.0,98325.71875,98197.734375,98091.1171875,98466.796875,98522.8125,99386.78125,98315.75,98909.703125,98570.265625,98439.375,98076.6953125,98338.25,98146.6328125,98128.25,98414.84375,97961.0703125,98542.6796875,98264.8828125,98268.640625,98566.140625,98933.65625,98549.1796875,98537.328125,98093.8359375,98118.8203125,98218.171875,97896.890625,98682.984375,98236.7578125,98077.359375,98919.734375,98787.8046875,98300.0625,98741.546875,98356.46875,97995.3203125,98163.0625,98424.1875,98143.8046875,98123.71875,98069.015625,98219.71875,99151.28125,98585.2109375,98515.640625,98575.375,98380.6640625,98379.453125,98226.578125,98458.5703125,98148.578125,98080.140625,98259.7734375,98716.28125,99039.703125,98730.65625,98470.1640625,98379.921875,98445.9453125,98069.3359375,97927.078125,98094.390625,98060.5,98532.84375,98218.578125,98399.34375,97902.2578125,98831.15625,99233.03125,98310.828125,98308.34375,98373.5,97987.25,98165.8359375,98430.65625,98239.1328125,98399.796875,98238.296875,98345.0703125,98922.1328125,98587.9296875,98795.15625,98541.0390625,98152.0390625,98142.328125,98070.0625,98090.859375,98223.171875,98355.125,98561.25,98222.6015625,98583.765625,98623.078125,98475.53125,98538.40625,98084.8515625,97961.890625,97855.53125,98447.8359375,98440.0859375,98537.515625,98641.40625,98636.671875,98824.5390625,98671.7890625,98790.0625,98296.8125,98153.125,98325.609375,98278.453125,98336.421875,98412.390625,97835.375,98972.875,98804.03125,99195.953125,98353.5078125,98144.390625,98314.734375,98186.6015625,97851.203125,97802.34375,98266.640625,98161.625,98479.03125,98845.6875,98890.96875,98294.8984375,99152.671875,98038.4609375,98607.8125,98014.96875,97819.6875,97838.90625,98332.765625,98055.90625,97873.7421875,98127.265625,98077.625,98686.953125,97844.578125,98634.734375,98327.359375,97789.25,98166.46875,98161.1328125,98189.9453125,98298.609375,98807.359375,98529.6875,98614.53125,98671.0390625,99188.96875,98707.328125,98757.3125,98338.6953125,98299.578125,98317.046875,97932.640625,98323.65625,98558.5625,98969.578125,98290.484375,98663.84375,98707.578125,98646.859375,98508.0625,98012.7890625,98225.9375,98360.34375,98349.109375,97970.3125,98522.5625,98649.5703125,98758.9375,99235.5703125,98519.125,98372.2734375,98843.2578125,98127.546875,97787.15625,98094.921875,98008.40625,98323.6796875,98151.890625,98133.46875,98368.2421875,98577.09375,98352.9140625,98999.953125,98354.34375,98184.078125,98049.59375,98216.671875,98254.53125,98354.15625,98259.6875,98418.953125,98154.265625,98018.0390625,98879.8125,98663.578125,98329.9375,97875.3671875,98254.296875,98455.5,98284.375,97716.84375,98276.171875,98682.359375,98892.515625,98438.0390625,99012.9921875,98772.609375,98291.125,98001.921875,98279.34375,98064.8125,98636.078125,98515.21875,98771.890625,98444.1953125,98778.6328125,99251.671875,98749.828125,98389.34375,98525.625,98122.90625,98045.6875,98044.5859375,98302.5546875,98172.734375,98533.1171875,98371.8515625,98534.625,98334.796875,98550.3828125,98263.609375,98676.421875,98000.2890625,97858.203125,97989.8125,98167.546875,98188.421875,98101.796875,98326.171875
NA_588,96910.703125,96656.75,96703.84375,96951.578125,96298.1875,96434.0,96808.71875,96711.734375,96491.1171875,97018.796875,96493.8125,97427.78125,96600.75,97001.703125,96821.265625,96706.375,96440.6953125,96592.25,96719.6328125,96623.25,96984.84375,96303.0703125,96795.6796875,96313.8828125,96365.640625,96719.140625,96954.65625,96741.1796875,96738.328125,96547.8359375,96686.8203125,96667.171875,96352.890625,96921.984375,96435.7578125,96252.359375,96876.734375,96714.8046875,96459.0625,97023.546875,96869.46875,96511.3203125,96535.0625,96916.1875,96427.8046875,96423.71875,96455.015625,96578.71875,97090.28125,96919.2109375,96725.640625,96788.375,96662.6640625,96548.453125,96639.578125,96693.5703125,96621.578125,96408.140625,96702.7734375,96726.28125,97243.703125,96942.65625,96569.1640625,96791.921875,96675.9453125,96398.3359375,96594.078125,96613.390625,96581.5,96977.84375,96386.578125,96512.34375,96290.2578125,96895.15625,97307.03125,96698.828125,96515.34375,96801.5,96476.25,96786.8359375,96681.65625,96296.1328125,96705.796875,96657.296875,96518.0703125,96863.1328125,96943.9296875,96972.15625,96864.0390625,96425.0390625,96602.328125,96591.0625,96452.859375,96576.171875,96581.125,96744.25,96395.6015625,96627.765625,96816.078125,96855.53125,96619.40625,96345.8515625,96358.890625,96595.53125,96833.8359375,96933.0859375,96728.515625,96645.40625,96633.671875,96937.5390625,96921.7890625,96940.0625,96547.8125,96451.125,96561.609375,96571.453125,96975.421875,96662.390625,96563.375,96940.875,96998.03125,97408.953125,96735.5078125,96545.390625,96673.734375,96563.6015625,96362.203125,96201.34375,96595.640625,96450.625,96594.03125,97046.6875,96880.96875,96454.8984375,97293.671875,96385.4609375,96735.8125,96606.96875,96404.6875,96328.90625,96851.765625,96519.90625,96207.7421875,96560.265625,96257.625,96811.953125,96369.578125,96953.734375,96524.359375,96237.25,96650.46875,96581.1328125,96632.9453125,96486.609375,96972.359375,96627.6875,96606.53125,96876.0390625,97252.96875,96845.328125,97069.3125,96703.6953125,96732.578125,96702.046875,96547.640625,96546.65625,96749.5625,96936.578125,96187.484375,96510.84375,96806.578125,96851.859375,96734.0625,96416.7890625,96542.9375,96847.34375,96795.109375,96250.3125,96453.5625,96977.5703125,96819.9375,97153.5703125,96758.125,96665.2734375,97004.2578125,96586.546875,96256.15625,96459.921875,96578.40625,96802.6796875,96413.890625,96464.46875,96493.2421875,96678.09375,96660.9140625,97125.953125,96706.34375,96610.078125,96527.59375,96619.671875,96748.53125,96731.15625,96694.6875,96467.953125,96362.265625,96208.0390625,97101.8125,96881.578125,96554.9375,96214.3671875,96737.296875,96907.5,96727.375,96237.84375,96514.171875,96690.359375,96954.515625,96747.0390625,97256.9921875,97079.609375,96625.125,96568.921875,96762.34375,96548.8125,96911.078125,96726.21875,96867.890625,96773.1953125,96930.6328125,97179.671875,96842.828125,96712.34375,96762.625,96555.90625,96517.6875,96451.5859375,96646.5546875,96287.734375,96725.1171875,96572.8515625,96801.625,96532.796875,96778.3828125,96447.609375,96946.421875,96438.2890625,96450.203125,96503.8125,96491.546875,96542.421875,96354.796875,96552.171875
NA_646,98377.703125,98410.75,98241.84375,98324.578125,97877.1875,98121.0,98267.71875,98317.734375,98224.1171875,98673.796875,98084.8125,98574.78125,98140.75,98402.703125,98160.265625,98411.375,98312.6953125,98239.25,98182.6328125,98181.25,98352.84375,98010.0703125,98460.6796875,97900.8828125,97764.640625,98049.140625,98379.65625,98411.1796875,98194.328125,98245.8359375,98248.8203125,98504.171875,98284.890625,98499.984375,97844.7578125,97927.359375,98036.734375,98154.8046875,98066.0625,98543.546875,98337.46875,98078.3203125,97984.0625,98350.1875,98352.8046875,97940.71875,98092.015625,98102.71875,98213.28125,98597.2109375,98504.640625,98206.375,98258.6640625,98129.453125,98102.578125,98210.5703125,98712.578125,98164.140625,98438.7734375,98169.28125,98973.703125,98596.65625,97881.1640625,98224.921875,98298.9453125,98092.3359375,98267.078125,98224.390625,98375.5,98444.84375,97780.578125,97998.34375,97958.2578125,97898.15625,98269.03125,98172.828125,97892.34375,98261.5,98086.25,98390.8359375,98210.65625,97841.1328125,98483.796875,98333.296875,98078.0703125,97959.1328125,98601.9296875,97954.15625,98759.0390625,98141.0390625,98107.328125,98218.0625,98433.859375,98225.171875,98156.125,98332.25,98066.6015625,98054.765625,98413.078125,98374.53125,97705.40625,97817.8515625,97905.890625,98197.53125,98651.8359375,98593.0859375,98116.515625,98078.40625,98065.671875,98262.5390625,98725.7890625,98203.0625,98180.8125,97959.125,97891.609375,98188.453125,98630.421875,98234.390625,98534.375,98222.875,98174.03125,97960.953125,98346.5078125,98043.390625,98287.734375,97994.6015625,98047.203125,98090.34375,97939.640625,97927.625,98417.03125,97941.6875,98180.96875,98067.8984375,98729.671875,97835.4609375,98335.8125,98055.96875,97988.6875,97861.90625,98338.765625,98155.90625,98086.7421875,98377.265625,97839.625,98171.953125,98320.578125,98137.734375,98242.359375,97986.25,98161.46875,98102.1328125,98181.9453125,97992.609375,98633.359375,98199.6875,98182.53125,98158.0390625,98141.96875,98329.328125,98418.3125,98122.6953125,98340.578125,98225.046875,98295.640625,98128.65625,98281.5625,98323.578125,97668.484375,98096.84375,98288.578125,98238.859375,98214.0625,98244.7890625,97966.9375,98317.34375,98476.109375,97811.3125,97847.5625,98599.5703125,98292.9375,98446.5703125,98361.125,98086.2734375,98488.2578125,98187.546875,97922.15625,98091.921875,98535.40625,98454.6796875,98417.890625,98186.46875,97888.2421875,98057.09375,98271.9140625,98540.953125,98224.34375,98025.078125,98091.59375,98275.671875,98576.53125,98582.15625,98242.6875,98006.953125,97890.265625,97693.0390625,98700.8125,98267.578125,97861.9375,97804.3671875,98198.296875,98245.5,98418.375,98129.84375,98202.171875,98138.359375,98495.515625,98465.0390625,98494.9921875,98227.609375,98224.125,98120.921875,98347.34375,98209.8125,98700.078125,98178.21875,98216.890625,98357.1953125,98286.6328125,98383.671875,98254.828125,98131.34375,98180.625,97989.90625,98099.6875,98104.5859375,98456.5546875,98289.734375,98239.1171875,98152.8515625,98339.625,97956.796875,98389.3828125,97746.609375,98332.421875,98073.2890625,98014.203125,98100.8125,98280.546875,98280.421875,98133.796875,97960.171875
NA_651,94225.703125,94204.75,94773.84375,94718.578125,94679.1875,94526.0,94887.71875,94829.734375,94347.1171875,94813.796875,94778.8125,94180.78125,94208.75,94382.703125,94613.265625,94919.375,95067.6953125,94764.25,94577.6328125,94509.25,94810.84375,94326.0703125,94699.6796875,93967.8828125,93786.640625,94510.140625,94541.65625,94812.1796875,94471.328125,94686.8359375,94605.8203125,94808.171875,94642.890625,94749.984375,94208.7578125,93955.359375,93533.734375,93920.8046875,94169.0625,94776.546875,95201.46875,94469.3203125,94556.0625,94835.1875,95066.8046875,94205.71875,94242.015625,94373.71875,93634.28125,94538.2109375,95007.640625,94588.375,94623.6640625,94573.453125,94769.578125,94662.5703125,94992.578125,94995.140625,94570.7734375,94320.28125,94645.703125,94669.65625,94113.1640625,94898.921875,95244.9453125,94743.3359375,94738.078125,94781.390625,94600.5,94973.84375,94269.578125,94122.34375,94262.2578125,93894.15625,94256.03125,94781.828125,94960.34375,94769.5,94586.25,94538.8359375,94659.65625,94563.1328125,94808.796875,94206.296875,93750.0703125,93338.1328125,94559.9296875,94729.15625,95010.0390625,94703.0390625,94587.328125,94624.0625,94602.859375,94701.171875,94477.125,94584.25,94299.6015625,94240.765625,94611.078125,95066.53125,94382.40625,94810.8515625,94578.890625,94805.53125,95023.8359375,94700.0859375,94457.515625,94222.40625,93757.671875,94363.5390625,94950.7890625,94749.0625,94589.8125,94755.125,94856.609375,94668.453125,94851.421875,94795.390625,94577.375,94278.875,94125.03125,94171.953125,94693.5078125,94441.390625,94731.734375,94425.6015625,94451.203125,94675.34375,94597.640625,93901.625,94807.03125,94435.6875,94224.96875,94027.8984375,94873.671875,94303.4609375,95330.8125,94877.96875,94425.6875,94512.90625,94668.765625,94712.90625,94322.7421875,94468.265625,94081.625,94192.953125,94744.578125,94434.734375,94894.359375,94924.25,94380.46875,94695.1328125,94718.9453125,94681.609375,94630.359375,94715.6875,93773.53125,94516.0390625,94791.96875,94790.328125,95188.3125,94667.6953125,94709.578125,94573.046875,94648.640625,94481.65625,94103.5625,94558.578125,93537.484375,94185.84375,94298.578125,94837.859375,95201.0625,94955.7890625,94373.9375,95089.34375,94621.109375,94499.3125,94130.5625,94807.5703125,94110.9375,94313.5703125,94058.125,94631.2734375,94757.2578125,94706.546875,94564.15625,94710.921875,94843.40625,94549.6796875,94772.890625,94646.46875,93825.2421875,94166.09375,94407.9140625,94634.953125,94788.34375,94604.078125,94521.59375,94743.671875,95043.53125,94946.15625,94704.6875,94269.953125,94087.265625,94031.0390625,94776.8125,95019.578125,94939.9375,94294.3671875,94475.296875,94669.5,94862.375,94520.84375,94236.171875,93977.359375,94364.515625,94491.0390625,94933.9921875,94599.609375,94487.125,94569.921875,94780.34375,94745.8125,95067.078125,94481.21875,94499.890625,94333.1953125,94234.6328125,94186.671875,94141.828125,94556.34375,94878.625,94561.90625,94452.6875,94577.5859375,94872.5546875,95017.734375,94390.1171875,94231.8515625,94514.625,93951.796875,94858.3828125,94169.609375,94515.421875,94691.2890625,94700.203125,94434.8125,94502.546875,94614.421875,94370.796875,94343.171875
NA_652,98064.703125,98243.75,98334.84375,98824.578125,98557.1875,98264.0,98110.71875,98467.734375,97975.1171875,97905.796875,98344.8125,99326.78125,97723.75,98733.703125,98762.265625,98343.375,98364.6953125,98711.25,98101.6328125,98058.25,97775.84375,97917.0703125,98349.6796875,97885.8828125,98076.640625,98678.140625,99677.65625,98878.1796875,98955.328125,98021.8359375,98283.8203125,98163.171875,97989.890625,98358.984375,98142.7578125,97495.359375,98984.734375,99158.8046875,98785.0625,98601.546875,98395.46875,98351.3203125,98037.0625,98102.1875,98250.8046875,98177.71875,97830.015625,97756.71875,99616.28125,98542.2109375,98628.640625,98934.375,98892.6640625,98881.453125,98233.578125,98735.5703125,98008.578125,97806.140625,97901.7734375,98683.28125,98904.703125,98505.65625,98699.1640625,98807.921875,98614.9453125,98475.3359375,98032.078125,98297.390625,98032.5,97718.84375,98216.578125,97928.34375,97885.2578125,98500.15625,99036.03125,97958.828125,98544.34375,98149.5,98204.25,98103.8359375,98162.65625,98247.1328125,99028.796875,97152.296875,98167.0703125,99361.1328125,98883.9296875,98341.15625,98584.0390625,98459.0390625,98104.328125,98531.0625,98330.859375,97678.171875,98399.125,98416.25,98243.6015625,98540.765625,98876.078125,98574.53125,98579.40625,98143.8515625,97784.890625,98065.53125,98418.8359375,97807.0859375,98182.515625,99126.40625,98833.671875,98686.5390625,98991.7890625,98891.0625,98733.8125,98266.125,98655.609375,98127.453125,97910.421875,98687.390625,97161.375,99104.875,98779.03125,98439.953125,97723.5078125,97977.390625,98867.734375,98038.6015625,97924.203125,98205.34375,98462.640625,97749.625,98170.03125,99046.6875,98923.96875,98476.8984375,98742.671875,98370.4609375,98696.8125,98249.96875,97796.6875,97848.90625,97512.765625,97663.90625,97963.7421875,97696.265625,97942.625,98125.953125,98167.578125,98772.734375,98195.359375,98095.25,98076.46875,98038.1328125,97756.9453125,98878.609375,98977.359375,98513.6875,98852.53125,98288.0390625,99199.96875,99072.328125,98622.3125,98537.6953125,98417.578125,98121.046875,97662.640625,98000.65625,98433.5625,99230.578125,98472.484375,99283.84375,98870.578125,98446.859375,98789.0625,98084.7890625,98170.9375,98194.34375,98171.109375,97867.3125,99014.5625,98390.5703125,99000.9375,99330.5703125,98576.125,98119.2734375,98955.2578125,98229.546875,98068.15625,98042.921875,97740.40625,98233.6796875,97627.890625,97852.46875,98244.2421875,98569.09375,98552.9140625,98967.953125,98795.34375,98118.078125,98115.59375,98530.671875,98034.53125,98758.15625,97712.6875,98673.953125,98153.265625,98339.0390625,99009.8125,98977.578125,98236.9375,98289.3671875,98225.296875,97814.5,98009.375,97931.84375,98418.171875,98691.359375,98886.515625,98579.0390625,99055.9921875,98857.609375,98264.125,98120.921875,98465.34375,97873.8125,98988.078125,98347.21875,98548.890625,97837.1953125,98710.6328125,99311.671875,98612.828125,98561.34375,98754.625,98603.90625,98329.6875,98431.5859375,98077.5546875,98155.734375,98513.1171875,98120.8515625,98478.625,98237.796875,98673.3828125,98485.609375,98997.421875,97992.2890625,98075.203125,97929.8125,98106.546875,98481.421875,97753.796875,98030.171875
NA_660,92887.703125,92838.75,92927.84375,92976.578125,92721.1875,92999.0,92997.71875,92936.734375,92996.1171875,92968.796875,93361.8125,93498.78125,93358.75,93118.703125,92924.265625,92701.375,92991.6953125,92946.25,92907.6328125,93018.25,92983.84375,92956.0703125,92740.6796875,92676.8828125,92921.640625,93379.140625,92920.65625,92835.1796875,92858.328125,92872.8359375,93029.8203125,93124.171875,92913.890625,93387.984375,93289.7578125,92621.359375,93424.734375,93101.8046875,92469.0625,92420.546875,92877.46875,92830.3203125,93023.0625,92978.1875,93059.8046875,93048.71875,92849.015625,92795.71875,93060.28125,93069.2109375,93048.640625,93073.375,92717.6640625,92990.453125,92931.578125,92864.5703125,92886.578125,92690.140625,93393.7734375,93000.28125,93158.703125,93232.65625,92751.1640625,92839.921875,92717.9453125,92569.3359375,92917.078125,93005.390625,93021.5,92873.84375,93064.578125,93087.34375,92417.2578125,93337.15625,92404.03125,92647.828125,92923.34375,93041.5,92918.25,92954.8359375,93091.65625,93166.1328125,92395.796875,93156.296875,93493.0703125,92662.1328125,92903.9296875,92824.15625,92886.0390625,92777.0390625,92923.328125,92832.0625,92974.859375,92889.171875,93211.125,92776.25,92642.6015625,92820.765625,92987.078125,92851.53125,92899.40625,92874.8515625,92840.890625,92727.53125,93207.8359375,93325.0859375,93094.515625,92834.40625,93539.671875,92944.5390625,92696.7890625,92955.0625,92825.8125,92681.125,93005.609375,92887.453125,92987.421875,92978.390625,92658.375,93284.875,92693.03125,92897.953125,92726.5078125,92403.390625,92699.734375,92823.6015625,92891.203125,92778.34375,92869.640625,92996.625,92957.03125,92601.6875,93190.96875,92896.8984375,92361.671875,92592.4609375,92691.8125,92616.96875,92780.6875,92809.90625,93012.765625,92958.90625,92557.7421875,93475.265625,92921.625,93064.953125,92116.578125,92666.734375,92883.359375,92645.25,92897.46875,92973.1328125,93307.9453125,92900.609375,92820.359375,92329.6875,93387.53125,93064.0390625,93051.96875,92927.328125,93001.3125,92904.6953125,92993.578125,92928.046875,92618.640625,93417.65625,93170.5625,93407.578125,93445.484375,92809.84375,92703.578125,92753.859375,92942.0625,92741.7890625,92982.9375,92944.34375,92975.109375,92756.3125,93153.5625,93052.5703125,93601.9375,93276.5703125,93111.125,92878.2734375,92838.2578125,92893.546875,92831.15625,92782.921875,92858.40625,93064.6796875,93024.890625,92470.46875,92883.2421875,93194.09375,92559.9140625,92928.953125,92882.34375,92973.078125,92961.59375,92975.671875,93143.53125,92596.15625,92768.6875,93156.953125,93121.265625,92545.0390625,92682.8125,92718.578125,92877.9375,92831.3671875,93006.296875,92974.5,92948.375,93159.84375,92605.171875,93815.359375,93062.515625,93102.0390625,92770.9921875,92840.609375,92897.125,92815.921875,93259.34375,92990.8125,93063.078125,93283.21875,93167.890625,93028.1953125,93136.6328125,92702.671875,93336.828125,92848.34375,92654.625,92926.90625,92995.6875,92949.5859375,92885.5546875,93264.734375,93352.1171875,92865.8515625,92388.625,92896.796875,92514.3828125,92768.609375,92641.421875,92547.2890625,92696.203125,92673.8125,92917.546875,92935.421875,92540.796875,92978.171875
NA_663,97780.703125,97550.75,97483.84375,97742.578125,97141.1875,97367.0,97428.71875,97351.734375,97251.1171875,97602.796875,97682.8125,98474.78125,97456.75,98029.703125,97670.265625,97476.375,97159.6953125,97450.25,97268.6328125,97324.25,97504.84375,97151.0703125,97593.6796875,97364.8828125,97383.640625,97666.140625,98092.65625,97632.1796875,97613.328125,97191.8359375,97285.8203125,97411.171875,97109.890625,97876.984375,97395.7578125,97174.359375,98162.734375,97895.8046875,97382.0625,97675.546875,97413.46875,97133.3203125,97358.0625,97570.1875,97323.8046875,97264.71875,97234.015625,97309.71875,98187.28125,97649.2109375,97583.640625,97696.375,97428.6640625,97566.453125,97389.578125,97637.5703125,97309.578125,97239.140625,97424.7734375,97732.28125,98117.703125,97798.65625,97522.1640625,97473.921875,97559.9453125,97159.3359375,97118.078125,97296.390625,97234.5,97613.84375,97335.578125,97476.34375,96962.2578125,97880.15625,98146.03125,97354.828125,97366.34375,97503.5,97214.25,97316.8359375,97564.65625,97496.1328125,97463.796875,97374.296875,97491.0703125,98004.1328125,97629.9296875,97797.15625,97570.0390625,97266.0390625,97312.328125,97269.0625,97228.859375,97347.171875,97467.125,97585.25,97331.6015625,97671.765625,97678.078125,97498.53125,97626.40625,97227.8515625,97132.890625,97015.53125,97617.8359375,97568.0859375,97617.515625,97768.40625,97775.671875,97915.5390625,97661.7890625,97835.0625,97396.8125,97255.125,97541.609375,97445.453125,97431.421875,97547.390625,96958.375,98116.875,97858.03125,98204.953125,97423.5078125,97118.390625,97353.734375,97273.6015625,97063.203125,97038.34375,97418.640625,97343.625,97631.03125,97892.6875,97930.96875,97462.8984375,98107.671875,97111.4609375,97659.8125,97059.96875,97000.6875,97070.90625,97491.765625,97192.90625,96996.7421875,97289.265625,97174.625,97799.953125,96834.578125,97636.734375,97390.359375,96937.25,97337.46875,97336.1328125,97417.9453125,97429.609375,97888.359375,97589.6875,97726.53125,97655.0390625,98221.96875,97769.328125,97783.3125,97407.6953125,97499.578125,97513.046875,97098.640625,97537.65625,97695.5625,98087.578125,97485.484375,97833.84375,97809.578125,97607.859375,97588.0625,97121.7890625,97443.9375,97503.34375,97493.109375,97139.3125,97725.5625,97727.5703125,97926.9375,98366.5703125,97640.125,97430.2734375,97943.2578125,97312.546875,96977.15625,97245.921875,97170.40625,97449.6796875,97260.890625,97205.46875,97494.2421875,97625.09375,97373.9140625,97977.953125,97441.34375,97306.078125,97192.59375,97400.671875,97434.53125,97456.15625,97376.6875,97572.953125,97339.265625,97191.0390625,97928.8125,97644.578125,97387.9375,97045.3671875,97438.296875,97633.5,97448.375,96962.84375,97390.171875,97909.359375,97938.515625,97665.0390625,98046.9921875,97850.609375,97406.125,97108.921875,97528.34375,97246.8125,97810.078125,97701.21875,97812.890625,97533.1953125,97839.6328125,98377.671875,97975.828125,97452.34375,97630.625,97197.90625,97258.6875,97311.5859375,97438.5546875,97387.734375,97702.1171875,97463.8515625,97623.625,97526.796875,97656.3828125,97466.609375,97743.421875,97112.2890625,97068.203125,97204.8125,97433.546875,97448.421875,97242.796875,97512.171875
NA_687,98535.703125,98242.75,98218.84375,98523.578125,97888.1875,98093.0,98180.71875,98057.734375,97949.1171875,98322.796875,98376.8125,99228.78125,98164.75,98753.703125,98417.265625,98280.375,97926.6953125,98195.25,98002.6328125,97992.25,98263.84375,97821.0703125,98383.6796875,98109.8828125,98113.640625,98409.140625,98785.65625,98394.1796875,98389.328125,97945.8359375,97979.8203125,98082.171875,97760.890625,98541.984375,98090.7578125,97921.359375,98781.734375,98632.8046875,98145.0625,98575.546875,98201.46875,97852.3203125,98026.0625,98282.1875,98000.8046875,97974.71875,97925.015625,98062.71875,98986.28125,98423.2109375,98356.640625,98427.375,98227.6640625,98242.453125,98086.578125,98319.5703125,98005.578125,97935.140625,98115.7734375,98551.28125,98879.703125,98569.65625,98313.1640625,98229.921875,98298.9453125,97919.3359375,97789.078125,97954.390625,97919.5,98380.84375,98066.578125,98239.34375,97742.2578125,98671.15625,99062.03125,98154.828125,98154.34375,98229.5,97855.25,98023.8359375,98284.65625,98107.1328125,98242.796875,98086.296875,98193.0703125,98766.1328125,98427.9296875,98635.15625,98385.0390625,98009.0390625,98003.328125,97934.0625,97943.859375,98076.171875,98202.125,98395.25,98068.6015625,98425.765625,98463.078125,98317.53125,98392.40625,97941.8515625,97820.890625,97713.53125,98304.8359375,98293.0859375,98382.515625,98487.40625,98486.671875,98665.5390625,98503.7890625,98634.0625,98146.8125,98005.125,98190.609375,98138.453125,98188.421875,98262.390625,97688.375,98820.875,98643.03125,99028.953125,98197.5078125,97980.390625,98158.734375,98038.6015625,97716.203125,97669.34375,98123.640625,98019.625,98334.03125,98683.6875,98726.96875,98146.8984375,98982.671875,97884.4609375,98455.8125,97861.96875,97681.6875,97706.90625,98191.765625,97908.90625,97722.7421875,97978.265625,97919.625,98533.953125,97678.578125,98475.734375,98175.359375,97647.25,98028.46875,98023.1328125,98056.9453125,98147.609375,98650.359375,98370.6875,98458.53125,98503.0390625,99026.96875,98552.328125,98601.3125,98189.6953125,98165.578125,98182.046875,97791.640625,98186.65625,98407.5625,98814.578125,98144.484375,98516.84375,98554.578125,98483.859375,98358.0625,97864.7890625,98092.9375,98217.34375,98206.109375,97828.3125,98379.5625,98492.5703125,98610.9375,99085.5703125,98368.125,98217.2734375,98695.2578125,97989.546875,97648.15625,97953.921875,97867.40625,98176.6796875,97999.890625,97975.46875,98216.2421875,98417.09375,98190.9140625,98838.953125,98203.34375,98040.078125,97906.59375,98078.671875,98113.53125,98199.15625,98110.6875,98267.953125,98007.265625,97871.0390625,98720.8125,98501.578125,98176.9375,97736.3671875,98120.296875,98318.5,98143.375,97581.84375,98124.171875,98541.359375,98729.515625,98297.0390625,98851.9921875,98618.609375,98146.125,97855.921875,98147.34375,97927.8125,98494.078125,98372.21875,98611.890625,98287.1953125,98616.6328125,99098.671875,98609.828125,98235.34375,98376.625,97973.90625,97912.6875,97918.5859375,98157.5546875,98034.734375,98386.1171875,98215.8515625,98369.625,98183.796875,98390.3828125,98116.609375,98514.421875,97845.2890625,97717.203125,97849.8125,98032.546875,98047.421875,97947.796875,98173.171875
NA_702,97274.703125,97052.75,97038.84375,97233.578125,96573.1875,96718.0,97100.71875,97034.734375,96850.1171875,97379.796875,96787.8125,97742.78125,96980.75,97378.703125,97157.265625,96965.375,96743.6953125,96887.25,97035.6328125,96975.25,97306.84375,96655.0703125,97069.6796875,96655.8828125,96716.640625,97046.140625,97312.65625,97057.1796875,97036.328125,96836.8359375,97028.8203125,97021.171875,96740.890625,97275.984375,96788.7578125,96641.359375,97297.734375,97063.8046875,96778.0625,97246.546875,97143.46875,96813.3203125,96851.0625,97211.1875,96760.8046875,96722.71875,96836.015625,96926.71875,97416.28125,97295.2109375,97054.640625,97085.375,96917.6640625,96887.453125,96970.578125,97000.5703125,96958.578125,96742.140625,97137.7734375,97020.28125,97638.703125,97268.65625,96865.1640625,97070.921875,96927.9453125,96668.3359375,96955.078125,96967.390625,96944.5,97274.84375,96642.578125,96826.34375,96632.2578125,97227.15625,97538.03125,96964.828125,96765.34375,97108.5,96812.25,97119.8359375,96947.65625,96660.1328125,97059.796875,97031.296875,96902.0703125,97187.1328125,97262.9296875,97203.15625,97136.0390625,96723.0390625,96927.328125,96948.0625,96791.859375,96865.171875,96932.125,97052.25,96796.6015625,96981.765625,97164.078125,97091.53125,96852.40625,96612.8515625,96692.890625,96960.53125,97181.8359375,97300.0859375,97016.515625,96976.40625,96998.671875,97221.5390625,97212.7890625,97178.0625,96848.8125,96747.125,96888.609375,96875.453125,97319.421875,96957.390625,96978.375,97237.875,97335.03125,97673.953125,97051.5078125,96814.390625,96938.734375,96825.6015625,96719.203125,96587.34375,96915.640625,96785.625,96902.03125,97368.6875,97181.96875,96854.8984375,97548.671875,96651.4609375,96962.8125,96874.96875,96772.6875,96682.90625,97172.765625,96873.90625,96599.7421875,96959.265625,96627.625,97157.953125,96679.578125,97220.734375,96787.359375,96569.25,96958.46875,96916.1328125,96998.9453125,96746.609375,97276.359375,96974.6875,96948.53125,97157.0390625,97499.96875,97109.328125,97295.3125,96974.6953125,97039.578125,97057.046875,96886.640625,96877.65625,97098.5625,97269.578125,96609.484375,96889.84375,97129.578125,97091.859375,96997.0625,96708.7890625,96870.9375,97151.34375,97116.109375,96609.3125,96802.5625,97354.5703125,97212.9375,97519.5703125,97143.125,96975.2734375,97261.2578125,96915.546875,96634.15625,96789.921875,96958.40625,97141.6796875,96736.890625,96769.46875,96859.2421875,96999.09375,96938.9140625,97316.953125,97006.34375,96916.078125,96855.59375,96963.671875,97082.53125,97070.15625,97020.6875,96806.953125,96748.265625,96599.0390625,97459.8125,97127.578125,96791.9375,96529.3671875,97071.296875,97203.5,97031.375,96627.84375,96895.171875,97073.359375,97321.515625,97197.0390625,97549.9921875,97406.609375,96925.125,96863.921875,97143.34375,96892.8125,97213.078125,97059.21875,97169.890625,97116.1953125,97305.6328125,97482.671875,97225.828125,96996.34375,97025.625,96856.90625,96891.6875,96837.5859375,96930.5546875,96617.734375,97069.1171875,96901.8515625,97165.625,96959.796875,97117.3828125,96783.609375,97255.421875,96762.2890625,96828.203125,96835.8125,96885.546875,96951.421875,96737.796875,96938.171875
NA_720,94968.703125,95081.75,95278.84375,95281.578125,95122.1875,95264.0,95419.71875,95433.734375,95175.1171875,95530.796875,95211.8125,95089.78125,94934.75,95098.703125,95058.265625,95482.375,95592.6953125,95377.25,95145.6328125,95289.25,95509.84375,95080.0703125,95473.6796875,94815.8828125,94597.640625,94989.140625,95282.65625,95417.1796875,95106.328125,95361.8359375,95234.8203125,95541.171875,95393.890625,95514.984375,94852.7578125,94699.359375,94539.734375,94790.8046875,94912.0625,95484.546875,95702.46875,95141.3203125,95138.0625,95458.1875,95723.8046875,94965.71875,95011.015625,94988.71875,94472.28125,95289.2109375,95550.640625,95138.375,95345.6640625,95195.453125,95365.578125,95323.5703125,95802.578125,95486.140625,95296.7734375,95071.28125,95578.703125,95428.65625,94583.1640625,95407.921875,95644.9453125,95313.3359375,95433.078125,95436.390625,95382.5,95522.84375,94895.578125,94821.34375,94930.2578125,94587.15625,94819.03125,95302.828125,95327.34375,95371.5,95214.25,95345.8359375,95359.65625,95007.1328125,95543.796875,95152.296875,94696.0703125,94262.1328125,95325.9296875,95144.15625,95722.0390625,95275.0390625,95227.328125,95334.0625,95451.859375,95371.171875,95087.125,95290.25,94991.6015625,94908.765625,95208.078125,95554.53125,94872.40625,95192.8515625,95125.890625,95354.53125,95766.8359375,95421.0859375,95121.515625,94992.40625,94701.671875,94957.5390625,95634.7890625,95233.0625,95287.8125,95237.125,95284.609375,95345.453125,95609.421875,95390.390625,95457.375,95008.875,94800.03125,94575.953125,95361.5078125,95058.390625,95299.734375,95060.6015625,95080.203125,95309.34375,95171.640625,94721.625,95499.03125,94650.6875,94898.96875,94771.8984375,95486.671875,94930.4609375,95739.8125,95263.96875,95049.6875,95019.90625,95473.765625,95280.90625,95109.7421875,95256.265625,94781.625,94915.953125,95389.578125,94983.734375,95432.359375,95319.25,95163.46875,95269.1328125,95333.9453125,95223.609375,95463.359375,95262.6875,94804.53125,95119.0390625,95073.96875,95398.328125,95610.3125,95251.6953125,95466.578125,95265.046875,95283.640625,95146.65625,94976.5625,95266.578125,94410.484375,94882.84375,95060.578125,95333.859375,95494.0625,95487.7890625,95027.9375,95569.34375,95481.109375,95045.3125,94815.5625,95507.5703125,94867.9375,95035.5703125,94935.125,95111.2734375,95458.2578125,95342.546875,95056.15625,95274.921875,95623.40625,95376.6796875,95460.890625,95384.46875,94666.2421875,94907.09375,95195.9140625,95371.953125,95281.34375,95045.078125,95182.59375,95421.671875,95713.53125,95545.15625,95196.6875,94904.953125,94815.265625,94669.0390625,95421.8125,95449.578125,95235.9375,94911.3671875,95244.296875,95309.5,95493.375,95275.84375,95056.171875,94805.359375,95180.515625,95282.0390625,95324.9921875,95151.609375,95287.125,95176.921875,95516.34375,95388.8125,95852.078125,95179.21875,95114.890625,95189.1953125,94941.6328125,95100.671875,94970.828125,95186.34375,95349.625,95113.90625,95165.6875,95184.5859375,95605.5546875,95619.734375,95103.1171875,95035.8515625,95256.625,94729.796875,95471.3828125,94785.609375,95270.421875,95274.2890625,95211.203125,95161.8125,95370.546875,95389.421875,95168.796875,94902.171875
NA_74,99451.703125,99004.75,98727.84375,99771.578125,100309.1875,100272.0,100183.71875,100600.734375,99912.1171875,99101.796875,99045.8125,99046.78125,97951.75,99752.703125,99140.265625,99497.375,99903.6953125,100614.25,100294.6328125,99900.25,99265.84375,99181.0703125,98865.6796875,98657.8828125,98877.640625,98977.140625,100873.65625,101054.1796875,100499.328125,100090.8359375,100445.8203125,100188.171875,99708.890625,99375.984375,98300.7578125,98412.359375,98851.734375,99490.8046875,99825.0625,99777.546875,100065.46875,100152.3203125,100381.0625,100073.1875,99820.8046875,99295.71875,99852.015625,98381.71875,100010.28125,98721.2109375,99634.640625,99778.375,100428.6640625,100519.453125,100260.578125,100379.5703125,99717.578125,99057.140625,98886.7734375,99259.28125,99945.703125,99516.65625,99211.1640625,99901.921875,99899.9453125,100185.3359375,99972.078125,100236.390625,99591.5,98818.84375,99369.578125,98352.34375,98801.2578125,100036.15625,99941.03125,99259.828125,100081.34375,100344.5,100308.25,99914.8359375,99632.65625,99571.1328125,100018.796875,97936.296875,99320.0703125,99938.1328125,99876.9296875,99092.15625,100090.0390625,100194.0390625,100190.328125,100309.0625,99656.859375,98782.171875,98697.125,99134.25,99465.6015625,98935.765625,99287.078125,100451.53125,100086.40625,100244.8515625,99993.890625,99745.53125,99612.8359375,99345.0859375,99101.515625,100246.40625,99565.671875,100294.5390625,99798.7890625,100404.0625,100420.8125,100161.125,100432.609375,100050.453125,99310.421875,99443.390625,98227.375,99745.875,98796.03125,98945.953125,98487.5078125,99288.390625,100233.734375,100054.6015625,100312.203125,100246.34375,99855.640625,98529.625,99712.03125,99647.6875,99584.96875,100671.8984375,99473.671875,99567.4609375,100070.8125,100107.96875,100094.6875,99675.90625,98722.765625,98866.90625,99223.7421875,99056.265625,99470.625,98750.953125,98979.578125,99872.734375,99697.359375,100046.25,100257.46875,100302.1328125,99165.9453125,100363.609375,99577.359375,98928.6875,99318.53125,98678.0390625,100268.96875,100771.328125,100345.3125,100478.6953125,100772.578125,99807.046875,99140.640625,99369.65625,100314.5625,100275.578125,98778.484375,99848.84375,99624.578125,99496.859375,100646.0625,100063.7890625,100360.9375,99748.34375,99676.109375,99138.3125,99279.5625,98682.5703125,99603.9375,100054.5703125,99780.125,99059.2734375,100541.2578125,100214.546875,100120.15625,100353.921875,99595.40625,99136.6796875,99115.890625,98168.46875,98126.2421875,98325.09375,98959.9140625,99308.953125,100385.34375,100273.078125,100441.59375,100234.671875,99855.53125,99487.15625,98502.6875,99871.953125,99929.265625,99998.0390625,100194.8125,99707.578125,99891.9375,99994.3671875,100464.296875,99638.5,99481.375,99624.84375,100125.171875,99505.359375,99177.515625,100933.0390625,100438.9921875,99513.609375,99731.125,99963.921875,100749.34375,100113.8125,100733.078125,99053.21875,99133.890625,98611.1953125,99328.6328125,100863.671875,99676.828125,99615.34375,99993.625,100546.90625,100375.6875,100795.5859375,99698.5546875,99672.734375,99163.1171875,98275.8515625,99519.625,99379.796875,100805.3828125,100334.609375,100074.421875,99982.2890625,100286.203125,99649.8125,99764.546875,99971.421875,99029.796875,98380.171875
NA_749,102119.703125,102106.75,101546.84375,101623.578125,101404.1875,101603.0,101507.71875,101611.734375,101319.1171875,102006.796875,101737.8125,102320.78125,102170.75,102058.703125,101571.265625,101785.375,101539.6953125,101451.25,101534.6328125,101609.25,101492.84375,101906.0703125,101911.6796875,101922.8828125,101970.640625,102256.140625,101772.65625,101677.1796875,101544.328125,101401.8359375,101658.8203125,101517.171875,101181.890625,101459.984375,101944.7578125,101890.359375,102394.734375,101697.8046875,101341.0625,101496.546875,101272.46875,101170.3203125,101636.0625,101509.1875,101484.8046875,101557.71875,101908.015625,102106.71875,102059.28125,101936.2109375,102052.640625,101625.375,101619.6640625,101520.453125,101472.578125,101505.5703125,101369.578125,101393.140625,101798.7734375,102193.28125,102211.703125,101951.65625,101361.1640625,101474.921875,101394.9453125,101217.3359375,101449.078125,101354.390625,101370.5,101615.84375,101851.578125,101937.34375,101897.2578125,101952.15625,101725.03125,101437.828125,101378.34375,101452.5,101595.25,101453.8359375,101391.65625,101494.1328125,101842.796875,102185.296875,102199.0703125,101903.1328125,101924.9296875,101571.15625,101564.0390625,101382.0390625,101490.328125,101410.0625,101499.859375,101485.171875,102008.125,101860.25,102206.6015625,101725.765625,101669.078125,101521.53125,101168.40625,101467.8515625,101513.890625,101182.53125,101314.8359375,101939.0859375,101940.515625,101982.40625,102021.671875,102066.5390625,101773.7890625,101516.0625,101363.8125,101225.125,101456.609375,101518.453125,101343.421875,101389.390625,101851.375,101796.875,102037.03125,101772.953125,101530.5078125,101434.390625,101290.734375,101364.6015625,101493.203125,101243.34375,101339.640625,101710.625,101756.03125,101958.6875,101898.96875,101923.8984375,101708.671875,101268.4609375,101304.8125,101354.96875,101377.6875,101223.90625,101313.765625,101670.90625,101877.7421875,102145.265625,101994.625,101912.953125,101690.578125,101501.734375,101373.359375,101227.25,101566.46875,101313.1328125,101528.9453125,101599.609375,102152.359375,101769.6875,102108.53125,101665.0390625,101879.96875,101508.328125,101555.3125,101386.6953125,101551.578125,101538.046875,101311.640625,101629.65625,102142.5625,102102.578125,102223.484375,101787.84375,101712.578125,101456.859375,101607.0625,101440.7890625,101627.9375,101465.34375,101516.109375,101553.3125,102101.5625,102031.5703125,102345.9375,102106.5703125,101914.125,101356.2734375,101640.2578125,101514.546875,101551.15625,101409.921875,101401.40625,101481.6796875,101803.890625,101655.46875,101944.2421875,102023.09375,101478.9140625,101495.953125,101475.34375,101472.078125,101608.59375,101460.671875,101530.53125,101773.15625,101916.6875,102049.953125,101826.265625,101618.0390625,101983.8125,101412.578125,101314.9375,101214.3671875,101632.296875,101319.5,101423.375,101627.84375,101863.171875,102143.359375,102538.515625,101976.0390625,101705.9921875,101647.609375,101446.125,101397.921875,101565.34375,101596.8125,101395.078125,101589.21875,101836.890625,101781.1953125,102110.6328125,101730.671875,102030.828125,101427.34375,101287.625,101376.90625,101489.6875,101382.5859375,101518.5546875,101446.734375,101952.1171875,101880.8515625,102023.625,101901.796875,101800.3828125,101398.609375,101453.421875,101478.2890625,101433.203125,101333.8125,101366.546875,101573.421875,102043.796875,101974.171875
NA_764,98281.703125,98411.75,98199.84375,98243.578125,97935.1875,98189.0,98258.71875,98312.734375,98260.1171875,98635.796875,98102.8125,98442.78125,98131.75,98386.703125,98088.265625,98453.375,98395.6953125,98231.25,98140.6328125,98197.25,98392.84375,98112.0703125,98520.6796875,97997.8828125,97751.640625,98006.140625,98395.65625,98412.1796875,98145.328125,98256.8359375,98195.8203125,98518.171875,98361.890625,98551.984375,97875.7578125,97958.359375,97953.734375,98103.8046875,98080.0625,98508.546875,98339.46875,98053.3203125,97999.0625,98325.1875,98522.8046875,97978.71875,98140.015625,98093.71875,97993.28125,98533.2109375,98527.640625,98148.375,98249.6640625,98144.453125,98123.578125,98247.5703125,98775.578125,98305.140625,98463.7734375,98168.28125,98938.703125,98597.65625,97742.1640625,98154.921875,98332.9453125,98109.3359375,98284.078125,98265.390625,98397.5,98405.84375,97907.578125,97963.34375,97983.2578125,97809.15625,98091.03125,98147.828125,97943.34375,98184.5,98106.25,98343.8359375,98242.65625,97895.1328125,98528.796875,98379.296875,98073.0703125,97776.1328125,98562.9296875,97899.15625,98716.0390625,98132.0390625,98115.328125,98231.0625,98506.859375,98334.171875,98200.125,98378.25,98185.6015625,98039.765625,98326.078125,98431.53125,97700.40625,97860.8515625,97952.890625,98146.53125,98676.8359375,98542.0859375,98141.515625,98161.40625,98001.671875,98145.5390625,98727.7890625,98136.0625,98229.8125,97964.125,97961.609375,98240.453125,98622.421875,98301.390625,98590.375,98208.875,97976.03125,97650.953125,98276.5078125,97977.390625,98243.734375,97939.6015625,98049.203125,98185.34375,97974.640625,97864.625,98479.03125,97734.6875,98102.96875,98020.8984375,98616.671875,97885.4609375,98341.8125,97994.96875,97966.6875,97857.90625,98374.765625,98178.90625,98199.7421875,98437.265625,97910.625,98125.953125,98384.578125,97942.734375,98263.359375,98035.25,98110.46875,98132.1328125,98220.9453125,98032.609375,98641.359375,98201.6875,98204.53125,98118.0390625,98000.96875,98411.328125,98389.3125,98070.6953125,98386.578125,98226.046875,98280.640625,98207.65625,98320.5625,98330.578125,97746.484375,98102.84375,98233.578125,98247.859375,98218.0625,98272.7890625,97993.9375,98334.34375,98501.109375,97893.3125,97907.5625,98571.5703125,98261.9375,98347.5703125,98308.125,98073.2734375,98466.2578125,98207.546875,97928.15625,98142.921875,98575.40625,98483.6796875,98550.890625,98319.46875,97882.2421875,98045.09375,98254.9140625,98473.953125,98178.34375,97969.078125,98081.59375,98320.671875,98635.53125,98562.15625,98214.6875,98058.953125,97942.265625,97737.0390625,98595.8125,98241.578125,97858.9375,97827.3671875,98160.296875,98261.5,98412.375,98245.84375,98260.171875,98122.359375,98485.515625,98522.0390625,98268.9921875,98096.609375,98250.125,98063.921875,98425.34375,98256.8125,98795.078125,98197.21875,98202.890625,98373.1953125,98205.6328125,98375.671875,98247.828125,98111.34375,98176.625,97965.90625,98101.6875,98127.5859375,98518.5546875,98412.734375,98236.1171875,98203.8515625,98332.625,97957.796875,98441.3828125,97731.609375,98274.421875,98123.2890625,98004.203125,98088.8125,98394.546875,98369.421875,98256.796875,97942.171875
NA_770,87855.703125,87734.75,87446.84375,87434.578125,87209.1875,87370.0,87523.71875,87609.734375,87531.1171875,87521.796875,87691.8125,87999.78125,87886.75,87546.703125,87442.265625,87266.375,87418.6953125,87372.25,87534.6328125,87680.25,87562.84375,87690.0703125,87763.6796875,87779.8828125,87826.640625,88113.140625,87467.65625,87236.1796875,87208.328125,87214.8359375,87516.8203125,87503.171875,87508.890625,87448.984375,87988.7578125,87777.359375,88225.734375,87370.8046875,87394.0625,87156.546875,87256.46875,87144.3203125,87550.0625,87705.1875,87570.8046875,87697.71875,87701.015625,87852.71875,87897.28125,87628.2109375,87741.640625,87342.375,87250.6640625,87295.453125,87496.578125,87585.5703125,87514.578125,87438.140625,87825.7734375,88010.28125,87780.703125,87697.65625,87429.1640625,87339.921875,87215.9453125,87143.3359375,87450.078125,87612.390625,87568.5,87628.84375,87884.578125,87904.34375,87897.2578125,87780.15625,87245.03125,87290.828125,87290.34375,87446.5,87570.25,87563.8359375,87598.65625,87591.1328125,87739.796875,88010.296875,87882.0703125,87547.1328125,87667.9296875,87199.15625,87293.0390625,87265.0390625,87459.328125,87482.0625,87487.859375,87665.171875,87857.125,87745.25,87797.6015625,87611.765625,87544.078125,87353.53125,87136.40625,87296.8515625,87396.890625,87344.53125,87580.8359375,87848.0859375,87896.515625,87638.40625,88146.671875,87721.5390625,87377.7890625,87248.0625,87328.8125,87218.125,87516.609375,87554.453125,87629.421875,87311.390625,87811.375,87673.875,87776.03125,87471.953125,87482.5078125,87099.390625,87130.734375,87276.6015625,87380.203125,87491.34375,87476.640625,87763.625,87717.03125,87602.6875,87988.96875,87610.8984375,87503.671875,87200.4609375,87103.8125,87164.96875,87397.6875,87471.90625,87712.765625,87688.90625,87745.7421875,87971.265625,88036.625,87587.953125,87415.578125,87366.734375,87196.359375,87176.25,87569.46875,87570.1328125,87766.9453125,87610.609375,87941.359375,87588.6875,88104.53125,87651.0390625,87598.96875,87197.328125,87336.3125,87256.6953125,87501.578125,87686.046875,87445.640625,87616.65625,87896.5625,88042.578125,88064.484375,87492.84375,87542.578125,87329.859375,87356.0625,87104.7890625,87585.9375,87618.34375,87486.109375,87699.3125,87808.5625,87784.5703125,88207.9375,87777.5703125,87846.125,87257.2734375,87231.2578125,87354.546875,87489.15625,87594.921875,87520.40625,87646.6796875,87616.890625,87570.46875,87875.2421875,88102.09375,87355.9140625,87373.953125,87260.34375,87450.078125,87512.59375,87599.671875,87666.53125,87702.15625,87916.6875,87798.953125,87655.265625,87523.0390625,87690.8125,87325.578125,87248.9375,87245.3671875,87592.296875,87569.5,87472.375,87698.84375,87795.171875,88090.359375,88106.515625,87579.0390625,87523.9921875,87350.609375,87226.125,87227.921875,87674.34375,87544.8125,87475.078125,87639.21875,87861.890625,87880.1953125,88018.6328125,87315.671875,87568.828125,87297.34375,87109.625,87393.90625,87535.6875,87523.5859375,87458.5546875,87655.734375,87693.1171875,87894.8515625,87731.625,87528.796875,87229.3828125,87116.609375,87102.421875,87069.2890625,87245.203125,87238.8125,87522.546875,87468.421875,87624.796875,87835.171875
NA_817,98811.703125,98877.75,98402.84375,98278.578125,98317.1875,98527.0,98257.71875,98453.734375,98361.1171875,98906.796875,98483.8125,98912.78125,98727.75,98901.703125,98177.265625,98699.375,98352.6953125,98428.25,98360.6328125,98464.25,98435.84375,98803.0703125,98849.6796875,98602.8828125,98602.640625,98767.140625,98657.65625,98662.1796875,98525.328125,98410.8359375,98467.8203125,98479.171875,98312.890625,98430.984375,98518.7578125,98567.359375,98694.734375,98348.8046875,98136.0625,98254.546875,98161.46875,98185.3203125,98426.0625,98428.1875,98442.8046875,98392.71875,98695.015625,98700.71875,98657.28125,98774.2109375,98821.640625,98358.375,98515.6640625,98446.453125,98254.578125,98380.5703125,98398.578125,98352.140625,98721.7734375,98733.28125,98938.703125,98679.65625,97951.1640625,98125.921875,98278.9453125,98211.3359375,98342.078125,98295.390625,98491.5,98385.84375,98561.578125,98504.34375,98458.2578125,98570.15625,98552.03125,98227.828125,98066.34375,98298.5,98482.25,98298.8359375,98265.65625,98354.1328125,98581.796875,98996.296875,98836.0703125,98468.1328125,98786.9296875,98263.15625,98615.0390625,98233.0390625,98284.328125,98252.0625,98563.859375,98451.171875,98738.125,98643.25,98891.6015625,98385.765625,98485.078125,98388.53125,98017.40625,98317.8515625,98306.890625,98078.53125,98439.8359375,98787.0859375,98601.515625,98744.40625,98533.671875,98806.5390625,98659.7890625,98285.0625,98357.8125,97958.125,98219.609375,98419.453125,98424.421875,98353.390625,98581.375,98536.875,98559.03125,98184.953125,98030.5078125,98283.390625,98302.734375,98287.6015625,98378.203125,98190.34375,98277.640625,98381.625,98601.03125,98522.6875,98437.96875,98558.8984375,98525.671875,98124.4609375,98166.8125,98218.96875,98229.6875,98020.90625,98237.765625,98439.90625,98668.7421875,98931.265625,98591.625,98643.953125,98650.578125,98255.734375,98261.359375,98190.25,98335.46875,98290.1328125,98430.9453125,98307.609375,98867.359375,98463.6875,98878.53125,98395.0390625,98423.96875,98530.328125,98456.3125,98207.6953125,98466.578125,98497.046875,98367.640625,98536.65625,98996.5625,98768.578125,98637.484375,98475.84375,98397.578125,98271.859375,98497.0625,98327.7890625,98394.9375,98336.34375,98514.109375,98261.3125,98723.5625,98803.5703125,98883.9375,98684.5703125,98743.125,98266.2734375,98757.2578125,98323.546875,98243.15625,98317.921875,98382.40625,98450.6796875,98828.890625,98559.46875,98538.2421875,98480.09375,98405.9140625,98430.953125,98317.34375,98289.078125,98402.59375,98433.671875,98440.53125,98681.15625,98738.6875,98870.953125,98416.265625,98424.0390625,98826.8125,98288.578125,98018.9375,98284.3671875,98394.296875,98359.5,98322.375,98558.84375,98676.171875,98707.359375,99159.515625,98953.0390625,98341.9921875,98336.609375,98356.125,98221.921875,98388.34375,98493.8125,98454.078125,98562.21875,98535.890625,98527.1953125,98643.6328125,98662.671875,98732.828125,98238.34375,98260.625,98230.90625,98399.6875,98237.5859375,98486.5546875,98356.734375,98641.1171875,98544.8515625,98816.625,98564.796875,98699.3828125,98164.609375,98425.421875,98427.2890625,98315.203125,98252.8125,98479.546875,98539.421875,98948.796875,98630.171875
NA_824,102036.703125,102072.75,101497.84375,101518.578125,101380.1875,101553.0,101354.71875,101482.734375,101209.1171875,101926.796875,101651.8125,102173.78125,102059.75,102011.703125,101411.265625,101796.375,101477.6953125,101429.25,101427.6328125,101518.25,101377.84375,101833.0703125,101830.6796875,101806.8828125,101864.640625,102081.140625,101752.65625,101650.1796875,101507.328125,101350.8359375,101562.8203125,101438.171875,101059.890625,101370.984375,101809.7578125,101794.359375,102217.734375,101585.8046875,101210.0625,101433.546875,101217.46875,101120.3203125,101551.0625,101424.1875,101375.8046875,101439.71875,101810.015625,101982.71875,101958.28125,101820.2109375,102005.640625,101562.375,101609.6640625,101493.453125,101357.578125,101383.5703125,101217.578125,101338.140625,101728.7734375,102067.28125,102121.703125,101819.65625,101243.1640625,101373.921875,101308.9453125,101141.3359375,101335.078125,101194.390625,101363.5,101433.84375,101735.578125,101796.34375,101778.2578125,101841.15625,101703.03125,101373.828125,101295.34375,101298.5,101530.25,101339.8359375,101273.65625,101409.1328125,101734.796875,102087.296875,102090.0703125,101786.1328125,101891.9296875,101473.15625,101524.0390625,101301.0390625,101387.328125,101298.0625,101416.859375,101373.171875,101917.125,101787.25,102115.6015625,101671.765625,101640.078125,101471.53125,101138.40625,101421.8515625,101413.890625,101054.53125,101246.8359375,101816.0859375,101841.515625,101914.40625,101889.671875,102041.5390625,101719.7890625,101459.0625,101287.8125,101095.125,101363.609375,101439.453125,101252.421875,101351.390625,101703.375,101678.875,101898.03125,101601.953125,101359.5078125,101395.390625,101254.734375,101330.6015625,101426.203125,101133.34375,101267.640625,101561.625,101673.03125,101881.6875,101762.96875,101832.8984375,101638.671875,101281.4609375,101271.8125,101283.96875,101286.6875,101098.90625,101193.765625,101555.90625,101795.7421875,102063.265625,101913.625,101815.953125,101686.578125,101435.734375,101272.359375,101142.25,101476.46875,101165.1328125,101430.9453125,101474.609375,102041.359375,101691.6875,102014.53125,101574.0390625,101773.96875,101472.328125,101512.3125,101282.6953125,101451.578125,101448.046875,101244.640625,101549.65625,101994.5625,101958.578125,102089.484375,101675.84375,101607.578125,101388.859375,101581.0625,101407.7890625,101506.9375,101377.34375,101421.109375,101444.3125,102003.5625,101929.5703125,102179.9375,101973.5703125,101803.125,101313.2734375,101670.2578125,101450.546875,101432.15625,101290.921875,101297.40625,101369.6796875,101743.890625,101611.46875,101794.2421875,101882.09375,101473.9140625,101478.953125,101418.34375,101393.078125,101547.59375,101378.671875,101424.53125,101680.15625,101830.6875,101991.953125,101733.265625,101580.0390625,101957.8125,101389.578125,101238.9375,101201.3671875,101531.296875,101309.5,101295.375,101517.84375,101772.171875,102007.359375,102370.515625,101975.0390625,101629.9921875,101530.609375,101352.125,101357.921875,101422.34375,101540.8125,101333.078125,101508.21875,101711.890625,101669.1953125,101972.6328125,101694.671875,101931.828125,101386.34375,101300.625,101293.90625,101412.6875,101298.5859375,101453.5546875,101328.734375,101835.1171875,101712.8515625,101960.625,101800.796875,101782.3828125,101324.609375,101411.421875,101399.2890625,101377.203125,101251.8125,101271.546875,101461.421875,101944.796875,101884.171875
NA_834,97786.703125,97697.75,97173.84375,97269.578125,96940.1875,97204.0,97221.71875,97378.734375,97203.1171875,97643.796875,97538.8125,98076.78125,97896.75,97658.703125,97379.265625,97309.375,97113.6953125,97132.25,97220.6328125,97332.25,97333.84375,97581.0703125,97667.6796875,97714.8828125,97687.640625,98034.140625,97437.65625,97198.1796875,97093.328125,97077.8359375,97391.8203125,97269.171875,97183.890625,97303.984375,97857.7578125,97671.359375,98126.734375,97418.8046875,97109.0625,97063.546875,96934.46875,96932.3203125,97413.0625,97355.1875,97383.8046875,97442.71875,97644.015625,97830.71875,97754.28125,97635.2109375,97644.640625,97285.375,97191.6640625,97149.453125,97269.578125,97343.5703125,97345.578125,97222.140625,97653.7734375,97975.28125,97858.703125,97733.65625,97149.1640625,97222.921875,97064.9453125,96901.3359375,97245.078125,97194.390625,97310.5,97492.84375,97643.578125,97749.34375,97716.2578125,97691.15625,97272.03125,97048.828125,96992.34375,97218.5,97310.25,97206.8359375,97260.65625,97317.1328125,97564.796875,97894.296875,97967.0703125,97570.1328125,97464.9296875,97224.15625,97200.0390625,97063.0390625,97288.328125,97251.0625,97360.859375,97375.171875,97763.125,97584.25,97882.6015625,97376.765625,97278.078125,97128.53125,96791.40625,97013.8515625,97234.890625,97047.53125,97377.8359375,97683.0859375,97710.515625,97701.40625,97800.671875,97652.5390625,97354.7890625,97125.0625,97037.8125,96886.125,97151.609375,97250.453125,97361.421875,97129.390625,97683.375,97595.875,97761.03125,97476.953125,97287.5078125,97056.390625,96934.734375,97009.6015625,97236.203125,97092.34375,97173.640625,97520.625,97542.03125,97629.6875,97639.96875,97575.8984375,97270.671875,96777.4609375,96824.8125,96954.96875,97076.6875,97011.90625,97246.765625,97434.90625,97620.7421875,97897.265625,97788.625,97641.953125,97266.578125,97077.734375,97068.359375,96943.25,97286.46875,97122.1328125,97382.9453125,97356.609375,97843.359375,97509.6875,97840.53125,97403.0390625,97479.96875,97095.328125,97142.3125,97105.6953125,97302.578125,97309.046875,97183.640625,97384.65625,97953.5625,97885.578125,97963.484375,97477.84375,97418.578125,97094.859375,97177.0625,96966.7890625,97355.9375,97215.34375,97346.109375,97333.3125,97850.5625,97763.5703125,98186.9375,97789.5703125,97710.125,97093.2734375,97139.2578125,97228.546875,97186.15625,97200.921875,97205.40625,97367.6796875,97570.890625,97407.46875,97747.2421875,97758.09375,97176.9140625,97170.953125,97141.34375,97252.078125,97214.59375,97249.671875,97402.53125,97529.15625,97735.6875,97809.953125,97589.265625,97337.0390625,97540.8125,97040.578125,97002.9375,96968.3671875,97336.296875,97218.5,97219.375,97538.84375,97644.171875,97962.359375,98254.515625,97602.0390625,97377.9921875,97316.609375,97049.125,96965.921875,97359.34375,97301.8125,97255.078125,97455.21875,97704.890625,97690.1953125,97869.6328125,97431.671875,97682.828125,97076.34375,96842.625,97116.90625,97247.6875,97088.5859375,97242.5546875,97316.734375,97689.1171875,97700.8515625,97570.625,97510.796875,97259.3828125,96970.609375,96934.421875,97025.2890625,96964.203125,96992.8125,97256.546875,97261.421875,97611.796875,97591.171875
NA_852,80658.703125,80686.75,80425.84375,80513.578125,80434.1875,80523.0,80617.71875,80607.734375,80429.1171875,80584.796875,80515.8125,80654.78125,80602.75,80539.703125,80369.265625,80492.375,80473.6953125,80553.25,80611.6328125,80633.25,80484.84375,80654.0703125,80600.6796875,80520.8828125,80571.640625,80602.140625,80491.65625,80504.1796875,80446.328125,80429.8359375,80679.8203125,80610.171875,80397.890625,80472.984375,80652.7578125,80602.359375,80692.734375,80427.8046875,80332.0625,80463.546875,80442.46875,80371.3203125,80653.0625,80646.1875,80514.8046875,80499.71875,80632.015625,80617.71875,80576.28125,80526.2109375,80581.640625,80459.375,80521.6640625,80561.453125,80606.578125,80640.5703125,80489.578125,80511.140625,80610.7734375,80644.28125,80647.703125,80513.65625,80390.1640625,80452.921875,80384.9453125,80313.3359375,80554.078125,80559.390625,80574.5,80463.84375,80606.578125,80602.34375,80624.2578125,80557.15625,80472.03125,80433.828125,80469.34375,80492.5,80619.25,80572.8359375,80548.65625,80507.1328125,80552.796875,80662.296875,80575.0703125,80551.1328125,80504.9296875,80463.15625,80456.0390625,80501.0390625,80598.328125,80491.0625,80545.859375,80471.171875,80626.125,80634.25,80597.6015625,80554.765625,80458.078125,80402.53125,80361.40625,80443.8515625,80523.890625,80451.53125,80432.8359375,80628.0859375,80607.515625,80651.40625,80637.671875,80612.5390625,80456.7890625,80471.0625,80421.8125,80390.125,80623.609375,80585.453125,80547.421875,80445.390625,80516.375,80464.875,80459.03125,80280.953125,80341.5078125,80352.390625,80393.734375,80483.6015625,80505.203125,80473.34375,80381.640625,80641.625,80555.03125,80538.6875,80480.96875,80493.8984375,80481.671875,80428.4609375,80375.8125,80396.96875,80467.6875,80505.90625,80548.765625,80515.90625,80622.7421875,80604.265625,80645.625,80564.953125,80474.578125,80446.734375,80420.359375,80407.25,80621.46875,80534.1328125,80612.9453125,80522.609375,80703.359375,80551.6875,80617.53125,80474.0390625,80523.96875,80395.328125,80488.3125,80490.6953125,80621.578125,80602.046875,80357.640625,80547.65625,80621.5625,80636.578125,80620.484375,80475.84375,80474.578125,80454.859375,80500.0625,80449.7890625,80723.9375,80630.34375,80485.109375,80514.3125,80626.5625,80602.5703125,80671.9375,80545.5703125,80575.125,80444.2734375,80550.2578125,80516.546875,80654.15625,80616.921875,80499.40625,80543.6796875,80535.890625,80516.46875,80527.2421875,80581.09375,80468.9140625,80466.953125,80539.34375,80597.078125,80715.59375,80600.671875,80622.53125,80620.15625,80650.6875,80679.953125,80621.265625,80540.0390625,80634.8125,80402.578125,80418.9375,80416.3671875,80709.296875,80580.5,80476.375,80547.84375,80621.171875,80676.359375,80677.515625,80668.0390625,80489.9921875,80521.609375,80518.125,80502.921875,80741.34375,80674.8125,80516.078125,80517.21875,80598.890625,80622.1953125,80631.6328125,80535.671875,80550.828125,80487.34375,80361.625,80578.90625,80698.6875,80643.5859375,80573.5546875,80473.734375,80646.1171875,80611.8515625,80704.625,80642.796875,80691.3828125,80601.609375,80581.421875,80612.2890625,80675.203125,80648.8125,80629.546875,80621.421875,80736.796875,80658.171875
NA_883,101897.703125,102024.75,101484.84375,101315.578125,101364.1875,101567.0,101210.71875,101410.734375,101301.1171875,101820.796875,101552.8125,102000.78125,101765.75,102027.703125,101110.265625,101775.375,101399.6953125,101389.25,101344.6328125,101445.25,101371.84375,101844.0703125,101904.6796875,101664.8828125,101699.640625,101784.140625,101783.65625,101703.1796875,101555.328125,101394.8359375,101419.8203125,101454.171875,101293.890625,101399.984375,101541.7578125,101681.359375,101679.734375,101480.8046875,101186.0625,101363.546875,101200.46875,101203.3203125,101471.0625,101450.1875,101348.8046875,101357.71875,101762.015625,101790.71875,101721.28125,101854.2109375,101961.640625,101379.375,101617.6640625,101437.453125,101173.578125,101274.5703125,101341.578125,101436.140625,101830.7734375,101832.28125,102049.703125,101727.65625,101006.1640625,101212.921875,101195.9453125,101234.3359375,101345.078125,101264.390625,101356.5,101241.84375,101637.578125,101577.34375,101616.2578125,101638.15625,101618.03125,101276.828125,101044.34375,101233.5,101491.25,101240.8359375,101248.65625,101339.1328125,101523.796875,102097.296875,101902.0703125,101507.1328125,101925.9296875,101212.15625,101614.0390625,101243.0390625,101252.328125,101230.0625,101525.859375,101461.171875,101731.125,101749.25,101987.6015625,101541.765625,101644.078125,101441.53125,101061.40625,101315.8515625,101272.890625,101025.53125,101338.8359375,101745.0859375,101613.515625,101898.40625,101649.671875,101944.5390625,101823.7890625,101434.0625,101414.8125,100854.125,101200.609375,101398.453125,101369.421875,101370.390625,101482.375,101624.875,101573.03125,101124.953125,101026.5078125,101365.390625,101361.734375,101229.6015625,101360.203125,101179.34375,101200.640625,101311.625,101675.03125,101467.6875,101485.96875,101703.8984375,101631.671875,101334.4609375,101200.8125,101152.96875,101200.6875,100890.90625,101224.765625,101373.90625,101811.7421875,102056.265625,101771.625,101731.953125,101781.578125,101237.734375,101251.359375,101187.25,101300.46875,101287.1328125,101428.9453125,101209.609375,101828.359375,101582.6875,101987.53125,101492.0390625,101427.96875,101648.328125,101539.3125,101264.6953125,101524.578125,101457.046875,101303.640625,101485.65625,101976.5625,101865.578125,101716.484375,101510.84375,101436.578125,101378.859375,101520.0625,101313.7890625,101333.9375,101256.34375,101447.109375,101277.3125,101723.5625,101822.5703125,101900.9375,101709.5703125,101804.125,101361.2734375,101759.2578125,101313.546875,101167.15625,101240.921875,101249.40625,101366.6796875,101878.890625,101767.46875,101559.2421875,101616.09375,101544.9140625,101530.953125,101256.34375,101258.078125,101404.59375,101453.671875,101359.53125,101596.15625,101778.6875,101931.953125,101555.265625,101485.0390625,101926.8125,101449.578125,101070.9375,101309.3671875,101371.296875,101311.5,101220.375,101608.84375,101701.171875,101742.359375,102200.515625,102181.0390625,101356.9921875,101393.609375,101493.125,101151.921875,101341.34375,101517.8125,101358.078125,101528.21875,101574.890625,101640.1953125,101739.6328125,101825.671875,101763.828125,101419.34375,101307.625,101234.90625,101339.6875,101195.5859375,101396.5546875,101375.734375,101605.1171875,101602.8515625,101900.625,101671.796875,101813.3828125,101115.609375,101394.421875,101396.2890625,101263.203125,101224.8125,101379.546875,101503.421875,101910.796875,101691.171875
NA_887,102150.703125,102151.75,101581.84375,101646.578125,101453.1875,101639.0,101524.71875,101622.734375,101328.1171875,102029.796875,101760.8125,102326.78125,102184.75,102092.703125,101566.265625,101840.375,101579.6953125,101496.25,101557.6328125,101636.25,101504.84375,101930.0703125,101933.6796875,101933.8828125,101987.640625,102251.140625,101815.65625,101720.1796875,101585.328125,101432.8359375,101682.8203125,101539.171875,101184.890625,101461.984375,101948.7578125,101912.359375,102398.734375,101711.8046875,101345.0625,101532.546875,101313.46875,101203.3203125,101665.0625,101531.1875,101492.8046875,101567.71875,101929.015625,102123.71875,102078.28125,101948.2109375,102089.640625,101657.375,101666.6640625,101565.453125,101491.578125,101519.5703125,101363.578125,101422.140625,101820.7734375,102208.28125,102234.703125,101960.65625,101378.1640625,101492.921875,101418.9453125,101245.3359375,101466.078125,101361.390625,101408.5,101603.84375,101867.578125,101944.34375,101916.2578125,101968.15625,101767.03125,101473.828125,101410.34375,101447.5,101627.25,101470.8359375,101400.65625,101515.1328125,101860.796875,102197.296875,102208.0703125,101922.1328125,101966.9296875,101592.15625,101598.0390625,101413.0390625,101515.328125,101425.0625,101521.859375,101491.171875,102029.125,101887.25,102223.6015625,101764.765625,101710.078125,101553.53125,101215.40625,101512.8515625,101539.890625,101202.53125,101326.8359375,101946.0859375,101959.515625,102010.40625,102031.671875,102113.5390625,101799.7890625,101552.0625,101392.8125,101248.125,101488.609375,101546.453125,101351.421875,101427.390625,101852.375,101803.875,102047.03125,101770.953125,101534.5078125,101469.390625,101329.734375,101406.6015625,101523.203125,101260.34375,101359.640625,101718.625,101778.03125,101996.6875,101908.96875,101950.8984375,101740.671875,101330.4609375,101350.8125,101392.96875,101408.6875,101242.90625,101310.765625,101683.90625,101902.7421875,102164.265625,102023.625,101929.953125,101740.578125,101532.734375,101391.359375,101251.25,101595.46875,101322.1328125,101547.9453125,101610.609375,102173.359375,101799.6875,102125.53125,101685.0390625,101904.96875,101541.328125,101593.3125,101408.6953125,101572.578125,101555.046875,101333.640625,101649.65625,102138.5625,102108.578125,102238.484375,101804.84375,101731.578125,101486.859375,101652.0625,101489.7890625,101646.9375,101496.34375,101533.109375,101570.3125,102123.5625,102046.5703125,102340.9375,102119.5703125,101926.125,101394.2734375,101700.2578125,101549.546875,101576.15625,101424.921875,101413.40625,101480.6796875,101821.890625,101690.46875,101947.2421875,102037.09375,101526.9140625,101537.953125,101510.34375,101500.078125,101645.59375,101487.671875,101546.53125,101792.15625,101938.6875,102076.953125,101852.265625,101663.0390625,102031.8125,101455.578125,101346.9375,101257.3671875,101657.296875,101363.5,101431.375,101636.84375,101887.171875,102148.359375,102538.515625,102023.0390625,101737.9921875,101665.609375,101470.125,101449.921875,101575.34375,101633.8125,101425.078125,101608.21875,101844.890625,101791.1953125,102120.6328125,101764.671875,102049.828125,101468.34375,101342.625,101408.90625,101500.6875,101416.5859375,101552.5546875,101448.734375,101971.1171875,101874.8515625,102052.625,101919.796875,101847.3828125,101427.609375,101493.421875,101503.2890625,101473.203125,101349.8125,101372.546875,101573.421875,102055.796875,101998.171875
NA_890,94226.703125,94098.75,94469.84375,94481.578125,94306.1875,94532.0,94575.71875,94540.734375,94458.1171875,94331.796875,94692.8125,94731.78125,94614.75,94411.703125,94422.265625,94231.375,94647.6953125,94535.25,94536.6328125,94531.25,94460.84375,94438.0703125,94069.6796875,93957.8828125,94333.640625,94785.140625,94379.65625,94370.1796875,94440.328125,94460.8359375,94627.8203125,94641.171875,94414.890625,94806.984375,94586.7578125,93841.359375,94687.734375,94499.8046875,93957.0625,93895.546875,94433.46875,94401.3203125,94624.0625,94569.1875,94540.8046875,94454.71875,94241.015625,94044.71875,94318.28125,94332.2109375,94584.640625,94572.375,94297.6640625,94512.453125,94462.578125,94367.5703125,94374.578125,94097.140625,94842.7734375,94383.28125,94383.703125,94566.65625,94217.1640625,94268.921875,94186.9453125,94154.3359375,94492.078125,94499.390625,94543.5,94277.84375,94463.578125,94310.34375,93853.2578125,94713.15625,93741.03125,94176.828125,94452.34375,94593.5,94541.25,94516.8359375,94527.65625,94621.1328125,93756.796875,94455.296875,94876.0703125,94061.1328125,94461.9296875,94375.15625,94511.0390625,94389.0390625,94485.328125,94368.0625,94472.859375,94330.171875,94646.125,94179.25,93951.6015625,94306.765625,94544.078125,94460.53125,94475.40625,94557.8515625,94478.890625,94240.53125,94603.8359375,94750.0859375,94488.515625,94185.40625,94940.671875,94243.5390625,94205.7890625,94480.0625,94390.8125,94233.125,94526.609375,94479.453125,94466.421875,94359.390625,94092.375,94529.875,93833.03125,94164.953125,94197.5078125,93948.390625,94273.734375,94474.6015625,94491.203125,94322.34375,94288.640625,94419.625,94346.03125,93832.6875,94643.96875,94303.8984375,93748.671875,94222.4609375,94264.8125,94287.96875,94408.6875,94439.90625,94493.765625,94440.90625,94047.7421875,95008.265625,94362.625,94404.953125,93623.578125,94202.734375,94506.359375,94287.25,94483.46875,94499.1328125,94759.9453125,94313.609375,94161.359375,93719.6875,94812.53125,94625.0390625,94540.96875,94535.328125,94533.3125,94456.6953125,94554.578125,94436.046875,94034.640625,94794.65625,94553.5625,94965.578125,94818.484375,94109.84375,94175.578125,94333.859375,94482.0625,94373.7890625,94559.9375,94452.34375,94357.109375,94133.3125,94496.5625,94326.5703125,94920.9375,94637.5703125,94633.125,94468.2734375,94304.2578125,94449.546875,94386.15625,94326.921875,94339.40625,94416.6796875,94417.890625,93755.46875,94139.2421875,94606.09375,93972.9140625,94482.953125,94426.34375,94580.078125,94572.59375,94510.671875,94643.53125,93903.15625,94093.6875,94543.953125,94321.265625,93827.0390625,94149.8125,94214.578125,94413.9375,94430.3671875,94675.296875,94485.5,94391.375,94619.84375,93954.171875,95112.359375,94327.515625,94575.0390625,94192.9921875,94297.609375,94477.125,94462.921875,94741.34375,94511.8125,94469.078125,94600.21875,94530.890625,94381.1953125,94416.6328125,93904.671875,94677.828125,94390.34375,94129.625,94583.90625,94564.6875,94498.5859375,94341.5546875,94707.734375,94685.1171875,94223.8515625,94215.625,95008.796875,94550.3828125,94804.609375,94618.421875,94651.2890625,94746.203125,94751.8125,94848.546875,94927.421875,94466.796875,94832.171875
NA_920,85897.703125,85708.75,85758.84375,85732.578125,85489.1875,85703.0,85741.71875,85798.734375,85807.1171875,85759.796875,85962.8125,86198.78125,86126.75,85679.703125,85682.265625,85459.375,85814.6953125,85670.25,85733.6328125,85880.25,85849.84375,85903.0703125,85918.6796875,85833.8828125,85972.640625,86339.140625,85675.65625,85534.1796875,85530.328125,85631.8359375,85851.8203125,85797.171875,85750.890625,85796.984375,86236.7578125,85740.359375,86387.734375,85633.8046875,85516.0625,85274.546875,85612.46875,85547.3203125,85874.0625,85912.1875,85927.8046875,85958.71875,85804.015625,85800.71875,86010.28125,85811.2109375,86003.640625,85668.375,85510.6640625,85686.453125,85787.578125,85857.5703125,85719.578125,85571.140625,86160.7734375,86034.28125,85900.703125,85930.65625,85614.1640625,85565.921875,85553.9453125,85418.3359375,85803.078125,85820.390625,85839.5,85880.84375,86036.578125,85995.34375,85878.2578125,86021.15625,85318.03125,85495.828125,85698.34375,85837.5,85843.25,85792.8359375,85879.65625,85813.1328125,85805.796875,86231.296875,86208.0703125,85601.1328125,85914.9296875,85528.15625,85589.0390625,85573.0390625,85731.328125,85670.0625,85724.859375,85886.171875,86114.125,85816.25,85694.6015625,85752.765625,85837.078125,85619.53125,85511.40625,85693.8515625,85699.890625,85652.53125,85914.8359375,86131.0859375,86108.515625,85562.40625,86265.671875,85777.5390625,85529.7890625,85490.0625,85734.8125,85534.125,85865.609375,85854.453125,85903.421875,85644.390625,86004.375,85783.875,85734.03125,85647.953125,85696.5078125,85267.390625,85456.734375,85675.6015625,85717.203125,85652.34375,85754.640625,85953.625,85797.03125,85641.6875,86123.96875,85655.8984375,85542.671875,85413.4609375,85399.8125,85502.96875,85641.6875,85730.90625,86032.765625,85893.90625,85787.7421875,86297.265625,86101.625,85782.953125,85408.578125,85572.734375,85599.359375,85508.25,85774.46875,85819.1328125,86080.9453125,85844.609375,85980.359375,85511.6875,86252.53125,85880.0390625,85882.96875,85607.328125,85696.3125,85659.6953125,85782.578125,85823.046875,85665.640625,85893.65625,86043.5625,86136.578125,86248.484375,85494.84375,85679.578125,85597.859375,85597.0625,85491.7890625,85888.9375,85888.34375,85755.109375,85922.3125,85961.5625,85865.5703125,86439.9375,85978.5703125,86046.125,85538.2734375,85438.2578125,85647.546875,85795.15625,85846.921875,85734.40625,85904.6796875,85774.890625,85605.46875,85902.2421875,86272.09375,85529.9140625,85665.953125,85586.34375,85813.078125,85746.59375,85798.671875,85909.53125,85763.15625,86003.6875,85867.953125,85728.265625,85462.0390625,85819.8125,85608.578125,85614.9375,85665.3671875,85921.296875,85894.5,85806.375,86076.84375,85830.171875,86362.359375,86160.515625,85673.0390625,85641.9921875,85633.609375,85597.125,85617.921875,86004.34375,85835.8125,85722.078125,85943.21875,86069.890625,86051.1953125,86081.6328125,85111.671875,85832.828125,85577.34375,85307.625,85760.90625,85814.6875,85832.5859375,85728.5546875,86007.734375,85902.1171875,85936.8515625,85726.625,85831.796875,85370.3828125,85487.609375,85535.421875,85493.2890625,85628.203125,85628.8125,85964.546875,85878.421875,85817.796875,86090.171875
NA_946,98719.703125,98453.75,98385.84375,98614.578125,97921.1875,98020.0,98330.71875,98222.734375,98116.1171875,98601.796875,98234.8125,99311.78125,98401.75,98930.703125,98568.265625,98322.375,98030.6953125,98169.25,98218.6328125,98226.25,98529.84375,98020.0703125,98428.6796875,98148.8828125,98217.640625,98528.140625,98860.65625,98449.1796875,98407.328125,98010.8359375,98220.8203125,98220.171875,97969.890625,98684.984375,98236.7578125,98046.359375,98921.734375,98646.8046875,98219.0625,98518.546875,98373.46875,98047.3203125,98124.0625,98445.1875,98049.8046875,98055.71875,98237.015625,98274.71875,98991.28125,98661.2109375,98460.640625,98508.375,98220.6640625,98225.453125,98232.578125,98339.5703125,98144.578125,98059.140625,98457.7734375,98511.28125,99079.703125,98695.65625,98311.1640625,98333.921875,98241.9453125,97868.3359375,98117.078125,98187.390625,98159.5,98531.84375,98115.578125,98240.34375,97947.2578125,98752.15625,98959.03125,98198.828125,98097.34375,98348.5,98064.25,98278.8359375,98239.65625,98124.1328125,98360.796875,98385.296875,98362.0703125,98735.1328125,98589.9296875,98636.15625,98345.0390625,97973.0390625,98172.328125,98174.0625,98025.859375,98232.171875,98317.125,98455.25,98246.6015625,98511.765625,98526.078125,98443.53125,98292.40625,97922.8515625,97945.890625,98060.53125,98434.8359375,98563.0859375,98447.515625,98527.40625,98540.671875,98738.5390625,98566.7890625,98574.0625,98203.8125,98083.125,98249.609375,98153.453125,98439.421875,98282.390625,98174.375,98784.875,98772.03125,99128.953125,98406.5078125,98042.390625,98132.734375,98048.6015625,97923.203125,97795.34375,98253.640625,98152.625,98306.03125,98854.6875,98735.96875,98319.8984375,98951.671875,97956.4609375,98234.8125,98033.96875,97982.6875,97935.90625,98441.765625,98094.90625,97890.7421875,98322.265625,98081.625,98646.953125,97838.578125,98492.734375,98060.359375,97774.25,98189.46875,98187.1328125,98326.9453125,98150.609375,98688.359375,98440.6875,98470.53125,98598.0390625,99020.96875,98542.328125,98596.3125,98206.6953125,98320.578125,98318.046875,98070.640625,98293.65625,98508.5625,98855.578125,98215.484375,98509.84375,98623.578125,98466.859375,98336.0625,97816.7890625,98211.9375,98327.34375,98375.109375,97940.3125,98340.5625,98709.5703125,98758.9375,99132.5703125,98543.125,98315.2734375,98628.2578125,98164.546875,97819.15625,98042.921875,98100.40625,98408.6796875,98110.890625,98143.46875,98353.2421875,98493.09375,98250.9140625,98709.953125,98229.34375,98191.078125,98057.59375,98173.671875,98333.53125,98246.15625,98305.6875,98298.953125,98191.265625,98053.0390625,98812.8125,98492.578125,98163.9375,97779.3671875,98301.296875,98492.5,98298.375,97864.84375,98267.171875,98638.359375,98798.515625,98662.0390625,98880.9921875,98806.609375,98218.125,97990.921875,98386.34375,98102.8125,98536.078125,98473.21875,98643.890625,98510.1953125,98789.6328125,99103.671875,98736.828125,98339.34375,98375.625,98066.90625,98123.6875,98107.5859375,98167.5546875,98035.734375,98506.1171875,98361.8515625,98577.625,98453.796875,98509.3828125,98231.609375,98623.421875,97915.2890625,98024.203125,98094.8125,98240.546875,98328.421875,98112.796875,98369.171875
NA_947,99879.703125,100026.75,99708.84375,99562.578125,99475.1875,99680.0,99674.71875,99796.734375,99810.1171875,100146.796875,99600.8125,100037.78125,99721.75,100133.703125,99479.265625,99924.375,99793.6953125,99730.25,99666.6328125,99670.25,99869.84375,99813.0703125,100112.6796875,99673.8828125,99435.640625,99668.140625,100002.65625,99919.1796875,99728.328125,99659.8359375,99691.8203125,99950.171875,99880.890625,100029.984375,99426.7578125,99646.359375,99578.734375,99735.8046875,99650.0625,99871.546875,99625.46875,99496.3203125,99551.0625,99774.1875,99996.8046875,99563.71875,99767.015625,99693.71875,99639.28125,100213.2109375,100082.640625,99571.375,99694.6640625,99703.453125,99536.578125,99729.5703125,100181.578125,99793.140625,100077.7734375,99725.28125,100404.703125,100082.65625,99228.1640625,99440.921875,99686.9453125,99587.3359375,99688.078125,99713.390625,99952.5,99786.84375,99593.578125,99570.34375,99506.2578125,99467.15625,99704.03125,99583.828125,99314.34375,99563.5,99633.25,99736.8359375,99694.65625,99474.1328125,100008.796875,100076.296875,99704.0703125,99448.1328125,100133.9296875,99328.15625,100138.0390625,99556.0390625,99568.328125,99652.0625,100030.859375,99849.171875,99793.125,99950.25,99872.6015625,99597.765625,99825.078125,99902.53125,99211.40625,99390.8515625,99473.890625,99550.53125,100071.8359375,100099.0859375,99701.515625,99812.40625,99620.671875,99768.5390625,100219.7890625,99543.0625,99766.8125,99295.125,99456.609375,99721.453125,100038.421875,99761.390625,100090.375,99800.875,99609.03125,99092.953125,99496.5078125,99446.390625,99686.734375,99358.6015625,99566.203125,99655.34375,99523.640625,99342.625,99969.03125,99321.6875,99592.96875,99652.8984375,100077.671875,99367.4609375,99565.8125,99431.96875,99447.6875,99283.90625,99765.765625,99625.90625,99860.7421875,100070.265625,99558.625,99771.953125,99898.578125,99423.734375,99696.359375,99481.25,99523.46875,99633.1328125,99737.9453125,99488.609375,100197.359375,99660.6875,99937.53125,99633.0390625,99527.96875,100013.328125,99862.3125,99465.6953125,99815.578125,99763.046875,99781.640625,99817.65625,100085.5625,99884.578125,99572.484375,99794.84375,99775.578125,99733.859375,99681.0625,99684.7890625,99559.9375,99775.34375,100040.109375,99391.3125,99647.5625,100087.5703125,99958.9375,99879.5703125,100011.125,99610.2734375,100031.2578125,99586.546875,99454.15625,99661.921875,99975.40625,99997.6796875,100196.890625,99885.46875,99574.2421875,99584.09375,99708.9140625,99830.953125,99616.34375,99467.078125,99550.59375,99805.671875,100051.53125,100034.15625,99814.6875,99828.953125,99564.265625,99356.0390625,100062.8125,99658.578125,99274.9375,99371.3671875,99587.296875,99774.5,99851.375,99874.84375,99915.171875,99743.359375,100177.515625,100229.0390625,99607.9921875,99611.609375,99744.125,99491.921875,99889.34375,99712.8125,100214.078125,99722.21875,99779.890625,99900.1953125,99784.6328125,100012.671875,99948.828125,99576.34375,99557.625,99443.90625,99589.6875,99606.5859375,99994.5546875,99841.734375,99842.1171875,99773.8515625,99774.625,99485.796875,99846.3828125,99117.609375,99632.421875,99501.2890625,99352.203125,99406.8125,99808.546875,99789.421875,99864.796875,99432.171875
NA_98,96604.703125,96400.75,96460.84375,96883.578125,96457.1875,96668.0,96656.71875,96428.734375,96275.1171875,96483.796875,96691.8125,97358.78125,96293.75,96904.703125,96731.265625,96668.375,96338.6953125,96762.25,96408.6328125,96326.25,96572.84375,96092.0703125,96716.6796875,96369.8828125,96275.640625,96626.140625,97069.65625,96817.1796875,96847.328125,96506.8359375,96336.8203125,96462.171875,96068.890625,96815.984375,96297.7578125,96183.359375,96930.734375,96894.8046875,96465.0625,97031.546875,96537.46875,96317.3203125,96486.0625,96605.1875,96481.8046875,96368.71875,95958.015625,96200.71875,97281.28125,96719.2109375,96621.640625,96858.375,96709.6640625,96851.453125,96551.578125,96802.5703125,96371.578125,96220.140625,96245.7734375,96800.28125,96980.703125,96767.65625,96694.1640625,96724.921875,96840.9453125,96511.3359375,96171.078125,96436.390625,96285.5,96614.84375,96331.578125,96541.34375,96004.2578125,96929.15625,97450.03125,96446.828125,96804.34375,96651.5,96293.25,96390.8359375,96756.65625,96435.1328125,96715.796875,96132.296875,96374.0703125,97115.1328125,96723.9296875,97000.15625,96819.0390625,96551.0390625,96443.328125,96349.0625,96398.859375,96290.171875,96511.125,96655.25,96302.6015625,96649.765625,96830.078125,96662.53125,96953.40625,96407.8515625,96378.890625,96027.53125,96589.8359375,96487.0859375,96693.515625,96653.40625,96724.671875,96916.5390625,96863.7890625,97051.0625,96684.8125,96533.125,96752.609375,96576.453125,96468.421875,96778.390625,95781.375,97067.875,96948.03125,97215.953125,96363.5078125,96588.390625,96850.734375,96529.6015625,96152.203125,96238.34375,96525.640625,96342.625,96512.03125,96919.6875,97026.96875,96252.8984375,97250.671875,96260.4609375,97101.8125,96344.96875,96099.6875,96074.90625,96352.765625,96280.90625,95957.7421875,96020.265625,96097.625,96752.953125,96042.578125,96958.734375,96665.359375,96292.25,96416.46875,96387.1328125,96347.9453125,96629.609375,96912.359375,96672.6875,96683.53125,96646.0390625,97340.96875,96975.328125,96978.3125,96723.6953125,96511.578125,96607.046875,96101.640625,96489.65625,96764.5625,96933.578125,96419.484375,96825.84375,96788.578125,96925.859375,96840.0625,96541.7890625,96511.9375,96595.34375,96553.109375,96215.3125,96737.5625,96616.5703125,96738.9375,97265.5703125,96611.125,96622.2734375,97169.2578125,96422.546875,96131.15625,96414.921875,96237.40625,96436.6796875,96218.890625,96240.46875,96462.2421875,96682.09375,96623.9140625,97167.953125,96758.34375,96443.078125,96433.59375,96525.671875,96405.53125,96819.15625,96287.6875,96485.953125,96219.265625,96086.0390625,97136.8125,97003.578125,96753.9375,96337.3671875,96451.296875,96608.5,96513.375,95978.84375,96366.171875,96743.359375,97002.515625,96248.0390625,97163.9921875,96792.609375,96502.125,96309.921875,96619.34375,96256.8125,96834.078125,96698.21875,96959.890625,96482.1953125,96782.6328125,97312.671875,96861.828125,96501.34375,96925.625,96465.90625,96299.6875,96341.5859375,96517.5546875,96368.734375,96608.1171875,96320.8515625,96562.625,96286.796875,96720.3828125,96476.609375,97044.421875,96497.2890625,96153.203125,96144.8125,96323.546875,96244.421875,96181.796875,96311.171875
OC_1109,96626.703125,96978.75,97006.84375,97414.578125,97266.1875,97516.0,97066.71875,96849.734375,96737.1171875,96813.796875,96649.8125,96505.78125,96666.75,96730.703125,96883.265625,97311.375,97090.6953125,97528.25,97275.6328125,96756.25,97039.84375,96448.0703125,96557.6796875,96094.8828125,96395.640625,96577.140625,96923.65625,97328.1796875,97242.328125,97132.8359375,97230.8203125,97310.171875,96790.890625,96622.984375,96871.7578125,96637.359375,96770.734375,96675.8046875,96923.0625,97341.546875,97400.46875,97039.3203125,97407.0625,97005.1875,96624.8046875,96628.71875,96977.015625,96540.71875,96272.28125,96435.2109375,96858.640625,97298.375,97206.6640625,97162.453125,97379.578125,96694.5703125,97163.578125,96967.140625,96725.7734375,96522.28125,96499.703125,96449.65625,97101.1640625,97466.921875,97419.9453125,97020.3359375,97420.078125,97377.390625,96779.5,96666.84375,96685.578125,96239.34375,96496.2578125,96712.15625,97002.03125,96827.828125,97273.34375,97747.5,97438.25,97502.8359375,97321.65625,97297.1328125,96654.796875,96897.296875,96488.0703125,96823.1328125,96786.9296875,97269.15625,97263.0390625,97025.0390625,97162.328125,97339.0625,96934.859375,96676.171875,96888.125,96643.25,96506.6015625,96558.765625,97120.078125,97261.53125,97314.40625,97548.8515625,97073.890625,97236.53125,97046.8359375,97123.0859375,96295.515625,96175.40625,96556.671875,96556.5390625,96932.7890625,97097.0625,97518.8125,96900.125,96994.609375,96796.453125,96595.421875,97069.390625,96743.375,96738.875,96477.03125,96901.953125,97260.5078125,97208.390625,97047.734375,97499.6015625,97560.203125,96774.34375,97039.640625,97130.625,96969.03125,96357.6875,96400.96875,96788.8984375,96898.671875,97414.4609375,97206.8125,97369.96875,97279.6875,97287.90625,96947.765625,97010.90625,96716.7421875,96621.265625,96617.625,96606.953125,96866.578125,97261.734375,97406.359375,97173.25,97474.46875,96963.1328125,96907.9453125,96972.609375,96771.359375,96658.6875,96333.53125,96866.0390625,96985.96875,97210.328125,97387.3125,97243.6953125,97453.578125,96782.046875,96729.640625,96786.65625,96642.5625,96538.578125,96641.484375,96537.84375,97095.578125,97025.859375,97278.0625,97170.7890625,97100.9375,97791.34375,97135.109375,96912.3125,96735.5625,96315.5703125,96394.9375,96911.5703125,96821.125,97141.2734375,97336.2578125,97728.546875,97324.15625,97163.921875,97396.40625,97410.6796875,96617.890625,96813.46875,96602.2421875,96674.09375,96971.9140625,97371.953125,96910.34375,96904.078125,97052.59375,97261.671875,96600.53125,96697.15625,96473.6875,96445.953125,96425.265625,96680.0390625,96796.8125,97355.578125,97437.9375,97808.3671875,97119.296875,96966.5,96729.375,96910.84375,96988.171875,96387.359375,96439.515625,96582.0390625,96966.9921875,97054.609375,97438.125,97485.921875,97034.34375,96821.8125,97238.078125,97035.21875,96420.890625,96463.1953125,96495.6328125,96685.671875,96804.828125,97473.34375,97331.625,97697.90625,97407.6875,97194.5859375,97260.5546875,96984.734375,96484.1171875,96505.8515625,96401.625,96565.796875,97126.3828125,96821.609375,97360.421875,97536.2890625,97394.203125,96782.8125,97185.546875,96835.421875,96738.796875,96640.171875
OC_1204,89862.703125,90177.75,90121.84375,90271.578125,89717.1875,90021.0,89628.71875,89561.734375,89087.1171875,89486.796875,90034.8125,89410.78125,90013.75,89930.703125,89959.265625,90244.375,90074.6953125,89971.25,90296.6328125,89193.25,89759.84375,89087.0703125,89619.6796875,89120.8828125,89610.640625,89822.140625,90005.65625,90466.1796875,90054.328125,89359.8359375,89480.8203125,89883.171875,89047.890625,89299.984375,89797.7578125,89709.359375,89969.734375,90070.8046875,90162.0625,90489.546875,90283.46875,89465.3203125,89844.0625,89409.1875,88819.8046875,89420.71875,90048.015625,89582.71875,89313.28125,89617.2109375,89921.640625,90290.375,89720.6640625,89301.453125,89809.578125,89213.5703125,89753.578125,89783.140625,89545.7734375,89774.28125,89560.703125,89582.65625,90227.1640625,90298.921875,90102.9453125,89866.3359375,89811.078125,89624.390625,89500.5,89507.84375,89782.578125,88973.34375,89764.2578125,89889.15625,90183.03125,89492.828125,89975.34375,90513.5,90187.25,90036.8359375,89889.65625,90004.1328125,89668.796875,90039.296875,89638.0703125,90408.1328125,89862.9296875,90489.15625,89657.0390625,90138.0390625,89809.328125,89766.0625,89505.859375,89308.171875,90206.125,89748.25,89828.6015625,89855.765625,90122.078125,90188.53125,90065.40625,90139.8515625,89722.890625,89801.53125,89518.8359375,89916.0859375,89326.515625,89111.40625,89617.671875,90032.5390625,89947.7890625,89899.0625,90370.8125,89724.125,89373.609375,88949.453125,89132.421875,90081.390625,89858.375,89697.875,89671.03125,90295.953125,90280.5078125,90016.390625,89989.734375,90077.6015625,90182.203125,89253.34375,89471.640625,89927.625,90011.03125,89288.6875,89663.96875,89879.8984375,90022.671875,90355.4609375,89974.8125,89871.96875,89735.6875,90114.90625,89525.765625,89946.90625,89565.7421875,89939.265625,89789.625,89936.953125,89970.578125,90133.734375,89935.359375,89890.25,90104.46875,89324.1328125,89331.9453125,89677.609375,89829.359375,89609.6875,89530.53125,90248.0390625,89987.96875,90047.328125,90087.3125,90234.6953125,89848.578125,88885.046875,89324.640625,89211.65625,89845.5625,89480.578125,89789.484375,89800.84375,90210.578125,90053.859375,89908.0625,89795.7890625,89504.9375,90627.34375,89810.109375,89688.3125,89639.5625,89470.5703125,89592.9375,90269.5703125,89691.125,90294.2734375,89668.2578125,90337.546875,89768.15625,89767.921875,90198.40625,90328.6796875,89564.890625,89927.46875,89983.2421875,89853.09375,90209.9140625,90184.953125,89205.34375,89484.078125,89315.59375,89743.671875,89438.53125,89076.15625,89284.6875,89393.953125,89497.265625,89707.0390625,90169.8125,90330.578125,90203.9375,90398.3671875,89471.296875,89422.5,88925.375,89753.84375,90272.171875,89445.359375,89689.515625,89798.0390625,89986.9921875,89858.609375,90019.125,90147.921875,89204.34375,89151.8125,89822.078125,90146.21875,89400.890625,89666.1953125,89708.6328125,89787.671875,89838.828125,90289.34375,89823.625,90273.90625,89651.6875,89541.5859375,89828.5546875,89761.734375,89019.1171875,89451.8515625,89418.625,89674.796875,89999.3828125,89118.609375,89718.421875,89932.2890625,90002.203125,89142.8125,89479.546875,89656.421875,89483.796875,89478.171875
OC_1245,100736.703125,100975.75,101103.84375,101455.578125,101178.1875,101474.0,100989.71875,100807.734375,100558.1171875,100762.796875,100815.8125,100558.78125,100786.75,100767.703125,100885.265625,101389.375,101202.6953125,101426.25,101405.6328125,100596.25,100972.84375,100335.0703125,100673.6796875,100203.8828125,100510.640625,100711.140625,101052.65625,101438.1796875,101243.328125,100922.8359375,101030.8203125,101305.171875,100601.890625,100574.984375,100953.7578125,100744.359375,100909.734375,100826.8046875,101053.0625,101492.546875,101449.46875,100905.3203125,101308.0625,100888.1875,100416.8046875,100684.71875,101144.015625,100533.71875,100358.28125,100570.2109375,100971.640625,101355.375,101156.6640625,100895.453125,101336.578125,100582.5703125,101141.578125,100979.140625,100712.7734375,100666.28125,100528.703125,100514.65625,101261.1640625,101450.921875,101479.9453125,100999.3359375,101334.078125,101215.390625,100708.5,100607.84375,100723.578125,100090.34375,100610.2578125,100890.15625,101125.03125,100775.828125,101332.34375,101888.5,101487.25,101505.8359375,101317.65625,101383.1328125,100794.796875,101078.296875,100533.0703125,100974.1328125,100860.9296875,101406.15625,101055.0390625,101244.0390625,101116.328125,101253.0625,100856.859375,100641.171875,101080.125,100684.25,100646.6015625,100712.765625,101111.078125,101323.53125,101334.40625,101522.8515625,101034.890625,101247.53125,100976.8359375,101183.0859375,100333.515625,100187.40625,100613.671875,100807.5390625,100946.7890625,101101.0625,101617.8125,100859.125,100851.609375,100502.453125,100422.421875,101229.390625,100793.375,100810.875,100586.03125,101001.953125,101285.5078125,101157.390625,101117.734375,101498.6015625,101588.203125,100663.34375,101019.640625,101154.625,101045.03125,100315.6875,100452.96875,100833.8984375,100980.671875,101469.4609375,101277.8125,101322.96875,101198.6875,101300.90625,100861.765625,101091.90625,100693.7421875,100798.265625,100668.625,100674.953125,100942.578125,101269.734375,101337.359375,101187.25,101490.46875,100818.1328125,100758.9453125,100988.609375,100861.359375,100731.6875,100460.53125,100978.0390625,100951.96875,101234.328125,101340.3125,101391.6953125,101317.578125,100497.046875,100573.640625,100685.65625,100783.5625,100567.578125,100711.484375,100635.84375,101131.578125,101093.859375,101165.0625,101064.7890625,100925.9375,101956.34375,101147.109375,100936.3125,100815.5625,100407.5703125,100452.9375,101030.5703125,100859.125,101329.2734375,101215.2578125,101789.546875,101261.15625,101204.921875,101492.40625,101442.6796875,100680.890625,100838.46875,100712.2421875,100795.09375,101073.9140625,101374.953125,100656.34375,100806.078125,100870.59375,101199.671875,100573.53125,100515.15625,100495.6875,100418.953125,100480.265625,100721.0390625,100918.8125,101398.578125,101461.9375,101896.3671875,100948.296875,100864.5,100491.375,100950.84375,101035.171875,100440.359375,100505.515625,100664.0390625,101037.9921875,101050.609375,101399.125,101501.921875,100786.34375,100647.8125,101258.078125,101173.21875,100443.890625,100459.1953125,100586.6328125,100724.671875,100803.828125,101484.34375,101200.625,101701.90625,101261.6875,101100.5859375,101240.5546875,100972.734375,100414.1171875,100593.8515625,100434.625,100633.796875,101163.3828125,100597.609375,101252.421875,101449.2890625,101444.203125,100633.8125,101004.546875,100842.421875,100661.796875,100677.171875
OC_317,96375.703125,96995.75,96858.84375,96920.578125,97094.1875,96725.0,96954.71875,96283.734375,96376.1171875,96704.796875,96169.8125,96442.78125,96537.75,96708.703125,97310.265625,97308.375,96152.6953125,96866.25,96652.6328125,96260.25,97365.84375,96256.0703125,96621.6796875,96030.8828125,96345.640625,96608.140625,96485.65625,97093.1796875,96270.328125,96047.8359375,96222.8203125,96365.171875,96498.890625,96374.984375,96318.7578125,96560.359375,96623.734375,96867.8046875,96962.0625,96891.546875,96912.46875,96696.3203125,96832.0625,96543.1875,95658.8046875,96580.71875,96424.015625,96637.71875,96706.28125,95955.2109375,96642.640625,97146.375,96414.6640625,96698.453125,96750.578125,95910.5703125,96627.578125,96500.140625,96564.7734375,95731.28125,96797.703125,96616.65625,96661.1640625,97118.921875,96513.9453125,96752.3359375,96681.078125,97054.390625,96639.5,96541.84375,96555.578125,96252.34375,96592.2578125,96651.15625,96592.03125,96513.828125,96537.34375,96676.5,96739.25,96494.8359375,97083.65625,96576.1328125,96531.796875,96493.296875,96653.0703125,97081.1328125,96933.9296875,96794.15625,97177.0390625,96226.0390625,96324.328125,96546.0625,96886.859375,96375.171875,96622.125,97005.25,96904.6015625,96549.765625,97012.078125,96876.53125,96498.40625,96675.8515625,96321.890625,96147.53125,96869.8359375,96762.0859375,96593.515625,96280.40625,96662.671875,96610.5390625,96923.7890625,97309.0625,96036.8125,96785.125,96069.609375,96884.453125,96780.421875,96188.390625,96331.375,96743.875,96357.03125,97180.953125,96913.5078125,96987.390625,96554.734375,96488.6015625,96825.203125,96234.34375,96298.640625,97201.625,97081.03125,96757.6875,96563.96875,96773.8984375,96947.671875,96882.4609375,96606.8125,96478.96875,96147.6875,96770.90625,96494.765625,96674.90625,96426.7421875,96776.265625,96455.625,96709.953125,96843.578125,97138.734375,96764.359375,96428.25,96986.46875,96550.1328125,96712.9453125,96122.609375,96502.359375,96704.6875,96669.53125,97023.0390625,96914.96875,96715.328125,96455.3125,96392.6953125,97180.578125,96315.046875,96386.640625,96351.65625,96512.5625,96406.578125,96354.484375,96572.84375,97094.578125,96658.859375,96808.0625,97022.7890625,96308.9375,97010.34375,96347.109375,96459.3125,96239.5625,96942.5703125,96742.9375,96951.5703125,96529.125,96917.2734375,96629.2578125,96640.546875,96785.15625,96777.921875,96473.40625,96854.6796875,96665.890625,96591.46875,96732.2421875,96791.09375,97248.9140625,97198.953125,96172.34375,96948.078125,96295.59375,96621.671875,96583.53125,96264.15625,95951.6875,96494.953125,96257.265625,96840.0390625,96809.8125,96790.578125,96997.9375,96860.3671875,96155.296875,96516.5,95868.375,96686.84375,97083.171875,96616.359375,96697.515625,96454.0390625,96927.9921875,96456.609375,96559.125,96611.921875,96661.34375,96188.8125,96561.078125,96879.21875,96354.890625,96454.1953125,96614.6328125,96693.671875,97437.828125,97020.34375,97035.625,96658.90625,96447.6875,96012.5859375,96360.5546875,96338.734375,96526.1171875,96356.8515625,96469.625,96690.796875,96605.3828125,96526.609375,96965.421875,96725.2890625,96653.203125,96260.8125,96765.546875,97203.421875,96218.796875,96440.171875
OC_851,99773.703125,99885.75,100083.84375,100422.578125,100242.1875,100474.0,99917.71875,99794.734375,99544.1171875,99799.796875,99800.8125,99611.78125,99763.75,99768.703125,99929.265625,100431.375,100202.6953125,100407.25,100433.6328125,99604.25,99900.84375,99379.0703125,99737.6796875,99303.8828125,99579.640625,99761.140625,100099.65625,100451.1796875,100273.328125,99947.8359375,99983.8203125,100308.171875,99602.890625,99618.984375,100000.7578125,99807.359375,99970.734375,99878.8046875,100130.0625,100459.546875,100440.46875,99860.3203125,100246.0625,99825.1875,99462.8046875,99765.71875,100149.015625,99533.71875,99449.28125,99658.2109375,100020.640625,100417.375,100204.6640625,99884.453125,100315.578125,99582.5703125,100186.578125,100022.140625,99778.7734375,99727.28125,99555.703125,99600.65625,100296.1640625,100420.921875,100536.9453125,99879.3359375,100343.078125,100183.390625,99700.5,99593.84375,99728.578125,99097.34375,99637.2578125,99951.15625,100147.03125,99842.828125,100392.34375,100884.5,100492.25,100480.8359375,100301.65625,100439.1328125,99873.796875,100118.296875,99554.0703125,99972.1328125,99883.9296875,100350.15625,99965.0390625,100393.0390625,100116.328125,100231.0625,99820.859375,99681.171875,100066.125,99646.25,99671.6015625,99812.765625,100100.078125,100282.53125,100332.40625,100527.8515625,99966.890625,100323.53125,99940.8359375,100217.0859375,99413.515625,99276.40625,99651.671875,99808.5390625,99961.7890625,100104.0625,100634.8125,99774.125,99839.609375,99465.453125,99443.421875,100258.390625,99804.375,99844.875,99670.03125,100005.953125,100293.5078125,100149.390625,100091.734375,100495.6015625,100548.203125,99683.34375,100102.640625,100168.625,100030.03125,99323.6875,99452.96875,99885.8984375,100012.671875,100471.4609375,100362.8125,100357.96875,100222.6875,100215.90625,99862.765625,100104.90625,99710.7421875,99767.265625,99704.625,99658.953125,99940.578125,100290.734375,100421.359375,100191.25,100469.46875,99823.1328125,99767.9453125,100054.609375,99866.359375,99780.6875,99552.53125,99960.0390625,99918.96875,100262.328125,100315.3125,100418.6953125,100217.578125,99463.046875,99533.640625,99759.65625,99881.5625,99614.578125,99742.484375,99659.84375,100132.578125,100080.859375,100118.0625,100092.7890625,99911.9375,100967.34375,100171.109375,99972.3125,99856.5625,99454.5703125,99500.9375,100043.5703125,99925.125,100424.2734375,100262.2578125,100763.546875,100258.15625,100251.921875,100519.40625,100407.6796875,99744.890625,99813.46875,99731.2421875,99875.09375,100093.9140625,100353.953125,99658.34375,99830.078125,99874.59375,100144.671875,99547.53125,99538.15625,99596.6875,99432.953125,99545.265625,99759.0390625,99877.8125,100411.578125,100461.9375,100932.3671875,99889.296875,99872.5,99545.375,99967.84375,99996.171875,99523.359375,99549.515625,99661.0390625,100034.9921875,100069.609375,100496.125,100479.921875,99751.34375,99635.8125,100247.078125,100119.21875,99512.890625,99499.1953125,99632.6328125,99756.671875,99828.828125,100453.34375,100246.625,100678.90625,100270.6875,100191.5859375,100303.5546875,99972.734375,99524.1171875,99697.8515625,99525.625,99774.796875,100245.3828125,99719.609375,100310.421875,100501.2890625,100566.203125,99769.8125,100024.546875,99942.421875,99733.796875,99810.171875
OC_939,96767.703125,96985.75,97027.84375,97234.578125,96689.1875,97054.0,96633.71875,96599.734375,96000.1171875,96448.796875,96951.8125,96299.78125,96848.75,96739.703125,96857.265625,97225.375,97123.6953125,96973.25,97386.6328125,96165.25,96684.84375,96044.0703125,96602.6796875,96064.8828125,96488.640625,96711.140625,96927.65625,97434.1796875,97074.328125,96316.8359375,96421.8203125,96922.171875,95955.890625,96254.984375,96715.7578125,96603.359375,96826.734375,96962.8046875,97128.0625,97493.546875,97276.46875,96435.3203125,96865.0625,96376.1875,95767.8046875,96450.71875,97025.015625,96421.71875,96210.28125,96528.2109375,96843.640625,97299.375,96724.6640625,96254.453125,96854.578125,96225.5703125,96774.578125,96753.140625,96489.7734375,96679.28125,96392.703125,96471.65625,97193.1640625,97218.921875,97124.9453125,96855.3359375,96822.078125,96594.390625,96470.5,96415.84375,96674.578125,95754.34375,96635.2578125,96789.15625,97099.03125,96479.828125,97015.34375,97622.5,97274.25,97045.8359375,96894.65625,97003.1328125,96680.796875,96994.296875,96457.0703125,97248.1328125,96756.9296875,97478.15625,96517.0390625,97296.0390625,96860.328125,96774.0625,96446.859375,96252.171875,97173.125,96583.25,96690.6015625,96802.765625,96993.078125,97138.53125,97063.40625,97145.8515625,96784.890625,96888.53125,96465.8359375,96890.0859375,96267.515625,96015.40625,96472.671875,96923.5390625,96846.7890625,96842.0625,97405.8125,96729.125,96388.609375,95859.453125,96078.421875,97122.390625,96745.375,96579.875,96548.03125,97167.953125,97170.5078125,96941.390625,96979.734375,97121.6015625,97225.203125,96264.34375,96509.640625,96885.625,96950.03125,96152.6875,96498.96875,96806.8984375,96962.671875,97334.4609375,97020.8125,96884.96875,96792.6875,97111.90625,96500.765625,96942.90625,96452.7421875,96866.265625,96630.625,96771.953125,96869.578125,97056.734375,96960.359375,96951.25,97165.46875,96318.1328125,96290.9453125,96675.609375,96734.359375,96502.6875,96396.53125,97096.0390625,96795.96875,97022.328125,97073.3125,97313.6953125,96837.578125,95796.046875,96245.640625,96162.65625,96862.5625,96352.578125,96637.484375,96649.84375,97094.578125,96990.859375,96871.0625,96784.7890625,96487.9375,97705.34375,96797.109375,96638.3125,96596.5625,96354.5703125,96464.9375,97143.5703125,96614.125,97342.2734375,96655.2578125,97410.546875,96821.15625,96864.921875,97255.40625,97303.6796875,96502.890625,96790.46875,96872.2421875,96718.09375,97123.9140625,97096.953125,96112.34375,96467.078125,96292.59375,96746.671875,96399.53125,95990.15625,96231.6875,96232.953125,96351.265625,96578.0390625,97001.8125,97281.578125,97236.9375,97467.3671875,96470.296875,96441.5,95874.375,96681.84375,97140.171875,96301.359375,96516.515625,96657.0390625,96873.9921875,96784.609375,97034.125,97179.921875,96144.34375,96129.8125,96819.078125,97125.21875,96300.890625,96497.1953125,96517.6328125,96627.671875,96693.828125,97217.34375,96796.625,97310.90625,96643.6875,96588.5859375,96850.5546875,96711.734375,95938.1171875,96346.8515625,96502.625,96870.796875,97222.3828125,96310.609375,96976.421875,97263.2890625,97375.203125,96473.8125,96721.546875,96963.421875,96618.796875,96676.171875
SA_1051,100577.703125,100829.75,100867.84375,101098.578125,101184.1875,101396.0,101438.71875,101415.734375,101376.1171875,101039.796875,100784.8125,100631.78125,100897.75,100715.703125,100829.265625,101073.375,101050.6953125,101473.25,101469.6328125,101797.25,101310.84375,101089.0703125,100756.6796875,100679.8828125,100672.640625,100803.140625,100899.65625,100976.1796875,101144.328125,101499.8359375,101529.8203125,101479.171875,101329.890625,100926.984375,100867.7578125,100696.359375,100642.734375,100899.8046875,100874.0625,101081.546875,101236.46875,101288.3203125,101623.0625,101531.1875,101402.8046875,101150.71875,100837.015625,100784.71875,100716.28125,100791.2109375,100883.640625,100981.375,101205.6640625,101575.453125,101575.578125,101570.5703125,101309.578125,101041.140625,100852.7734375,100756.28125,100623.703125,100690.65625,100849.1640625,101042.921875,101236.9453125,101456.3359375,101656.078125,101445.390625,101356.5,100976.84375,100887.578125,100737.34375,100845.2578125,100570.15625,100737.03125,100907.828125,101265.34375,101601.5,101491.25,101348.8359375,101305.65625,101008.1328125,100823.796875,100835.296875,100695.0703125,100844.1328125,100932.9296875,101048.15625,101214.0390625,101399.0390625,101386.328125,101592.0625,101542.859375,101046.171875,100761.125,100656.25,100717.6015625,100715.765625,100751.078125,100706.53125,101167.40625,101420.8515625,101590.890625,101280.53125,101283.8359375,101138.0859375,100854.515625,100657.40625,100719.671875,100740.5390625,100673.7890625,100989.0625,101168.8125,101359.125,101355.609375,101406.453125,101117.421875,100837.390625,100614.375,100596.875,100763.03125,100815.953125,100717.5078125,101051.390625,101078.734375,101552.6015625,101647.203125,101549.34375,101288.640625,100926.625,100682.03125,100393.6875,100606.96875,100753.8984375,100738.671875,101028.4609375,101243.8125,101351.96875,101434.6875,101314.90625,101547.765625,100965.90625,100973.7421875,100712.265625,100842.625,100882.953125,100916.578125,100941.734375,101352.359375,101341.25,101415.46875,101845.1328125,101388.9453125,101029.609375,100802.359375,100624.6875,100806.53125,100816.0390625,100883.96875,101122.328125,101203.3125,101329.6953125,101526.578125,101451.046875,101327.640625,101149.65625,100916.5625,100544.578125,100935.484375,100915.84375,100947.578125,101060.859375,101198.0625,101409.7890625,101738.9375,101528.34375,101274.109375,101229.3125,100884.5625,100817.5703125,100866.9375,100802.5703125,100848.125,101022.2734375,101331.2578125,101587.546875,101501.15625,101501.921875,101034.40625,101092.6796875,100694.890625,100858.46875,100699.2421875,100824.09375,101004.9140625,101004.953125,101315.34375,101570.078125,101496.59375,101363.671875,101297.53125,101056.15625,100874.6875,100759.953125,100793.265625,100878.0390625,100887.8125,101088.578125,101249.9375,101452.3671875,102029.296875,101476.5,101616.375,101005.84375,100833.171875,100707.359375,100724.515625,100742.0390625,100718.9921875,101215.609375,101366.125,101430.921875,101441.34375,101510.8125,101098.078125,100951.21875,100981.890625,100828.1953125,100940.6328125,100708.671875,100924.828125,100896.34375,101063.625,101535.90625,101522.6875,101744.5859375,101300.5546875,101052.734375,100851.1171875,100836.8515625,100567.625,100796.796875,100941.3828125,101129.609375,101266.421875,101385.2890625,101429.203125,101512.8125,101205.546875,100906.421875,100922.796875,100712.171875
SA_108,98140.703125,98233.75,98241.84375,98343.578125,98767.1875,97914.0,98680.71875,98532.734375,98790.1171875,98442.796875,98231.8125,97837.78125,97843.75,97877.703125,98337.265625,98420.375,98196.6953125,98397.25,98367.6328125,98428.25,98906.84375,98766.0703125,98173.6796875,98359.8828125,98296.640625,98287.140625,98021.65625,97917.1796875,98250.328125,98596.8359375,98488.8203125,98424.171875,98309.890625,97641.984375,98070.7578125,98162.359375,97929.734375,98162.8046875,98526.0625,98678.546875,98512.46875,97851.3203125,98357.0625,98618.1875,98345.8046875,98073.71875,98061.015625,97990.71875,98317.28125,98585.2109375,98145.640625,98008.375,99199.6640625,97729.453125,98388.578125,98810.5703125,98197.578125,98139.140625,98497.7734375,97938.28125,98145.703125,98588.65625,98122.1640625,98358.921875,97485.9453125,98166.3359375,98744.078125,98502.390625,98913.5,98658.84375,98023.578125,98425.34375,98057.2578125,98403.15625,98001.03125,98214.828125,98577.34375,98210.5,98150.25,98366.8359375,98498.65625,98129.1328125,98259.796875,97697.296875,98234.0703125,98230.1328125,98419.9296875,98100.15625,98765.0390625,98016.0390625,98406.328125,98742.0625,98771.859375,98052.171875,98266.125,98175.25,98219.6015625,98311.765625,98494.078125,98144.53125,98410.40625,98397.8515625,98230.890625,98036.53125,98979.8359375,98475.0859375,98147.515625,98438.40625,98351.671875,97998.5390625,98230.7890625,98222.0625,97985.8125,98281.125,98556.609375,97840.453125,98776.421875,97947.390625,97729.375,98125.875,97872.03125,97986.953125,98266.5078125,98378.390625,98490.734375,98053.6015625,98523.203125,98399.34375,98728.640625,98426.625,98410.03125,97849.6875,97972.96875,98375.8984375,98088.671875,98173.4609375,98286.8125,98134.96875,98280.6875,98454.90625,98347.765625,98701.90625,98191.7421875,98465.265625,98146.625,98047.953125,98375.578125,98384.734375,97991.359375,97977.25,98254.46875,98573.1328125,98625.9453125,98405.609375,98393.359375,97652.6875,98355.53125,98273.0390625,98577.96875,98342.328125,97948.3125,97920.6953125,98583.578125,98258.046875,98950.640625,98496.65625,98303.5625,98173.578125,98030.484375,98328.84375,98237.578125,98571.859375,98210.0625,98056.7890625,98469.9375,98277.34375,98202.109375,98397.3125,98267.5625,98119.5703125,98371.9375,98479.5703125,98336.125,98422.2734375,97946.2578125,97921.546875,97827.15625,98096.921875,98632.40625,98883.6796875,98352.890625,98069.46875,98394.2421875,98127.09375,98598.9140625,98559.953125,99451.34375,99078.078125,98714.59375,98186.671875,99115.53125,98566.15625,98326.6875,97893.953125,98041.265625,98117.0390625,98495.8125,98467.578125,98187.9375,98162.3671875,98251.296875,97816.5,98506.375,97944.84375,98434.171875,98030.359375,98170.515625,98299.0390625,97998.9921875,98072.609375,98558.125,98400.921875,99056.34375,98441.8125,98163.078125,98571.21875,98207.890625,98248.1953125,98164.6328125,98461.671875,98523.828125,98316.34375,98352.625,98101.90625,98249.6875,98731.5859375,98714.5546875,98563.734375,98047.1171875,98273.8515625,97818.625,98086.796875,98014.3828125,98238.609375,98041.421875,97638.2890625,98275.203125,97922.8125,98034.546875,98152.421875,98062.796875,97822.171875
SA_1101,96548.703125,96501.75,96568.84375,96637.578125,96685.1875,96133.0,96925.71875,96753.734375,96637.1171875,96694.796875,96661.8125,96605.78125,96477.75,96405.703125,96533.265625,96677.375,96474.6953125,96810.25,96371.6328125,96697.25,96855.84375,96712.0703125,96707.6796875,96512.8828125,96518.640625,96418.140625,96415.65625,96614.1796875,96364.328125,96733.8359375,96838.8203125,96554.171875,96742.890625,96452.984375,96608.7578125,96549.359375,96584.734375,96555.8046875,96504.0625,96691.546875,96689.46875,96368.3203125,96883.0625,96984.1875,96785.8046875,96729.71875,96540.015625,96663.71875,96544.28125,96503.2109375,96405.640625,96580.375,96814.6640625,96606.453125,96596.578125,96799.5703125,96820.578125,96696.140625,96619.7734375,96573.28125,96618.703125,96393.65625,96655.1640625,96777.921875,96320.9453125,96506.3359375,96778.078125,96585.390625,96997.5,96902.84375,96578.578125,96517.34375,96419.2578125,96392.15625,96597.03125,96630.828125,96667.34375,96488.5,96508.25,96597.8359375,96850.65625,96688.1328125,96642.796875,96556.296875,96436.0703125,96533.1328125,96561.9296875,96595.15625,96837.0390625,96717.0390625,96851.328125,97055.0625,96778.859375,96700.171875,96648.125,96619.25,96440.6015625,96457.765625,96531.078125,96601.53125,96577.40625,96780.8515625,96564.890625,96609.53125,96857.8359375,96900.0859375,96608.515625,96559.40625,96594.671875,96469.5390625,96537.7890625,96645.0625,96594.8125,96594.125,96822.609375,96551.453125,96982.421875,96609.390625,96570.375,96549.875,96523.03125,96338.953125,96487.5078125,96781.390625,96791.734375,96636.6015625,96889.203125,96808.34375,96985.640625,96819.625,96733.03125,96527.6875,96399.96875,96453.8984375,96618.671875,96706.4609375,96740.8125,96598.96875,96674.6875,96672.90625,96873.765625,96805.90625,96635.7421875,96513.265625,96404.625,96390.953125,96497.578125,96678.734375,96493.359375,96614.25,96991.46875,96852.1328125,96857.9453125,96749.609375,96673.359375,96383.6875,96383.53125,96396.0390625,96620.96875,96632.328125,96643.3125,96832.6953125,96849.578125,96935.046875,96918.640625,96743.65625,96664.5625,96538.578125,96483.484375,96488.84375,96597.578125,96781.859375,96615.0625,96536.7890625,96782.9375,96710.34375,96660.109375,96702.3125,96812.5625,96589.5703125,96538.9375,96531.5703125,96565.125,96602.2734375,96626.2578125,96726.546875,96640.15625,96463.921875,96761.40625,96751.6796875,96620.890625,96485.46875,96454.2421875,96458.09375,96603.9140625,96563.953125,96693.34375,97052.078125,96661.59375,96863.671875,96933.53125,96721.15625,96705.6875,96512.953125,96601.265625,96426.0390625,96540.8125,96681.578125,96642.9375,96632.3671875,96881.296875,96653.5,96946.375,96675.84375,96691.171875,96579.359375,96505.515625,96523.0390625,96532.9921875,96619.609375,96768.125,96856.921875,96858.34375,96920.8125,96650.078125,96780.21875,96635.890625,96583.1953125,96571.6328125,96496.671875,96659.828125,96722.34375,96624.625,96611.90625,96808.6875,97009.5859375,96885.5546875,96803.734375,96675.1171875,96664.8515625,96273.625,96303.796875,96293.3828125,96472.609375,96560.421875,96182.2890625,96411.203125,96607.8125,96644.546875,96587.421875,96504.796875,96396.171875
SA_118,99897.703125,100152.75,100221.84375,100480.578125,100677.1875,100524.0,100943.71875,100698.734375,100575.1171875,100313.796875,100130.8125,99960.78125,100093.75,100042.703125,100201.265625,100414.375,100708.6953125,100937.25,100698.6328125,100755.25,100532.84375,100315.0703125,100076.6796875,100076.8828125,100049.640625,100183.140625,100086.65625,100313.1796875,100469.328125,100889.8359375,100876.8203125,100584.171875,100559.890625,100048.984375,100092.7578125,100023.359375,99990.734375,100140.8046875,100301.0625,100550.546875,100737.46875,100612.3203125,100953.0625,101072.1875,100658.8046875,100354.71875,100094.015625,100059.71875,99978.28125,100272.2109375,100256.640625,100313.375,100910.6640625,100836.453125,100867.578125,100924.5703125,100523.578125,100316.140625,100188.7734375,100107.28125,99897.703125,100187.65625,100247.1640625,100531.921875,100469.9453125,100664.3359375,101065.078125,100641.390625,100879.5,100376.84375,100161.578125,100051.34375,100086.2578125,100017.15625,100156.03125,100483.828125,101012.34375,100771.5,100690.25,100653.8359375,100619.65625,100196.1328125,100150.796875,99973.296875,99942.0703125,100079.1328125,100213.9296875,100470.15625,100863.0390625,100694.0390625,100845.328125,100835.0625,100559.859375,100144.171875,100168.125,99993.25,100042.6015625,100099.765625,100259.078125,100332.53125,100753.40625,100897.8515625,100705.890625,100566.53125,100748.8359375,100391.0859375,100180.515625,100044.40625,100145.671875,100056.5390625,100155.7890625,100542.0625,100550.8125,100889.125,100886.609375,100631.453125,100586.421875,100209.390625,99685.375,99970.875,100001.03125,100003.953125,100177.5078125,100630.390625,100751.734375,100826.6015625,100905.203125,100892.34375,100462.640625,100464.625,100166.03125,99801.6875,99865.96875,100111.8984375,100242.671875,100446.4609375,100823.8125,100713.96875,100716.6875,100643.90625,100732.765625,100247.90625,100200.7421875,100060.265625,100041.625,100047.953125,100386.578125,100452.734375,100737.359375,100770.25,100889.46875,100810.1328125,100591.9453125,100149.609375,100121.359375,99829.6875,100193.53125,100113.0390625,100364.96875,100543.328125,100631.3125,100745.6953125,100977.578125,100944.046875,100650.640625,100445.65625,100131.5625,99918.578125,100133.484375,100134.84375,100303.578125,100547.859375,100680.0625,100713.7890625,100962.9375,100796.34375,100334.109375,100313.3125,100202.5625,100079.5703125,100230.9375,100157.5703125,100330.125,100545.2734375,100721.2578125,100855.546875,100764.15625,100455.921875,100347.40625,100331.6796875,100088.890625,100031.46875,100024.2421875,100131.09375,100532.9140625,100370.953125,100956.34375,101242.078125,100834.59375,100687.671875,100894.53125,100339.15625,100319.6875,100034.953125,100096.265625,100106.0390625,100319.8125,100524.578125,100511.9375,100767.3671875,101133.296875,100584.5,100605.375,100231.84375,100176.171875,99990.359375,100066.515625,100199.0390625,100193.9921875,100570.609375,100729.125,100981.921875,100907.34375,100991.8125,100385.078125,100322.21875,100183.890625,100203.1953125,100168.6328125,100197.671875,100470.828125,100459.34375,100567.625,100739.90625,100958.6875,101056.5859375,100594.5546875,100307.734375,100093.1171875,100152.8515625,100012.625,100244.796875,100329.3828125,100706.609375,100770.421875,100562.2890625,100769.203125,100731.8125,100510.546875,100285.421875,100308.796875,100095.171875
SA_127,96184.703125,96523.75,96468.84375,96407.578125,96986.1875,96253.0,96774.71875,96690.734375,97204.1171875,96595.796875,96337.8125,95727.78125,95788.75,95769.703125,96391.265625,96517.375,96295.6953125,96530.25,96771.6328125,96487.25,97108.84375,96964.0703125,96043.6796875,96457.8828125,96483.640625,96550.140625,96221.65625,95938.1796875,96553.328125,96868.8359375,96760.8203125,96759.171875,96488.890625,95743.984375,96212.7578125,96245.359375,95968.734375,96200.8046875,96687.0625,97006.546875,96676.46875,95990.3203125,96316.0625,96620.1875,96462.8046875,96009.71875,96102.015625,96023.71875,96376.28125,97101.2109375,96222.640625,96051.375,97450.6640625,95616.453125,96495.578125,97048.5703125,96142.578125,96217.140625,96755.7734375,95952.28125,96217.703125,96984.65625,96240.1640625,96305.921875,95543.9453125,96330.3359375,96923.078125,96649.390625,96962.5,96840.84375,96161.578125,96880.34375,96207.2578125,96719.15625,95920.03125,96267.828125,96685.34375,96444.5,96381.25,96555.8359375,96636.65625,96063.1328125,96262.796875,95542.296875,96425.0703125,96446.1328125,96488.9296875,96092.15625,96904.0390625,96005.0390625,96589.328125,96662.0625,96949.859375,96012.171875,96448.125,96274.25,96511.6015625,96525.765625,96796.078125,96199.53125,96582.40625,96496.8515625,96306.890625,96205.53125,97168.8359375,96449.0859375,96086.515625,96705.40625,96448.671875,96087.5390625,96200.7890625,96267.0625,95898.8125,96290.125,96711.609375,95835.453125,96768.421875,95930.390625,95768.375,96321.875,95710.03125,96246.953125,96477.5078125,96406.390625,96402.734375,96020.6015625,96720.203125,96360.34375,96727.640625,96373.625,96524.03125,95814.6875,96129.96875,96629.8984375,96042.671875,96146.4609375,96214.8125,96267.96875,96418.6875,96766.90625,96321.765625,96853.90625,96217.7421875,96731.265625,96438.625,96247.953125,96547.578125,96396.734375,95987.359375,95990.25,96155.46875,96519.1328125,96642.9453125,96442.609375,96476.359375,95919.6875,96692.53125,96608.0390625,96869.96875,96411.328125,96019.3125,95730.6953125,96622.578125,96259.046875,97261.640625,96568.65625,96358.5625,96254.578125,96114.484375,96533.84375,96378.578125,96751.859375,96186.0625,96118.7890625,96576.9375,96370.34375,96348.109375,96534.3125,96157.5625,96190.5703125,96625.9375,96754.5703125,96264.125,96534.2734375,95942.2578125,95904.546875,95811.15625,96160.921875,96773.40625,97110.6796875,96536.890625,96277.46875,96836.2421875,96263.09375,96782.9140625,96852.953125,97923.34375,97189.078125,96864.59375,96369.671875,97345.53125,96721.15625,96382.6875,96013.953125,96000.265625,96305.0390625,96900.8125,96696.578125,96295.9375,96310.3671875,96051.296875,95780.5,96417.375,95907.84375,96627.171875,96050.359375,96188.515625,96396.0390625,95913.9921875,95999.609375,96713.125,96459.921875,97200.34375,96332.8125,96285.078125,96819.21875,96227.890625,96371.1953125,96198.6328125,96707.671875,96799.828125,96413.34375,96424.625,96203.90625,96325.6875,96858.5859375,96862.5546875,96657.734375,96046.1171875,96306.8515625,96070.625,96385.796875,96317.3828125,96515.609375,96310.421875,95926.2890625,96785.203125,96063.8125,96132.546875,96271.421875,96305.796875,96111.171875
SA_1453,64189.69921875,64283.75,64242.84375,64383.57421875,64376.18359375,64317.99609375,64278.71484375,64335.734375,64253.1171875,64322.79296875,64131.80859375,64245.78515625,64256.75,64229.69921875,64313.265625,64394.375,64371.6953125,64385.25,64370.6328125,64436.24609375,64302.84375,64301.0703125,64219.6796875,64239.8828125,64285.64453125,64297.13671875,64333.65234375,64350.1796875,64403.328125,64424.8359375,64414.8203125,64396.16796875,64346.88671875,64293.98046875,64289.7578125,64338.35546875,64335.734375,64325.8046875,64342.0625,64419.546875,64441.47265625,64433.3203125,64372.0625,64393.18359375,64356.8046875,64285.72265625,64240.01171875,64256.71484375,64289.27734375,64323.2109375,64370.640625,64389.375,64368.6640625,64424.45703125,64319.57421875,64400.5703125,64344.578125,64267.140625,64229.7734375,64249.28515625,64261.703125,64338.65625,64386.1640625,64428.91796875,64373.9453125,64365.3359375,64386.07421875,64374.390625,64283.5,64291.83984375,64219.57421875,64191.34375,64246.2578125,64292.15234375,64335.02734375,64351.83203125,64407.33984375,64397.49609375,64446.24609375,64372.8359375,64335.65625,64277.1328125,64223.796875,64289.296875,64320.0703125,64310.1328125,64332.9296875,64432.15234375,64386.0390625,64426.0390625,64332.32421875,64310.05859375,64407.85546875,64264.17578125,64187.125,64212.25390625,64212.6015625,64277.76171875,64292.07421875,64250.53125,64347.41015625,64352.8515625,64365.88671875,64317.52734375,64309.8359375,64293.0859375,64249.515625,64220.41015625,64294.671875,64233.5390625,64293.7890625,64408.0625,64361.8125,64390.125,64334.60546875,64335.44921875,64353.41796875,64264.390625,64192.37890625,64240.875,64283.03515625,64335.953125,64409.5078125,64445.390625,64421.73046875,64468.6015625,64358.203125,64399.33984375,64336.63671875,64295.625,64162.03515625,64134.68359375,64164.96484375,64227.8984375,64253.67578125,64372.4609375,64410.80859375,64348.96875,64314.68359375,64360.91015625,64434.765625,64220.90234375,64253.7421875,64248.265625,64276.62890625,64211.95703125,64354.57421875,64378.734375,64398.36328125,64393.24609375,64380.47265625,64435.1328125,64422.9453125,64289.60546875,64264.36328125,64214.68359375,64387.53125,64312.0390625,64377.96484375,64420.33203125,64430.3125,64413.6953125,64433.57421875,64366.05078125,64360.640625,64303.65234375,64209.56640625,64271.578125,64278.484375,64264.84765625,64326.578125,64439.86328125,64387.0625,64417.7890625,64443.93359375,64435.33984375,64407.109375,64407.3125,64269.56640625,64278.5703125,64361.93359375,64342.5703125,64385.12890625,64448.2734375,64433.2578125,64498.54296875,64422.15625,64426.92578125,64373.40234375,64403.6796875,64299.88671875,64379.46484375,64399.2421875,64404.09375,64515.9140625,64480.953125,64504.33984375,64478.08203125,64462.58984375,64413.66796875,64432.53515625,64332.16015625,64261.68359375,64288.94921875,64343.26953125,64307.0390625,64366.80859375,64415.58203125,64457.9375,64427.3671875,64497.29296875,64376.49609375,64417.37890625,64317.84765625,64225.16796875,64269.359375,64269.515625,64307.0390625,64330.9921875,64444.60546875,64443.12109375,64431.92578125,64437.33984375,64413.80859375,64325.07421875,64336.21875,64270.89453125,64346.1953125,64388.6328125,64397.671875,64435.82421875,64462.34375,64458.625,64516.91015625,64443.69140625,64499.5859375,64429.5546875,64333.73046875,64306.1171875,64311.8515625,64400.62109375,64421.79296875,64452.3828125,64527.61328125,64540.41796875,64446.2890625,64399.20703125,64342.80859375,64405.546875,64411.41796875,64313.80078125,64297.171875
SA_1562,99527.703125,99786.75,99869.84375,99976.578125,100055.1875,100053.0,100197.71875,100256.734375,100233.1171875,99963.796875,99719.8125,99497.78125,99723.75,99645.703125,99728.265625,99979.375,100097.6953125,100339.25,100252.6328125,100483.25,100207.84375,99825.0703125,99708.6796875,99615.8828125,99585.640625,99717.140625,99683.65625,99903.1796875,100059.328125,100394.8359375,100372.8203125,100187.171875,100123.890625,99783.984375,99713.7578125,99664.359375,99605.734375,99633.8046875,99852.0625,99982.546875,100101.46875,100148.3203125,100454.0625,100471.1875,100303.8046875,100061.71875,99665.015625,99670.71875,99639.28125,99815.2109375,99923.640625,99889.375,100246.6640625,100351.453125,100461.578125,100447.5703125,100140.578125,99961.140625,99703.7734375,99794.28125,99558.703125,99766.65625,99859.1640625,100042.921875,100020.9453125,100212.3359375,100509.078125,100197.390625,100383.5,99947.84375,99855.578125,99734.34375,99676.2578125,99569.15625,99723.03125,99945.828125,100379.34375,100353.5,100235.25,100155.8359375,100145.65625,99973.1328125,99875.796875,99655.296875,99573.0703125,99742.1328125,99743.9296875,100028.15625,100229.0390625,100110.0390625,100235.328125,100388.0625,100281.859375,99886.171875,99726.125,99605.25,99770.6015625,99708.765625,99814.078125,99715.53125,100097.40625,100266.8515625,100324.890625,100124.53125,100281.8359375,100087.0859375,99978.515625,99681.40625,99716.671875,99681.5390625,99687.7890625,100097.0625,100016.8125,100291.125,100312.609375,100164.453125,100053.421875,99904.390625,99409.375,99608.875,99613.03125,99633.953125,99737.5078125,100141.390625,100163.734375,100418.6015625,100418.203125,100487.34375,100088.640625,99983.625,99652.03125,99494.6875,99439.96875,99675.8984375,99974.671875,99973.4609375,100306.8125,100139.96875,100265.6875,100160.90625,100420.765625,99841.90625,99934.7421875,99647.265625,99698.625,99592.953125,99867.578125,99932.734375,100319.359375,100230.25,100317.46875,100519.1328125,100232.9453125,99793.609375,99818.359375,99457.6875,99842.53125,99686.0390625,99951.96875,100057.328125,100061.3125,100190.6953125,100460.578125,100377.046875,100147.640625,100085.65625,99808.5625,99564.578125,99699.484375,99762.84375,99854.578125,100142.859375,100165.0625,100186.7890625,100534.9375,100305.34375,100024.109375,100080.3125,99799.5625,99666.5703125,99765.9375,99745.5703125,99897.125,100114.2734375,100263.2578125,100388.546875,100247.15625,100109.921875,99888.40625,99992.6796875,99766.890625,99642.46875,99720.2421875,99728.09375,99980.9140625,99869.953125,100370.34375,100612.078125,100253.59375,100187.671875,100262.53125,99974.15625,99864.6875,99625.953125,99688.265625,99634.0390625,99952.8125,100105.578125,100153.9375,100241.3671875,100768.296875,100232.5,100255.375,99780.84375,99733.171875,99649.359375,99659.515625,99801.0390625,99676.9921875,100140.609375,100266.125,100313.921875,100340.34375,100410.8125,100038.078125,99980.21875,99851.890625,99757.1953125,99785.6328125,99754.671875,100011.828125,99926.34375,100083.625,100293.90625,100393.6875,100585.5859375,100241.5546875,99964.734375,99816.1171875,99682.8515625,99621.625,99872.796875,99998.3828125,100121.609375,100086.421875,100116.2890625,100213.203125,100359.8125,100171.546875,99969.421875,99994.796875,99707.171875
SA_1653,97096.703125,97242.75,97331.84375,97526.578125,97829.1875,97250.0,97902.71875,97772.734375,97658.1171875,97572.796875,97266.8125,97072.78125,97002.75,96981.703125,97421.265625,97596.375,97533.6953125,97820.25,97477.6328125,97694.25,97880.84375,97627.0703125,97302.6796875,97191.8828125,97193.640625,97286.140625,97236.65625,97403.1796875,97377.328125,97828.8359375,97824.8203125,97494.171875,97556.890625,97158.984375,97175.7578125,97189.359375,97051.734375,97115.8046875,97390.0625,97682.546875,97636.46875,97381.3203125,97775.0625,97998.1875,97638.8046875,97366.71875,97113.015625,97124.71875,97175.28125,97453.2109375,97262.640625,97400.375,98214.6640625,97451.453125,97631.578125,97873.5703125,97635.578125,97393.140625,97377.7734375,97143.28125,97136.703125,97340.65625,97355.1640625,97674.921875,97153.9453125,97556.3359375,97898.078125,97691.390625,97933.5,97648.84375,97208.578125,97164.34375,97095.2578125,97202.15625,97298.03125,97478.828125,97883.34375,97543.5,97513.25,97585.8359375,97682.65625,97408.1328125,97286.796875,97028.296875,97059.0703125,97168.1328125,97400.9296875,97430.15625,97907.0390625,97559.0390625,97702.328125,98036.0625,97760.859375,97362.171875,97215.125,97151.25,97175.6015625,97204.765625,97457.078125,97318.53125,97569.40625,97742.8515625,97572.890625,97442.53125,97904.8359375,97589.0859375,97236.515625,97306.40625,97207.671875,97057.5390625,97266.7890625,97546.0625,97443.8125,97622.125,97735.609375,97417.453125,97883.421875,97261.390625,97076.375,97154.875,96978.03125,97063.953125,97209.5078125,97688.390625,97783.734375,97589.6015625,97825.203125,97915.34375,97741.640625,97575.625,97360.03125,96980.6875,97031.96875,97363.8984375,97330.671875,97477.4609375,97698.8125,97545.96875,97660.6875,97682.90625,97674.765625,97574.90625,97206.7421875,97236.265625,97084.625,97031.953125,97350.578125,97579.734375,97422.359375,97490.25,97798.46875,97835.1328125,97750.9453125,97459.609375,97364.359375,96877.6875,97206.53125,97152.0390625,97554.96875,97462.328125,97422.3125,97556.6953125,97818.578125,97774.046875,97933.640625,97511.65625,97217.5625,96973.578125,97027.484375,97345.84375,97343.578125,97670.859375,97625.0625,97497.7890625,97752.9375,97621.34375,97449.109375,97452.3125,97418.5625,97102.5703125,97201.9375,97339.5703125,97410.125,97536.2734375,97520.2578125,97557.546875,97498.15625,97437.921875,97644.40625,97815.6796875,97291.890625,97084.46875,97215.2421875,97117.09375,97611.9140625,97677.953125,98174.34375,98211.078125,97832.59375,97654.671875,98083.53125,97596.15625,97349.6875,97003.953125,97124.265625,97125.0390625,97356.8125,97623.578125,97594.9375,97457.3671875,97822.296875,97445.5,97780.375,97322.84375,97279.171875,97182.359375,97106.515625,97245.0390625,97232.9921875,97494.609375,97737.125,97797.921875,98080.34375,97882.8125,97499.078125,97636.21875,97297.890625,97243.1953125,97178.6328125,97315.671875,97597.828125,97500.34375,97614.625,97512.90625,97738.6875,97998.5859375,97799.5546875,97664.734375,97289.1171875,97184.8515625,97059.625,97300.796875,97267.3828125,97603.609375,97656.421875,97390.2890625,97612.203125,97617.8125,97632.546875,97600.421875,97337.796875,97099.171875
SA_1679,95348.703125,95292.75,95357.84375,95426.578125,95463.1875,94861.0,95666.71875,95501.734375,95389.1171875,95468.796875,95433.8125,95393.78125,95262.75,95226.703125,95342.265625,95469.375,95225.6953125,95554.25,95104.6328125,95448.25,95627.84375,95500.0703125,95474.6796875,95336.8828125,95332.640625,95243.140625,95191.65625,95376.1796875,95122.328125,95480.8359375,95587.8203125,95291.171875,95476.890625,95191.984375,95367.7578125,95335.359375,95374.734375,95360.8046875,95334.0625,95483.546875,95461.46875,95103.3203125,95626.0625,95735.1875,95530.8046875,95485.71875,95312.015625,95430.71875,95367.28125,95331.2109375,95211.640625,95334.375,95622.6640625,95329.453125,95338.578125,95568.5703125,95576.578125,95439.140625,95400.7734375,95348.28125,95418.703125,95235.65625,95442.1640625,95563.921875,95035.9453125,95235.3359375,95539.078125,95325.390625,95764.5,95668.84375,95341.578125,95313.34375,95223.2578125,95215.15625,95382.03125,95412.828125,95448.34375,95223.5,95240.25,95348.8359375,95612.65625,95434.1328125,95427.796875,95318.296875,95255.0703125,95335.1328125,95371.9296875,95366.15625,95617.0390625,95445.0390625,95573.328125,95802.0625,95540.859375,95451.171875,95422.125,95408.25,95260.6015625,95284.765625,95344.078125,95385.53125,95344.40625,95524.8515625,95297.890625,95324.53125,95635.8359375,95667.0859375,95397.515625,95380.40625,95418.671875,95281.5390625,95349.7890625,95449.0625,95351.8125,95351.125,95567.609375,95274.453125,95754.421875,95353.390625,95311.375,95326.875,95327.03125,95136.953125,95287.5078125,95570.390625,95575.734375,95365.6015625,95612.203125,95554.34375,95740.640625,95584.625,95507.03125,95303.6875,95201.96875,95277.8984375,95403.671875,95483.4609375,95520.8125,95343.96875,95413.6875,95404.90625,95617.765625,95577.90625,95409.7421875,95331.265625,95213.625,95186.953125,95316.578125,95465.734375,95249.359375,95361.25,95729.46875,95601.1328125,95623.9453125,95515.609375,95468.359375,95138.6875,95218.53125,95200.0390625,95427.96875,95417.328125,95386.3125,95571.6953125,95606.578125,95666.046875,95678.640625,95517.65625,95441.5625,95348.578125,95294.484375,95297.84375,95391.578125,95559.859375,95368.0625,95271.7890625,95521.9375,95461.34375,95399.109375,95470.3125,95590.5625,95378.5703125,95362.9375,95356.5703125,95384.125,95394.2734375,95378.2578125,95462.546875,95358.15625,95205.921875,95524.40625,95529.6796875,95402.890625,95279.46875,95271.2421875,95262.09375,95437.9140625,95347.953125,95496.34375,95838.078125,95419.59375,95592.671875,95724.53125,95495.15625,95496.6875,95298.953125,95403.265625,95234.0390625,95340.8125,95462.578125,95401.9375,95365.3671875,95623.296875,95366.5,95707.375,95417.84375,95473.171875,95373.359375,95322.515625,95347.0390625,95320.9921875,95398.609375,95532.125,95596.921875,95623.34375,95667.8125,95395.078125,95540.21875,95409.890625,95382.1953125,95381.6328125,95332.671875,95471.828125,95512.34375,95389.625,95344.90625,95537.6875,95760.5859375,95658.5546875,95567.734375,95448.1171875,95465.8515625,95330.625,95360.796875,95345.3828125,95507.609375,95569.421875,95153.2890625,95386.203125,95596.8125,95641.546875,95605.421875,95529.796875,95423.171875
SA_225,101003.703125,100874.75,101021.84375,101067.578125,101101.1875,100356.0,101364.71875,101166.734375,101094.1171875,101159.796875,101119.8125,101061.78125,100828.75,100873.703125,100993.265625,101164.375,100787.6953125,101172.25,100666.6328125,101075.25,101356.84375,101230.0703125,101162.6796875,101054.8828125,101000.640625,100876.140625,100752.65625,100975.1796875,100678.328125,101162.8359375,101239.8203125,100876.171875,101075.890625,100750.984375,100994.7578125,100964.359375,100979.734375,101025.8046875,101021.0625,101139.546875,101103.46875,100614.3203125,101310.0625,101383.1875,101144.8046875,101112.71875,100933.015625,101091.71875,101029.28125,100949.2109375,100787.640625,100877.375,101327.6640625,100834.453125,100945.578125,101260.5703125,101258.578125,101037.140625,101074.7734375,100929.28125,101104.703125,100853.65625,101035.1640625,101235.921875,100500.9453125,100800.3359375,101197.078125,100949.390625,101507.5,101401.84375,100924.578125,101001.34375,100829.2578125,100829.15625,101004.03125,101019.828125,101062.34375,100733.5,100789.25,101000.8359375,101311.65625,101057.1328125,101146.796875,100866.296875,100938.0703125,100989.1328125,101036.9296875,100983.15625,101351.0390625,101082.0390625,101248.328125,101574.0625,101215.859375,101062.171875,101136.125,101081.25,100868.6015625,100903.765625,100967.078125,101050.53125,100957.40625,101143.8515625,100854.890625,100892.53125,101360.8359375,101390.0859375,101053.515625,101033.40625,101115.671875,100934.5390625,101001.7890625,101068.0625,100954.8125,100975.125,101268.609375,100795.453125,101552.421875,100977.390625,100952.375,100958.875,100982.03125,100733.953125,100895.5078125,101248.390625,101282.734375,100917.6015625,101257.203125,101222.34375,101471.640625,101274.625,101226.03125,100958.6875,100804.96875,100893.8984375,101012.671875,101141.4609375,101188.8125,100952.96875,101048.6875,101031.90625,101255.765625,101318.90625,101066.7421875,101016.265625,100778.625,100778.953125,100974.578125,101126.734375,100794.359375,101009.25,101439.46875,101256.1328125,101314.9453125,101237.609375,101173.359375,100670.6875,100834.53125,100789.0390625,101075.96875,101007.328125,100934.3125,101207.6953125,101326.578125,101317.046875,101398.640625,101228.65625,101140.5625,101055.578125,100954.484375,100936.84375,101052.578125,101209.859375,100933.0625,100837.7890625,101133.9375,101090.34375,101018.109375,101128.3125,101319.5625,101049.5703125,101052.9375,101052.5703125,101008.125,101009.2734375,100907.2578125,101065.546875,100914.15625,100808.921875,101281.40625,101253.6796875,101075.890625,100934.46875,100873.2421875,100886.09375,101126.9140625,100980.953125,101114.34375,101596.078125,101062.59375,101174.671875,101438.53125,101173.15625,101178.6875,100908.953125,101021.265625,100800.0390625,100971.8125,101042.578125,100978.9375,100962.3671875,101279.296875,100916.5,101439.375,101042.84375,101191.171875,101014.359375,101008.515625,100978.0390625,100929.9921875,101012.609375,101154.125,101256.921875,101348.34375,101319.8125,101005.078125,101202.21875,101059.890625,101031.1953125,101088.6328125,101005.671875,101129.828125,101180.34375,100994.625,100945.90625,101122.6875,101441.5859375,101409.5546875,101254.734375,101074.1171875,101163.8515625,100755.625,100755.796875,100716.3828125,100870.609375,100918.421875,100421.2890625,100748.203125,101031.8125,101081.546875,101067.421875,100948.796875,100841.171875
SA_272,100330.703125,100591.75,100712.84375,100851.578125,101018.1875,100872.0,101245.71875,101125.734375,101064.1171875,100795.796875,100621.8125,100365.78125,100430.75,100397.703125,100560.265625,100862.375,101077.6953125,101259.25,101088.6328125,101113.25,101038.84375,100632.0703125,100573.6796875,100536.8828125,100453.640625,100584.140625,100407.65625,100754.1796875,100860.328125,101356.8359375,101290.8203125,100954.171875,100979.890625,100465.984375,100448.7578125,100476.359375,100394.734375,100398.8046875,100709.0625,100912.546875,101052.46875,100996.3203125,101380.0625,101472.1875,101128.8046875,100824.71875,100476.015625,100464.71875,100429.28125,100743.2109375,100729.640625,100704.375,101371.6640625,101152.453125,101285.578125,101263.5703125,100992.578125,100765.140625,100622.7734375,100533.28125,100303.703125,100656.65625,100740.1640625,101011.921875,100819.9453125,100993.3359375,101358.078125,101077.390625,101377.5,100935.84375,100624.578125,100535.34375,100430.2578125,100425.15625,100582.03125,100900.828125,101474.34375,101142.5,101020.25,101076.8359375,101071.65625,100673.1328125,100664.796875,100350.296875,100370.0703125,100430.1328125,100578.9296875,100850.15625,101305.0390625,101059.0390625,101252.328125,101354.0625,101017.859375,100604.171875,100598.125,100425.25,100484.6015625,100508.765625,100683.078125,100700.53125,101124.40625,101291.8515625,101070.890625,101026.53125,101258.8359375,100912.0859375,100662.515625,100536.40625,100568.671875,100456.5390625,100570.7890625,101010.0625,100919.8125,101259.125,101285.609375,101006.453125,101106.421875,100689.390625,100101.375,100443.875,100389.03125,100355.953125,100625.5078125,101101.390625,101191.734375,101260.6015625,101259.203125,101386.34375,100918.640625,100956.625,100641.03125,100224.6875,100251.96875,100560.8984375,100737.671875,100846.4609375,101245.8125,101078.96875,101178.6875,101094.90625,101200.765625,100740.90625,100633.7421875,100525.265625,100484.625,100357.953125,100751.578125,100903.734375,101098.359375,101107.25,101351.46875,101176.1328125,101016.9453125,100553.609375,100622.359375,100189.6875,100651.53125,100517.0390625,100843.96875,100933.328125,100983.3125,101167.6953125,101328.578125,101386.046875,101073.640625,100914.65625,100511.5625,100291.578125,100428.484375,100537.84375,100719.578125,101005.859375,101085.0625,101201.7890625,101304.9375,101155.34375,100815.109375,100767.3125,100641.5625,100487.5703125,100586.9375,100608.5703125,100803.125,100983.2734375,101151.2578125,101202.546875,101192.15625,100774.921875,100897.40625,100934.6796875,100615.890625,100416.46875,100501.2421875,100476.09375,101007.9140625,100736.953125,101464.34375,101646.078125,101214.59375,101137.671875,101362.53125,100799.15625,100753.6875,100379.953125,100460.265625,100430.0390625,100792.8125,100912.578125,100968.9375,101077.3671875,101400.296875,100984.5,101081.375,100671.84375,100622.171875,100449.359375,100457.515625,100635.0390625,100614.9921875,100914.609375,101097.125,101366.921875,101339.34375,101406.8125,100849.078125,100910.21875,100610.890625,100572.1953125,100525.6328125,100671.671875,100936.828125,100903.34375,101026.625,101014.90625,101316.6875,101512.5859375,101148.5546875,100812.734375,100593.1171875,100529.8515625,100508.625,100720.796875,100787.3828125,101159.609375,101141.421875,100962.2890625,101216.203125,101191.8125,101096.546875,100909.421875,100887.796875,100594.171875
SA_296,100861.703125,101050.75,100926.84375,101027.578125,101050.1875,101116.0,101118.71875,101088.734375,100950.1171875,100913.796875,100697.8125,100876.78125,101056.75,100975.703125,101009.265625,101049.375,101031.6953125,101218.25,101166.6328125,101168.25,100972.84375,100865.0703125,100769.6796875,100717.8828125,100952.640625,100967.140625,100978.65625,100921.1796875,101015.328125,101204.8359375,101185.8203125,101065.171875,100952.890625,100824.984375,100859.7578125,100953.359375,100967.734375,100988.8046875,100966.0625,101034.546875,101068.46875,101101.3203125,101184.0625,101149.1875,101004.8046875,100837.71875,100781.015625,100844.71875,100883.28125,101025.2109375,100953.640625,100947.375,101051.6640625,101245.453125,101134.578125,101187.5703125,100973.578125,100832.140625,100743.7734375,100783.28125,100793.703125,100858.65625,101007.1640625,100987.921875,101004.9453125,101058.3359375,101178.078125,101033.390625,100947.5,100839.84375,100697.578125,100812.34375,100860.2578125,100928.15625,100992.03125,100954.828125,101136.34375,101149.5,101184.25,101039.8359375,100977.65625,100791.1328125,100777.796875,100910.296875,100902.0703125,100977.1328125,100953.9296875,101019.15625,101026.0390625,101128.0390625,101131.328125,101009.0625,100996.859375,100831.171875,100710.125,100815.25,100891.6015625,100984.765625,100980.078125,100890.53125,101022.40625,101109.8515625,101122.890625,100918.53125,100942.8359375,100860.0859375,100731.515625,100799.40625,100939.671875,100901.5390625,100901.7890625,101018.0625,101064.8125,101135.125,101118.609375,100982.453125,100972.421875,100748.390625,100665.375,100831.875,100876.03125,100810.953125,100871.5078125,100936.390625,100978.734375,101146.6015625,101101.203125,101049.34375,100878.640625,100815.625,100729.03125,100708.6875,100824.96875,100919.8984375,100892.671875,100976.4609375,100965.8125,101067.96875,101064.6875,101043.90625,100998.765625,100751.90625,100767.7421875,100758.265625,100911.625,100907.953125,101002.578125,100953.734375,101041.359375,101167.25,101134.46875,101126.1328125,101057.9453125,100800.609375,100715.359375,100796.6875,100968.53125,100898.0390625,100962.96875,101021.328125,101075.3125,101101.6953125,101213.578125,101056.046875,100993.640625,100882.65625,100755.5625,100831.578125,100962.484375,100914.84375,100981.578125,101028.859375,101050.0625,101121.7890625,101277.9375,101128.34375,101004.109375,100898.3125,100777.5625,100841.5703125,101012.9375,100988.5703125,100997.125,101022.2734375,101076.2578125,101192.546875,101168.15625,101037.921875,100941.40625,100872.6796875,100741.890625,100906.46875,100922.2421875,100954.09375,101053.9140625,100964.953125,101132.34375,101253.078125,101157.59375,101064.671875,101043.53125,100816.15625,100730.6875,100832.953125,100974.265625,100969.0390625,100979.8125,100994.578125,101033.9375,101087.3671875,101231.296875,101027.5,100966.375,100825.84375,100707.171875,100836.359375,100927.515625,100950.0390625,100939.9921875,101056.609375,101101.125,101191.921875,101167.34375,101161.8125,100904.078125,100811.21875,100777.890625,101051.1953125,101086.6328125,101019.671875,101048.828125,101035.34375,101024.625,101171.90625,101169.6875,101197.5859375,100997.5546875,100886.734375,100778.1171875,100844.8515625,101029.625,101048.796875,101009.3828125,101105.609375,101154.421875,101144.2890625,101079.203125,101040.8125,100982.546875,100891.421875,100897.796875,100915.171875
SA_335,95802.703125,96633.75,96632.84375,96305.578125,97147.1875,96668.0,96944.71875,96404.734375,97402.1171875,96370.796875,96195.8125,95397.78125,95649.75,95555.703125,96044.265625,96138.375,96523.6953125,96468.25,96985.6328125,96382.25,97074.84375,96787.0703125,95730.6796875,96192.8828125,96292.640625,96399.140625,96442.65625,95905.1796875,96579.328125,96686.8359375,96806.8203125,97191.171875,96865.890625,95862.984375,96088.7578125,96142.359375,95776.734375,95979.8046875,96641.0625,96980.546875,96621.46875,96170.3203125,95967.0625,96615.1875,96557.8046875,95916.71875,95808.015625,96011.71875,96090.28125,97208.2109375,96199.640625,96020.375,97403.6640625,95781.453125,96466.578125,96910.5703125,95826.578125,96205.140625,96903.7734375,95964.28125,95876.703125,96845.65625,96238.1640625,95993.921875,95752.9453125,96576.3359375,97018.078125,96806.390625,97084.5,96849.84375,96227.578125,96701.34375,96298.2578125,96774.15625,95681.03125,96143.828125,96664.34375,96693.5,96581.25,96534.8359375,96697.65625,96037.1328125,95886.796875,95461.296875,96390.0703125,96054.1328125,96210.9296875,95978.15625,96801.0390625,95853.0390625,96467.328125,96369.0625,97041.859375,95756.171875,96142.125,96027.25,96340.6015625,96430.765625,96690.078125,95786.53125,96526.40625,96479.8515625,96444.890625,96313.53125,97389.8359375,96111.0859375,95815.515625,96356.40625,96125.671875,95849.5390625,95996.7890625,96098.0625,95662.8125,95995.125,96561.609375,96083.453125,96526.421875,95508.390625,95573.375,96180.875,95444.03125,96058.953125,96308.5078125,96169.390625,96137.734375,95867.6015625,96707.203125,96313.34375,96585.640625,96298.625,96352.03125,95349.6875,96143.96875,96597.8984375,95978.671875,95840.4609375,96023.8125,96262.96875,96603.6875,97140.90625,96456.765625,96708.90625,96161.7421875,96619.265625,96270.625,96123.953125,96447.578125,96238.734375,96116.359375,95484.25,95793.46875,96391.1328125,96500.9453125,96022.609375,96127.359375,96046.6875,96432.53125,96512.0390625,96982.96875,96377.328125,95861.3125,95386.6953125,96143.578125,96114.046875,97381.640625,96232.65625,95874.5625,95895.578125,95763.484375,96384.84375,95969.578125,96796.859375,96190.0625,96183.7890625,96628.9375,96507.34375,96426.109375,96283.3125,95704.5625,95848.5703125,96513.9375,96454.5703125,96115.125,96512.2734375,96062.2578125,95681.546875,95829.15625,96133.921875,96354.40625,97115.6796875,96204.890625,96187.46875,96613.2421875,96104.09375,96536.9140625,96686.953125,98204.34375,97015.078125,97082.59375,96472.671875,97352.53125,96746.15625,95938.6875,95924.953125,95721.265625,96452.0390625,97172.8125,96720.578125,96349.9375,96089.3671875,95873.296875,95874.5,96108.375,95774.84375,96381.171875,95685.359375,95954.515625,96250.0390625,95704.9921875,95975.609375,96741.125,96377.921875,97197.34375,96270.8125,96417.078125,96842.21875,95953.890625,96067.1953125,95823.6328125,96415.671875,96708.828125,96190.34375,96305.625,96269.90625,96588.6875,96761.5859375,96644.5546875,96422.734375,95919.1171875,96097.8515625,96022.625,96477.796875,96476.3828125,96643.609375,96762.421875,96325.2890625,97361.203125,95992.8125,96139.546875,96241.421875,96301.796875,96094.171875
SA_358,90952.703125,90930.75,90956.84375,91058.578125,91165.1875,90404.0,91168.71875,91057.734375,90982.1171875,91093.796875,90964.8125,90907.78125,90818.75,90870.703125,91020.265625,91112.375,90802.6953125,91082.25,90645.6328125,91017.25,91284.84375,91187.0703125,90980.6796875,91025.8828125,90985.640625,90970.140625,90767.65625,90907.1796875,90700.328125,91037.8359375,91125.8203125,90822.171875,90945.890625,90652.984375,90875.7578125,90929.359375,90920.734375,90979.8046875,91102.0625,91159.546875,91074.46875,90629.3203125,91123.0625,91301.1875,91049.8046875,90983.71875,90861.015625,90913.71875,91061.28125,91117.2109375,90907.640625,90861.375,91466.6640625,90753.453125,90895.578125,91220.5703125,91084.578125,90931.140625,91025.7734375,90880.28125,91000.703125,91071.65625,91035.1640625,91188.921875,90428.9453125,90720.3359375,91191.078125,90897.390625,91378.5,91232.84375,90854.578125,90940.34375,90867.2578125,90936.15625,90952.03125,91016.828125,91176.34375,90759.5,90746.25,90911.8359375,91170.65625,90918.1328125,91013.796875,90787.296875,90931.0703125,90972.1328125,91051.9296875,90942.15625,91266.0390625,90872.0390625,91001.328125,91325.0625,91160.859375,90938.171875,90982.125,90990.25,90962.6015625,91004.765625,91073.078125,90921.53125,90939.40625,91034.8515625,90824.890625,90709.53125,91318.8359375,91213.0859375,90983.515625,91107.40625,91094.671875,90917.5390625,91017.7890625,91116.0625,90883.8125,90941.125,91096.609375,90699.453125,91334.421875,90798.390625,90719.375,90886.875,90912.03125,90761.953125,90939.5078125,91194.390625,91228.734375,90835.6015625,91069.203125,91124.34375,91271.640625,91144.625,91050.03125,90825.6875,90841.96875,91046.8984375,90981.671875,91055.4609375,91130.8125,90861.96875,90936.6875,90911.90625,91116.765625,91173.90625,90973.7421875,91027.265625,90881.625,90793.953125,91043.578125,91087.734375,90807.359375,90840.25,91146.46875,91177.1328125,91220.9453125,91076.609375,91091.359375,90618.6875,91004.53125,90864.0390625,91133.96875,91070.328125,90851.3125,90980.6953125,91168.578125,91084.046875,91275.640625,91120.65625,91003.5625,90964.578125,90916.484375,91001.84375,90995.578125,91185.859375,90930.0625,90783.7890625,91045.9375,91010.34375,90900.109375,91046.3125,91150.5625,90941.5703125,91069.9375,91086.5703125,91091.125,91057.2734375,90902.2578125,90908.546875,90762.15625,90733.921875,91093.40625,91207.6796875,91006.890625,90882.46875,90982.2421875,90908.09375,91223.9140625,91041.953125,91378.34375,91529.078125,91050.59375,91017.671875,91456.53125,91110.15625,91076.6875,90857.953125,90990.265625,90895.0390625,91024.8125,91102.578125,90979.9375,90797.3671875,91117.296875,90752.5,91249.375,90868.84375,91076.171875,90958.359375,90985.515625,91068.0390625,90910.9921875,90998.609375,91133.125,91071.921875,91309.34375,91199.8125,90903.078125,91117.21875,90973.890625,91019.1953125,91007.6328125,91102.671875,91196.828125,91135.34375,91007.625,90836.90625,91001.6875,91311.5859375,91260.5546875,91150.734375,90985.1171875,91065.8515625,90928.625,91011.796875,90990.3828125,91122.609375,91075.421875,90587.2890625,90824.203125,90985.8125,91104.546875,91137.421875,91066.796875,90936.171875
SA_402,100844.703125,101034.75,100913.84375,101018.578125,101046.1875,101101.0,101124.71875,101079.734375,100948.1171875,100928.796875,100705.8125,100878.78125,101051.75,100952.703125,100975.265625,101023.375,101027.6953125,101229.25,101159.6328125,101148.25,100969.84375,100834.0703125,100758.6796875,100732.8828125,100927.640625,100954.140625,100955.65625,100904.1796875,101004.328125,101194.8359375,101169.8203125,101060.171875,100923.890625,100802.984375,100874.7578125,100946.359375,100939.734375,100946.8046875,100927.0625,101011.546875,101067.46875,101100.3203125,101179.0625,101149.1875,101022.8046875,100843.71875,100789.015625,100843.71875,100855.28125,100996.2109375,100941.640625,100936.375,101059.6640625,101230.453125,101122.578125,101176.5703125,100985.578125,100841.140625,100748.7734375,100798.28125,100790.703125,100854.65625,101000.1640625,100973.921875,100986.9453125,101041.3359375,101183.078125,101032.390625,100939.5,100827.84375,100722.578125,100801.34375,100846.2578125,100915.15625,100962.03125,100933.828125,101140.34375,101135.5,101176.25,101033.8359375,100976.65625,100764.1328125,100786.796875,100904.296875,100905.0703125,100935.1328125,100932.9296875,101004.15625,101024.0390625,101126.0390625,101125.328125,101008.0625,101011.859375,100838.171875,100717.125,100813.25,100878.6015625,100973.765625,100962.078125,100875.53125,101029.40625,101113.8515625,101116.890625,100910.53125,100953.8359375,100876.0859375,100751.515625,100799.40625,100923.671875,100889.5390625,100890.7890625,100995.0625,101040.8125,101126.125,101093.609375,100937.453125,100924.421875,100714.390625,100603.375,100813.875,100865.03125,100786.953125,100851.5078125,100927.390625,100981.734375,101144.6015625,101109.203125,101033.34375,100851.640625,100799.625,100720.03125,100703.6875,100805.96875,100899.8984375,100869.671875,100963.4609375,100964.8125,101047.96875,101039.6875,101012.90625,100985.765625,100747.90625,100764.7421875,100785.265625,100918.625,100900.953125,100991.578125,100953.734375,101031.359375,101156.25,101125.46875,101104.1328125,101035.9453125,100784.609375,100713.359375,100784.6875,100955.53125,100889.0390625,100949.96875,101003.328125,101062.3125,101081.6953125,101212.578125,101055.046875,101002.640625,100882.65625,100759.5625,100835.578125,100941.484375,100901.84375,100956.578125,101013.859375,101039.0625,101101.7890625,101252.9375,101097.34375,100944.109375,100901.3125,100791.5625,100835.5703125,101010.9375,100963.5703125,100978.125,100994.2734375,101067.2578125,101170.546875,101145.15625,100991.921875,100866.40625,100799.6796875,100707.890625,100858.46875,100870.2421875,100919.09375,101036.9140625,100955.953125,101123.34375,101256.078125,101141.59375,101051.671875,101070.53125,100805.15625,100723.6875,100845.953125,100957.265625,100951.0390625,100958.8125,100990.578125,101011.9375,101076.3671875,101227.296875,100977.5,100947.375,100838.84375,100712.171875,100830.359375,100916.515625,100928.0390625,100907.9921875,101045.609375,101103.125,101184.921875,101157.34375,101138.8125,100881.078125,100760.21875,100766.890625,101042.1953125,101061.6328125,101005.671875,100995.828125,101001.34375,101016.625,101154.90625,101156.6875,101181.5859375,100970.5546875,100896.734375,100781.1171875,100853.8515625,100967.625,100991.796875,100946.3828125,101077.609375,101142.421875,101119.2890625,101044.203125,100992.8125,100919.546875,100852.421875,100857.796875,100888.171875
SA_453,93350.703125,93562.75,93516.84375,93721.578125,93813.1875,93966.0,93931.71875,93876.734375,93773.1171875,93625.796875,93413.8125,93394.78125,93627.75,93507.703125,93605.265625,93730.375,93763.6953125,94038.25,93992.6328125,94171.25,93729.84375,93613.0703125,93456.6796875,93429.8828125,93435.640625,93551.140625,93639.65625,93647.1796875,93784.328125,94082.8359375,94016.8203125,93959.171875,93766.890625,93476.984375,93562.7578125,93491.359375,93524.734375,93647.8046875,93623.0625,93751.546875,93883.46875,93939.3203125,94135.0625,93965.1875,93805.8046875,93617.71875,93485.015625,93494.71875,93339.28125,93535.2109375,93560.640625,93668.375,93857.6640625,94131.453125,94040.578125,94027.5703125,93744.578125,93533.140625,93474.7734375,93473.28125,93390.703125,93445.65625,93577.1640625,93723.921875,93836.9453125,94023.3359375,94148.078125,93954.390625,93763.5,93530.84375,93444.578125,93430.34375,93538.2578125,93448.15625,93527.03125,93607.828125,93880.34375,94082.5,94076.25,93884.8359375,93777.65625,93572.1328125,93458.796875,93541.296875,93520.0703125,93536.1328125,93654.9296875,93706.15625,93828.0390625,94020.0390625,93950.328125,93997.0625,93870.859375,93524.171875,93383.125,93413.25,93432.6015625,93504.765625,93516.078125,93490.53125,93808.40625,93967.8515625,94096.890625,93802.53125,93720.8359375,93623.0859375,93417.515625,93356.40625,93499.671875,93494.5390625,93453.7890625,93669.0625,93798.8125,93950.125,93924.609375,93895.453125,93750.421875,93459.390625,93422.375,93449.875,93545.03125,93546.953125,93518.5078125,93725.390625,93731.734375,94064.6015625,94071.203125,93985.34375,93703.640625,93488.625,93375.03125,93224.6875,93372.96875,93472.8984375,93459.671875,93685.4609375,93801.8125,93909.96875,93947.6875,93860.90625,93848.765625,93530.90625,93490.7421875,93436.265625,93535.625,93579.953125,93628.578125,93625.734375,93904.359375,93971.25,93998.46875,94176.1328125,93858.9453125,93549.609375,93378.359375,93456.6875,93520.53125,93565.0390625,93607.96875,93759.328125,93839.3125,93938.6953125,94055.578125,93946.046875,93801.640625,93660.65625,93455.5625,93344.578125,93663.484375,93572.84375,93642.578125,93714.859375,93821.0625,93973.7890625,94185.9375,94001.34375,93735.109375,93664.3125,93499.5625,93573.5703125,93627.9375,93597.5703125,93621.125,93677.2734375,93897.2578125,94121.546875,94043.15625,93960.921875,93633.40625,93578.6796875,93433.890625,93629.46875,93438.2421875,93651.09375,93732.9140625,93710.953125,93913.34375,94087.078125,94019.59375,93893.671875,93749.53125,93540.15625,93487.6875,93517.953125,93552.265625,93567.0390625,93581.8125,93690.578125,93816.9375,94026.3671875,94352.296875,93871.5,93953.375,93564.84375,93444.171875,93439.359375,93533.515625,93482.0390625,93519.9921875,93813.609375,93945.125,94040.921875,94038.34375,93961.8125,93631.078125,93536.21875,93550.890625,93596.1953125,93732.6328125,93561.671875,93681.828125,93685.34375,93780.625,94116.90625,94073.6875,94111.5859375,93741.5546875,93563.734375,93446.1171875,93528.8515625,93463.625,93621.796875,93635.3828125,93802.609375,93975.421875,94050.2890625,94034.203125,94000.8125,93814.546875,93546.421875,93579.796875,93537.171875
SA_490,98595.703125,98764.75,98641.84375,98726.578125,98762.1875,98840.0,98811.71875,98803.734375,98688.1171875,98680.796875,98507.8125,98668.78125,98763.75,98693.703125,98750.265625,98770.375,98761.6953125,98893.25,98871.6328125,98965.25,98687.84375,98658.0703125,98601.6796875,98547.8828125,98715.640625,98707.140625,98712.65625,98647.1796875,98744.328125,98916.8359375,98918.8203125,98833.171875,98733.890625,98590.984375,98654.7578125,98723.359375,98761.734375,98738.8046875,98725.0625,98753.546875,98798.46875,98804.3203125,98948.0625,98875.1875,98727.8046875,98583.71875,98569.015625,98650.71875,98629.28125,98760.2109375,98679.640625,98683.375,98747.6640625,98960.453125,98862.578125,98899.5703125,98685.578125,98602.140625,98557.7734375,98597.28125,98577.703125,98598.65625,98745.1640625,98700.921875,98750.9453125,98814.3359375,98965.078125,98817.390625,98700.5,98593.84375,98503.578125,98541.34375,98575.2578125,98670.15625,98725.03125,98692.828125,98849.34375,98904.5,98949.25,98811.8359375,98742.65625,98591.1328125,98549.796875,98698.296875,98672.0703125,98761.1328125,98673.9296875,98739.15625,98730.0390625,98887.0390625,98852.328125,98799.0625,98750.859375,98549.171875,98484.125,98554.25,98622.6015625,98712.765625,98701.078125,98611.53125,98742.40625,98841.8515625,98925.890625,98690.53125,98660.8359375,98589.0859375,98518.515625,98556.40625,98670.671875,98637.5390625,98628.7890625,98774.0625,98816.8125,98873.125,98880.609375,98790.453125,98738.421875,98577.390625,98503.375,98639.875,98667.03125,98588.953125,98664.5078125,98659.390625,98675.734375,98887.6015625,98857.203125,98835.34375,98620.640625,98585.625,98488.03125,98459.6875,98565.96875,98658.8984375,98626.671875,98687.4609375,98707.8125,98803.96875,98834.6875,98804.90625,98755.765625,98531.90625,98587.7421875,98589.265625,98680.625,98654.953125,98715.578125,98677.734375,98761.359375,98881.25,98845.46875,98929.1328125,98803.9453125,98560.609375,98561.359375,98577.6875,98721.53125,98623.0390625,98703.96875,98759.328125,98790.3125,98821.6953125,98896.578125,98762.046875,98705.640625,98675.65625,98551.5625,98619.578125,98731.484375,98659.84375,98733.578125,98773.859375,98780.0625,98843.7890625,99013.9375,98879.34375,98763.109375,98686.3125,98609.5625,98674.5703125,98777.9375,98754.5703125,98734.125,98764.2734375,98811.2578125,98922.546875,98908.15625,98824.921875,98689.40625,98647.6796875,98560.890625,98697.46875,98743.2421875,98710.09375,98793.9140625,98688.953125,98853.34375,98988.078125,98907.59375,98819.671875,98754.53125,98588.15625,98515.6875,98603.953125,98695.265625,98700.0390625,98701.8125,98719.578125,98763.9375,98847.3671875,99066.296875,98786.5,98742.375,98554.84375,98547.171875,98607.359375,98664.515625,98678.0390625,98690.9921875,98774.609375,98805.125,98919.921875,98894.34375,98886.8125,98629.078125,98618.21875,98577.890625,98772.1953125,98815.6328125,98754.671875,98802.828125,98763.34375,98744.625,98934.90625,98933.6875,98970.5859375,98740.5546875,98650.734375,98554.1171875,98586.8515625,98763.625,98780.796875,98766.3828125,98816.609375,98887.421875,98915.2890625,98883.203125,98825.8125,98724.546875,98639.421875,98650.796875,98650.171875
SA_60,96741.703125,96891.75,96785.84375,96890.578125,97018.1875,97190.0,97165.71875,97220.734375,97056.1171875,96961.796875,96746.8125,96825.78125,96917.75,96800.703125,96877.265625,96937.375,96955.6953125,97233.25,97277.6328125,97442.25,97042.84375,96888.0703125,96748.6796875,96739.8828125,96887.640625,96895.140625,96872.65625,96837.1796875,96983.328125,97274.8359375,97284.8203125,97271.171875,97049.890625,96868.984375,96848.7578125,96852.359375,96882.734375,96885.8046875,96841.0625,96901.546875,97035.46875,97150.3203125,97351.0625,97242.1875,97112.8046875,96877.71875,96781.015625,96768.71875,96761.28125,96902.2109375,96846.640625,96873.375,97042.6640625,97313.453125,97234.578125,97288.5703125,97096.578125,96843.140625,96770.7734375,96734.28125,96736.703125,96760.65625,96858.1640625,96915.921875,97023.9453125,97186.3359375,97369.078125,97276.390625,97091.5,96904.84375,96713.578125,96711.34375,96730.2578125,96787.15625,96859.03125,96836.828125,97078.34375,97274.5,97351.25,97234.8359375,97119.65625,96863.1328125,96769.796875,96852.296875,96801.0703125,96907.1328125,96886.9296875,96910.15625,97041.0390625,97260.0390625,97258.328125,97279.0625,97232.859375,96893.171875,96707.125,96736.25,96715.6015625,96822.765625,96815.078125,96777.53125,96981.40625,97185.8515625,97322.890625,97128.53125,97074.8359375,96957.0859375,96694.515625,96723.40625,96807.671875,96781.5390625,96742.7890625,96917.0625,97008.8125,97167.125,97227.609375,97187.453125,97070.421875,96805.390625,96741.375,96804.875,96851.03125,96787.953125,96819.5078125,96883.390625,96933.734375,97246.6015625,97288.203125,97301.34375,97109.640625,96839.625,96669.03125,96633.6875,96701.96875,96777.8984375,96768.671875,96848.4609375,96975.8125,97147.96875,97210.6875,97208.90625,97229.765625,96802.90625,96801.7421875,96769.265625,96809.625,96811.953125,96825.578125,96840.734375,97046.359375,97208.25,97267.46875,97397.1328125,97225.9453125,96916.609375,96732.359375,96719.6875,96853.53125,96761.0390625,96817.96875,96923.328125,97023.3125,97139.6953125,97274.578125,97206.046875,97118.640625,96967.65625,96763.5625,96801.578125,96891.484375,96821.84375,96872.578125,96939.859375,97032.0625,97211.7890625,97427.9375,97329.34375,97142.109375,97031.3125,96847.5625,96908.5703125,96946.9375,96910.5703125,96863.125,96900.2734375,97072.2578125,97296.546875,97315.15625,97271.921875,97067.40625,96990.6796875,96752.890625,96907.46875,96930.2421875,96952.09375,96946.9140625,96912.953125,97142.34375,97309.078125,97315.59375,97253.671875,97128.53125,96873.15625,96776.6875,96778.953125,96801.265625,96814.0390625,96818.8125,96909.578125,97044.9375,97219.3671875,97501.296875,97243.5,97317.375,96967.84375,96754.171875,96759.359375,96820.515625,96810.0390625,96840.9921875,96973.609375,97107.125,97303.921875,97316.34375,97289.8125,97012.078125,96866.21875,96801.890625,96946.1953125,96965.6328125,96876.671875,96921.828125,96929.34375,96972.625,97294.90625,97304.6875,97425.5859375,97157.5546875,96931.734375,96730.1171875,96754.8515625,96880.625,96901.796875,96907.3828125,96990.609375,97140.421875,97240.2890625,97259.203125,97242.8125,97140.546875,96885.421875,96875.796875,96830.171875
SA_607,100857.703125,101048.75,100927.84375,101032.578125,101060.1875,101116.0,101139.71875,101095.734375,100967.1171875,100944.796875,100721.8125,100894.78125,101067.75,100966.703125,100990.265625,101038.375,101043.6953125,101243.25,101173.6328125,101162.25,100986.84375,100851.0703125,100775.6796875,100747.8828125,100941.640625,100967.140625,100970.65625,100919.1796875,101018.328125,101207.8359375,101184.8203125,101075.171875,100943.890625,100820.984375,100889.7578125,100961.359375,100956.734375,100962.8046875,100944.0625,101026.546875,101081.46875,101114.3203125,101192.0625,101165.1875,101039.8046875,100859.71875,100806.015625,100857.71875,100872.28125,101010.2109375,100955.640625,100950.375,101074.6640625,101242.453125,101136.578125,101190.5703125,101001.578125,100857.140625,100766.7734375,100816.28125,100804.703125,100869.65625,101015.1640625,100987.921875,101000.9453125,101055.3359375,101196.078125,101047.390625,100958.5,100847.84375,100738.578125,100816.34375,100859.2578125,100931.15625,100976.03125,100948.828125,101155.34375,101146.5,101189.25,101049.8359375,100996.65625,100785.1328125,100803.796875,100921.296875,100921.0703125,100952.1328125,100946.9296875,101018.15625,101039.0390625,101139.0390625,101139.328125,101020.0625,101026.859375,100855.171875,100735.125,100829.25,100893.6015625,100988.765625,100977.078125,100890.53125,101044.40625,101125.8515625,101128.890625,100923.53125,100971.8359375,100894.0859375,100769.515625,100813.40625,100938.671875,100902.5390625,100903.7890625,101011.0625,101055.8125,101141.125,101106.609375,100950.453125,100940.421875,100729.390625,100621.375,100830.875,100881.03125,100803.953125,100867.5078125,100942.390625,100995.734375,101158.6015625,101121.203125,101044.34375,100866.640625,100815.625,100737.03125,100719.6875,100820.96875,100912.8984375,100881.671875,100978.4609375,100978.8125,101060.96875,101052.6875,101024.90625,101000.765625,100764.90625,100780.7421875,100802.265625,100934.625,100915.953125,101005.578125,100967.734375,101048.359375,101171.25,101136.46875,101115.1328125,101052.9453125,100802.609375,100732.359375,100802.6875,100971.53125,100903.0390625,100964.96875,101017.328125,101075.3125,101096.6953125,101226.578125,101067.046875,101017.640625,100898.65625,100776.5625,100851.578125,100957.484375,100915.84375,100970.578125,101028.859375,101054.0625,101113.7890625,101265.9375,101112.34375,100960.109375,100918.3125,100808.5625,100854.5703125,101026.9375,100979.5703125,100992.125,101010.2734375,101083.2578125,101185.546875,101158.15625,101001.921875,100877.40625,100813.6796875,100723.890625,100877.46875,100890.2421875,100935.09375,101051.9140625,100970.953125,101138.34375,101269.078125,101150.59375,101061.671875,101086.53125,100821.15625,100740.6875,100861.953125,100971.265625,100965.0390625,100970.8125,101004.578125,101027.9375,101088.3671875,101237.296875,100989.5,100962.375,100858.84375,100734.171875,100849.359375,100930.515625,100944.0390625,100921.9921875,101059.609375,101117.125,101196.921875,101166.34375,101156.8125,100898.078125,100778.21875,100782.890625,101056.1953125,101076.6328125,101020.671875,101011.828125,101015.34375,101029.625,101165.90625,101169.6875,101192.5859375,100986.5546875,100915.734375,100800.1171875,100868.8515625,100986.625,101011.796875,100966.3828125,101095.609375,101162.421875,101135.2890625,101060.203125,101004.8125,100937.546875,100879.421875,100877.796875,100908.171875
SA_614,100861.703125,101119.75,101263.84375,101406.578125,101623.1875,101413.0,101856.71875,101678.734375,101602.1171875,101345.796875,101172.8125,100885.78125,100906.75,100874.703125,101072.265625,101425.375,101620.6953125,101827.25,101624.6328125,101593.25,101650.84375,101228.0703125,101140.6796875,101092.8828125,101018.640625,101148.140625,100902.65625,101327.1796875,101360.328125,101926.8359375,101869.8203125,101459.171875,101503.890625,100988.984375,100949.7578125,101040.359375,100900.734375,100884.8046875,101247.0625,101477.546875,101591.46875,101528.3203125,101949.0625,102064.1875,101655.8046875,101314.71875,100977.015625,100975.71875,100984.28125,101324.2109375,101233.640625,101266.375,102020.6640625,101669.453125,101777.578125,101765.5703125,101549.578125,101277.140625,101179.7734375,101030.28125,100851.703125,101221.65625,101297.1640625,101610.921875,101354.9453125,101540.3359375,101866.078125,101627.390625,101971.5,101521.84375,101117.578125,101074.34375,100918.2578125,101006.15625,101178.03125,101446.828125,102038.34375,101667.5,101534.25,101657.8359375,101612.65625,101183.1328125,101181.796875,100850.296875,100910.0703125,100943.1328125,101107.9296875,101381.15625,101896.0390625,101643.0390625,101824.328125,101995.0625,101542.859375,101166.171875,101102.125,100970.25,100989.6015625,101042.765625,101254.078125,101235.53125,101645.40625,101853.8515625,101565.890625,101553.53125,101808.8359375,101470.0859375,101127.515625,101085.40625,101138.671875,100981.5390625,101102.7890625,101525.0625,101444.8125,101798.125,101835.609375,101476.453125,101760.421875,101199.390625,100633.375,100979.875,100869.03125,100825.953125,101140.5078125,101674.390625,101787.734375,101797.6015625,101830.203125,101979.34375,101512.640625,101522.625,101192.03125,100747.6875,100788.96875,101180.8984375,101295.671875,101381.4609375,101796.8125,101631.96875,101750.6875,101715.90625,101700.765625,101339.90625,101119.7421875,101080.265625,100975.625,100832.953125,101248.578125,101465.734375,101563.359375,101631.25,101926.46875,101709.1328125,101579.9453125,101112.609375,101161.359375,100675.6875,101164.53125,101063.0390625,101395.96875,101446.328125,101521.3125,101715.6953125,101838.578125,101930.046875,101653.640625,101418.65625,101031.5625,100777.578125,100894.484375,101059.84375,101271.578125,101540.859375,101624.0625,101752.7890625,101826.9375,101657.34375,101372.109375,101255.3125,101192.5625,101011.5703125,101078.9375,101146.5703125,101348.125,101468.2734375,101645.2578125,101699.546875,101713.15625,101347.921875,101509.40625,101551.6796875,101163.890625,100911.46875,101014.2421875,100944.09375,101606.9140625,101341.953125,102076.34375,102211.078125,101820.59375,101699.671875,101960.53125,101382.15625,101283.6875,100868.953125,100951.265625,100961.0390625,101310.8125,101474.578125,101541.9375,101545.3671875,101873.296875,101509.5,101666.375,101232.84375,101130.171875,100978.359375,100984.515625,101151.0390625,101143.9921875,101367.609375,101603.125,101930.921875,101982.34375,101977.8125,101386.078125,101487.21875,101124.890625,101088.1953125,101005.6328125,101203.671875,101498.828125,101473.34375,101591.625,101510.90625,101874.6875,102068.5859375,101704.5546875,101410.734375,101109.1171875,101039.8515625,100985.625,101184.796875,101220.3828125,101637.609375,101643.421875,101480.2890625,101701.203125,101635.8125,101609.546875,101449.421875,101324.796875,101067.171875
