id,dl,lmld_avg,lmld_slope,lmld_intercept,lmld_r_square,lmld_var,lmld_slopeP,lshf_avg,lshf_slope,lshf_intercept,lshf_r_square,lshf_var,lshf_slopeP,ltlt_avg,ltlt_slope,ltlt_intercept,ltlt_r_square,ltlt_var,ltlt_slopeP,u10_avg,u10_slope,u10_intercept,u10_r_square,u10_var,u10_slopeP,v10_avg,v10_slope,v10_intercept,v10_r_square,v10_var,v10_slopeP,sp_avg,sp_slope,sp_intercept,sp_r_square,sp_var,sp_slopeP
7.00_0.00,18.04247610996299,11.9736328125,0.0007147433405377174,11.88321777992198,0.0002190032457214386,12.393372402723092,0.8149736911977054,0.740827046689533,-3.4240300762368485e-5,0.7451584447359726,0.001554179963523361,0.004007870235829414,0.5327466419141462,299.8920433407738,0.0016830927776987296,299.6791321043949,0.03494981271977782,0.4306367367048052,0.0026213725031702427,0.0009790223742288256,-0.0001182180035527394,0.01593359982365036,0.0004659672706505136,0.15934984463216842,0.7328111132546005,1.6177978667001875,-4.840972411194187e-5,1.6239216968003483,7.281136428860524e-5,0.17100383984159184,0.8926728991596797,99766.02291046627,0.17295573669466685,99744.14400977439,0.006734580429004988,23599.305099877147,0.1929352080077854
6.50_0.00,18.04247610996299,3.054319351438492,0.004342391061225641,2.5050068821934484,0.034757139886774535,2.882396010997316,0.002696585177364991,0.7877569359446329,-6.738009547685736e-5,0.7962805180224554,0.021868908531735398,0.0011030011160251634,0.018068839037940813,301.83819676959325,0.00469161227994103,301.2447078161807,0.41475356244216866,0.2819641666455173,2.0102333285301356e-40,0.46567938819764154,-0.00011742749030458399,0.4805339657211714,0.000452006277324446,0.16208204513180868,0.7366951252866587,1.8465634451972113,2.666871325612787e-5,1.843189852970311,2.0193600206774853e-5,0.18712429871233777,0.943355724292747,100314.1062437996,0.1682131786002986,100292.82727670667,0.006272830033696497,23966.042800117844,0.20903361845940166
7.80_0.10,18.04247610996299,3.1905381944444446,0.0009812777522509237,3.0664065587847027,0.0016934312179273103,3.021037800431305,0.5149102006363594,0.7808366512495374,-2.467145815840986e-5,0.7839575907065762,0.002757163126453799,0.001172916216890497,0.40575769679350937,301.53399367559524,0.0015679656356926894,301.3356460226801,0.052971165566983225,0.2465888113885965,0.00018442056411183325,0.2354489659506177,-6.685862510802025e-5,0.24390658202678228,0.00035952718482046286,0.06605762643143957,0.7642863591114114,1.9947161144680448,-0.00030098767752040475,2.032791055674376,0.0011546006820450927,0.4168746032743712,0.5908724519679713,99947.06656125993,0.1938272665736452,99922.54741203836,0.008202139333403746,24335.620028407076,0.1504687169407344
6.80_0.20,18.04247610996299,1.7208310081845237,-0.0005593271178180183,1.791585888588503,0.054407187436187,0.03055028679293533,0.0001490308878520459,0.7999712030092875,1.8381767212277373e-8,0.7999688777157351,0.007436304831321183,2.414110558203966e-10,0.17113137361786734,299.1304892888145,-0.0012042224432896127,299.2828234278906,0.006491167418356536,1.1869445737463802,0.201234184814158,0.19321845069764151,-0.0001775658131191042,0.2156805260572082,0.0016835807245566548,0.09950034348237415,0.5161372714415977,1.6235157951476082,-1.0104981771778773e-5,1.6247940753417383,3.7993046125839314e-6,0.14279295133086392,0.975413641967746,99743.34433903769,0.24896151969854444,99711.85070679583,0.01395235752289059,23602.42749645156,0.05999781194374886
10.30_4.50,5.9915577182982815,1.7078721788194444,-0.00010662994842107214,1.72136086729471,0.00015753288358477668,0.38346611318887996,0.8426791575187078,0.7778349689074925,1.2806722531728974e-5,0.7762149185072288,0.0005290498306503855,0.0016470972297635109,0.7160258093060843,299.6298304966518,0.0023453878160307204,299.3331389379239,0.020267904658947677,1.441983505650956,0.022956448071312356,0.19309250513712564,-0.00020239192012295397,0.21869508303267932,0.0006254682761652752,0.3479532281799292,0.6924322440125283,0.7354658974541558,2.833230609679229e-5,0.7318818607329116,1.548264055739601e-6,2.754600582679002,0.9843034249250021,99214.0070374504,0.19855782673465747,99188.88947236846,0.00794662703660487,26359.126045262274,0.15703271179285697
47.60_9.40,9.042423133909324,2.158811538938492,0.0005937633248532317,2.083700478344558,0.0007777418090612054,2.4084138041435788,0.6591261775897378,0.7490327027108934,6.922611291142598e-5,0.740275599427598,0.0067797465858197015,0.0037554868674952897,0.19143928486835865,280.0561039031498,0.0025253736591723643,279.7366441352645,0.003085158766289453,10.982813025869547,0.37908206228443103,0.27899125265696695,-0.0006998297960191425,0.3675197218533885,0.010880748682998598,0.23914752729559174,0.09724771161055176,0.08419559115455263,-0.00020980880300341538,0.11073640473448468,0.0016747626056842213,0.13964775961669304,0.517240063355033,96094.86418030754,0.05658103223750959,96087.7066797295,0.00012526757273911837,135782.2140859566,0.859526548632988
58.60_12.70,5.686471176737541,3.0937306237599205,0.001252340314654238,2.935309573956159,0.0033913297459226,2.457052971360385,0.3563494397203892,0.6992994650961861,1.3637011452633731e-5,0.6975743831474279,0.0004017881665364653,0.0024591277159314866,0.7512454976840145,280.01339285714283,0.0038000733426401677,279.53268357929886,0.0028952281750249664,26.49970119048332,0.39421255625688995,0.8163932088821654,0.000714113358815405,0.7260578689920166,0.0012025024351124403,2.253139940854139,0.5832639788735181,1.2083759761991955,0.001426402218534843,1.0279360955545378,0.007969254123364244,1.3564573757265082,0.15643864273886907,100592.37608506944,-0.16397435209753872,100613.11884060978,0.000604083316159576,236480.22052078278,0.6974748404326454
8.90_13.90,4.00849519815074,1.296173580109127,-0.0001844729852704746,1.319509412745842,0.001135438812069789,0.15923613664555547,0.5939729517566006,0.7745514530984182,2.9463186684843574e-5,0.7708243599827855,0.002148633581872006,0.0021465296501636316,0.4631318696965431,300.785636780754,0.0018859526104831568,300.5470637755279,0.011575274045553918,1.6325635116285608,0.0870710510512315,0.3696584928603399,0.0006284175486296474,0.2901636729586895,0.00250474612773699,0.8376695148950069,0.4281785544490649,-0.26272242409842356,3.340839707215272e-5,-0.26694858632805085,9.050563342327678e-6,0.6552024025093123,0.9620609820442514,98538.66179935516,0.10831124670806704,98524.96042664659,0.0019016545039293176,32775.95156090802,0.49009421464834096
58.00_14.30,49.924019703099475,12.257816375248016,0.010166510415260661,10.971752807717543,0.003856627561380055,142.3888344745561,0.32520705100418174,0.6919133937548078,7.502871849226559e-5,0.6824222608655361,0.013888311661741093,0.00215350269440643,0.060596667262951966,279.42804633246527,0.0029021475049946085,279.06092467308343,0.006380477993157774,7.013350845465042,0.205144921885064,0.7347746727958558,0.00043731197779469245,0.6794547076048273,0.0011467002006679827,0.8860794667657741,0.5921467634926667,0.743057508317251,0.0007516142149286211,0.6479783101287805,0.006497562439657267,0.461933356974661,0.2010109122850271,99645.15386284722,-0.09359372516052859,99656.99346908003,0.00021443566040302287,217038.24674920246,0.816879141726274
58.20_14.40,24.906923295087836,8.701454768105158,0.0046652126524721746,8.111305367567429,0.002293181270857314,50.424815682693016,0.44843163003086767,0.7143317338020082,5.640513635759639e-6,0.7136182088270846,6.095381771686892e-5,0.0027731681960829362,0.9017524306014513,279.1251995752728,0.003958418931382038,278.624459580453,0.007023640589385094,11.85280244606975,0.18358885712680822,0.9285099468533955,0.0007189265556211613,0.8375657375673186,0.0015504022399859263,1.7711872628137795,0.5332457973790692,0.9530533230493939,0.0011136590304435233,0.8121754556982883,0.007714414695895622,0.8541641128579263,0.16327846688603226,99976.11418030754,-0.07722404483796418,99985.88302197955,0.0001427158453287669,222010.08972402936,0.8501694426183848
12.90_14.40,4.00849519815074,1.6611211867559523,-0.0003193142608138876,1.7015144407489091,0.001174437401449624,0.4612608258535595,0.587697415226566,0.7560090876760936,3.3491107873282574e-5,0.7517724625301234,0.002621535058284441,0.002273228928229378,0.4175833581743716,296.04217819940476,0.0017841675306584691,295.8164810067765,0.003051959411946803,5.541563643809401,0.3816670125796228,-0.6309382953341045,0.000808362017062147,-0.7331960904924661,0.0007203771440218443,4.8193857427335,0.671180710084175,-1.0033966397482252,0.0008443953525182952,-1.1102126518417896,0.0004737684885390836,7.9958624253622235,0.7306689863735724,97750.0308469742,0.1309224769236624,97733.46915364335,0.0022417753068447732,40623.389893144566,0.4535748751386137
58.50_14.70,43.05957251797463,13.394046843998016,0.009844228525972339,12.148751935462515,0.003250170813683173,158.41525609368261,0.3665896090108865,0.6989388248277089,6.004433723351701e-5,0.6913432161676689,0.008164289035957784,0.0023462028360925554,0.15142137141418002,279.272945343502,0.002958971274229264,278.898635477312,0.006274052980168254,7.414350834960603,0.208988958418501,0.8277341222006177,0.0007410287055570854,0.7339939909476464,0.0018092807100982267,1.6125156062335857,0.5008475613818323,0.7632727395920527,0.0010264786737248124,0.6334231873658639,0.007887109947570803,0.7097767719272217,0.15860747225017718,100104.01100570436,-0.08026102171869649,100114.16402495178,0.00015018566588831384,227887.60250475167,0.8463453842119841
12.80_17.50,2.940692302687239,1.226500496031746,-0.00022014860284066054,1.2543492942910897,0.0017975238070411237,0.143250792089694,0.5022446550723624,0.7527714693357074,2.9391524681699753e-5,0.7490534414634724,0.0016099604009106594,0.002850813804061403,0.5254725120129616,298.0240052238343,0.0003794080966623813,297.9760100996065,0.00012731194306891958,6.007362768307496,0.8583967923963398,-0.08982578913370769,0.00021748759889161443,-0.11733797039349692,0.00025468140656115246,0.9867600842039304,0.8007612810171086,-0.5340905416579473,0.00044610867175452686,-0.590523288634895,0.00028523423403747916,3.7069736424047433,0.7894116343932602,97621.11021205357,0.14821899759797624,97602.36050885743,0.003384437659406214,34487.44656921804,0.35684027389347783
-0.80_18.00,4.00849519815074,2.214386470734127,-0.0003988207074300202,2.2648372902240244,0.017200377920810195,0.049131183495205226,0.036462294481373024,0.6727612822774857,2.6964742377568824e-5,0.6693502423667232,0.00962303731118852,0.00040143958682439714,0.11909860303934294,303.1722915891617,0.000627618272147154,303.0928978777351,0.006805456338277338,0.30752025188911514,0.1905937529260087,0.547726139189705,0.0007417458061576007,0.45389529471076856,0.014108403340499232,0.20719160173062331,0.058564595652835005,0.19014874715653676,-0.00028369817516843497,0.2260365663153438,0.0010382042503719324,0.4118794251749188,0.6102432876675116,97578.91973586309,0.11647921477556741,97564.18511519398,0.006201744328301562,11623.122801787758,0.21164889605082268
-1.80_18.10,4.9237548228347805,3.8740660652281744,-0.00036455842063235855,3.920182705438168,0.007600607627035738,0.09290215131235796,0.16644157409738242,0.6591259799306355,6.11756998209109e-6,0.658352107327901,0.0018786675775812611,0.00010583949718389476,0.49273383648636593,301.42364792596726,0.0009079341234839487,301.30879425934654,0.01592984317110213,0.27493940803498523,0.04425181111317841,0.5522291773841494,0.0005213917943626948,0.4862731153972686,0.01438686431850833,0.10039268094690483,0.05609558203530773,-0.13249858977302673,-0.0002691688785233756,-0.09844872663981971,0.001262829183513503,0.3048210089773516,0.5739569543958092,97516.16576760913,0.12432211383620421,97500.43902020885,0.008034070649723168,10221.177752125295,0.15475083104357976
-2.40_18.30,4.9237548228347805,2.9061376178075395,0.0009308288004813049,2.7883877745466545,0.04456221914893932,0.10330292774936937,0.0006385294266233492,0.6756533677615817,-0.00011252765805023186,0.689888116504936,0.09767717071930215,0.0006887558571112219,1.9696187341177647e-7,303.53760734437003,0.0022073057657029512,303.2583831650086,0.09341604906185352,0.2771043325332946,3.8652809037931286e-7,0.3565814684307764,0.000463826941842135,0.29790736028774634,0.013624830962188694,0.08389201695599315,0.06312722944671598,-0.11475770435636005,-0.0003881156750939164,-0.06566107145697964,0.0025468249739706295,0.3142411695847257,0.42431546360212963,97577.57846602182,0.11475601159731487,97563.06183055475,0.007279011369840438,9612.100646855897,0.17576230236992968
-2.20_18.40,4.9237548228347805,2.6775638640873014,-0.00014453101273618118,2.6958470371984284,0.0013721616742298215,0.08088288294826491,0.5578091404977965,0.6729431767312307,-7.545352153301552e-6,0.6738976637786234,0.0008168747429057044,0.00037029118644849734,0.6512039282416121,303.78338332403274,0.001067245427229066,303.64837677748824,0.021646221647184882,0.2795672665350669,0.018679361948613197,0.4328211602710542,0.0006050287550837105,0.3562850227529648,0.014605556658674246,0.13315998380023522,0.05423308864882521,-0.14014639173235213,-0.00041016198747988934,-0.08826090031614614,0.0019572232698559233,0.45667818156094653,0.48380895005997215,97589.35227554564,0.11366982369318135,97574.97304284845,0.0069421832609649625,9888.584171833369,0.18616884110977408
41.10_20.70,142.97541487924173,11.359898158482142,-0.00925098989101471,12.530148379695504,0.0021186683435482356,214.6116290327223,0.46627422036042526,0.7466230553293985,6.285100653283811e-5,0.7386724030029945,0.007463442402921294,0.0028120633779773327,0.17034653006564837,283.746087937128,0.004384322132055722,283.1914711874229,0.020882515625602505,4.890597398978577,0.020937658863385188,-0.012572719937279112,-0.00038166578873424176,0.03570800233760247,0.0054506716208196915,0.1419895109526035,0.24178850689385478,0.022226500132727246,-0.0001623578699813159,0.042764770685363704,0.0030191732308670893,0.04638723366027438,0.3842441717766348,94084.98719618056,0.19827400062370507,94059.90553510166,0.002281562466922238,91545.91950609157,0.44958616373382465
40.90_21.00,27.042529086015747,5.939592633928571,-0.00728003751744387,6.860517379885221,0.0066286755499614936,42.479587261827426,0.19649617845601378,0.7560565897396633,9.444644674847338e-5,0.7441091142259814,0.01432581936341737,0.0033081987433164132,0.05662734518422101,281.0072428385417,0.0015466679126239255,280.81158934759475,0.0021585566619632957,5.888036776823826,0.4620986676066829,0.1072848259456574,-0.00040127520398121574,0.15804613924928118,0.008253184394324875,0.10365802166005154,0.1491945666820208,-0.09058584485735212,-0.0002854608110075367,-0.054475052264898724,0.0040938663727517755,0.10575456999366134,0.31070566326910387,90196.47132316469,0.18890661415602414,90172.57463647395,0.002218078494016673,85478.56703354129,0.4559767759531534
-20.90_25.00,31.00865412630992,6.313829210069445,0.0009707220753490829,6.1910328675377855,0.00014627904396868896,34.225319798301946,0.8483327047786607,0.7743350447170319,-1.9803118911546784e-5,0.7768401392593425,0.0009454173744211092,0.002203857080296176,0.6266886560505813,291.9979713076637,0.0021919762528912205,291.720686311673,0.017850175410122238,1.4301085970451974,0.03304109050964025,-3.7441575413658503,0.0004149617626778401,-3.796650204344597,0.0018412515035720611,0.4968700975573021,0.4970814152800403,-0.44098189520457437,-0.0006262430536490541,-0.36176214891796904,0.004222234823484605,0.4934955898263053,0.30320733465599403,91357.58640252976,0.0781960590491413,91347.69460106005,0.00029699522435444603,109385.58196513438,0.7852169768801022
-20.90_25.30,6.906817342981412,2.642516121031746,0.00027528754265827713,2.607692246885474,0.00033854871139604725,1.189300958793484,0.7710712404611115,0.6762109796206156,-5.413479073029476e-6,0.6768957847233539,0.001599943180391361,9.731688087739318e-5,0.5267657415157966,294.2772991846478,0.001606350198268192,294.0740958845669,0.0012828905254647083,10.686381655766,0.5709265813070596,-3.857762374575176,0.0005488358586265313,-3.927190110691432,0.00314168403717896,0.5094039024750159,0.37473698783555087,-0.3207445750160823,-0.000536211320404168,-0.252913842984955,0.0025717188683374026,0.5940025121081995,0.42205449331521705,91311.32052951389,0.07771426703781524,91301.4896747336,0.00029875324218953114,107406.03869599862,0.7845976698756015
61.50_25.40,13.008548174204407,4.479414682539683,-0.0006959877821201548,4.5674571369778825,0.0003444380771212563,7.471914460127852,0.7691439849541989,0.6999647059137859,4.535656435357966e-5,0.694227100523058,0.0024512635961799756,0.00445892431924354,0.4331652145992066,278.21915108816967,0.00181007414002235,277.9901767094568,0.0012903580467787945,13.49032178482144,0.5698065420939524,0.403714172423832,0.0007227189321694576,0.3122902275043956,0.0048786549024680825,0.5688248751034971,0.2682560050351378,0.4620690875583225,0.0009657314470049269,0.33990405951219926,0.01066257651191349,0.46471897157463465,0.10070309126860601,100062.7808469742,-0.11507302535107078,100077.33758468111,0.0002479321057289319,283761.91689451406,0.8033648233422697
-20.40_25.50,31.00865412630992,5.284788101438492,0.003320546322028841,4.864738991701843,0.002144032200778745,27.322950694424254,0.4636122125650891,0.7758271363046434,-4.324316743801719e-5,0.7812973969855526,0.004889602451910613,0.002031894992893103,0.26771705563217907,292.57599167596726,0.002907731259989685,292.2081636715786,0.03493556993468272,1.2858209991631482,0.0026268597721310375,-2.9096771346198187,0.0003460457770110585,-2.9534519254117177,0.0019159281730941613,0.3320685146988696,0.4884669364241642,0.31735182565356057,-0.000515789606110861,0.3825992108265845,0.0029108481218261817,0.4855852009332337,0.3929361988991204,91327.11814856151,0.08119554238813614,91316.84691244941,0.00033133955256658965,105713.61127102589,0.7734552841946374
-20.60_25.60,31.00865412630992,5.178958953373016,0.003789775433837771,4.699552360992538,0.0032755190378117582,23.296283379003945,0.36472129195623926,0.7783714485546899,-5.251266127521107e-5,0.785014300206004,0.008123652122233871,0.0018035016964736011,0.15245168805277,291.9065774584573,0.003610485820868136,291.4498510021175,0.05578901831788041,1.2414304223789145,0.00012136660803596357,-3.7806507519313266,0.0007810539767314697,-3.8794540799878576,0.0060239250460391025,0.5380496489461901,0.21836127812612632,0.4173622888232034,-0.0004300895852246149,0.47176862135411723,0.0012802152732247496,0.7676701678305834,0.5713288824913454,91349.95545014882,0.08439861565876529,91339.27902526798,0.00035784409686145935,105758.82206055624,0.7648226309900091
-21.10_25.90,9.194966404689694,2.8366156684027777,0.0010824023013207846,2.6996917772856985,0.003309413475579781,1.8809021325594768,0.3622434657373361,0.684856324914902,-1.5996276661913835e-5,0.6868798539126341,0.009267750626483329,0.0001466909395169125,0.12620201290097224,292.45521375868054,0.0016670555010571304,292.2443312377968,0.0015807748856550008,9.340495302435464,0.5292562174956111,-2.8710254109095015,0.0005859070487976182,-2.9451426525824003,0.0048074338947182715,0.37938830610122426,0.2717952070949827,-0.03836687784346323,-0.000584011924640713,0.03551063062358697,0.0047675219084986065,0.38009359220459366,0.27380388946004364,91151.2570374504,0.07127512617982802,91142.24073398866,0.00025771826177856116,104729.88147666167,0.7996017781957566
-8.70_26.40,0.9576297825396978,1.507018074156746,-0.00018669550283244963,1.530635055265051,0.021524456410339843,0.00860350344428782,0.01902204691402054,0.658300673204755,2.5011869836524174e-5,0.6551366716704348,0.014427186667516634,0.00023038302943156877,0.055747205336950406,301.3491734095982,0.00020602792721688073,301.3231108768053,0.0001080996139645185,2.086257252187029,0.8694151498778239,-0.5716101858350966,-3.770227033700457e-5,-0.5668408486374655,5.535211390439443e-5,0.1364396544613648,0.9063541729080936,0.4752507436843145,0.00042089774334085186,0.4220071791516968,0.0015654393415894807,0.6012523217483441,0.531263894635179,94551.16179935516,0.13110132111774997,94534.57748223377,0.009090188638510632,10045.719707073362,0.12992549143518475
64.50_27.00,2.0254326780041083,0.8047378782242043,-0.0006882865940013726,0.8918061323653779,0.005707453621399017,0.4409974175311311,0.23094140547984565,0.6804749331777058,1.65911410849447e-5,0.6783761538304603,0.0005632519174904038,0.0025965079094229554,0.7073955149806189,278.2634645492312,0.0018176361919510923,278.0335335709494,0.00043571015640153643,40.28617692000122,0.7413140911151234,0.23052158809843518,0.0006467165206551532,0.14871194823555828,0.0036710490492535275,0.6053095688479454,0.3371748199208139,0.7128925777616955,0.0005796283365664815,0.6395695931860356,0.0034813223438429075,0.5127371631032095,0.3500237408542148,99541.29671999007,-0.26581206055225737,99574.92194564994,0.0011064160458585937,339289.73030604655,0.5987334444641295
58.40_27.10,6.906817342981412,5.221222408234127,0.002904685458945325,4.853779697677544,0.014656178725272362,3.0585619738226675,0.053811264605424965,0.6630521814028422,-3.4779156003635203e-6,0.6634921377262881,0.0002753934370636202,0.00023335886663948354,0.7929931481642246,280.2691127232143,0.0028149202813487254,279.9130253076237,0.0010080360885384998,41.763408451305565,0.6154858990598381,0.8543706394377208,0.0009549214889899824,0.7335730710804881,0.004726417678184935,1.0250452819115516,0.2758919035023504,0.6163582120622907,0.001115915416683337,0.4751949118518486,0.008224123050015297,0.8044754054265338,0.14991848895213108,100797.28878348214,0.1633367685619276,100776.62668225906,0.0006451506366862425,219708.37111434108,0.6878783571175024
64.30_27.20,5.839014447517911,2.3702566964285716,0.0002617722925351111,2.33714250142288,0.0003391300840839273,1.0735464774551347,0.7708801857223645,0.6911717984411452,6.844394669046088e-5,0.6825136391848019,0.009127479813035633,0.0027268360285783097,0.12913357094281944,277.73082139756946,0.0014083811856376487,277.5526611775863,0.000528873433089383,19.926383929476376,0.7160711276888391,0.26975266138712567,0.0005812490986881184,0.19622465040307868,0.003416490795945304,0.5253928349136087,0.354565320932717,0.6454923266456241,0.0005966540293791755,0.5700155919291584,0.0040204377394246205,0.47044800444414203,0.31510254824206485,99537.11021205357,-0.21759424107166286,99564.63588354913,0.0007521506460530514,334448.90392728575,0.6644363931860839
-17.40_27.50,31.00865412630992,4.926777188740079,0.0017827282033872783,4.701262071011588,0.0007377223623387108,22.888489776021622,0.6674776701902737,0.7777432647962419,-1.1293911099643164e-5,0.7791719445503468,0.00035867344490836395,0.001889423538862189,0.7645582097799162,296.54995775979665,0.0028520291847502705,296.18917606792576,0.056911642100396787,0.7593580999546574,0.00010269463213410055,-1.0562932680523585,-0.0002314668069932218,-1.027012716967716,0.002018318337035918,0.1410352236177458,0.477049791066616,-1.113385866558741,-0.0006697686984465814,-1.0286601262052486,0.011860978106609577,0.20094120652783162,0.083221492150075,94770.1062437996,0.5346848038628471,94702.46861611096,0.012325500950087331,123234.1060471298,0.07734491459202172
69.00_27.60,13.923807798887538,5.9220687624007935,6.23842738400674e-6,5.921279601336717,3.1069725237031776e-8,6.65507026337766,0.9977762896370278,0.6738950648005047,2.416860555052842e-5,0.6708377361983628,0.0009411899155312708,0.003297355239124664,0.6274613215609258,276.6252712673611,0.0018719020521762002,276.3884756577608,0.0019502332976831793,9.54595734752243,0.4845922504909173,0.6500423749287924,-0.00010358435476514936,0.6631457958065837,5.172416640708555e-5,1.1021346234647607,0.9094615977352373,0.6013455012487987,0.00014953951653370062,0.5824287524072855,8.97175558374208e-5,1.3242632491350745,0.8809451608062927,99334.09433903769,-0.3640485143230954,99380.14647609956,0.00168660173828461,417489.73176375736,0.515760405279252
67.90_27.60,13.923807798887538,3.7643539186507935,0.0018812933788561173,3.5263703062254947,0.003177154383214087,5.91853951488117,0.3720457761463447,0.6662060883310106,4.443697253964655e-5,0.6605848113047453,0.0031318618404775345,0.003349856064615361,0.37548700775261856,277.03900824652777,0.0011775095763192286,276.8900532851234,0.0009449586839516133,7.795713878142299,0.6267723891030911,0.229275695861332,3.611533684578313e-5,0.22470710575034045,1.9261052049301952e-5,0.3597850810431436,0.9446769881530724,0.3828861448499892,0.0003586985572483125,0.33751077735807766,0.001466670999512587,0.4660863357177092,0.5445310146258701,97803.64195808531,-0.30511391580768965,97842.23886843499,0.0012531402783449996,394697.302171116,0.5754318460262909
58.00_27.70,1.2627163241004382,1.317704458085316,0.0012410724801481111,1.1607087893465802,0.011975823189968704,0.6833272366417326,0.08172565090292394,0.6501644991693043,-3.2994785855899995e-7,0.650206237573412,0.0005062902641553846,1.1424333376992297e-6,0.7219450535923796,280.79051378038196,0.002949524842295134,280.4173988878316,0.0008672545615635574,53.296334342942814,0.6413339261293,0.8938187266153003,0.0008887199405465456,0.7813956541361622,0.0032037751697977512,1.3098079864429002,0.3700435974916934,0.7210616005791558,0.001166473663591714,0.5735026821348039,0.0063755639000702136,1.1338904268599597,0.2053205862978082,100814.46338665675,0.11696850549524095,100799.6668707116,0.00034166032634641574,212756.65148591044,0.7700507403752493
61.30_28.30,2.0254326780041083,0.8369489397321406,0.0010504595612702648,0.7040658052314521,0.011860906868833676,0.4942886028767484,0.08322242902610569,0.6830735897260999,1.787503286488343e-5,0.6808123980686921,0.0005881318290108517,0.002886415382145613,0.701303423170341,279.6167379712302,0.002906588329418072,279.2490545475588,0.0008757605212118547,51.25326106359541,0.6397020594935566,0.4679134686787923,0.0011313459948883728,0.3247982003254132,0.006821772605613452,0.9968583813658598,0.19005938640772013,0.5133308683122907,0.0013253823877553827,0.3456699962612348,0.011065922396751304,0.843401921369975,0.09441513276796555,100283.67767237104,-0.02820123901626695,100287.2451291066,1.523036865225258e-5,277437.8939846654,0.9507968345244415
-9.40_28.40,7.059360613761783,1.8055478050595237,0.0008496278215296167,1.6980698856360272,0.005734629897463095,0.6687932353706338,0.22982786315090453,0.776101945884644,-4.790787125937334e-5,0.7821622915989547,0.00605374435567263,0.0020143247383495756,0.21721832856938317,296.4183834015377,0.0024048299086732307,296.11417241809056,0.03545057446170896,0.8667328716462744,0.0024355677509178596,0.2177216439020066,0.0002847372456087177,0.1817023823325038,0.0014680251450776005,0.2934234915708333,0.5443450369765173,1.2587483875335208,-0.0005170427471909039,1.3241542950531702,0.0005499582718752061,2.5826346781322407,0.7107136085798632,90728.64592633929,0.2222046285730408,90700.5370408248,0.009930110503917344,26417.51342456451,0.11331082592546379
-2.10_29.00,239.99293509567906,3.191615513392857,-0.0007536516776391518,3.28695245061421,0.024358113451491303,0.12389035786697658,0.012478644132165692,0.7999921535688733,1.0051903203227932e-8,0.7999908820031181,0.020777595762184187,2.5836942512592662e-11,0.021268986263967442,294.06463913690476,0.000496147570807491,294.0018764691976,0.027176275011958517,0.048125097883242915,0.008224783377656792,-0.9220469262864854,0.0002007103374077177,-0.9474367839685617,0.001431479308216188,0.1495182561564425,0.5494057367011047,-0.20379540276905847,0.0003675014843035026,-0.25028434053345155,0.009791320218811128,0.07328528089296416,0.11588783065203241,84288.07846602182,0.2849684425060909,84252.0299580448,0.055954533371167736,7710.775790033188,0.00011841545468865902
-8.70_29.20,7.059360613761783,6.115156870039683,0.0009096277404498324,6.0000889608727785,0.04047205917918684,0.10862052739929265,0.0011651644375541743,0.6722627679506937,-5.8509840121811465e-5,0.6796642627261029,0.055969652304846296,0.00032497131645093226,0.00011814945853204821,294.954109312996,0.0019044822556658365,294.7131923076543,0.005558390696369209,3.4669262825602147,0.23716529217392035,-0.38829739131624735,0.0003032247837865165,-0.4266553264652417,0.002038589235377364,0.23962905738374285,0.47484100791347195,0.3418995842101082,-0.00018368085725300833,0.3651352126526137,0.0002780672091111658,0.6446408654949112,0.7920133632818829,88720.92370411706,0.2438399018972107,88690.07795652706,0.01736691733616469,18189.745748740028,0.03555201642986793
63.40_29.30,8.127163509226193,3.946103050595238,0.0023469887975858666,3.649208967700626,0.009849333576805841,2.9713581543316137,0.11480296790423983,0.6965825226571825,4.887729350978915e-5,0.6903995450281941,0.003315849026645279,0.0038278892724435166,0.36177561098969546,277.5076826791915,0.0010589631624429254,277.37372383914243,0.0003009887422064095,19.79480689520523,0.7838129768965048,0.41919772587125265,0.0010674506287948703,0.2841652213287016,0.006115562128142793,0.9899175598546336,0.2148713089780559,0.6464165732974098,0.0011366241909055714,0.5026336131478549,0.007991182441584144,0.8589394700355112,0.15586532908660292,99927.86021205357,-0.19378471726213906,99952.37397878723,0.0006298982908897743,316744.02648393426,0.6914001282462128
-0.50_29.40,26.889985815235377,1.7934299045138888,-0.0006306117140463182,1.873202286340748,0.23251812776049208,0.009086718333406013,3.2348859107717272e-18,0.799989368234362,7.151325557219644e-9,0.799988463591679,0.024193841461612187,1.123073252684431e-11,0.012786411260249377,293.44166395399304,-0.011331479976304548,294.87509617099556,0.11760002870399278,5.8010373213429425,7.824560516055319e-9,-0.5593023981366839,0.00012399704980666328,-0.5749880249372268,0.005805147664214805,0.014071786890841933,0.22696814489581013,-0.1694103271242172,0.00016620949669211838,-0.19043582845577017,0.008226711454125901,0.017841247571057137,0.14985385232444534,90364.49513268849,-0.31923960765726855,90404.87894305713,0.027758673706795856,19506.288390672304,0.007547551240861744
-8.90_29.60,7.059360613761783,1.9756324404761905,0.0005067215551027585,1.9115321637556915,0.001979069052557736,0.6893148362534794,0.48137422642716393,0.7708408122970944,-2.4953060195671828e-5,0.7739973744118469,0.0013180252080551291,0.002509942243240313,0.5656937297146291,298.0304749503968,0.0020949845978873887,297.76545939876405,0.02706775053752497,0.8614881728078884,0.008357599148937975,-1.1392197003440252,0.0006868320472791299,-1.226103954324835,0.0034177285054598494,0.7333365940540095,0.3544778710642415,0.06710768502856058,-1.4819867874834944e-5,0.0689823983147272,9.674379757185214e-6,0.12061611844116021,0.9607762876835255,90218.12211681547,0.305079603358634,90179.52954699061,0.02310979595160767,21397.845684809246,0.015019976630024627
62.80_29.70,13.161091444984777,5.395379929315476,-0.0008250889575286284,5.499753682442848,0.0005941143430585605,6.087953524489124,0.699860635570331,0.6907205136995467,2.8765932443014643e-5,0.6870816232455054,0.0011131875508426647,0.0039493751339096115,0.5976156756034314,277.8828590029762,0.0017238867763230909,277.66478732577133,0.001049710988813568,15.041375344696544,0.6082688613841881,0.2353210827660939,0.0007572164689726495,0.13953319944105375,0.007696161356790743,0.3958273086550547,0.1637811838976698,0.42700196826268755,0.0008649657228462257,0.31758380432264,0.010328083927705345,0.3848733609205757,0.10626098625131787,99914.65783110118,-0.15142113938842786,99933.81260523382,0.00040011278882601253,304460.111761129,0.7517477638034801
62.50_29.70,7.516990426103803,3.465394035218254,0.001897637487411544,3.2253428930606938,0.009382108134796674,2.039228462067741,0.12386614395418707,0.6993359771985856,7.071436669154834e-5,0.6903906098121048,0.006169625423582015,0.004306221162130528,0.21284315600675557,277.74607437375994,0.0012772387358621227,277.5845036736734,0.0004462204264882308,19.42381493133679,0.73832431815008,0.3045775776817685,0.0008912886509182157,0.19182956334061424,0.008016230121507206,0.5265097197872513,0.155213346347222,0.4640125244382828,0.0009671731542372626,0.34166512042726904,0.009994071122601422,0.4972855580408697,0.11214431060007957,100282.97925967262,-0.13654032760825704,100300.25161111506,0.00032993180616003315,300218.5426825326,0.7739240870330691
-11.40_29.70,4.00849519815074,1.8184678819444444,0.0007259313548085093,1.726637565561168,0.007668503448548636,0.3651071255478304,0.16454625068321543,0.7316550612449646,-9.974074469029644e-5,0.7442722654482871,0.015227299613903567,0.0034710601191555866,0.04928295763508021,295.86838882688494,0.0023725733798993743,295.5682582943277,0.007652402423088289,3.908240870273611,0.1649934944617609,-1.8314145633152552,0.0007358330673026499,-1.9244974463290405,0.001794763714220604,1.6028435591299297,0.5025735991123885,0.7727554714868939,-0.00034918060919807956,0.816926818550451,0.0007326788606690782,0.8841508955660909,0.668549061422423,88565.01894221231,0.19589091111087364,88540.23874195678,0.005490763371952423,37130.915762138815,0.24005523397318262
60.00_30.10,4.46612501049276,1.786167689732142,5.266304793061853e-6,1.7855015021758196,8.202681445190763e-8,1.796370634248332,0.9963868455666907,0.6977711944353013,2.642814409464795e-5,0.6944280342073283,0.0011002306836552789,0.003372790729299368,0.5997582734428331,278.94984266493054,0.0041204249003656,278.4286089150343,0.0027614692024405807,32.66507185508109,0.4053902857961794,0.9839879974486336,0.0015638197190628214,0.7861648029871867,0.007589503803718922,1.7119844005979739,0.16675388490256876,0.6046569006783622,0.0009494501328089535,0.4845514588780296,0.004428304197999,1.0815502160481079,0.29164753526068976,101373.07052951389,0.03374371596523755,101368.80194944429,2.369855336747939e-5,255272.3598955753,0.9386453547162453
1.20_30.50,5.381384635175891,1.2095075334821428,-0.000599471570123609,1.2853406871027793,0.3639088301776101,0.005246677925183682,5.803268583065658e-33,0.7363242809734647,6.743165081306445e-6,0.7354712705906794,0.02750661934356413,8.78274315445719e-6,0.007833458885915407,294.08192855592756,-0.023244007877357968,297.02229555241337,0.39066555111130685,7.347789853078127,9.809815740562844e-37,-0.10331165222894578,-0.00010743861030322655,-0.08972066802558762,0.0008436218075718038,0.0726963795612378,0.6459194694166925,0.07892912910098121,7.229238534032994e-5,0.06978414235542947,0.0012191345396805886,0.022775781619973744,0.5806681921897802,92719.70941840278,-0.25870928400551757,92752.43614282948,0.01756455227494813,20245.41856195147,0.034502151559409694
23.40_30.60,25.059466565868206,5.684868706597222,-0.007423432373344006,6.623932901825239,0.012193138331498155,24.0123037265011,0.07897300397681215,0.773858298384954,7.92537902841963e-5,0.7638326939140032,0.014529749028391992,0.0022967926295035792,0.0548712619605391,290.85364932105654,0.0001460287405924017,290.8351766853716,5.387425529890244e-5,2.102980353069631,0.9076071550285056,-0.13288948271009657,-0.00020116715550272222,-0.1074418375390022,0.0011125507941636137,0.19325650356571247,0.5977205997576203,-4.336456768096439,0.001092486713019731,-4.474656337293435,0.012170445667849084,0.5210335170097742,0.07925577101393767,99562.97529141865,-0.08945556295896782,99574.29142013297,0.00024211297396992126,175604.83115932986,0.8056399108256623
66.00_30.90,16.97467321449858,4.319355313740079,0.0033412351411922447,3.8966890683792603,0.006066487095235273,9.777247717279053,0.2167320644601534,0.6616326296140277,1.4334646144982292e-5,0.6598192968766874,0.00035233428374803477,0.003098552544954866,0.766587853813224,277.4841560484871,0.00110177353737928,277.3447816960086,0.0007162774537697869,9.004160115281296,0.6720636167907379,0.4938446907770066,0.00014602285791199822,0.47537279925113884,0.00028138941391719907,0.4025999801195287,0.790802952701184,0.20734903547498915,0.00039590906668337503,0.1572665385395422,0.002920381429905028,0.2851616591809079,0.392160097016104,99386.38402157738,-0.33577875878848623,99428.86003456413,0.001656408844272761,361641.8764412477,0.519548615020748
58.20_31.10,2.0254326780041083,0.7909574962797603,0.0003052168355797594,0.7523475665789208,0.0012318978426182348,0.40177424346172874,0.5786917993158085,0.6943239191221813,2.5759546644591912e-5,0.6910653364716404,0.0009187959010152902,0.0038370476957381764,0.6315904100947334,280.14242505270335,0.002068197036751826,279.8807981275542,0.00043297603707748156,52.4879701638451,0.742098378653493,0.6932668912978399,0.0009639820010706829,0.5713231681623985,0.006485613122377054,0.7612488110496782,0.20142833904011742,0.6089487378559415,0.0007998851361022925,0.5077632681390015,0.004726360801493912,0.7192306677056487,0.275894806434302,100970.98719618056,0.19320862313497753,100946.54630535399,0.0008930649377857369,222080.1734901553,0.6364117441181034
23.10_31.30,25.059466565868206,4.58203125,-0.006913728543852071,5.456617910797287,0.013435143741811761,18.902626189577628,0.06501778211874411,0.7756331317008488,9.054272692178184e-5,0.7641794767452434,0.020239248186513237,0.0021520511048870625,0.02305529211729334,291.02924068390377,-0.0006091618565381801,291.10629965875586,0.0010406282866597394,1.894565359209352,0.6098262102400683,0.030583979591490732,-0.0004525456084938819,0.0878309990659668,0.002128573851757243,0.5111822942523767,0.465231726102478,-3.8525119206262013,0.000987891448304078,-3.977480188836667,0.013694569701774295,0.3786255149920187,0.062446797171678704,99084.13402157738,-0.008193560338919116,99085.17050696026,2.179658746159774e-6,163642.69527528662,0.9813763264448444
37.80_31.50,4.9237548228347805,1.8502410404265872,-0.0007390075936373087,1.9437255010217067,0.0021356198774551416,1.358668990600481,0.464492428297415,0.7606576898741344,7.922639784678194e-5,0.7506355505465165,0.00922473051246242,0.003615146898444962,0.12709323993064567,282.1326671781994,0.0014016149561011555,281.95536288625266,0.000859216098672344,12.1477223318208,0.6428850613163919,-0.033431242382715616,6.346548418134225e-5,-0.04145962613165541,0.00014977585189357434,0.1428805827232226,0.8465525908659481,0.02987430209205264,0.0003884649143682989,-0.019266509575537168,0.0016731497788795568,0.47919093698075327,0.5174422074494965,88554.29275173611,0.025126200332305254,88551.11428739407,6.0534861423655606e-5,55409.96802555538,0.9020889718404201
22.20_31.50,25.059466565868206,5.055509052579365,-0.006623923970502333,5.89343543484791,0.010588780970247846,22.015295992432534,0.10190166563204571,0.7756062774431138,7.905973763493602e-5,0.7656052206322944,0.015505646871064482,0.002141709999759033,0.047221896261063566,291.41554090711804,-7.768321330478954e-5,291.4253678336011,1.7096686355966284e-5,1.8753495751201923,0.9478732727743667,-0.09844627834501721,-0.0005502269030080889,-0.028842575114493965,0.0029782069567474423,0.5400930446238702,0.3874989579355519,-3.981920015244257,0.0011452191459714364,-4.126790237209644,0.01893579994257255,0.36798774807087703,0.02804463759675215,98725.34433903769,0.03226459574369566,98721.26286767611,3.634535154750651e-5,152175.03070860295,0.9240574670053804
-8.40_31.60,25.059466565868206,12.699803912450397,-0.0011856530710631968,12.849789025939891,0.00018931222778917345,39.45267099220854,0.827763599626686,0.7643806224777585,4.173799648215533e-7,0.7643278239122085,2.85706571290234e-7,0.0032395357859077646,0.993256815026841,290.31065538194446,0.001393052771269524,290.13443420637884,0.010911080507224447,0.9449464391954918,0.09677753188987462,-1.375828780825176,0.00041704422868010213,-1.428584875753209,0.001184205694438889,0.7803274810041708,0.5861466170371794,0.4071781370374892,1.2567443469379766e-5,0.40558835543861266,2.1023839683609324e-6,0.39913669797739315,0.9817093770146521,82246.85227554564,-0.07722779419213793,82256.62159151094,0.0018700591718553428,16944.615888715838,0.4937284496283615
65.60_31.70,22.771317504159924,12.36794704861111,-0.0011073688260322206,12.508029205104187,7.391218376950892e-5,88.14716899748558,0.891869503870395,0.6580499022726028,3.351691843748373e-6,0.6576259132543687,0.0001293426718996793,0.00046145159646529673,0.857283800086087,277.26645817832343,0.0024633597439013017,276.9548431707199,0.001366344290357091,23.595834937959882,0.558646331511794,0.6767467090061733,0.0004883409077880636,0.6149715841709833,0.0011046870283351051,1.1469560429449122,0.599019550696293,0.4131731457180447,0.0006394129605400018,0.33228740620973446,0.0025242832287953876,0.8605272031796362,0.4263784180936442,99301.5308469742,-0.24457459370592166,99332.469533078,0.000899426601716935,353343.2254571386,0.6352119018042293
22.40_31.70,25.059466565868206,4.691231863839286,-0.006041483402335511,5.455479514234728,0.009573492587207966,20.25613505513273,0.12006233607028624,0.7761391543206715,7.533716088460895e-5,0.7666090034687685,0.014576801178600052,0.002068693190355884,0.05447424225259333,291.8967517671131,-0.0002060515437544008,291.922817287398,0.0001265517595900878,1.7824746953810087,0.8588157834799911,0.020843543703593904,-0.0005879978017559359,0.09522526562571978,0.0024395362129622233,0.7529808852367303,0.43427036990683576,-3.7561965064396934,0.0010052307467661682,-3.883358195905614,0.017044116470808723,0.31499006075169245,0.03733830444246427,98916.30862475198,-0.0765465365387687,98925.99176162414,0.0001991878240545919,156288.8943855914,0.8233996635339226
-2.40_31.70,4.9237548228347805,4.98455326140873,6.465439062496485e-6,4.983735383367325,0.0009515193994243942,0.00023340933132780757,0.6255771207952461,0.6500242030809796,-1.8407798037305652e-7,0.6500474889454968,0.011456318591937853,1.571442211916238e-8,0.08872961506376151,295.41380092075894,0.0014776884003019541,295.22687333812075,0.013299105014549117,0.8723346609314805,0.06641033027331676,-0.6252300550067236,0.0006622078708247743,-0.7089993506660576,0.01578545798677755,0.14759488464332046,0.04524030531420603,0.25131178659106057,0.00013840550907351704,0.23380348969326067,0.000141784124335409,0.7178256365003874,0.8506536258117945,88448.5308469742,0.2413364581154021,88418.0017850226,0.031727710404609755,9753.196012417462,0.004207932133289508
-2.30_31.70,1.8728894072228286,2.366579086061508,-0.0001277449637034396,2.382738823969993,0.0074364065386254286,0.011659079572624178,0.17112842448822857,0.6529245234671093,5.854930399676644e-6,0.6521838747715502,0.0028351111882057856,6.42411332607548e-5,0.39918068933141415,298.4223129030258,0.0008764602357790746,298.31144068319975,0.005631379150846771,0.724752099217134,0.2340930019940699,-0.6540444616287474,0.0007764084756494995,-0.7522601337984091,0.020871207329523078,0.15345207982594106,0.02097311451481122,0.278979119800386,8.273290873751846e-5,0.2685134068450899,4.798525086380234e-5,0.7578593857030326,0.9127818839983385,88526.8324342758,0.2556597409299373,88494.49147704816,0.03503220334643464,9912.816156839772,0.002589854564678733
-15.70_31.70,20.025538630109622,4.756219773065476,0.0004109317804773756,4.704236902835088,7.307406356771295e-5,12.277671717756098,0.892480618514069,0.7741922963233221,-4.1763140542815915e-6,0.7747206000511887,4.302606873651804e-5,0.0021537458250710825,0.9173948385479126,295.96595982142856,0.0010961727565083164,295.82729396773027,0.006621986000629576,0.9640722141119319,0.19672365503067174,-3.1635000667874773,-0.0009163689131718387,-3.04757939927124,0.005404700880776048,0.8254843579450424,0.24379455946789297,0.11016556573292566,-3.6185694447145445e-5,0.11474305608048956,0.00020771689807530525,0.033492056162268295,0.8197212480281881,97233.10227554564,-0.0006821041872412477,97233.18856172533,1.9046340171691156e-8,129786.55352878058,0.9982589329406067
-2.60_31.90,0.9576297825396978,1.5795317150297619,-8.23213914293888e-5,1.5899453710455795,0.003706394066122165,0.009714347364960846,0.3348510678764972,0.653877319797637,3.6981106353307595e-6,0.6534095088022677,0.0008142933892536508,8.92316053225631e-5,0.6517194099903687,299.3680691189236,0.00043054284338975735,299.3136054492348,0.0012783885862602817,0.7703883039734964,0.5716038956342812,-0.5199240654233902,0.0005403011348850396,-0.5882721589863478,0.008609115014976743,0.18015779823040237,0.14063760321746982,0.24113538530137804,0.00015150591366163893,0.22196988722318073,0.00014743793870608535,0.8271604008319879,0.8477403288227393,88252.5070374504,0.19216142851425091,88228.19861674335,0.020937943205757814,9369.970760152708,0.020764756336462034
66.70_32.00,12.398375091082016,6.363192119295635,0.0005790925120569846,6.289936916520427,0.0001512396958208706,11.780668064515595,0.8458137975914215,0.6835105844906398,2.0236268979487115e-5,0.6809506964647347,0.0007806020930890556,0.002787218341513698,0.6585391630964738,276.8000759548611,0.0023515513661756136,276.5026047070399,0.0017110106964460803,17.171017497395354,0.5127328711204443,0.5305994805835542,3.504838195688774e-5,0.5261658602660079,6.308753320416471e-6,1.0345040991210661,0.9683211753859741,0.15370591481526694,0.0005076052200873573,0.08949385447421625,0.0021389020218750554,0.6400311098452033,0.46414868896268413,100571.65783110118,-0.3254774081961257,100612.83072323799,0.0015082502202633519,373171.19779200555,0.538873218487619
-15.70_32.00,20.025538630109622,3.9389803447420637,0.00035698465197182285,3.8938217862676283,6.94684348021557e-5,9.746560689221372,0.8951512632241859,0.7760300721440997,-5.503331187860601e-6,0.776726243539364,7.989706666233776e-5,0.002014003771272892,0.8876045173601549,296.19227236793154,0.0011404306970429032,296.04800788475563,0.008103285155859452,0.8527397174827062,0.15297102986340136,-3.0952065710037475,-0.0008659646314421791,-2.985662045126312,0.005209306163410421,0.764821771670748,0.2525492833422921,0.5470087111942352,7.775567768666077e-5,0.5371726179668727,0.0003342873080917075,0.09609131785467523,0.7724771111616396,97347.79671999007,0.23314299443952025,97318.30413119348,0.0021955274979421624,131536.31636804852,0.45828108129806916
49.40_32.30,5.9915577182982815,2.5491730220734126,0.0016861383956691608,2.3358765150212637,0.004937156941540066,3.0594919803796468,0.265391405923467,0.7280096336016579,9.25897280703409e-6,0.7268383735415681,9.55705972869314e-5,0.004765858379825775,0.8771525488852665,279.9370892237103,0.004147109024728305,279.4124799320822,0.003596700590652979,25.405423293693882,0.34213341116434304,0.17402240965101454,-0.0007881373389511231,0.2737217830283316,0.0027086073174162895,1.2184215591473373,0.40993440378510115,-0.17244464632064577,-0.00014856160136905312,-0.15365160374746054,0.0001561677041722609,0.7508647808500772,0.8433535522001033,100690.11814856151,0.22932877643857097,100661.10805834203,0.0017421377345984146,160388.9469906474,0.5089163770410172
1.60_32.50,2.940692302687239,1.9493233816964286,-0.00048291425454309237,2.0104120348961296,0.03356358279672089,0.03691573772636678,0.003213143592457987,0.6656299479424007,6.516673733265606e-5,0.6573863556698197,0.03805244906014915,0.0005929378285517629,0.0016623091909881399,300.37366691468253,0.0005628450665388512,300.30246701376535,0.0048893886288516875,0.34424130959415217,0.26772756934916925,-0.5346577583797394,-0.000392961084330513,-0.4849481812119295,0.006735900842817832,0.12179885833454898,0.19289128399959063,0.467942025926378,-0.001524037261135877,0.6607327394600665,0.02351059044475956,0.5248889742731075,0.014151367413980542,89694.27291046627,0.24082242165818188,89663.80887412651,0.02339515852846341,13170.663743427946,0.014396169511614466
49.20_32.60,5.9915577182982815,4.216614738343254,0.002252693638559824,3.931648993065436,0.007637047164533728,3.530356867794507,0.16542130443819558,0.6637981060951476,-8.64473115227338e-6,0.6648916645859101,0.0012054667024916643,0.0003293726849201484,0.5827996425974211,282.27175951760915,0.005170796586147413,281.6176537494615,0.0025372181389343718,55.98825283590458,0.42519282646284107,0.1760743534754193,-0.0008845728153426582,0.28797281461626556,0.0029348966217503936,1.4164921908841481,0.3909826109496489,-0.19716485341389975,-0.00018046626204125252,-0.1743358712656813,0.00018080560513855648,0.9570177041683761,0.8316191311264285,100537.47529141865,0.2251887395599233,100508.98891586432,0.001704061514399724,158105.8312527063,0.5135916615216197
23.60_32.70,25.059466565868206,4.490745907738095,-0.007417369330789023,5.429043128082906,0.014181335789193339,20.612111539411895,0.05790710853823656,0.7761196267037165,9.563655604505474e-5,0.7640216023640171,0.023067887168147005,0.0021065892044339657,0.015113875127866248,291.2888706752232,-0.0007398067113603745,291.38245622421033,0.0015933881893401836,1.8249659078597478,0.5276150587564186,0.44966105052403044,-0.00013331299865467676,0.46652514485384705,0.000150566504507621,0.6271283620907544,0.8461530905112786,-3.9548494702293757,0.0010180583711922357,-4.0836338541851935,0.016237527177783262,0.33912927668364423,0.04221947157902636,98892.84433903769,-0.11365351986089146,98907.2215093001,0.0004104407620226791,167207.25278903122,0.7486696639099595
23.00_32.70,25.059466565868206,4.738885788690476,-0.007661302899169368,5.708040605435402,0.013878608885992016,22.469796797872334,0.060687938720752135,0.775727409218985,0.0001014258773235392,0.7628970357375573,0.025249487813582272,0.002164635561984942,0.010934786865533435,292.0058186848958,-0.0005521368890497673,292.0756640013606,0.0008698003374946195,1.8621461864011695,0.6408445034649244,0.11729652919466534,-0.00013712679485328126,0.1346430687436054,0.0001650475936546547,0.605306404859131,0.8390201251047013,-4.094401026528979,0.0010927151892896935,-4.232629497974125,0.016447659817082738,0.3857000196288206,0.040887357261486616,98956.38402157738,-0.0917527922612205,98967.99074979842,0.0002755680752956069,162311.57520867806,0.7929289985335783
1.40_32.80,2.940692302687239,2.5233832465277777,-0.00023668310828772244,2.5533236597261744,0.031276169080534544,0.00951613932386232,0.004496718814745395,0.6566562056541443,2.3904183857785086e-5,0.6536323263961344,0.025104126352516687,0.00012093236461417208,0.011172679437641487,298.4524875217014,0.0006687202011289493,298.3678944162586,0.008232399132536816,0.28860395835426444,0.14971193128563098,-0.2833653631664458,-0.0004545147517308346,-0.2258692470724952,0.013538377938979718,0.08107167550558643,0.06398159420889887,0.6562752042497907,-0.0014431694767445512,0.8388361430579764,0.021099015175026437,0.5244599161916073,0.020270530691933655,89621.95545014882,0.20303343081185515,89596.27172115112,0.017181527899657656,12747.151306074184,0.03656683206172403
23.70_32.90,25.059466565868206,4.438546316964286,-0.007405974809120379,5.3754021303180135,0.014897049932029005,19.5615833051244,0.051850622499000465,0.7767139323174007,9.579503514046318e-5,0.7645958603721321,0.023486753675622807,0.0020758827738519164,0.014201570564295567,291.32134912884425,-0.0007621446605236315,291.41776042840047,0.001708694068258687,1.8061354917230907,0.5130188872577208,0.4763305073692685,-0.0001872216816340333,0.5000140500959738,0.00026360306557415836,0.7064828811454594,0.7973754087360134,-3.876807788061717,0.0010511282974560302,-4.009775517689905,0.015668758636905866,0.374642187870679,0.04605602505245619,98910.03481522818,-0.06621144175884454,98918.41056261068,0.0001385195253885696,168149.2407271597,0.8523632470716223
38.60_33.30,22.008601150257164,6.6480809771825395,-0.008981350179228501,7.784221774854945,0.012319701216352286,34.78747442485877,0.07741549976148332,0.7666863950472029,0.00011143938076905504,0.7525893133799174,0.02382232903661552,0.0027697015714970115,0.013511149302044152,281.00225151909723,0.0007719444251508931,280.90460054931566,0.0005764731923977306,5.492028345044286,0.7041394425048229,0.02609450476510184,-0.0007395661765252571,0.11964962609554686,0.011107341809589943,0.26162772260354383,0.09379377379682635,-0.7257622461470347,-0.0006996901191888899,-0.6372514460696401,0.0011121261527083925,2.3388223974424944,0.5977905930554535,90759.63798983135,-0.09214122535362033,90771.29385483859,0.0005913715109985285,76275.90761911566,0.700521078754321
63.30_33.50,28.87304833538201,9.682132781498016,0.0004768376645169742,9.621812816936618,3.254315674627861e-5,37.121134636396555,0.9281282228388038,0.6679030533820863,2.8264372794793898e-5,0.6643276102235449,0.0013347542993710215,0.0031799273111617825,0.5632345906599416,277.62799750434027,0.0021225374080681785,277.3594965222197,0.002500944867838917,9.570759520244684,0.4285301235889364,0.7194228777809749,0.0009909292026769254,0.5940703336423439,0.005224081777174705,0.9986541330001047,0.25187405187571976,0.5159253468589177,0.0015283566417487247,0.322588231677704,0.01212856331550416,1.023245570697787,0.07978048943580779,99762.36418030754,-0.15861090095199853,99782.42845927797,0.00042914664376658695,311458.4798665841,0.7432014700398217
46.20_33.90,0.8050865117593275,1.3157668340773807,0.0006596164835997634,1.2323253489020107,0.009186268711844359,0.251642314425639,0.12789589944144772,0.6911812443581838,2.185490286663844e-5,0.6884165991455541,0.0007529882292653944,0.003370151231913348,0.6642609082503457,285.60931299603175,0.005666675770567268,284.892478511055,0.002153942848479362,79.20678194247063,0.46257860875009127,-0.347018249451168,-0.001149648493947644,-0.20158771496679104,0.006345120502760593,1.1067004613373521,0.2064127748119193,-0.47598507290794734,-0.0006096047452812637,-0.3988700726298675,0.00372922272049403,0.5294417341793116,0.33336149009915794,101527.97132316469,0.11686427344921087,101513.18799257337,0.00041671699454692845,174125.4013525154,0.7468199201118917
47.50_34.00,7.974620238445823,3.3174641927083335,0.00011405176571616797,3.303036644345238,1.3632285633113916e-5,5.069617173586233,0.9534466720372625,0.7348348233434889,6.099165330636966e-7,0.7347576689020564,4.31672306011599e-7,0.004578533980463792,0.9917114332119289,280.4950939360119,0.00301801737795196,280.113314737701,0.0021680246786173196,22.32127853022018,0.4611162411425457,-0.2321287715245807,-0.0008292357895281681,-0.12723044414926743,0.00363929919545114,1.0038715124217337,0.33928053443233996,-0.4432586034138997,-0.00030078135319648835,-0.40520976223454397,0.0006499779704396413,0.73950820371607,0.6867737908041085,101186.04275173611,0.17650225080761087,101163.71521700895,0.0009580206112264067,172768.85664296077,0.6243977046645016
-14.30_34.00,25.059466565868206,12.394523499503968,-0.0015043961412021785,12.584829611366043,0.00031972232225807584,37.60895607474934,0.7773568514117938,0.7610878726792714,2.3361200871406743e-5,0.7581326807690384,0.0008835937604496635,0.0032815384926686217,0.6382077606674134,291.19610111297123,0.0006567570518204802,291.11302134591597,0.0012903654621343463,1.7759738834376335,0.5698054320064051,-1.6202755504184299,-0.00018293518853715703,-1.5971342490684795,0.0003091154353890291,0.5751930486586466,0.7809864673105135,0.4090615075732034,0.00034548299915553786,0.3653579081800279,0.0009912888554899357,0.6397244570666839,0.6184386696712436,88205.66179935516,0.08080523461864944,88195.4399371759,0.0005991297154914754,57902.584217780524,0.6986574976507974
46.10_34.30,2.788149031906869,1.5566445002480156,0.000367620149109004,1.5101405513857267,0.0011147959998210055,0.6440847670263771,0.5973508072922725,0.7227539798570057,4.512428071789049e-5,0.7170457583461926,0.0025291599020327293,0.004277441835595638,0.4259308510606265,283.61227174789184,0.0024362382559096393,283.3040876085193,0.0006814426201333657,46.27538498022944,0.6796883852984462,-0.41757682770017596,-0.001262169944647292,-0.2579123297022935,0.006584013772873987,1.2855375120989794,0.19802069740201883,-0.5412384366232251,-0.0005119060587433015,-0.4764823201921975,0.0024398311658822003,0.5706378579883132,0.4342425221184466,101493.22925967262,0.12118390439278084,101477.89949576693,0.00045050684173431055,173192.1911044699,0.7371162221221734
-0.40_34.40,2.0254326780041083,1.627073257688492,-0.000143435864461409,1.6452178945428604,0.029761675391204223,0.003672805674077739,0.005618845749901064,0.6539612128621056,3.127169684712971e-5,0.6500053432109437,0.03899515016483601,0.00013323922977470315,0.0014474272278868438,299.79300362723217,0.0005567325940216173,299.7225769540884,0.004140488314721136,0.39772377091507094,0.30795505112063337,0.1588992542690701,0.00036760676039729534,0.11239699907881223,0.009837229540419212,0.07298506343474855,0.11502839806367976,0.12035746801467169,0.00015020700409803023,0.10135628199627086,0.0015720037826540967,0.07625469659822247,0.5304028349787073,88153.431640625,0.2250466390367384,88124.96324078685,0.02576748184534361,10442.702360783915,0.010127952816036642
63.60_34.60,7.059360613761783,3.1964208209325387,0.0022696503124992958,2.909310056401378,0.007809932024023247,3.5043741029104845,0.1606760665596249,0.694948136806488,2.6525928459787156e-5,0.691592606856325,0.0008748854117276439,0.004272969855022045,0.639869503136477,277.25608995225696,0.0016865050927594909,277.0427470580229,0.0007707141919046645,19.607479684671606,0.660573937768603,0.614620670439705,0.0008375516912891995,0.5086703814916214,0.004586586493571687,0.8125937318892787,0.28314548674038786,0.532945436144632,0.0014988257177082044,0.34334398285454415,0.01184929358598008,1.0072786495032557,0.08337531048614731,100221.05862475198,-0.21499331408133698,100248.25527898327,0.0007712299795098465,318424.02030379366,0.6604674135931204
61.00_34.60,4.00849519815074,2.3800455729166647,0.00021430122138024218,2.352936468412064,8.126245440220892e-5,3.002611703606724,0.8866545585911871,0.6500638032716418,3.6633380299413345e-7,0.6500174620455631,0.0005362739192047439,1.3295575134791975e-6,0.7141771570725529,279.142082093254,0.0018789983640161733,278.90438880020594,0.00042748721392782407,43.88029011733647,0.7436811744642486,0.5522485536242289,0.0008778001295894518,0.4412068372311632,0.008929912081521718,0.4584414885939456,0.13339067772448504,0.497851190112886,0.0007999212016673426,0.3966611581019671,0.0083853192315686,0.40542883225295046,0.14595194567880898,100126.95148189484,0.10889352141124957,100113.17645143632,0.00023385684037235954,269397.66232721775,0.808918081825784
45.40_34.70,25.059466565868206,15.290802486359127,0.001932814411584792,15.04630146329365,0.00039301308150963,50.5025282285927,0.753889129370625,0.734016752432263,-5.450548684187867e-6,0.7347062468408129,3.508298765120266e-5,0.0044990797505635545,0.9253840847543128,281.68548293340774,0.0046667682316916224,281.09513675209877,0.005850472959480824,19.777951388889637,0.22515242029314742,-0.06988376284402514,-0.0009151908324048439,0.04588787745518762,0.004488955596005595,0.9913290400647267,0.28835213798534587,-0.31390282464405844,-0.000468136193317465,-0.2546835961893991,0.0019917580240778054,0.5845850155906599,0.4799692136766599,101176.60227554564,0.09928017730977089,101164.04333311594,0.0003194194973370479,163947.0030743483,0.777459568395885
62.70_34.80,14.533980882009928,5.379623170882937,0.003241954878936165,4.9695158786975115,0.0060088268839157966,9.293173729894677,0.21894268652277266,0.6898414984581962,4.0935566265092664e-5,0.684663149325662,0.0022827422687698995,0.0039001790049903676,0.44946871967244656,277.77293371775795,0.00156200145306221,277.57534053394556,0.000869604571443694,14.906677949234815,0.6408821083657139,0.40487480920458596,0.000972279644067302,0.2818814342300723,0.006516974813470466,0.7706836756555551,0.2003349227072628,0.47112747979542563,0.0016195040275490224,0.2662602203104743,0.014020756775185883,0.9938765076013902,0.05936511142492719,100799.11021205357,-0.111534759817309,100813.21935917046,0.0002168036018902475,304855.3321518873,0.815888671929804
47.50_34.90,7.974620238445823,3.138912140376984,0.0009279717486631681,3.0215237141710936,0.0008707483343266542,5.254321864861539,0.6406624745012143,0.7351988544539799,3.9440790476062186e-5,0.7302095944587581,0.0018399834202347254,0.0044917660395195815,0.4972298859809893,280.3720257471478,0.0034606167383566637,279.9342577297457,0.002939092861301895,21.648784438358163,0.3906431458193859,-0.3277795806763664,-0.001122501009457316,-0.18578320298001597,0.005782484944468647,1.1577073370761835,0.2278825420296518,-0.3759978612263997,-0.00020787114848315648,-0.34970216094328044,0.00028701791362184537,0.7998696968463475,0.7887695858717446,101205.42767237104,0.15587667856243012,101185.70927253288,0.0007414627630243364,174105.606805258,0.6666858903025918
-3.70_34.90,2.0254326780041083,1.7811337425595237,-0.00017737520883902747,1.8035717064776606,0.008541911952687276,0.01956908704207306,0.1422104589139735,0.6517035781391083,6.221965032575385e-6,0.6509164995624875,0.0048285543220043525,4.259688352078852e-5,0.27073966231383606,298.5462181454613,0.0018078962925003358,298.31751926446003,0.005431887049114903,3.1969519843753935,0.2426058037496599,-3.0421679890345015,0.00115860332373926,-3.188731309487518,0.004722439237184406,1.5102295976367661,0.27609505113308686,-0.6814061573573521,-8.90913153406653e-5,-0.670136105966758,0.0004439835312929352,0.09498252193207389,0.7389573308303292,89251.61418030754,0.5382909327071537,89183.52037732009,0.059341168506199304,25942.859924477554,7.148345339448826e-5
-6.10_35.10,292.0101904318499,7.7842920696924605,0.0022216435670127693,7.503254158465345,0.0004768743822445298,54.99011021368131,0.7298216275645151,0.7748606857799348,-1.380315104797906e-5,0.7766067843875042,0.0004445221171232028,0.00227720916385041,0.7388047564558257,298.03252883184524,0.0031193520958983567,297.6379307917141,0.1808851437906377,0.28580229589053013,1.0845395527180047e-13,-2.5097631651257712,0.0010548633804444922,-2.6432033827519996,0.0058622778663125485,1.0084766527659907,0.22468235537623737,0.061254122900584386,-0.0008976113495225899,0.17480195861519202,0.03403543895425121,0.12577233688399359,0.002998030555703306,91481.69751364087,0.1378122901533336,91464.26425893647,0.0029291017324099,34449.368084545604,0.391452093307584
62.60_35.20,13.466177986545517,5.243939112103175,0.003018348741772979,4.862117996268893,0.005486890347569329,8.821701708143323,0.24022202036476342,0.6926662212326413,2.603528459489697e-5,0.6893727577313868,0.0008670890152395749,0.0041533716125386625,0.6413657824305887,277.7255026196677,0.0012461811582837668,277.5678607031448,0.0005485684190796869,15.040815202517999,0.7110631369494645,0.3948844198196653,0.0009531341381697551,0.2743129513411913,0.0061973015273802945,0.7788346027558906,0.21181362017345862,0.5645267698499892,0.001487420760825309,0.3763680436055876,0.011619818584375108,1.0115984286667972,0.08645854455633241,100795.40386284722,-0.14095744176034428,100813.2349792299,0.00034773120383579936,303579.3103852832,0.7680741179136881
31.50_35.50,385.51921542033415,5.456376333085317,0.0035307422935071317,5.0097374329566655,0.0018754441046169301,35.31569281674077,0.4931058840784096,0.7837199568748474,-2.539882806242533e-5,0.7869329086247442,0.005299664917526314,0.0006467236767256766,0.24845412223208058,291.67780025421627,0.002452107653753516,291.3676086360164,0.017031465545994773,1.8757150428824199,0.03741017174625509,-0.14081824015057276,0.00010434113378038614,-0.1540173935737916,0.00031372029428422543,0.18437766266604544,0.779402597378248,-0.7549021736023918,0.00017378875757068205,-0.7768864514350831,0.0002475774537895603,0.6481448590343699,0.8035026647454885,104897.57052951389,-1.6841098837522113,105110.61042980854,0.03916850759922608,384719.0050337725,0.0014110441083145713
-15.40_35.70,0.9576297825396978,1.4044441344246033,-0.0003304594357840611,1.4462472530512869,0.01722495041841121,0.03368357270776995,0.0363264850020475,0.6706875401829916,3.1866438267360984e-5,0.6666564357421705,0.006774883763813522,0.0007963518935852853,0.19159969815580377,298.03069583953373,-0.0001410903212156082,298.0485437651675,1.3510585911147288e-5,7.828166908394006,0.9536547039350953,-1.3317633356366838,-0.0003865628334018917,-1.2828631372113446,0.003335515850055537,0.238021944578652,0.36035098217075,0.9712863649640765,0.0005767621310516313,0.8983259553860451,0.0021528554683223344,0.8209532321384077,0.4626918357723808,93787.84830729167,0.22877162240835267,93758.90869705702,0.0028853531457089243,96370.72917540044,0.3950225358401022
-3.70_35.80,2.0254326780041083,1.6460309709821428,-0.00024068254145567176,1.6764773124762853,0.031618778337816345,0.009733833368352412,0.00427584942797446,0.6522756010767014,1.5939569510775305e-5,0.6502592455335883,0.014869669728470036,9.078031165728006e-5,0.052069679947818276,298.7218075706845,0.0009577476256277356,298.6006524960426,0.0013172290911021012,3.6998206355317995,0.5658112723585789,-1.5065157072884696,0.000685036091983992,-1.5931727729244447,0.012449007169710424,0.20027742812142185,0.07585791484627451,0.5175083856734018,-0.00012098480850287425,0.5328129639490155,0.0005514510919281124,0.14102447698037934,0.7103387438049822,89320.52687872024,0.06048898409280251,89312.8750222325,0.0005958961392237283,32622.844462021825,0.6994325354120446
2.50_35.90,25.059466565868206,9.586073133680555,-0.008956276739339462,10.719042141206998,0.016030948393552236,26.584935352199636,0.04357300458943537,0.7622542012305487,7.664911446603419e-5,0.7525580882505953,0.01095344577507451,0.0028497275227694586,0.09612491311838385,298.97935461619545,0.0017472065509958098,298.7583329874945,0.08718233757963689,0.18603720465127388,1.0267752707938104e-6,-2.0308018866039457,0.0033054388535848694,-2.4489399015824316,0.04928726959828744,1.1777776571861087,0.00031811342838839905,-0.04945396241687593,0.00039498179720632345,-0.09941915976347585,0.0026009135752155244,0.31868972218800373,0.4194256411012148,93779.43957713294,0.02522180886373572,93776.24901831168,0.00023609566105986524,14315.425809746,0.8080231650297824
45.30_36.60,2.635605761125589,1.9277692522321428,0.00044186029093207447,1.8718739254292354,0.0030451929782031595,0.34063945131405027,0.3821968918639206,0.6858927418315222,2.0153030410531313e-5,0.6833433834845899,0.0011602434702921993,0.0018598220973074296,0.5899657235979195,285.97501046316967,0.0059037332650505635,285.2281882051408,0.003052651639159687,60.6619021811469,0.3816128625208443,-0.8013232624720014,-0.002104175665997727,-0.535145040723289,0.009254252022367626,2.5419235285655284,0.12648091480607337,-1.0827539686172727,-0.0013581825288322665,-0.9109438787199909,0.004237686623791204,2.312742373338581,0.30232049266242134,101599.54275173611,0.07432035163974256,101590.14122725368,0.00017151012227234474,171106.13088972372,0.8359421781593297
62.30_36.90,2.0254326780041083,0.8364257812499981,-0.0010808406806615096,0.9731521273536791,0.014131792230948848,0.4392036460785309,0.05835289535760931,0.686358044071803,3.482690111358545e-5,0.6819524410809344,0.0018919352849641191,0.0034061455690221013,0.49120741142163915,278.4150623139881,0.0008577921867020905,278.30655160237023,9.19664003495857e-5,42.50840405157227,0.8794734182001854,0.4375024598742288,0.0007182911059953284,0.34663863496581976,0.00659705238704511,0.415518975034485,0.1975742129569647,0.4120628871614971,0.0009122321173425863,0.2966655243176599,0.010914463071037273,0.4050868611878121,0.09672525005654006,99755.25306919643,-0.020757646175133832,99757.87891143758,7.838740776144881e-6,292044.96487101086,0.9646903762367891
11.80_37.10,9.042423133909324,6.254968067956349,-0.004264694117375782,6.794451873804386,0.10090610391286703,0.9576309024741073,1.1775036447739759e-7,0.7027657230695089,0.00017373601654469773,0.6807881169766047,0.09313329037503881,0.0017219264159629313,4.0413815495206614e-7,294.4292728484623,0.0002337195074398435,294.39970733077115,0.0005014984446822801,0.5787088849818481,0.723210290461291,-0.054342080676366415,-0.00032923725851341615,-0.01269356747441927,0.0012300154326406743,0.4682170334155631,0.5789824479388179,-0.5312712987263998,0.0002589966757216242,-0.5640343782051852,0.0029303917616160247,0.12161930321647187,0.39134751009052876,82230.29671999007,0.24903950626535826,82198.79322244751,0.055594988012385826,5927.078351365242,0.000124919239011734
60.10_37.40,3.85595192737037,1.5325327070932526,-0.0031631869525708626,1.9326758565934667,0.0461589402103989,1.1516849937063875,0.0005047122732296532,0.6976220882128156,2.2253386168807623e-5,0.6948070348624614,0.0007069152769600962,0.0037218996334894253,0.6740910596356928,278.0856526692708,0.0001834490527561314,278.0624463640972,6.103728968365196e-6,29.2937871989501,0.968839919460814,0.7747807956877208,0.0011644415515029648,0.6274789394225958,0.006796245360029429,1.0600007069213953,0.19089618317532983,0.6433996927170527,0.0009746617935183652,0.5201049758369795,0.004698569285213838,1.0741923740661037,0.2773178247206445,99765.51894221231,0.17794875164784116,99743.00842512885,0.0006510105134904798,258429.27249147146,0.6865381479891223
6.10_37.70,7.059360613761783,2.529420882936508,-0.001373843921790722,2.703212139043034,0.05736649382691983,0.17480598668751182,9.596773528423114e-5,0.768379787604014,2.870432520360429e-5,0.7647486904657581,0.01701840816834521,0.00025722641430366635,0.037484498064142634,295.072019546751,0.004471381476903884,294.50638978992265,0.013151625045363602,8.07688397192483,0.06795561509110608,-0.5724685532706124,0.00026565911091898045,-0.6060744308018634,0.004701338552918766,0.07975679962987915,0.2771756190731518,0.7613506165761796,-0.0004063417836935853,0.8127528522134182,0.003636216215500143,0.24125319970709036,0.33948593646373576,88432.51100570436,0.17001211873286076,88411.00447268465,0.014132923607598435,10865.94653488118,0.05834267529308857
58.20_37.80,6.449187530640302,4.189290364583331,0.0007149901242011068,4.098844113871891,0.00047634370057625386,5.701898419049641,0.7299661907367475,0.6580712464120653,9.206404843128073e-6,0.6569066361994096,0.0026218005602376415,0.00017175931576165302,0.4175597167855406,279.5292193700397,0.0018047252688849322,279.30092162352577,0.0003825497890963536,45.23494299488789,0.7570840387990107,0.8211578263176812,0.0011261866052729216,0.6786952207506566,0.006679193650492743,1.0088729919457557,0.19478813548384405,0.4925595389472114,0.0010179869723578722,0.36378418694394055,0.005097158704173044,1.0801799215901062,0.25774695846722906,99627.36021205357,0.2655719085590631,99593.76536562084,0.0016153038149580023,231979.6380688445,0.5247849739148065
6.40_37.90,7.059360613761783,2.0432826450892856,0.001740586780606728,1.8230984173425344,0.05379615192240239,0.2992126607867757,0.00016317996237232737,0.7752422463326227,-9.318256437744372e-5,0.7870298407263694,0.045440113117725334,0.0010152423557001531,0.0005610977822072941,297.56769089471726,0.0072732302793461,296.64762726438,0.09518222747880556,2.9528312475829215,2.924811828197595e-7,-0.3210870273529537,0.00023243906402908835,-0.35049056895263336,0.012525522417060064,0.022917234216832717,0.07495193666252402,0.6972443262736002,-0.0004890368290228086,0.7591074851449855,0.00771306481845746,0.16473882664212144,0.16331558422670878,88059.53878348214,0.13966672072766717,88041.87094331009,0.010132175276703737,10228.76013637797,0.10966989149126272
58.90_38.00,0.9576297825396978,0.7951776413690456,-0.00011750344167279422,0.8100418267406541,0.00013674679315545113,0.5364433178931557,0.853300336306131,0.6766076778608655,6.817094626757918e-5,0.6679840531580168,0.010588679445568516,0.0023318287884160466,0.10190332515875114,279.77386377728175,0.0002743037033355372,279.7391643588098,7.2041479813877984e-6,55.490742096802634,0.9661489149441845,0.6851366209605384,0.0013559253530861111,0.5136120637951453,0.00779173946871814,1.2536518784011943,0.1611680983966513,0.6833224977765765,0.0012490921840164146,0.5253123364985001,0.0055252325561825355,1.5003004359565315,0.23857699080989214,100162.34037078373,0.25056436860781994,100130.64397815484,0.0013552133471472771,246133.5244101361,0.5602548775013741
8.00_38.80,2.0254326780041083,1.6892167348710319,-8.158909569232945e-5,1.6995377554761115,0.0010687717189254986,0.03309170177401579,0.6050280482390148,0.6551635691097805,1.236760253721345e-5,0.653599067388823,0.005654423825109389,0.00014372175029436825,0.23313290993517122,295.4115009610615,0.0013982787997970474,295.2346186928872,0.004497412236066145,2.309748346820801,0.28789640232154107,-0.3265356260632712,0.0003779941923535471,-0.3743518913959949,0.0008961447528761379,0.847094582195979,0.6358302255433211,-0.7932380645994156,0.0006146188914746485,-0.8709873543709586,0.0001940079268988315,10.345039444326432,0.8256741054272945,83621.28481522818,0.12731034911267783,83605.18005606542,0.01944827230126711,4427.781766128806,0.02596268318493133
11.20_41.80,207.50121841941927,7.196413070436508,0.0024977047801172524,6.880453415751676,0.0005539308958015798,59.836535069805734,0.7097173080569312,0.775345576187921,-1.569632432327203e-5,0.7773311612148149,0.0006464230276642668,0.0020249715422096144,0.6875867510316536,300.0435519748264,0.0017639816155924954,299.82040830045395,0.024466616400906638,0.6757001449123533,0.01227948958346655,-1.81063935870216,-0.00012864131800010715,-1.7943662319751466,2.281976883411474e-5,3.852915968599282,0.9397914938975275,0.2558187000335209,-0.00013303345333864517,0.27264743188085955,0.0012348674645039637,0.07614496603661754,0.5782338712283415,97986.65386284722,0.0907672686582861,97975.17180336194,0.00041122713397157007,106442.8727140929,0.7484370527031097
47.70_42.30,7.974620238445823,3.3670944940476186,0.0038304800923822154,2.8825387623612686,0.013223264189519024,5.895322395850126,0.06720029770536422,0.7283898317624652,2.5715162657653623e-5,0.7251368636862721,0.0007358685390029818,0.004774392636950345,0.6678709733481487,280.20248170882934,0.0024258010278432663,279.8956178788072,0.0012148583144033775,25.735021597933653,0.5813333767055943,-0.6034414730374775,-0.002082353985329098,-0.34002369389334663,0.009160424008128665,2.514973170702928,0.12843838654097914,0.14768765464661612,-4.3746831006216975e-5,0.15322162876890258,1.0925092038926998e-5,0.9306961308540974,0.9583200366801238,101260.09037078373,0.33545912048680865,101217.65479204214,0.0026966084794624035,221718.0896958682,0.4109761875540512
38.40_42.50,110.02606839064083,12.450257316468255,0.005757866361816053,11.721887221698523,0.002491547894687085,70.69582022322744,0.42940108807229854,0.7453423161355276,3.739093451834074e-5,0.7406123629189575,0.0022887707923839873,0.00324541435364935,0.4488693479891667,279.27235049293154,0.0021986174429306114,278.99422538640084,0.00340433570415144,7.544088501956018,0.3554256935495421,0.08048554829188756,3.072014800299894e-5,0.07659944956950819,3.1686032060274094e-5,0.1582408350293433,0.9290785213267823,0.5509459631783622,0.00011499694354267977,0.5363988498202132,0.00033915690496943984,0.20716278825467063,0.7708713759408543,79663.76894221231,0.6137073172349188,79586.13496658209,0.04113483481667113,48646.618933827056,0.001057048295658519
48.00_42.90,7.974620238445823,3.383843315972222,0.0012354700516117362,3.227556354443337,0.0016545622827129902,4.90141122074136,0.5197818751289381,0.7215685778194003,1.6793904048733664e-5,0.7194441489572355,0.00032633821749283864,0.004591718062427803,0.775125738204288,280.38583131820434,0.0036902363050386445,279.919016425617,0.0023903086130201423,30.268729614644574,0.4389563990963382,-0.4567323336525569,-0.0018197585923855313,-0.22653287171578718,0.007245144655948499,2.4284004924699416,0.17677797270979267,0.24566167498391772,3.6425891739695458e-6,0.24520088745341057,8.095524539619703e-8,0.8707935590234709,0.9964105234957381,101254.16576760913,0.3269087182935864,101212.81181474499,0.0024835880393617726,228619.49548120896,0.4301409345495126
48.40_43.20,7.974620238445823,3.328159877232143,0.001947033397911274,3.0818601523963665,0.0037131629305087177,5.424286400383012,0.33440847824636677,0.7235522506729005,3.2009647852439603e-6,0.7231473286275671,1.1547661815436427e-5,0.0047141950985483015,0.9571500146672631,280.0482138981895,0.003729201944281504,279.5764698522379,0.0026399883233068078,27.987854911734026,0.41594489280262026,-0.3333192477150569,-0.0015854761325978246,-0.1327565169414321,0.00673034338938816,1.9843670644989602,0.19307623268980822,0.16277787042042566,-0.00011033191934193854,0.17673485821718088,8.846092986058984e-5,0.7311233634944324,0.8817757713640059,101219.38005332342,0.36115831879989924,101173.69352599523,0.002965750764479913,233668.62892511193,0.3884963403093512
38.90_43.20,38.483274394558066,9.490528893849206,-0.01110995447440428,10.895938134861346,0.005024087185661608,130.52905902284786,0.2612040871549882,0.7501595824483841,7.915823713263096e-5,0.7401460654511063,0.009757088992965346,0.0034120216439643817,0.11653320745150778,281.0185101221478,0.0016441564302853524,280.8105243337167,0.00249888310954427,5.747515418520765,0.42872099171631506,0.03678437641688755,2.489180623174392e-5,0.03363556292857195,1.3552161019059206e-5,0.24290926841580476,0.9535835306722673,0.32867723797994947,0.00015948171268182043,0.3085028013256992,0.0004698595395790095,0.2876030907907633,0.7317398587686854,83255.09433903769,0.1538550267919476,83235.63167814851,0.0024393068427849274,51558.08310837885,0.43429202761163466
33.80_43.20,40.00870710236359,6.368791852678571,0.0008025360795665446,6.267271038613403,5.4620048040798785e-5,62.6493933926812,0.9069726974107576,0.7755704011235919,-2.896508827819252e-5,0.7792344847907833,0.0022711601832932082,0.001962645048862371,0.4506237276203452,288.4670817057292,0.007260266081765073,287.5486580463859,0.07931141953194876,3.5310930965906118,3.472669559381402e-6,1.6179262569972448,-0.002329399993665879,1.9125953561959785,0.01521726103994836,1.8944862831894966,0.04935901867434443,-1.8807547281658838,0.0017341685417231747,-2.1001270486938655,0.01191176226877122,1.341363257696564,0.0825564647518917,100418.38798983135,0.04743485766607947,100412.38748033659,2.4204583607745356e-5,493898.154740007,0.937995058899951
32.70_43.50,40.00870710236359,7.393213665674603,-0.0019713811327248883,7.6425933789643015,0.00032121448127264696,64.28148353724781,0.7768514820657193,0.7770991259151034,-5.010939539004245e-6,0.7777330097667875,7.209219754134022e-5,0.0018505033565758948,0.893201101387524,288.38868737599205,0.0062715249544359735,287.5953394692559,0.06008370924443285,3.4779984924860035,6.397689941508052e-5,1.467648014189705,-0.0017664377598090991,1.691102390805556,0.014953039747742425,1.1086820281711425,0.051405663609977316,-2.0052199439396934,0.0015037198331929057,-2.195440502838596,0.007302882162730451,1.6450510456539247,0.17505041178648909,100618.46338665675,0.02562523937283053,100615.22179387609,6.929792957355296e-6,503448.92576379876,0.9667993707388746
37.20_45.20,10.262769300154105,4.0238754030257935,0.002088022296167298,3.7597405825606303,0.005177588168221781,4.4738619235573145,0.2540062300416662,0.6918269878342038,4.392305540086298e-5,0.6862707213259946,0.006791013499271581,0.0015093512140573165,0.19106821110777675,282.5596885075645,0.0023919167887198616,282.25711103379143,0.0007980013156899668,38.0915234817776,0.6549957009442992,0.6902868255736336,-0.0003856141442745313,0.7390670148243619,0.005133188037788061,0.1539070638897046,0.2560629884584555,0.1664961708916558,-0.00018325301346863162,0.1896776770954377,0.0002725160316841002,0.65471156092257,0.7940532450758281,81108.02687872024,0.38803256471104103,81058.94075928429,0.017433612081101724,45886.90711764931,0.035194086036979814
40.30_45.30,39.24599074846083,11.046599857390873,0.0014551481544413352,10.862523615854045,8.168548214881888e-5,137.7239166160828,0.8863618943797225,0.7190432179541815,8.157811983786424e-5,0.7087235857946916,0.011736220221549742,0.0030127212398959953,0.0848796198725997,280.180183531746,0.0019842299937273306,279.9291784375395,0.00261082927262557,8.012081583597277,0.4185382953131339,0.46225173132760183,-0.0004425289012545163,0.5182316373362982,0.0007519045214743336,1.3837588082223549,0.664487981621586,0.5265377135503859,-0.0005185078878868255,0.5921289613680694,0.0006671588055303657,2.141022979375397,0.6828807563897484,82369.23719618056,0.14162313373552657,82351.32186976302,0.0021143997184017715,50398.90763171408,0.4667246139634215
36.70_46.90,25.059466565868206,9.637710813492063,7.976091938476253e-5,9.627621057189891,7.635038451470066e-7,44.26993553927794,0.9889769435822959,0.7316506410401965,3.633997571445173e-5,0.7270536341123184,0.0019248187877400902,0.0036451821281340674,0.4874578692251225,279.577390640501,0.0017294205521341133,279.358618940656,0.0013022927415031749,12.202039525324636,0.5680253280185381,0.17776396161033994,-0.0005134841474750739,0.24271970626593678,0.003158937153231678,0.44345842576408545,0.3734245875136991,0.9107937434362987,-0.0007624471315591347,1.0072433055785293,0.00940391539647345,0.3284358624673083,0.12342612103567147,75644.48322792658,0.7505482463848727,75549.5388747589,0.04507458349347804,66399.57853293064,0.0005921320048485749
48.40_47.60,7.059360613761783,2.729248046874999,-0.003386798581952076,3.1576780674919367,0.014454026295804723,4.21628261752338,0.05551657353397152,0.721035761492593,2.2266301462763952e-5,0.7182190743575533,0.0005499501453057887,0.004789747993033959,0.7107156508382368,279.9730747767857,0.0010955964397632505,279.8344818271557,0.00020954299657616193,30.43462046527971,0.8189440624561155,-0.19951274659898546,-0.0012347795210461954,-0.04331313718664173,0.0035230579804833573,2.299317058811276,0.3471415991091032,0.033164387657528833,-0.0004163918103889868,0.08583795167173566,0.0009091048945250035,1.0132816510916893,0.6333964371055882,101906.96338665675,0.4219477228250559,101853.58699971938,0.003107968473234801,304355.0456903427,0.37732026201880403
54.50_48.50,9.652596217031714,4.074823288690476,-0.0037095392545196584,4.544080004387213,0.013470026443802907,5.4276434432123635,0.06466569128198921,0.7053835439303565,2.705773821511489e-5,0.7019607400461445,0.0008382561143215339,0.004640300088355022,0.6469713878072361,278.52291434151783,0.0037264095175621624,278.05152353754625,0.0034099864204905073,21.635569294338953,0.3550253669880272,0.7820023203653003,0.0002573671432143237,0.7494453767486883,0.0003584788307517961,0.9817083960543544,0.7646202287437424,0.4872020085652669,-0.0003974412782314325,0.5374783302615431,0.0005481774781134208,1.5309625568632155,0.7111615436852539,100699.58640252976,0.49926502991890903,100636.42937624503,0.004541789274804309,291591.6820024849,0.28551970722736036
53.90_49.00,7.211903884543062,2.8008548797123005,0.0018195626789613644,2.5706802008236878,0.0042338297712869455,4.154707599227501,0.30254154179495635,0.707429311578236,3.130135196395038e-5,0.7034696905547962,0.001146229399730192,0.004541449238494983,0.592222879318032,278.6400882781498,0.0029377099828734195,278.2684679653163,0.0016915979671664472,27.10569201999437,0.5151381835345327,0.7176305755736336,8.70446746189142e-5,0.706619424234341,4.300188843164854e-5,0.9361311574869534,0.9174179714376098,0.4433632653857034,-0.00041340440992965346,0.4956589232418046,0.00044267076826420837,2.0512055445448962,0.7393296502987846,100939.70545014882,0.5427665367843516,100871.0454832456,0.00515722922911066,303493.58026212506,0.25494680859110663
55.10_49.30,5.381384635175891,2.0888284350198405,0.0012376464345422791,1.9322661610502423,0.004812233190391257,1.6911664013014385,0.2715549031053675,0.7062214754876637,2.9300076391004227e-5,0.7025150158242016,0.0010045115481828182,0.004540695586822136,0.6161047671727043,278.69041224888394,0.002322182828714785,278.39665612105154,0.0009485154111013028,30.205653984877767,0.6261237708639116,0.7710179298643082,0.000637011039104038,0.6904360334176474,0.002275953483815041,0.9472625139514979,0.4501451644345099,0.6370617245870923,-0.0003204411137753847,0.6775975254796784,0.00031388916295282954,1.7380407678677114,0.7793447527461128,100944.15386284722,0.5561431076700163,100873.80175972696,0.005312733537232495,309310.6690599594,0.24786853603733716
34.50_51.80,43.51720233031665,6.749759734623016,0.005560108433431718,6.046406017793903,0.002212332620366242,74.24306890307587,0.4565621729764583,0.7726155245114886,-4.364888788165029e-5,0.7781371088285174,0.004756239700057785,0.002128249049510164,0.2743750397579666,286.14751712859623,0.00670838824233229,285.2989060159412,0.06375566363763085,3.750225852839689,3.690424724905921e-5,-1.0331057215493822,-0.00023949295134532555,-1.0028098632041984,8.982528988521477e-5,3.3925531505488142,0.8808742277525381,-0.23966082315596324,0.0003191732609884058,-0.2800362406709966,0.001779653869728115,0.30412860805822756,0.5043808708973111,92149.82052951389,0.37495631709469296,92102.38855540141,0.003142545276686559,237694.76774853846,0.3746713234189405
55.90_52.70,2.0254326780041083,0.76392376612103,0.001031175285330545,0.633480092526716,0.014287283844378496,0.39541681538208634,0.05696574658511703,0.6904604785026066,3.899142692281849e-5,0.6855280629968701,0.0022078568949608357,0.0036585344846055763,0.4570189820614818,279.8455868675595,0.0005154223269026283,279.78038594320634,2.523930652809092e-5,55.922792830043846,0.9366862968500046,0.8160657504248241,0.0008484608839581055,0.7087354486041237,0.004900768359680341,0.7804395872522837,0.2671687342416479,0.5467490695771717,-0.00023724829041889525,0.5767609783151619,0.00025123517168146314,1.1903250157680954,0.8020860255891227,100585.07052951389,0.4359114425743292,100529.92773202824,0.0030276477286145242,333450.222507627,0.3835756906219846
44.50_53.30,20.178081900889993,7.056861514136905,-0.00136304439040844,7.229286629523573,0.00032824587977775543,30.071876701062962,0.774486954083407,0.7425163823460775,1.5241663068055567e-5,0.7405883119679685,0.0003210020316380957,0.003845003580937669,0.776923357752072,280.108148484003,0.0011131318104089384,279.96733730998625,0.00043428286954572126,15.158642300062718,0.7417231701213346,-1.0448554735335092,-0.0007699987396920323,-0.9474506329624671,0.002002671574732884,1.5729325905887122,0.47876612595199847,0.1822490540761796,-0.00047740742349650415,0.2426410931484874,0.0007804926942474033,1.5514911739731927,0.658561591342359,101896.59037078373,0.2931739041153286,101859.50387191314,0.0013016312987478296,350834.6290696232,0.5681237632071667
34.60_53.60,72.19533723706172,6.213107638888889,0.014872271014989544,4.331765355492712,0.019136664135719572,61.408453882664055,0.027208918168204504,0.7623847486480834,-9.655954902942284e-5,0.7745995316003054,0.03797394923980357,0.0013045012750253244,0.001681578695463307,285.8522116040427,0.011363043021015411,284.41478666188425,0.09661791818352228,7.100214060713759,2.3301425105783515e-7,-1.4647269703093029,0.0003177405329604399,-1.5049211477287985,0.00012246850733610426,4.379864053094819,0.861088890322432,-0.838851671370249,0.0002752417412786133,-0.8736697516419936,0.0017745522580295825,0.22681909644623147,0.5049935668591756,92758.45545014882,0.4540684400315171,92701.01579248483,0.00451304577002587,242723.99558520765,0.28705628621345536
45.00_53.80,31.00865412630992,10.45123775421627,-0.0009460759300226161,10.570916359364132,6.334295838184012e-5,75.07467481093833,0.8998553160187281,0.7348845960601927,1.912658062959202e-5,0.7324650836105493,0.0005562819826505638,0.003493972586957494,0.7091295874726277,280.21460929749503,0.00208964158511587,279.95026963697785,0.0016645780303928825,13.937319704641665,0.518518868087986,-0.8346930231366839,-0.001444391486674178,-0.6519775000724004,0.005316499080878501,2.084893679706035,0.24770011818999838,0.2024313457428463,-0.000891207240228072,0.3151690616316974,0.0026684611380868306,1.5813803779794837,0.41343530374694043,101857.36021205357,0.506084730225531,101793.34049368004,0.003789157484566652,359123.3368985258,0.32949223524036597
34.50_54.30,6.601730801420672,2.2284303695436507,9.819280308654347e-5,2.216008979953203,2.4420095301347367e-5,2.097740568789315,0.9377201843227776,0.7669973837004768,-2.0614445377604022e-5,0.7696051110407437,0.0009134443279454896,0.002471730076131131,0.6325862834005638,285.64711216517856,0.003114773416802394,285.253093327953,0.006322780044318743,8.152384621145783,0.20721858520990388,-2.0880644889104936,0.00036098589156460803,-2.1337292041934166,0.00014419274742816235,4.801499150609829,0.8494052881859481,-1.0165957344902887,0.000229013925211337,-1.045565996029523,0.0003663579139429052,0.7606029742896079,0.7621238416135749,93204.94354538691,0.38013230053154595,93156.85680936967,0.003006087209774244,255392.29340064237,0.3852796487376232
41.70_57.20,0.6525432409789573,1.5611165364583326,-0.0002291151979930856,1.590099609004458,0.0006228225281050825,0.4477991858326601,0.6930506712896319,0.6552383795617118,9.774975272350158e-6,0.6540018451897596,0.015436058479583403,3.28877934000923e-5,0.047728605065706226,286.2471458798363,0.002036620810717694,285.98951334728054,0.0002339816442599174,94.18427123725583,0.8088680753882793,-1.7351185253688268,-0.00011648227958197468,-1.720383517001707,7.593747862222333e-5,0.9492997477271601,0.8904071699323853,-1.348487475561717,0.00025354107248053257,-1.3805604212305045,0.0004104847905636033,0.8320307783279903,0.7486566336507485,101680.0308469742,0.2373306481161745,101650.0085199875,0.000702332272294659,426093.4337178458,0.675089294661155
44.10_58.30,25.059466565868206,11.01486545138889,0.0067285734251025285,10.16370091311342,0.006213090612792849,38.71489808874987,0.2112288963103565,0.7278238336245219,4.6665551565163796e-5,0.7219206413515287,0.0025138185814822522,0.004602551858211714,0.42734121137199077,280.4647197420635,-0.0001331368572154073,280.48156155450124,4.463758600525836e-6,21.097729400093364,0.9733510184372564,-0.9028256961277553,-0.0007360376095162365,-0.8097169385239514,0.0021341833633451435,1.3486774562341273,0.46464300172465073,-1.2328907648722331,-0.0007237491464081703,-1.1413364978515996,0.0032394902979250295,0.8590911821049804,0.3673807772657603,100000.95148189484,0.3748862041716439,99953.52837706712,0.002122077011938339,351866.2337291101,0.4659150597676561
46.20_59.70,36.652755145190895,11.092587425595237,0.005601302265528512,10.38402268900588,0.0017134659023243515,97.28421258682138,0.5124300466864508,0.685685658265674,1.1431840145930377e-5,0.6842395304872138,0.00043224128318797295,0.0016063710107128946,0.7423096113647765,280.73924618675596,0.0015614178133597737,280.54172683336594,0.0005920275317519152,21.87943846139979,0.7003629568152494,-0.7711137665642632,-0.00066274542452479,-0.6872764703618773,0.0012737092080703505,1.8321583393178267,0.57230957180958,-0.9841599085974315,-0.0008806026825857819,-0.8727636692503301,0.0044135817074261174,0.9334878145401617,0.292454632697702,101366.80465649802,0.3717806141095321,101319.77440881316,0.0016216311697071495,452857.13366285735,0.5239728882202034
46.30_60.10,2.0254326780041083,1.273604135664681,-6.597508598675093e-5,1.281949984042005,3.238584588449722e-5,0.7140761054852074,0.9283016804777696,0.6509233514467875,-1.5982640514341327e-6,0.6511255318492939,0.0007012952719621657,1.9352450601355843e-5,0.6753156962217919,283.34014601934524,0.0015327048636575465,283.14625885409254,0.000141651201695292,88.11231744235121,0.8507228351810103,-0.6632966162666442,-0.000610158169202956,-0.5861116078624702,0.0012111374701564426,1.6331694066831042,0.5819134095857323,-1.02607846638513,-0.0009021427955435131,-0.9119574027488755,0.004282127792766044,1.009789295226548,0.29978826102753153,100945.44751364087,0.43810593957222116,100890.02711228498,0.002343025361400297,435232.2903174888,0.443530302237202
29.80_62.20,3.2457788442479796,1.2024817088293651,0.0006322516903494622,1.122501870000158,0.010308156906013832,0.20603395230568225,0.10660241596961678,0.7723999638406057,-7.870708860852823e-5,0.7823564105495845,0.015135501684818697,0.0021745564756337323,0.04998307756477899,289.0208236452133,0.006363550179751071,288.2158345474748,0.024328455912429048,8.843500734864442,0.012533647380948537,2.0943705619327604,7.922778377367495e-5,2.0843482472853907,1.4034711855792636e-5,2.376245626764629,0.9527653226642738,-1.3720916112263997,0.00017996365829949998,-1.3948570140012864,0.0001257139937695939,1.3687553136523603,0.8592790416923923,95440.181640625,0.37118484173132427,95393.22675814599,0.0014411985179487719,507921.3564164363,0.5480513792458296
48.10_63.00,11.178028924837236,4.211635044642857,-0.0009228405524335936,4.328374374525707,0.0005973159058069166,7.575112329264833,0.6990919430639724,0.7098204909809052,3.519403872557221e-5,0.7053684450821203,0.0015817891072293921,0.004160345998245711,0.5291239173033893,279.42552354600696,0.0017053291208284685,279.20979941222214,0.0005923966690716265,26.082164194769643,0.7002740270914705,-0.2343531638856918,-0.00022921536374963334,-0.20535742037136318,0.0002252910700049071,1.2390341777050733,0.8123845617722508,-0.5386885234287807,-0.0010627447705251973,-0.40425130995734326,0.004028241058900983,1.4896434018344376,0.3146314756051688,101034.57846602182,0.30990089789065084,100995.37600243866,0.0010506371901842781,485660.42460103915,0.6081105293458601
52.70_64.80,4.46612501049276,1.7758595300099196,0.002886508048012172,1.4107162619363798,0.02851540164393518,1.552407986237403,0.006750818356879963,0.700868546962738,3.4642454124813625e-5,0.6964862765159491,0.0017063210456187416,0.0037367700168837894,0.5133121522849082,278.64398290240575,0.0010540216308092493,278.5106491661084,0.00017868282394839508,33.03361140654525,0.8325959575517982,0.7474757981678796,-0.0001517359117336802,0.7666703910021901,0.00014649382171749714,0.8350207429726401,0.8482227367795793,0.5533214902120923,-0.0007087141995566717,0.6429738364560112,0.0014275800662504334,1.8693112050017482,0.5499508415099715,100540.64989459325,0.2924836480119425,100503.65071311974,0.0009951084103513308,456743.7369098397,0.6177625070696094
40.60_66.10,25.059466565868206,11.134095207093255,0.000352803609461084,11.089465550496428,1.8278771835689156e-5,36.179190336410265,0.9461039583154403,0.7514611208249652,2.280246208456071e-5,0.7485766093712682,0.0007997832304831309,0.0034540689814943383,0.6546354213859208,281.05562918526783,0.0002653689630476777,281.0220600114423,2.6166042060293826e-5,14.298880464255845,0.9355368580818244,-0.5666808703589061,-0.00015170826756960614,-0.547489774511351,0.0014449390721582578,0.08462696754175711,0.5475317895119551,0.1585926025632828,-0.0004588757645005477,0.21664038677260208,0.0008619545067861667,1.2979133912174965,0.6423556616887828,92544.96338665675,0.3283578436817383,92503.42611943101,0.003039292044173414,188478.65444283275,0.3826598388410348
41.10_68.20,5.9915577182982815,2.0575125558035716,-0.0001802102917850519,2.080309157714381,6.19090632143493e-5,2.7870500196295156,0.9009894597726748,0.7590906364577157,-3.5938929377202848e-6,0.7595452639143373,1.837912598978697e-5,0.0037337499658343775,0.9459564338807974,281.62294224330356,0.00031717302807872594,281.5828198552516,3.866654220008314e-5,13.82283029986432,0.9216774425561128,-0.2242949576604934,0.0006770223966594178,-0.30993829083790975,0.011281088543775297,0.21587128647633713,0.09123475511646631,-0.7429257196093363,-0.0007876366403225001,-0.6432896846085401,0.006366746743737939,0.5176951103782005,0.20563621456097722,98530.53878348214,0.21856588034742266,98502.8901996182,0.0005325123478463478,476622.85780819075,0.7151379767423925
50.30_68.80,0.9576297825396978,0.7957705543154739,0.0003656715101526904,0.7495131082811586,0.0014142399554953888,0.5023413908094899,0.5518234095635711,0.6736852261755202,-2.0417354845247056e-5,0.6762680215634439,0.0010542917868052726,0.0021007672872799593,0.6074866410569125,280.76178462921627,0.002692636779252275,280.4211660766409,0.0005430961225840747,70.92815466222791,0.712444251116853,0.7011355823940701,-0.00022414568036197114,0.7294900109598595,0.00015575677646084696,1.713774249274628,0.8435571483016338,0.45138309115455266,-0.000500767108286893,0.5147301303528447,0.0006529944181782321,2.040337154041448,0.6860859974552638,98085.17767237104,0.3053638044050037,98046.5491511138,0.0012941778098451984,382807.9797354124,0.5692352754534296
24.00_69.00,0.6525432409789573,1.5656001984126984,0.0005656904016251952,1.4940403626071113,0.018793368465290006,0.09046754539710238,0.028653178082877945,0.7006368797922892,-0.0001285778328226054,0.7169019756443488,0.024795662682448594,0.0035423893963996704,0.011695004290896826,298.4647623697917,0.004725524529376374,297.8669835168256,0.008619295422931605,13.764742563920192,0.1404010261582823,3.514005668579586,-0.0033644375897876047,3.939607023687718,0.00736431321498332,8.166435149449976,0.1732334372373877,0.554096539815267,-0.0016127563542720847,0.7581102186306856,0.0019236955824077917,7.183580975503833,0.4875851606768876,100818.23322792658,0.27638429612530496,100783.27061446673,0.0011578099904099304,350533.2744212524,0.5903564059370905
40.30_70.10,5.9915577182982815,2.5011431981646823,-0.0002431474489066136,2.5319013504513688,0.00011212127589743659,2.8015038222913193,0.8670301775594436,0.7544057340849013,1.3427609198197463e-5,0.7527071415213293,0.0002588149979134702,0.003701244391592121,0.7991848200094553,282.71654110863096,0.0003307922641965547,282.6746958872101,3.508632800164335e-5,16.569621438863404,0.9253805428931908,0.10277597487918914,0.0010122351640727307,-0.02527177337601129,0.006090656016327967,0.8937963646123976,0.2158132988985895,0.23720200856526694,0.0007582023135270747,0.141289415904092,0.01198862643665688,0.2547654897352479,0.08156067559000037,97050.96735491071,0.4581886053330439,96993.00649633608,0.0025327076535598403,440395.9558890814,0.4256056897861953
53.20_73.20,0.9576297825396978,0.8299541170634893,0.0006593554201695043,0.7465456564120471,0.003678917225819478,0.6278544267772552,0.3366556780363576,0.663947636172885,-3.967880375378779e-5,0.6689670048477392,0.013018649911852309,0.000642526447102449,0.06938149432869536,280.2098408048115,0.003959031679840024,279.7090232973117,0.0012746464750998943,65.33231096082098,0.5721680903021742,1.2073727940756178,-0.0002911260253217705,1.2442002362788218,0.0003813843182242094,1.1806985947785635,0.7574428564977653,0.4396779045226082,-0.000502834196078677,0.5032864303265608,0.0009203981699853481,1.459532195016143,0.6312929366798598,100927.89592633929,0.18754747326804214,100904.17117097088,0.0003346269937249957,558471.8396353464,0.7723646915067434
45.30_73.60,16.36450013137619,7.551211402529762,0.002596007061416483,7.222816509260577,0.0026543103924521194,13.489624084636576,0.41467975661854534,0.6960972386693197,1.0603893999278159e-5,0.694755846078411,0.0003076044973188141,0.001942128183154284,0.7815089283973082,281.0817076667907,0.0007514853637749963,280.98664476827315,8.001271832203116e-5,37.49918627437782,0.8875237342260255,-0.8146986809987871,0.0007140273140663007,-0.9050231362281741,0.002831168493738656,0.9567616299747961,0.3995096533285334,-1.046857546246241,0.00033220208366823047,-1.0888811098302722,0.0006670397781206594,0.8790079174210893,0.68290752511348,96802.93957713294,0.16835040496305767,96781.64325090512,0.00035425363690477774,425063.5149220468,0.7659712424974259
46.60_75.60,0.9576297825396978,0.8596888950892838,0.0003656663840825277,0.8134320975028441,0.0015771521906798869,0.4504393124078342,0.5297292629196867,0.6782607133426364,-6.632174506287239e-5,0.6866504140930897,0.009360526882272513,0.0024966140534159282,0.12430330229519097,282.5768190414187,0.004483800663382609,282.0096182575008,0.0012818795843650976,83.32689111623864,0.5710785403891883,-0.7723615964253744,0.0008650493962157755,-0.88179034504667,0.003900899801247748,1.0191939463599387,0.32243491565759014,-0.8913264047531855,0.00027453763892743054,-0.9260554160775054,0.0004948932078658874,0.8091557249694503,0.724965531230381,97816.00306919643,0.18398146251339456,97792.72941418849,0.0003534077612298292,508875.88038084644,0.7662427640671751
42.20_76.30,63.195284261008965,6.437492249503968,-0.0004885386519515775,6.499292388975843,5.0999320584388386e-5,24.864130977555103,0.9100955456965643,0.7212858058157421,1.2229218666620812e-5,0.7197388096544145,0.00023405670098153308,0.003394815353154564,0.8088380084448504,278.1513962518601,0.0009589619550337141,278.03008756454835,0.000698476261356662,6.9950515716742165,0.6759321469439137,0.25777814501807805,-0.0004562605447679836,0.315495103931228,0.0033974512514483024,0.32554603584167324,0.3559142543842201,0.6073715119134813,-0.0003687922213322644,0.6540237279120127,0.0017350370790883973,0.4164803923631366,0.5097826751882479,75894.03878348214,0.4522961203135884,75836.82332426247,0.023358393222207563,46531.020314415815,0.014475038985396057
54.80_77.00,0.9576297825396978,0.6896197606646799,-0.0007289561023504399,0.7818327076120105,0.006331944713238724,0.44586712682465396,0.20688757528064058,0.6827248174046713,-3.8372019150475264e-5,0.6875788778272064,0.0025646486937412893,0.0030502907465361144,0.42269481028855826,279.3567824590774,0.004574656961627424,278.77808835343154,0.001977711293239648,56.22040748820091,0.48152496471824313,0.9822344477214511,0.000603266485392477,0.9059212373193027,0.0021378348301328565,0.9044489622566094,0.46426041176296523,0.666277219378759,0.00015053012959200757,0.64723515798537,8.485172284178333e-5,1.418815819836376,0.884195503896142,100573.47925967262,0.22101233394579034,100545.52119942848,0.00048688173270905466,533027.1824671442,0.727112192753695
43.90_77.30,11.940745278739996,3.1657327318948414,-0.0022868515732149533,3.455019455906533,0.005056937280197515,5.494500338235888,0.2596429069034401,0.7329417344123598,4.250113731660943e-5,0.7275653405418087,0.002088796601928178,0.0045945688852022425,0.4694406912930015,280.3634982638889,0.0010573303260232175,280.229745977647,0.0003373141498298482,17.608673210374118,0.7714775410764755,-0.6290529871743823,0.0006089166962256928,-0.7060809492469324,0.003601681178928229,0.5469533847633599,0.3417982043496227,-0.50342957935636,-0.0004843979186024722,-0.44215324265314726,0.00802731242315391,0.15530097653434435,0.1549258556022727,95926.52291046627,0.3092387619435677,95887.40420708041,0.0012963435955913871,391929.1279646681,0.5689118646072135
54.70_77.40,1.415259594881718,0.6681005084325367,0.0003287048551980662,0.6265193442499812,0.0011901092416038983,0.4823532690097591,0.585213385115896,0.6764059227610392,2.0050632010142615e-5,0.6738695178117561,0.0008611175335203614,0.0024804673602103955,0.6425173602150931,279.5494094122024,0.0023392645421513652,279.25349244762026,0.00048825361597437666,59.54605901702669,0.726743201402261,1.1169361311291892,0.0005303409974913619,1.049847994946532,0.001183971252163185,1.2621444464237994,0.5861837397027724,0.797989148942251,6.184838353839062e-5,0.7901653284246446,9.406413211121567e-6,2.160590539042205,0.9613228962757877,100551.7808469742,0.2043224587767882,100525.93405593894,0.000414108058832352,535621.9249871435,0.7475869532164394
46.40_77.50,1.110173053320068,1.1902708023313473,0.0007154877191544408,1.0997616058583106,0.004085138301519797,0.6657902323558174,0.31122412310934827,0.6508636181316678,-1.449010165994513e-6,0.6510469179176661,0.0029043897805455243,3.840853839533801e-6,0.3934632147514108,282.8439689515129,0.0019563795053294244,282.5964869440887,0.00023367235937532538,87.02392785941402,0.8089920255537698,-1.0526117824372792,0.000419661270570418,-1.1056989331644371,0.0008749641157443921,1.0694176714424262,0.6398544397244523,-0.7641911430964394,0.00031573147102422714,-0.8041311741810042,0.0009634165708787279,0.5497452049576312,0.6234225515286572,97755.40386284722,0.20688364261287243,97729.23308205669,0.00043666332848435463,520769.3352856816,0.7410413127537693
43.80_77.50,11.940745278739996,3.1388695126488093,-0.0026355210070924664,3.4722629200460062,0.00617175511203405,5.979489325255783,0.21276372418045902,0.7334855709757123,4.952077264395799e-5,0.7272211932362517,0.0029168809131600026,0.004466794178832808,0.3924448182024905,280.2550533234127,0.0009768305202397642,280.1314842626024,0.0002960340307881504,17.125238084004547,0.7855564142057867,-0.7893468084789458,0.0007253749688077715,-0.8811067420331289,0.0029689442651626985,0.9415923054766334,0.38824028630355567,-0.3724578221638997,-1.3203621100153274e-6,-0.37229079635698276,4.2604673011759076e-8,0.2174045872862876,0.9973960183868789,95528.02687872024,0.4701546691785465,95468.55231306914,0.003189369443808432,368227.7326903585,0.37112520812596694
43.80_77.80,11.940745278739996,3.2885858444940474,-0.0029294425470759535,3.6591603266991557,0.007595870150492567,6.002501176037297,0.1665747412450396,0.736847045875731,4.2805134444986374e-5,0.7314321963684403,0.0023535215140757515,0.004136312802092425,0.44250868665621623,280.1959189763145,0.0010110417294097655,280.06802219754417,0.0003175227343009679,17.104215194252028,0.7781041409966265,-0.7046803898281522,0.0007824885440803677,-0.8036651906543186,0.0021867907106812856,1.4876082273720836,0.45917874138654896,-0.07412960415794737,-0.00016536119787293035,-0.05321141262702168,0.0013100497418948587,0.11089685996442902,0.5668734002053358,95681.67370411706,0.3975615483436103,95631.38216825158,0.002199328326209282,381819.84309373505,0.45789142646608355
52.90_79.50,2.940692302687239,1.0820002480158712,0.0011662139145750922,0.9344741878221221,0.00822910055151238,0.8780998129143005,0.1497942203695069,0.6953837389037723,1.2965241674560539e-5,0.6937436358319403,0.00023981988803878362,0.003724052999076868,0.8065443845379189,278.9801257905506,0.004330578947912941,278.4323075536396,0.002354892632654426,42.31171469496405,0.4423754989245302,0.881619445861332,-0.00019292846231293718,0.9060248963439186,0.00020950976776445973,0.9439046948709621,0.818958172720972,0.7759021728757828,0.00016686856285547135,0.7547932996745657,6.611597858219298e-5,2.2375999149530794,0.8976983900079951,100633.49910094246,0.21033379832355126,100606.89187545453,0.00037895579550051295,620253.7403558771,0.7581924667453828
55.50_80.10,2.0254326780041083,0.5917271205357112,0.00020135057127034374,0.5662562732700127,0.0005233974790244122,0.41154177051820295,0.7174822292523318,0.682748432197268,-3.526624708998862e-6,0.6831945502229564,2.1428811256996028e-5,0.003083615559601568,0.9416519801868412,279.0718936011905,0.004043202118005486,278.5604285332628,0.0015968595300720478,54.3906195213256,0.5271649809299046,0.9762626905289907,0.0004701398803173889,0.916789995668841,0.001645909419715097,0.7134902947685825,0.5208773670561487,0.829179082598005,0.0005215754089371721,0.7631997933674527,0.00102734983655417,1.4068755243526403,0.6121184287562329,100158.98322792658,0.20243465895030832,100133.37524356938,0.0004253290739838489,511899.24147491273,0.7443065874971564
46.60_80.90,2.940692302687239,1.1637834821428568,-0.0008999577752419693,1.277628140710966,0.007691975185201039,0.5594305875427573,0.16389672211459805,0.7150516216717069,3.090414445826062e-5,0.7111422473977369,0.001066990903910492,0.004755679179810873,0.6053292792101614,280.5535849919395,0.001722609103335857,280.3356749403675,0.0003680519243072222,42.835535362644634,0.7615909489449816,-0.1996522555275569,-0.0003526666944727597,-0.1550399186767528,0.0005216185593106548,1.2668222281227715,0.7179424333276097,-0.08121937040298705,-0.0006275729027075537,-0.0018313982104814913,0.017672185723487832,0.1184071466311792,0.033943898302320995,97694.85227554564,0.2030296814576814,97669.16902084123,0.0004007850595381113,546446.1353732776,0.7515460833293052
44.60_81.10,54.04268801417493,8.958209325396826,0.00664571635934148,8.117526205940129,0.0022504643261831436,104.26805828014632,0.45269910454472834,0.6656952216511681,1.7390905287841033e-5,0.6634952721322562,0.0011526066307081528,0.001394129387675424,0.5911935534356554,278.2315673828125,0.0016085163290584135,278.0280900671866,0.0021679345405273276,6.340807945842287,0.46112557854893127,0.3062497472006177,-7.841132265586762e-5,0.31616877951658495,0.0011170455787915534,0.02924330684565935,0.5969807707607478,0.4787927203708225,-0.00019057688620889563,0.5029006964762478,0.0012704707310637886,0.15188525172489975,0.5727989511563429,80033.02291046627,1.1615314545272701,79886.08918146857,0.09721822864057461,73731.6685834429,2.118500634429803e-7
45.90_81.50,3.2457788442479796,1.2802230592757937,-0.00018259098522623233,1.303320818906912,0.0003314072841003046,0.5344861183674311,0.7734327556637081,0.7028445601463318,1.851840043837361e-5,0.7005019824908775,0.0005095054713399882,0.003576003257901801,0.7210998794207797,281.91095067584325,0.0027574976772750896,281.56212721966796,0.0007799065539007,51.79973721925624,0.6586817900117212,0.41589020168970503,-9.246169788888985e-5,0.4275866064726496,0.000633535115744488,0.07169565755565943,0.6905559427798531,0.30870033445812406,-0.00011477951750096816,0.32321994342199656,0.0010691545359255983,0.06546785662641705,0.6049633348765446,95263.62211681547,0.5730024536476717,95191.13730642904,0.004340091363169818,401933.22457549645,0.2965260608869444
30.70_81.50,45.04263503812217,8.213030133928571,0.004742831972973907,7.613061889347372,0.001103283718976944,108.32484701565876,0.5992519706207882,0.6637783968259418,3.0957630652368124e-6,0.6633867827981893,4.1928916404088135e-5,0.0012143995735886125,0.9184511653261671,277.6338316902282,0.0014520516419171796,277.4501471575257,0.0024430303739493286,4.585377270082425,0.4339406444983144,0.07773993507264153,0.00041534109186963663,0.025199286951132494,0.0019411705066876284,0.47215645585590243,0.48561093845137787,0.9056939170474098,0.0005907152940255588,0.8309684323531765,0.007881112644743449,0.23523866786188238,0.1587671379399833,58412.03022693453,0.4015395633258421,58361.23547217381,0.02107626355259029,40644.602445243094,0.02033960579334778
54.60_82.60,9.042423133909324,3.8913109188988093,0.0020952668978940284,3.6262596563152147,0.005707368369224697,4.086792762264585,0.23094490879330934,0.6950839218639192,-4.459612385965744e-6,0.6956480628307439,2.575688402195464e-5,0.00410242565519531,0.9360417721510311,277.92222183469744,0.0016805068583772382,277.70963771711274,0.0006639723603878434,22.598020239515773,0.6835983352921563,1.0710764461093478,0.00015007995936924112,1.052091331249139,0.00016974876027364694,0.704982946645145,0.8367749956761225,1.0258091669234017,0.0004190796360996677,0.9727955929567937,0.0005517152793244051,1.691289375141097,0.7102724632916466,100371.36418030754,0.19305302493676713,100346.94297265304,0.0003413971296993834,580006.9163083173,0.7701368640387178
54.70_82.80,9.042423133909324,3.933407738095238,0.0025066724737132814,3.616313670170508,0.007528916135675634,4.43406995209904,0.16846974206905377,0.6952113206424411,-1.1547291145726122e-5,0.6966720529723754,0.00016379495263063593,0.00432513366017048,0.8396239461596109,277.839849562872,0.0019894994107772747,277.5881778874087,0.0009909297390617855,21.221915614048594,0.618502326206678,1.0303417765904987,0.00015079339849107106,1.0112664116813783,0.00018050525414170515,0.6692904473261883,0.8317569765634061,1.0461387180146717,0.00047302163853506126,0.9863014807399865,0.0007257806213838425,1.6379342488072555,0.6700215308630553,100386.43957713294,0.2194278568719664,100358.68195323864,0.00044049863226180985,580736.03418873,0.7399470484769773
24.10_82.80,0.4999999701976776,1.2210053943452381,-9.38349111553034e-5,1.232875510606384,0.0004955263796940779,0.09440650733682873,0.7247967076655826,0.7093169206664676,1.325836878809053e-5,0.7076397370147741,0.00025378546541532376,0.0036800461066910633,0.8011047630315665,299.10248480902777,0.0012770798276871805,298.94093421082533,0.0006283184671865838,13.791010255727056,0.6917677170085956,0.5602335021609351,-0.0007828003676194355,0.6592577486647937,0.009520501082349253,0.34196530913979034,0.1211025731401108,-0.15134779612223306,0.0003524762403705199,-0.19593604052910382,0.003116009277354781,0.2118364885604698,0.37670192706094413,97483.98719618056,0.2611461708923763,97450.95220556267,0.00102446690935043,353678.9441574861,0.6126185528312951
44.90_82.90,0.9576297825396978,0.8618977864583333,-0.0003481886817261371,0.9059436546966896,0.0034715615459974813,0.18554285987914818,0.35070244954999863,0.7097638760294233,2.490100140614554e-6,0.7094488783616355,6.968497903825366e-6,0.004727529719662157,0.9667068352004671,282.9615071614583,0.002421840040201513,282.6551443963728,0.00047297065258400384,65.88651432126642,0.7308871549000611,0.5712159550379193,0.00022381664787308336,0.5429031490819742,0.0002790260116871668,0.9538495922670684,0.7916632437384734,0.13485477084205263,-0.0003811577671482477,0.18307122838630596,0.008055532404078747,0.09581976805139691,0.1541964844213842,98901.86021205357,-0.10448634890608838,98915.07773519019,6.293352238984085e-5,921673.0389341334,0.900177819025216
31.60_83.00,45.04263503812217,8.539725167410714,0.007474496819680623,7.5942013197211145,0.0032990309994198608,89.97406503200257,0.36300000652892195,0.6645539308351184,3.304759696487495e-5,0.6603734098190617,0.005325086529741618,0.0010896647895856774,0.24731655440768957,276.8503650483631,0.00034229736252149316,276.8070644320041,0.00019884144973136841,3.130689528765974,0.8235507783100545,1.7194635678851415,0.00023575087149993898,1.6896410826403994,0.000689670616934146,0.42815863398103043,0.6778671785354191,1.5079229597061399,0.0013465752094598128,1.3375811957094736,0.018617584596023473,0.5174611026861063,0.029422968178773767,56066.76832217262,0.13161980700386855,56050.11841658663,0.0012925003159659498,71211.74979779715,0.5694860166816814
47.80_83.20,25.059466565868206,8.09541248139881,0.0005560039597632425,8.02507798048876,5.1585983325108664e-5,31.83932643555482,0.9095821035110733,0.7101785578424968,3.062761700161406e-5,0.7063041642917927,0.0011469268521671072,0.004345407508360508,0.5921101272059419,279.05361986917165,0.0011412395176844858,278.90925307018455,0.0004365805398511835,15.849991931130806,0.741064992080203,1.0372416556827606,-0.0002009961644481186,1.0626676704854476,0.0003528048032096498,0.6083883185656604,0.7664365261298418,-0.04851615239703466,-0.000153424228137061,-0.029107987537696448,0.0008797800826962909,0.14215219963494521,0.6389342605880151,96007.98322792658,0.17936863207343784,95985.29309596929,0.0003299222636797827,518109.05752321956,0.7739272685239998
30.90_85.50,14.991610694351039,3.5883672805059526,-0.0032221909492886713,3.9959744355909694,0.005657354123441705,9.75054741272142,0.2330111653129216,0.6827645386968341,1.6478865273696356e-5,0.6806799622397115,0.0004688521320040939,0.003077219861627352,0.7320166474160238,277.53086247519843,0.001282453413805722,277.368632118352,0.0009082143551459865,9.621319789591862,0.6335629898183095,2.0119808514912925,0.0005710436422225261,1.939743830750143,0.0017409802631999094,0.995140885034613,0.5090574189381476,0.9955512304154653,0.001075920352708107,0.8594473057978897,0.01747783304675754,0.3518944969828623,0.034958818819741964,57556.02229042659,0.3662004004966395,57509.69793976376,0.013498898222267797,52781.18335424597,0.06437579212285029
30.30_86.40,14.991610694351039,3.2483375186011907,-0.0016200091614297569,3.453268677522055,0.002078334013546179,6.709025024621408,0.47055788530614034,0.6768768562210931,1.3414748254315342e-5,0.6751798905669222,0.00030746799642533684,0.0031096030386330107,0.7815561964250703,277.29306950644843,0.0010959105946344492,277.1544368162272,0.0008638604222315216,7.3866324498547415,0.6419878046344641,1.759518131377205,0.00015110553954899233,1.7404032806242575,0.00020315341604815185,0.5971404049663889,0.8216793039527899,1.0481170321267748,0.001101090638708375,0.9088290663301654,0.03352128510230412,0.1921610206686018,0.0032331660157989116,55680.99451264881,0.5566267245623191,55610.58123199167,0.02444681574426899,67335.73795009866,0.012315591410519336
30.90_86.50,14.991610694351039,2.9615962921626986,0.002341487792009077,2.6653980864735503,0.002641703087297387,11.026548899758708,0.41579312038197314,0.6884993305281987,2.9727219345476537e-5,0.6847388372809959,0.0014642458478992815,0.0032065232257429523,0.5448643764038021,277.852292984251,0.000936344268898901,277.73384543423526,0.0005148914356523093,9.046805659609516,0.7196907855405061,1.61282255536034,0.0007199867367744889,1.521744233158367,0.0035851396180102135,0.7682149152222194,0.34291319312752644,0.5790744509015765,0.000758366164698242,0.4831411310672489,0.02492530351014932,0.12259062440688297,0.011472534708485345,58410.67308407738,0.38473645766079295,58362.00392218329,0.015697030959379354,50101.29888270752,0.04585700941433546
31.20_86.70,14.991610694351039,3.1201055617559526,0.0028361348888513325,2.761334498316259,0.004396164145251125,9.721195581764,0.29341313370279654,0.6830143710923573,3.5413675957145985e-5,0.6785345410837783,0.0019009954018779363,0.003505102863809203,0.4901695729071079,277.77045162140377,0.0006279408484193287,277.6910171040787,0.0002371754490297917,8.832986268543813,0.8075931498433753,1.5239728064764113,0.0008118471955487467,1.421274136239495,0.005717111255902574,0.6125079948301947,0.2305449496290592,0.6329152092101082,0.0008347634666887552,0.5273176306739807,0.025074225308622466,0.1476519407960591,0.011222260266576134,57273.304036458336,0.33768093797405885,57230.587397804615,0.009884686059770664,61290.05715097374,0.11414730392735666
42.00_86.90,0.9576297825396978,0.9327760726686506,0.00045171479466568057,0.875634151143442,0.005283860876530544,0.20517151794344374,0.24916452322388416,0.7109144008348859,1.7798387818091393e-5,0.7086629047758973,0.0003585408691823,0.0046942096309547125,0.7646004565623992,282.9950919983879,0.0012153031762349247,282.8413561465942,0.00011709807083748469,67.01304335217016,0.864138849145819,-0.3621762820652553,-4.5989661193304314e-5,-0.3563585899243023,5.000206390726181e-5,0.22473582333181083,0.910975246387759,0.13129341791546534,-7.888329583999296e-5,0.14127215483922445,2.642008219799763e-5,1.2513412085800766,0.9352253618310381,89495.80068824405,0.12146285634330736,89480.43563691662,0.0002338776005202936,335149.1838211033,0.8089097626690613
47.20_87.20,7.974620238445823,2.8326241629464284,0.001090002798775723,2.6947388089012994,0.0018684880284719485,3.378350634431052,0.49391034070133505,0.7126268971534002,1.2885621676336653e-5,0.7109968660113436,0.00018479991644160254,0.004773630480496088,0.829797204902383,279.2937244233631,0.0017012240540004485,279.07851958053203,0.0006079254985255078,25.293707130371878,0.6965613633448966,1.2082544129992288,0.0007701424041014179,1.1108313988803995,0.002156141927944444,1.4615192627652809,0.4623497563539059,-1.1680384893265983,-5.526785676343658e-5,-1.1610471054460236,8.844831517751395e-6,1.8348285875143344,0.9624943463831328,96667.79671999007,0.14193845442153838,96649.84150550576,0.0001490909493898629,717940.8738879688,0.8468995426744541
67.70_87.50,11.025485654056865,5.478306361607143,-0.0019074788098218914,5.719602431049612,0.0025914948632542734,7.459486077709782,0.4202710939825889,0.6689237573790172,3.963790389266092e-5,0.6639095625365956,0.0035449429206324545,0.0023547886281775105,0.3456430556220266,275.72048998635915,0.001393648127703753,275.5441934982046,0.0008927793821451591,11.558512184709313,0.6364657236040931,-0.16015379012577116,-0.0005243305457845271,-0.09382597608402848,0.0014477060404172182,1.0089502389182647,0.5471480251465359,1.769920727563283,0.0023506291898726245,1.472566135044396,0.00596956989540276,4.917733887184719,0.2204630034651731,100475.42370411706,-0.36724483875621183,100521.88017621971,0.0016241292927081652,441195.03705227585,0.5236528774718262
31.90_87.50,14.991610694351039,3.3644787016369047,0.0004385232192582949,3.3090055144007304,0.00010389215275230512,9.834272947376533,0.8719595869984509,0.6967434968267169,2.4558166858932386e-5,0.6936368887190619,0.0009082747340215525,0.0035278854419768285,0.6335516943272259,277.89471338665675,0.0010416562680672003,277.7629438687462,0.0005783959398200089,9.966976706664884,0.7036694811292754,2.045404865628197,0.0005827911304364312,1.9716817876279886,0.0007485375920854853,2.4107493994900695,0.6651947074887911,0.14403910863967168,0.0002648889102959376,0.11053066148723556,0.004036867791245458,0.09234701096454791,0.31411175754520043,58792.37149677579,0.32828393160840535,58750.843579427325,0.009695826223279358,59054.669702009676,0.11769804272228242
31.70_88.00,15.449240506693059,3.5622713603670637,-0.00032618612401045117,3.6035339050543858,5.4155450612269895e-5,10.438271925977531,0.9073674182538929,0.6881429893629891,2.657307857945103e-5,0.6847814949226886,0.0010187686010572072,0.0036825445387485937,0.613609683869206,277.8600822327629,0.0016651033836960645,277.64944665472535,0.0015312276891497056,9.620163402547274,0.5357924064209282,1.7821515174139113,0.0005560956554898027,1.7118054169944512,0.000990079138002864,1.6594681086989802,0.6186531600245198,0.5994776317051479,0.0004458640849783485,0.5430758249553869,0.004503167991071533,0.23454525354453282,0.28758673909100796,57826.002449156746,0.27519570105611807,57791.19019297315,0.005922621390290095,67937.43341130936,0.22229763085745538
68.20_88.10,11.025485654056865,5.519860646081349,0.00019012923754352108,5.495809297532094,6.496560065971657e-5,2.95633857973777,0.898587495851112,0.6641455765754457,1.2587133929168974e-5,0.6625533041334059,0.0003435537846581127,0.002450184482715034,0.7694322172895081,275.7370101686508,0.0025133070730910343,275.4190768239048,0.0035579652246281457,9.432552342222467,0.34475549391983173,-0.21968535014561244,-0.0004231719449628942,-0.16615409910780632,0.0009060604707915587,1.0500654455476865,0.6339662328832643,0.8908633428906637,0.002298300434945973,0.6001283378699982,0.010909838110573777,2.572379904474262,0.09679674235564503,100509.72529141865,-0.31925385520312893,100550.11090410185,0.001201145376082069,450833.87708500214,0.5834768026322055
37.10_88.40,5.9915577182982815,1.8379797557043651,-0.0017790484173085559,2.0630293804938975,0.016213061901079295,1.037170869518727,0.04237746680661881,0.6719921363724602,1.5656760329759274e-5,0.6700115561907457,0.0004228210925170117,0.0030802571826353984,0.7450355889481654,276.3214595734127,0.001942482546053318,276.075735531337,0.0027691282946157303,7.23954028415475,0.40473797448706106,1.5215217121063718,-0.0006785798552472224,1.6073620637951453,0.0016777072046670893,1.4582284661923541,0.516871356260844,-0.36519754500616164,0.00014299920023208982,-0.383286943835521,0.0003680484057686506,0.29519030659745027,0.7615920543997862,60258.490544394845,0.46047566158291736,60200.24037320461,0.00873694902652944,128941.69503075423,0.13769875635329334
31.10_88.40,16.05941358981545,3.2649584573412698,0.000747586804344827,3.170388726591649,0.00023315526322353897,12.735554138894766,0.8091994528917121,0.6876195584024701,3.267185773850796e-5,0.6834865683985488,0.001763523639933151,0.0032159270520565717,0.506322432692523,277.7979271298363,0.0010846228050694828,277.660722344995,0.0007480144221270191,8.355785980133694,0.6653046910224365,1.7293570760696653,0.0008765294134117199,1.6184761052730827,0.003411035603854029,1.1967034737490982,0.35495110476929603,0.8140520519680448,0.0010443340576075948,0.681943793680684,0.024413990821508857,0.237344909565746,0.012375677049878223,57345.22863963294,0.5575269444994349,57274.70148115376,0.02345790141501858,70401.57599647468,0.014262578920572764
31.70_88.70,16.05941358981545,4.745876736111111,0.0003564317686903434,4.700788117371783,6.86202910971101e-5,9.836488106547334,0.8957896501640741,0.6884349045299348,1.7222016722951493e-5,0.6862563194144815,0.00040520519624931417,0.0038889541516176442,0.7502246536361561,277.3955891927083,0.001728440923511864,277.1769414158841,0.0016912171845919755,9.385329268843055,0.515185559611656,1.9042373309059748,0.00061368229380854,1.8266065207391944,0.0008907429897162533,2.246335336391137,0.63685097520582,0.35445926302955266,0.00043492889581077637,0.29944075770948947,0.0031647587444497693,0.31756726733721924,0.3729831966829378,57822.514353918654,0.3119959872068286,57783.04686153699,0.007234359931695522,71488.75274483836,0.17710281427487692
37.60_89.40,5.9915577182982815,1.6945258246527777,0.0004641586961255297,1.6358097495928983,0.0010167783126268093,1.1257618431920444,0.6139566810790202,0.6827880626633054,2.393149333982298e-5,0.6797607287558177,0.000834968611615361,0.0036442592571034713,0.6476178966643917,276.9640822637649,0.001338194849941004,276.79480061524737,0.0008862202409295472,10.735860489855863,0.6377085303337662,0.6909378672403003,-0.0007856017649615553,0.790316490507937,0.00882550286086703,0.371539726280829,0.1357028814314089,-0.8489176280914791,0.00016794851599370006,-0.8701631153646822,0.0004417333370477783,0.3392594715248798,0.7395958949815766,63605.07387772817,0.20147589929197204,63579.587176467736,0.002196422316328883,98190.65885773796,0.4581892990751802
33.40_89.90,16.05941358981545,3.6986452132936507,0.001435033088987922,3.5171135275366785,0.0015269291477831848,7.165471297637838,0.5363663211850302,0.6791339762627132,4.183523448602335e-5,0.6738418191002312,0.0033546739528714786,0.002771876741365764,0.35897057277529054,276.73768252418154,0.0008923340273973746,276.62480226971576,0.0008100439282812122,5.222592651708329,0.6525701456557945,1.5467999549139113,0.00042033717953572376,1.4936273017026422,0.00030895608581027467,3.038356104453709,0.7810415032296383,0.3487355217101082,0.0008073587633207849,0.2466046381500289,0.003998687242428023,0.8660750070338297,0.3164204292095352,55377.927052331346,0.3514624391104882,55333.46705378387,0.005586663028060435,117474.92502446985,0.23596952422024764
68.30_90.00,209.94191075190793,9.185748387896826,-0.002433415805065077,9.493575487237559,0.000551599984854545,57.0358895429856,0.7103013866647703,0.6419548467984275,-1.4506006207984326e-6,0.6421383477769586,1.2182379795833143e-5,0.0009177056363439927,0.9559892901690746,276.1985134548611,0.0019770626492008627,275.9484150297372,0.011541217905730927,1.7994054766976235,0.0875424690136888,-0.9571973634144616,-0.0001388213271888365,-0.9396364655250737,0.00010759376046542979,0.9516234020107259,0.8697183411563023,0.9609859557378859,0.0005520317717154019,0.8911539366158876,0.0032996918311748447,0.4906757354477106,0.3629517890826315,100712.0070374504,-0.48650542112089923,100773.5499732222,0.002547313795988493,493665.45304974436,0.4242708932090329
30.60_90.40,17.4323030268406,4.648100353422619,-0.002200964267693952,4.926522333285903,0.002008996212673808,12.811107684755841,0.47807115402113587,0.6915690719135223,5.2270176988747056e-5,0.6849568945244459,0.004077826248581662,0.003559746241317079,0.3116593303572799,277.48015679253473,0.0014348754623305202,277.2986450465499,0.0013651479211934658,8.012877834402603,0.5588187989939984,1.5047380129496257,0.0005505144635298057,1.4350979333131053,0.0011576353830717867,1.3909306928231358,0.5903844585290186,1.7060256382775685,0.0012060908629666213,1.5534551441122908,0.021582974291640467,0.3580870186078813,0.01885656674122356,57059.59371899802,0.5317853784841811,56992.32286861977,0.01997011998300735,75237.07898155815,0.024005112074576486
47.90_92.10,2.0254326780041083,0.8637191530257936,0.0007203399107081931,0.7725961543212072,0.012944768838924814,0.21297100085894932,0.07018735116548663,0.6914872678499373,-1.0037291614849422e-5,0.6927569852392158,0.0001604849935469277,0.0033353273958410482,0.8412311301636992,280.27382502480157,0.003491317687911067,279.83217333728084,0.0011792265338261831,54.91883432130876,0.5869360635282593,0.32991007396153044,1.0714011540473388e-5,0.3285547515016606,5.014897190958045e-6,0.12161355991516926,0.9717543592330096,0.42773245251367964,-0.00022704228473150026,0.4564533015322144,0.0013065129226795813,0.20962332391128594,0.5673980624958803,88252.43560887896,0.30891856709713,88213.35741014118,0.00204209538448219,248285.76202811653,0.47446064393716625
50.10_92.40,9.957682758592455,2.976895771329365,0.0010320485479969827,2.8463416300077466,0.0018785762228480385,3.0123903595623975,0.4927443740463279,0.6999444214124528,2.1501195444048132e-5,0.6972245201887808,0.0005711425804623138,0.004300515233086951,0.7054470608238357,278.77713061135915,0.001615367504900406,278.5727866219893,0.0006819829722763959,20.328670148815416,0.6795683891730815,0.4617150094774034,-0.0005981957521902241,0.5373867721294667,0.019562191074545376,0.09718717734031145,0.025521827545669645,-1.1773642736767966,-7.02588658707115e-5,-1.1684765271441517,0.0001414025928265783,0.18547471527884368,0.8508523696370252,91937.89195808531,0.21257853666737164,91911.0007731969,0.0005491760611059382,437186.80361845164,0.710910261752796
49.10_93.20,2.0254326780041083,0.9272228422619034,-0.0001877935802901728,0.9509787301686103,0.000326638050899164,0.57363352398338,0.7750252050436939,0.6580720032964434,-4.353184928758081e-5,0.6635787822313224,0.018753387880905747,0.0005368763996869528,0.0288264224131079,279.70839533730157,0.0031787475046876302,279.3062837779586,0.0008340756809989136,64.36450323333763,0.6477937624493686,-0.14033577177259657,-0.0007343958024737504,-0.047434702759667144,0.016484193937525093,0.17383309892214066,0.04066023772419791,-0.5232340343414791,-0.00029976730667459543,-0.48531347004714276,0.0005474954797439757,0.8720227391101527,0.7113333101360112,88378.16973586309,0.6728057625277168,88293.05980690333,0.008806703927563109,273090.01723966125,0.13612388793410637
48.10_93.20,4.00849519815074,1.248368520585317,0.0009613464930275153,1.1267581892173364,0.010518207420069703,0.46682916186320766,0.10306234490024477,0.7036137060513572,1.4799468003550446e-5,0.7017415733489081,0.00025397522880510337,0.004581847854476245,0.8010319586498382,278.60336255270335,0.00033504269172838114,278.5609796521997,2.2324587502509097e-5,26.7150918152552,0.9404471158124189,0.5852172261192685,-0.0009428348134048984,0.7044858300149881,0.009404214988005144,0.5022136207844405,0.12342008789063685,-0.6917898844158838,-0.0006356378587337221,-0.611381695286068,0.0089563952684798,0.23967684325034225,0.13281114056213522,88954.95941840278,0.1060995026809757,88941.53783131363,0.00019527445015243838,306281.7280894664,0.8251150758820611
47.70_93.40,4.00849519815074,1.522216796875,0.0015601198191658382,1.3248616397505215,0.022102793968357237,0.5850709681491932,0.017449476643725335,0.7018354213426984,5.865880509369861e-6,0.7010933874582631,4.285726395969469e-5,0.0042656164046098646,0.9175564686617939,278.4740513392857,0.0011909827194375136,278.32339202527686,0.00026961874811815,27.95121226496634,0.7951267184891608,0.5754516011192685,-0.0002782233405826547,0.6106468537029743,0.0021800938881678666,0.18864779796162318,0.4598686802894487,-0.024731817699614026,-0.0007366800245331631,0.06845820540383112,0.003234253304664758,0.8915045686422863,0.36776957289791457,88088.24513268849,-0.04220395204894707,88093.58393262269,3.621726266289649e-5,261294.60025259957,0.924191004797134
34.90_97.30,16.97467321449858,4.397984095982143,-0.001409612540919514,4.576300082408462,0.0017335349015029644,6.089851967095649,0.5099662695548803,0.6795329754314725,3.0150526328919925e-5,0.6757189338508641,0.0015230373863889257,0.0031711665184234357,0.5368868863818624,276.7678590804812,0.0016333631234168352,276.5612386453689,0.002356581175652739,6.014823726512957,0.44221156160470104,0.8562016941252208,0.00010738125953278825,0.8426179647943232,3.480297666780263e-5,1.7602745622751124,0.9256815949047641,-0.24246844034346324,0.0006964624599356061,-0.3305709415253174,0.005482356511758213,0.47007587920556226,0.2404174410346145,60030.06197296627,0.3830117547408709,59981.61098599155,0.006961005781113805,111967.51176382195,0.18556899663623364
38.30_97.50,18.04247610996299,3.6359359499007935,0.0029658716969595735,3.2607531802354073,0.005429226644552032,8.608085328665824,0.24272182447922008,0.6714431227199615,1.4790065440707819e-5,0.669572179441712,0.0005138414569439975,0.002261782641665402,0.7199648304819765,276.524171859499,0.0010809481450609194,276.3874319191488,0.0015290962402603192,4.059894205085814,0.536076845318774,1.5539284736391097,-0.00023432184499808155,1.583570187031367,0.00037617979510695676,0.7754787592956217,0.7590525573818293,-0.39039634522937594,0.00021638566829968397,-0.41776913226928597,0.0024010523372022252,0.10360844970076824,0.4379271577167539,61429.03022693453,0.4437610406763685,61372.894455288966,0.007534250232461681,138866.7010508208,0.16831787822023436
34.90_97.70,16.97467321449858,4.615889291914683,-0.0021541097895496878,4.888384180292718,0.0032810365909121675,7.513882700333835,0.3643163523031202,0.6852295900148059,8.326025177490323e-6,0.6841763478298534,0.00012095823037472364,0.00304494765471494,0.861939520365771,276.70696730840774,0.0016926344080786771,276.49284905578577,0.002524718020646022,6.02911081179069,0.42633848559994336,0.8445042579893082,-4.574232830811305e-5,0.8502906625202845,5.408786427407719e-6,2.0553061233166066,0.9706665401946806,-0.4952159911867172,0.0007707743667409086,-0.5927189485794422,0.006460258430844856,0.4885898612040945,0.20231740585244393,59937.74848090278,0.397011468290212,59887.52653016407,0.007285051888410776,114951.13689795803,0.17558184645813396
2.80_98.60,184.00955471921316,3.5049874441964284,-0.00010882830022372392,3.5187542241747294,0.0006385404048078192,0.09854512046397104,0.6893986779460506,0.7999958471646385,2.425729629008903e-9,0.7999955403098404,0.0036450442433734187,8.576731166026629e-12,0.33889821534844994,297.2162349640377,0.00018670392423342577,297.19261691762216,0.00790401113079986,0.023431450028667665,0.15815848514506858,0.22805305511232407,-0.0005733969232025797,0.3005877658974504,0.006830899889919251,0.25572466112998554,0.18976121706919485,0.017737025306338354,-0.00010990993392345805,0.031640631947655797,0.0009090756020951885,0.07060146407665574,0.6334019139189209,90179.93957713294,-0.530676187706355,90247.0701148778,0.057949229109909184,25819.70964316234,8.798473338765908e-5
2.40_99.00,184.00955471921316,3.681760757688492,-0.00037436898662174213,3.7291184344961423,0.003998841492917182,0.18621100918328307,0.31641105785875007,0.7999938187145051,1.2500517074019938e-9,0.7999936605829642,0.0005900026975762529,1.407154466305935e-11,0.7008513303561643,297.96241784474205,0.0002495107327137901,297.9308547370538,0.011482980934438114,0.028804718494445446,0.08835494969459887,0.2930545277065701,-0.0007093675818464722,0.38278952681014883,0.008287525059061163,0.32259500302364275,0.14834416844512396,0.07335070958213201,-0.0002249590864335007,0.10180803401596986,0.0016206621266137144,0.16590306596164286,0.5240971161280854,91203.04671999007,0.26851702626253876,91169.07931616786,0.08692935738053964,4406.735706320419,1.0680598007851308e-6
45.60_99.20,4.00849519815074,1.6696816096230158,-0.0015410651179396852,1.864626347042386,0.016925069919147107,0.7455063122526365,0.038020274198500646,0.6999519599808587,-8.282350602047263e-6,0.7009996773320176,8.370183132400122e-5,0.004354237135152995,0.8849774286167436,278.34402708023316,0.002925047857283926,277.97400852628675,0.0016182211518952494,28.091044934482852,0.5244102713402032,1.8534657690260146,-0.0006391517712464099,1.9343184680886853,0.002684505770348844,0.8085064104697581,0.41203091752112503,-0.316237661573622,-4.347185395695106e-5,-0.3107384720480677,0.00016160741574511306,0.06212907024769558,0.8406842117126774,86109.87608506944,0.48086207482792337,86049.0470326037,0.006486991627457361,189381.49059672904,0.201380132104973
72.30_99.80,0.6525432409789573,0.4149305555555505,0.0005827265296521458,0.341215649554554,0.003478868816694458,0.5185986054898826,0.3501941776429307,0.6519854116061378,-6.7880496610337785e-6,0.6528440998882585,0.0038020811869843296,6.43885213020848e-5,0.32866569084708375,275.12860010540675,0.003484709817327716,274.6877843135148,0.004375087408385103,14.746410509919276,0.2945783356859245,-0.03657988139561245,0.0021951199741759094,-0.314262558128865,0.0074529926583957185,3.43499133314113,0.17064826102842237,0.08095007094125899,0.0010945210305772816,-0.05750683942676714,0.005577197533704559,1.1412269282288414,0.2363690562542789,100757.65386284722,-0.6024740705210403,100833.86683276814,0.004771215969810116,404191.7652066228,0.2736172026962784
36.70_99.80,18.04247610996299,5.321533203125,0.0015913441770983073,5.120228164722064,0.001591908190831659,8.45181606965236,0.5278071564152185,0.7051889035436842,2.4221691270404746e-5,0.702124859597978,0.0008913999136550554,0.0034968431844236776,0.6367266374363487,277.56922743055554,0.0010042875827529331,277.4421850513373,0.0006130564658156645,8.74088737979406,0.6953466418412766,0.765102363768078,-0.00099141824178436,0.8905167713537996,0.0035559180511491872,1.4685944519338634,0.3448948202927379,-0.21843221452501085,0.00012289017621850743,-0.23397782181665205,0.0013198230295222713,0.06079368204979433,0.5654284635950669,65880.5267702133,0.48808057606999067,65818.78457734044,0.014275773006078185,88659.08222271847,0.057067240244032647
50.80_100.40,137.94148694348314,12.377828931051587,0.0010893763197726697,12.240022826600343,8.994438358500556e-5,70.10058259134733,0.8807958659852508,0.6515321589651561,-2.6698218195111682e-5,0.6549094835668378,0.0024711544462397983,0.0015325141126987926,0.43130044582750615,276.7078159877232,0.0005434485662774274,276.6390697440891,0.0003802997405157882,4.126013850412656,0.7577773086493268,2.27908232098534,-0.001443899933160677,2.4617356625301654,0.008195316698693667,1.3516002624995904,0.150639939081863,-0.8852693921043759,0.00041183723126015124,-0.9373668018587851,0.0027302944958250697,0.3300513651253243,0.4080612001787362,83074.36418030754,0.45364888729947517,83016.97759606416,0.018937691728102335,57736.76852445265,0.02803664486525994
74.50_100.80,1.2627163241004382,0.3905707465277732,0.000635226275633401,0.310214622660148,0.004690384493679756,0.45707585316625027,0.2777386573085721,0.6507039458032639,-3.3916420088412233e-6,0.6511329885173822,0.006130227701123703,9.96972596727827e-6,0.2143188987462667,274.3410160125248,0.003284800953289703,273.92548869193365,0.008406879514499588,6.819037971287459,0.1454303524201837,-0.4655213961525569,0.0009547060109693527,-0.58629170654018,0.0028901744433607046,1.675541054145676,0.39462678151395436,-0.3962789717174712,0.0010978134322111,-0.5351523708921753,0.006556577094547933,0.9766067558235331,0.19896405156412306,101208.04275173611,-0.7446735766561087,101302.2439591831,0.0067921946298694635,433772.0668645743,0.19102935891206146
74.30_101.40,0.9576297825396978,0.4262462797618998,0.0006835314316327788,0.3397795536603533,0.004888796377596538,0.5077557463366441,0.2677566931103501,0.6502997392699832,-1.520257392255981e-7,0.6503189705259952,6.796540970921416e-5,1.8067003318411277e-6,0.8962853208033785,274.4933384486607,0.003097113738955339,274.1015535606829,0.006574079900924512,7.75209608909822,0.19836165194847077,-0.30847503268529497,0.0013427035704795705,-0.47832703435096063,0.0042458167325448715,2.2559987736498175,0.301855205621278,0.03262185293530661,0.0010797876064955168,-0.10397127928637626,0.005020573166534814,1.2338523489943363,0.26137177016408125,100818.94751364087,-0.76382677751726,100915.5716009968,0.007460107809343031,415512.86131474975,0.1704427488289653
55.90_101.70,33.44934645879948,7.812251984126984,0.006454593762630634,6.995745873154209,0.00823224155960589,26.888064318904014,0.14971586107816895,0.6596284603315686,9.506431555555667e-6,0.6584258967397908,0.00030455455593247915,0.001576557324980028,0.7825677775559161,277.28151351686506,0.0010191711274607949,277.15258836924124,0.0005581615657462846,9.88721803374801,0.7086607479969957,1.1410111094278002,0.00015188049151273548,1.121798227251439,0.00018152807894977752,0.6751495648435014,0.8312880424530873,0.3165477116902669,0.0004845174000893518,0.2552562605789639,0.002191292327413441,0.5691913009884094,0.4587158783741122,96934.44751364087,0.3670279327588948,96888.01848014687,0.0016706743574990135,428396.8258005566,0.5177527333439923
55.60_101.90,35.737495520507764,8.880196707589286,-0.0012657091056299924,9.04030890945148,0.00022967954870412033,37.05828344095955,0.8106000534369626,0.6551989912986755,2.645513605783113e-5,0.6518524165873599,0.0029760076176023054,0.0012494698364544563,0.3876747977027673,277.4556865389385,0.0015880748427802057,277.2547950713268,0.0011871498865433372,11.28693938088705,0.585680824251447,0.8625241612631177,2.9328969176520516e-5,0.8588140466622879,1.3666322323913072e-5,0.3344119241379332,0.9533886570588272,0.2099415763976082,0.0004508217271182398,0.15291262791715085,0.0026171378041303095,0.4125939942417815,0.4179751954827564,96801.07052951389,0.44201914052335733,96745.15510823768,0.0023990517478267304,432695.473130137,0.4381185341510949
56.20_102.40,47.48332737061082,7.688089037698413,0.004610871548860084,7.104813786767612,0.0017602423008331591,64.17020250722216,0.506718962347411,0.6443662501516796,1.829001284484802e-5,0.6420525635268063,0.0013828298926743532,0.0012852839305154096,0.5562800160398709,277.4615032862103,0.0013661976558522171,277.288679282745,0.00153745947788686,6.450051904342843,0.5349623464750054,0.8589628083365304,-5.479244093118832e-6,0.85965593271431,4.6483487947668323e-7,0.3431487363806129,0.9913989571870809,0.2252914337884812,0.0003241554350354888,0.18428577125649187,0.0017399436951877068,0.32085679173252013,0.5091837853181438,96677.93560887896,0.42683200650719166,96623.9413600558,0.0023390413537234256,413824.1883540628,0.4439190231286991
24.90_102.70,4.00849519815074,1.6452055431547619,-0.0018241970125333407,1.8759664652402295,0.026221956827714776,0.6742457198228222,0.009469752061672049,0.7697320069585528,0.00014404772901555448,0.7515099692380852,0.04314888752980861,0.002554953758516768,0.0007861423655559344,288.2507731119792,-0.005277646406363534,288.9183953823842,0.0281865494688035,5.250231844258023,0.007086080681988701,0.7803475894625225,-0.0002219614252522577,0.8084257097569331,0.0001773235120853256,1.4761432371737804,0.8332246484180393,1.3739226961892748,6.932530608769998e-5,1.3651530449691807,0.00014664507980910457,0.17412290782773798,0.8481453414944137,81327.36021205357,0.3917556734055683,81277.80311936776,0.012791232495088178,63746.744767051685,0.07189389231416395
74.70_103.80,0.9576297825396978,0.5207984561011866,0.0028887298332784177,0.15537413219146673,0.08149734213281645,0.5440141848019776,2.4797248324083804e-6,0.6507466946329389,-1.0633019918007597e-6,0.6508812023349017,0.000552691162706842,1.0868523538037904e-5,0.7100277855362834,274.33006649925596,0.00355283309285913,273.8806331130093,0.009756825819135062,6.873546496194806,0.11653818436217386,-0.4532136084541442,0.0010386289331756906,-0.584600168500869,0.0036956250731198237,1.550860533681351,0.3355568138099081,-0.18060204339405847,0.000961032671408086,-0.30217267632718137,0.006581012821025967,0.7456300175996226,0.1981236255306269,100934.67370411706,-0.6688650096817698,101019.2851278418,0.00562990962263743,422197.19867142435,0.23415438621741397
12.60_103.80,13.618721257325888,5.281032986111111,0.003091853658676043,4.889913498288592,0.011981647320243871,4.238977818111236,0.08165056042632747,0.7212817791908507,-1.6992770970359046e-5,0.7234313647186011,0.00399701452340917,0.0003838243274558643,0.31652207693154566,299.70603337363593,0.003004752756044802,299.3259321499963,0.0408664154161974,1.1737909450187543,0.001099573416729768,0.329890697721451,-4.120868539997876e-5,0.33510359642454834,1.7725569073867575e-5,0.5089992583522582,0.9469245918479734,0.0024007312835208953,9.658043805137542e-5,-0.009816694129978095,0.00019742603806605086,0.25102312245033126,0.8241697278413107,100648.59830729167,0.19862569004520222,100623.47215750095,0.005144383922927043,40745.27765336359,0.25554244693192396
51.60_103.90,743.9959017546516,14.609878782242063,-0.004854576640970471,15.223982727324827,0.0018326887162084526,68.32094010484745,0.4980854196316108,0.6696134606997172,9.081923149418667e-6,0.6684645974213157,0.00038635448879609235,0.001134251856416245,0.7559168193372879,277.61821831597223,0.0015954992231103822,277.41638766424876,0.00170113708683306,7.95048636686174,0.5139538115589438,0.9627865155537924,5.551824469490611e-5,0.9557634575998867,0.00010124416063195252,0.16174888109574556,0.873588124770393,0.21310377877856057,-0.0003278400468286974,0.2545755447023908,0.00306221379790228,0.18647830502817142,0.3808659576583042,92897.16179935516,0.3237348899855124,92856.209335772,0.0021034649360122115,264718.04913934425,0.467881539879284
75.00_104.40,1.5678028656620882,0.5756680927579327,0.002842939014692231,0.21603630739936552,0.08058442219909034,0.5328731116507979,2.854641917569962e-6,0.6507300431766208,-8.08747698061304e-6,0.6517531090146683,0.014218276085299353,2.444100095816992e-5,0.057577050237484564,274.19647507440476,0.0036613974004696443,273.73330830324534,0.012186462469860548,5.844614864752655,0.07905607841207604,-0.30548140359303305,0.0004865200544378655,-0.36702619047942303,0.0012620883008590544,0.9964409526104621,0.5740694724864914,-0.2569618679228283,0.0007748495925176437,-0.35498034137631024,0.005679378069426311,0.5616604631740683,0.2320985700871961,100738.3324342758,-0.705739158109703,100827.60843777668,0.006323777500241157,418457.79757491744,0.20718252901416737
74.10_107.20,11.635658737179256,6.170572916666667,-0.001218340189730439,6.3246929506675675,0.0010779359084480689,7.316173865025743,0.6034828937578582,0.6471412607601711,-9.85447226777444e-6,0.6483878515020446,0.000837487401826098,0.0006160674685586217,0.6471224228675936,274.68313840835816,0.004348378860393641,274.13306848251835,0.02973381404458686,3.378655769296067,0.00564193476820283,-0.6176326312716045,0.002251016290859579,-0.9023861920653412,0.008319271036592912,3.2360246299370026,0.1475628390722716,-0.3807624786619156,0.001240655404829754,-0.5377053873728794,0.01208102826260904,0.676921423888446,0.08038051206754454,100478.14195808531,-0.7078852884387539,100567.68944707281,0.006786760277902482,392286.2446823211,0.19120819249457296
11.20_107.20,7.974620238445823,1.1659342447916667,-0.001340605384433469,1.3355208259225007,0.2995278395557057,0.03187898905628706,4.677077310723583e-25,0.7972597404131814,1.9932117382478133e-6,0.797007599128293,0.004991437474440308,4.2288380441554056e-6,0.2627671832976733,293.0458286830357,-0.03514587446784947,297.49178180321866,0.23915049808240474,27.44209308867164,7.681965500132487e-19,0.04818341845557803,0.00019596945480599584,0.02339328242261956,0.00030391728118028816,0.6713688534301283,0.7827897396432184,0.36963860950772726,-0.0002775769151023562,0.4047520892681753,0.001451194235483233,0.2820856287795493,0.5466649396823542,99997.94354538691,0.14174836216492956,99980.01237757305,0.005449543379209554,19589.159436498918,0.24183750163671858
53.30_107.40,743.9959017546516,10.424432663690476,-0.000966294249174953,10.546668886211108,5.7360460866462404e-5,86.4860323166128,0.9046782958202368,0.6478896983086117,2.8855209591270945e-5,0.6442395142953159,0.003613160269918647,0.001224337230857139,0.341027302092412,277.4822610522073,0.0015900903037225275,277.28111462878644,0.0019134379350101982,7.020515695665652,0.48875019273374615,1.1556033558315701,-0.00018057939315103746,1.1784466490651764,0.0003693983577258697,0.46900906196336356,0.7611683487224294,-1.0994504746936618,0.0002038278948527227,-1.1252347033925312,0.0017999718946289933,0.12263129941888867,0.5019532007484987,95098.01894221231,0.5076062181492362,95033.80675561643,0.003794078497784459,360817.3154757842,0.3291771857316
50.00_115.50,4.9237548228347805,1.6267051091269824,0.0032165570320356164,1.219810644574477,0.026917293442950352,2.042165519691684,0.008545322226808628,0.6953043871455722,2.52033422875234e-5,0.6921161643462005,0.0008384009325190789,0.0040253564018800266,0.646942943584192,277.75890144469247,0.0010048990496933773,277.63178171490625,0.00017832421058228132,30.086687613436702,0.8327615754952998,1.361266643281967,-0.00044259810320166894,1.417255303336978,0.001352090475864709,0.7697561351895127,0.5607077522585425,-1.221111948527987,-0.0010994514604931625,-1.082031338775602,0.012595656797104837,0.509883687943509,0.07413159451395998,94247.16179935516,0.30300171127554526,94208.83208287881,0.0014203394412497516,343429.6849087666,0.5509657421788817
50.10_115.80,4.9237548228347805,1.6792689732142838,0.002709129543842325,1.3365640859182297,0.019813170237784394,1.9680919712351133,0.024577427163783597,0.6920160575518532,9.006476664790002e-6,0.6908767382537573,0.00011603234737389556,0.0037142453978146416,0.8647525949408182,277.889888702877,0.001338564842362153,277.72056025031816,0.00028510309317719695,33.39002273518169,0.7894589242156246,1.1226288704645067,-0.00026528001343013164,1.1561867921634184,0.0005202719615634566,0.7186516979949428,0.7182913857872598,-1.090339766608344,-0.001234641125733481,-0.9341576642030587,0.015099175820443178,0.5363744126897761,0.05026298431312338,94080.55465649802,0.3314146921395914,94038.63069794235,0.0017626561330595925,331066.87879171694,0.5064272139871805
30.00_116.40,7.974620238445823,2.0266578311011907,0.0002757287508398551,1.991778144119949,0.00018069144767740575,2.23545702397993,0.8316715093435975,0.7794018709470355,-2.3420225052025795e-5,0.7823645294161168,0.0016755935855859994,0.0017392149296766354,0.5171359660163604,283.9591025700645,0.002373725464167703,283.65882629884726,0.004074464792974242,7.347341463132804,0.3118596653541424,-1.1266697096446203,-0.00020313739718328034,-1.1009728289009353,0.0008925658490767097,0.24562881715334745,0.6365060953230525,-1.1100512156410822,-0.0008137920471630463,-1.0071065216749568,0.002447032711664243,1.4378941726500591,0.43356343026229915,101201.82449776786,0.23154089540107967,101172.53457449962,0.0004140908874282756,687859.214381896,0.7475920104599855
48.70_117.10,4.9237548228347805,1.9671843998015857,0.002093587377621085,1.7023455965325183,0.01188565775967898,1.9592902510953114,0.08289759670209733,0.6813500731710403,9.909131279273366e-6,0.6800965680642123,0.0002402637809481023,0.002171314202159874,0.806368941146435,278.8525894407242,0.0012725026131826917,278.6916178601566,0.0001829744691482782,47.018274356471075,0.830627266502505,1.4817074139912922,-0.0004640384408652246,1.5404082767607432,0.0009219866155344425,1.2408609494728098,0.6309983433218009,-0.8898305590190585,-0.0010018109914662961,-0.763101468598572,0.010619342125782638,0.5021272464108765,0.10140343701090995,95033.34037078373,0.35945311252168066,94987.86955204974,0.0017182701019406998,399514.80665615207,0.5118383911118736
31.60_117.40,7.059360613761783,2.1534559461805554,0.00019930197394592557,2.1282442464763958,7.94417007854431e-5,2.6565285190220904,0.8879231731640613,0.7734120090802511,-2.6715052415473408e-5,0.7767914632108085,0.0016296477864331527,0.002326795022444897,0.5229471774876212,283.58306400359623,0.0024855851025949835,283.268637488118,0.003812231776166519,8.610290287179964,0.32801841742916604,-1.248600513216049,-0.0003643830601178401,-1.2025060561111423,0.0018093744075394769,0.3898771028833177,0.5008364535756901,-0.18817815326509021,-0.00030912586312027896,-0.14907373158037493,0.0004283755369696163,1.1851841587545175,0.7434242521334987,101515.82052951389,0.1940379802782096,101491.2747250087,0.00026954978351578784,742120.3136275226,0.795152345377149
47.80_117.70,5.9915577182982815,2.717777312748015,0.0019019964777863916,2.4771747583080366,0.00696680616900669,2.758833588816854,0.1853845954375707,0.6975289006081838,1.1991245436318317e-5,0.6960120080604896,0.0001820172554893862,0.004197163028447855,0.831064257812947,277.9770740327381,0.0012915250933964123,277.8136961084234,0.00030490777412395254,29.065447615369454,0.7824448595984811,1.4425674090309748,-0.00026272777971254603,1.4758024731646118,0.00040701735109072157,0.9010292376257287,0.749685189833567,0.025470082722012958,-0.001098289307158449,0.16440368007755676,0.011411592266510673,0.5615999760870478,0.08936194744836905,94536.78481522818,0.23724516284101305,94506.77330212879,0.0007823660262734622,382229.8196458599,0.6581777914692974
31.60_117.70,7.059360613761783,2.0842168898809526,0.0001946932707247422,2.0595881911342726,8.129798478229144e-5,2.4772048270627725,0.8866299476817434,0.7736650809409127,-2.6273017540660738e-5,0.7769886176598063,0.001646742590840744,0.0022270707261262,0.5207717075524521,283.52955651661705,0.002602269288411946,283.2003694516329,0.004197298417957573,8.571847595775301,0.3046455805806623,-1.1252203668866838,-0.00037197257313672204,-1.0781658363848885,0.002173320671410961,0.3382500294532919,0.4605681525468655,-0.24803717174227274,-0.00032662388668337647,-0.20671925007682562,0.000638917295470276,0.8871377420973635,0.6893117505439982,101281.81656125993,0.22117168149817443,101253.83834355041,0.00036095399113122983,720024.0572015896,0.7638328141417283
34.10_118.20,0.9576297825396978,1.2526312934027777,-0.00031479746070770513,1.2924531721823023,0.0024217083192255018,0.21741045413158713,0.435958615343788,0.7138689444178626,7.139744414559263e-5,0.7048371677334452,0.006072432330335609,0.004460078091257266,0.2165056331841092,288.5602542937748,-0.00028922624279139697,288.5968414134879,6.79670954606415e-6,65.39077682990936,0.9671195373494542,-0.6936204319908506,-0.0002986699529310215,-0.6558386829450763,0.0016612965001148172,0.28528289486658215,0.5189320838692548,0.05345131102062407,-5.984177593710893e-5,0.06102129567666835,3.8998127200318145e-5,0.4878710092577531,0.9213434042103781,101391.49116443453,0.23106697703351847,101362.26119183979,0.0003825342403033227,741558.2428306012,0.7570888219212352
33.20_118.40,0.9576297825396978,1.4948769221230158,-0.00016955355807149718,1.5163254472190602,0.0011665867113108686,0.13092922782910016,0.5889498232519691,0.6892817673229036,4.522354683768516e-5,0.6835609886479365,0.004562770851406217,0.002381444138396048,0.28440459715500843,289.3531862289187,0.0005990453740046381,289.2774069891071,2.76608831086822e-5,68.92760873868404,0.933725147539523,-1.2824527422587078,-0.0003475503272318608,-1.2384876258638773,0.0010871396648605147,0.5903232358416236,0.6019394201240822,0.04929510752360026,-0.0001768749006727792,0.07166978245870682,0.0001327123627061777,1.252451314215319,0.8554566702690467,101391.92767237104,0.24649331984596903,101360.74626741052,0.0004409952388549909,732008.6673443515,0.7398057466400282
32.80_119.20,0.9576297825396978,1.3653932601686507,2.9410095243906784e-5,1.3616728831202964,2.7290611075647675e-5,0.16839120997609397,0.9341692211739574,0.7073647039277213,-2.8262027160011156e-5,0.7109398503634627,0.0011769631474460862,0.003605650021632583,0.5872956357803143,289.3522445436508,0.0024663314000022865,289.0402536215505,0.0005607941425590512,57.628751569361754,0.708005591125191,-0.8783108771793426,-0.0001974908478287504,-0.8533282849290057,0.0006178516049387683,0.33538959512488276,0.6942167058870881,-0.0942944572085426,-0.0003580741578507304,-0.0489980762404252,0.0008074288832637944,0.8436872643661358,0.653095005936458,101562.34037078373,0.2105220159030732,101535.70933577199,0.00032714076014406235,719780.7002069488,0.774856760110873
31.00_120.00,0.9576297825396978,1.9444986979166667,1.1596635292070939e-5,1.9430317235522199,6.785867057579331e-5,0.01052927495948822,0.8963663399510584,0.6510909256480989,2.391062863237725e-6,0.6507884561958993,0.0011442324136918813,2.6546517614893807e-5,0.5925459614075531,290.05132572234623,0.0021739793528572507,289.7763173342098,0.0003484269416237362,72.0674104739591,0.7678487921381358,-0.9575558238559299,-0.00010699264219935743,-0.9440212546177111,0.00015743106919141603,0.38632889882083615,0.8427293485235782,-0.20602754562620132,-0.0005659364858889448,-0.13443658016124982,0.001604760583280962,1.0603883677277177,0.5261431076341468,101498.49910094246,0.15902313658503575,101478.38267416444,0.0001966493502572053,683231.5780052792,0.8245103570084417
-1.90_120.60,65.94106313505836,3.0342029389880953,-0.00015842632434688128,3.054243869017976,0.0037659690695565073,0.035409334103492555,0.33098215298586986,0.7999994499342782,1.387357158100611e-9,0.7999992744335976,0.0007035433460326201,1.4535350726114868e-11,0.6748251372996201,297.85892159598217,-2.0266284523115892e-5,297.86148528097436,8.10684472427603e-5,0.026917593616209847,0.8867890388674662,-0.27193144389561247,-5.3096774395399254e-5,-0.26521470193459445,0.00016691502875965103,0.08973888139080236,0.8381243606945354,0.31854733966645743,0.0002666524615047107,0.28481580328611156,0.0013009943305520855,0.29037258179124514,0.568218587383544,93885.00306919643,0.28597814358507995,93848.82683403292,0.05188621657883297,8374.39606809752,0.00021658539824283567
-2.80_121.50,99.95821251912366,3.2041519407242065,-0.00031279756104979654,3.2437208321970057,0.0019626906810189526,0.2648589614068942,0.48319771539849776,0.7991139254872761,1.094776405843195e-6,0.7989754362719369,0.0021389037868003724,2.977141144366289e-6,0.4641485042307203,298.68598090277777,-4.672046802438301e-6,298.68657191669826,1.9904820307559135e-6,0.058263413354114606,0.9822027209160165,-0.23872444364759657,-3.1022451697484004e-5,-0.23480010350786484,2.5978435704732128e-5,0.19682445317286448,0.9357678733720369,0.061399444701179626,0.00012579958718184398,0.04548579692267636,0.002797712393076357,0.030053508607229815,0.40231689815983257,96764.84433903769,0.2062098836678507,96738.75878875371,0.01967183511360382,11484.547671999371,0.025104760128871466
-31.20_121.80,4.31358173971239,2.0880843874007935,-0.0011181980153918488,2.2295364363478622,0.007271881295309757,0.9135461027569601,0.1759755802753064,0.7437443212857322,7.064810536946531e-5,0.7348073359564948,0.006836139350490433,0.0038790908218621473,0.18959029863229818,289.1723148406498,-0.0022390826407690336,289.4555587947071,0.003365366241254497,7.9149418390318145,0.35820329457169864,-0.9851553402249775,0.00021811334559893172,-1.0127466784432424,8.846424316799606e-5,2.8571729396463508,0.8817735734180079,0.36257403237479074,-9.905529728696252e-5,0.3751045274815915,6.595248013840926e-5,0.7904312384312693,0.897824273045158,98140.88798983135,0.2626575355598123,98107.66181158304,0.0030375271210332233,120670.01918846328,0.38279845594217393
-31.80_121.90,4.16103846893111,1.9962642609126984,-0.000775416239240291,2.0943544151765954,0.0037255420046997667,0.8574723715514693,0.333601063373263,0.7419587704870436,4.3195828523358586e-5,0.7364944981788387,0.0028017230577045416,0.0035383291354237688,0.40197887123994014,289.15874953497024,-0.0012521198936373834,289.31714270151537,0.0011393285327945257,7.311099146398957,0.5933408728306934,-0.710330501435295,0.00016722831171789266,-0.7314848828676084,6.44553672953796e-5,2.305156093492577,0.8989844053166376,0.29881651439363993,4.3971069400649874e-7,0.2987608909908481,1.2701705243145511e-9,0.8087451243589621,0.999550384637987,98539.8324342758,0.27386285544346234,98505.1887830622,0.003570302321900365,111609.48074847324,0.3439174538078939
-23.50_122.70,2.940692302687239,1.4279552641369047,0.0006216850290115654,1.3493121079669417,0.005778626679650234,0.3553497348920011,0.2280386522991389,0.7404809386011154,-0.00010597742142980806,0.7538870824119861,0.015369877681063682,0.003882362660181405,0.048215757792678116,293.5112730964782,0.004766623163027356,292.90829526635525,0.009685475802648225,12.463513648442886,0.11789609640460766,-2.3228095750960094,0.00044836982649822116,-2.3795283581480344,0.0011701566876998193,0.9127851250254553,0.5883796389462176,1.387100477067251,0.0006126523112727757,1.3095999596912449,0.003140592165598033,0.6349747056764419,0.3748202596290665,97461.28878348214,0.2366141465335721,97431.35709394565,0.0013934636962718017,213464.4555889427,0.5547636846434385
54.30_127.60,8.279706780006563,3.3539651537698414,0.00446247181774502,2.7894624688250964,0.049740044754312374,2.1270838832595906,0.00029752610739552785,0.6817202501826816,3.5034115062401103e-6,0.6812770686271422,1.991670641787735e-5,0.003274195431504892,0.9437447758875473,277.2677718874008,0.0005974365202703201,277.1921961675866,8.961534877571786e-5,21.161232071395375,0.8810124950933158,0.8195205340309749,0.00011716198447088613,0.8046995429954078,7.248511178437056e-5,1.006153960584171,0.892912189330421,-0.6213359378633045,-0.0007550297080384608,-0.5258246797964392,0.007303283647328573,0.4147149847312048,0.1750384665962686,96560.36418030754,0.16525381335096279,96539.45957291864,0.0006297476631039745,230396.68772265987,0.6914351528883892
54.60_128.10,8.432250050786934,3.0154544890873014,0.0010362328858385395,2.8843710290287263,0.003116306473938568,1.8306882573977334,0.37667909988143955,0.683681034852588,1.0198599774648286e-5,0.682390911981095,0.00016157513208125973,0.0034201597708458675,0.8406999148169372,277.38270399305554,0.0013150024947265336,277.2163561774726,0.0004316160267354707,21.286066121841866,0.7424895214671541,0.12027271967085582,0.00010933099693270831,0.10644234855886821,0.00011012808006727326,0.5766713353169325,0.8682066136799893,-0.6230817370944552,-0.0006030979315096237,-0.5467898487584879,0.004972616120859641,0.3886248435390024,0.2636734779917054,97410.84433903769,0.19130095173137676,97386.64476864367,0.0007318396688689166,265679.5523408241,0.6687277533500727
-16.40_128.70,14.991610694351039,2.605015345982143,0.0009725308458196203,2.4819901939859608,0.0014597995304315159,3.442336848736081,0.5454765463518486,0.7785947899969797,-3.442339185981465e-5,0.7829493490672463,0.0037476796414513958,0.0016799048261673614,0.33216358092218795,295.79767523871527,0.004939090342762677,295.17288031035577,0.06452879611694229,2.008538650458447,3.285614135057235e-5,-1.3218543264600966,0.0003522360559503552,-1.3664121875378166,0.0004096615548073723,1.6090970037670744,0.7489003979892678,-0.1281234347631061,6.4192715349639734e-6,-0.12893547261227903,1.3589459946228288e-7,1.61105033221884,0.9953494026852746,99827.73719618056,0.17134951336663512,99806.06148273968,0.0011463901787615027,136073.36035208261,0.5921968834247302
-29.40_131.00,16.97467321449858,4.516876705109127,-0.0023010690949499574,4.807961945620297,0.00216205785813528,13.011633538614829,0.4617349891718355,0.7737134609903608,4.013326477188866e-5,0.7686366029967169,0.0036212811355462726,0.002363124235471094,0.3404833314744855,287.76951962425596,-0.0012948013845240156,287.93331199939826,0.0041672267561980725,2.137464907404097,0.30639167719603166,-1.2864364972190252,6.188207772388588e-5,-1.2942645800510968,1.4128472037078232e-5,1.4400394620258097,0.9526079903418686,1.1206345482478066,0.0002652413276193973,1.0870815203039528,0.00019830177539792437,1.8849316185174119,0.8237865006629475,99287.04671999007,0.37303177359731027,99239.85820063001,0.004273186903389403,173013.33493440805,0.30029552327405706
44.70_132.10,4.00849519815074,2.026185050843253,0.0014586463311772701,1.8416662899493284,0.009464769290037034,1.1943449887968265,0.12220726627156156,0.6767602354761154,-2.3388570424579323e-5,0.6797188896348247,0.0024512913332231934,0.00118563835682526,0.4331626057810093,280.62478879898316,0.0027402804891271553,280.2781433171086,0.000662309312147169,60.23778466432994,0.683973645673712,1.0517932119823636,0.0005265777296986144,0.985181129175489,0.007090492950942551,0.2077726417980221,0.18150209129703682,0.6132832027616955,0.0002794621446852207,0.5779312414590151,0.0003098100257481473,1.339338408517779,0.7807467488944135,100404.95941840278,0.12852289025246652,100388.70127278584,0.00022840566965531828,384232.32862482494,0.8111161880004851
-31.20_135.50,7.211903884543062,2.792263454861111,-0.00027279920174374985,2.8267725538816957,0.00014222300020827472,2.7800728108514563,0.8504253526840133,0.762702761188386,1.4876902556684009e-5,0.7608208330149655,0.00038398294326980054,0.003062336561830454,0.7566436276865476,288.2300599113343,-0.0012826937898814115,288.3923206757543,0.0019216097640875063,4.5490488795449195,0.4878216895215503,-0.6551334063212076,0.0013853925673975086,-0.8303855660969925,0.006896098633888292,1.4787067592078855,0.187646927706122,1.1407587111942352,0.0006729224473199666,1.0556340216082594,0.0013037134368271142,1.8453880574296866,0.5678140134051102,100275.41576760913,0.38682977189210405,100226.48180146478,0.004431138118111577,179417.29803661237,0.29149250153080364
-31.90_135.70,25.059466565868206,16.222446986607142,-0.0006322267922944014,16.302423675832383,5.139592511604896e-5,41.31967727094465,0.9097481155326873,0.7427273108845666,-9.173199808300817e-6,0.7438877206603166,9.917517184421243e-5,0.004507944503068652,0.8748758225801477,286.82082209511407,-0.0004705152061971388,286.88034226869803,0.00020154540404171417,5.835986034822502,0.8223747508564043,-0.2798330745999775,0.0011035760590215448,-0.419435446066203,0.007386068463032691,0.8760543040676245,0.17259512993261075,0.6086677823747907,0.0003887151764364387,0.5594953125555812,0.0008834259279287826,0.9087254023759813,0.6382396922877094,98907.34037078373,0.3866606760188683,98858.42779526734,0.0053148230839937805,149455.19485336324,0.2477750617457251
35.40_136.10,75.70383246501478,10.824873666914682,-0.007705471682697963,11.799615834775974,0.001623241267452391,194.33686757814436,0.5237665943727474,0.7519155844809517,9.344643398785401e-5,0.7400946105814882,0.017142406766647023,0.0027064093527015293,0.03678477802226532,284.6636013454861,0.0017050865478655676,284.4479078971811,0.0031920017662542266,4.839155179781954,0.37092724128318794,0.36127826902601456,-4.640816820703395e-5,0.3671489023042044,2.592298884762645e-5,0.44141145167874607,0.9358363103006981,-0.5444238904922728,-3.807849585350942e-5,-0.5396069607668038,1.6951054501501694e-5,0.45446732647707727,0.9480954477806554,101036.59433903769,0.546656116804193,100967.44234026196,0.00798943879606917,198724.7529602215,0.155910830011971
52.00_136.60,2.0254326780041083,0.7793395027281734,0.0008988904542052093,0.6656298602712144,0.015576479590699077,0.2756030645782416,0.046711877262417836,0.6896870334943136,8.21132935767341e-6,0.6886483003305679,9.589116657038321e-5,0.0037358390553242195,0.8769483087707182,278.4774208674355,0.001644316070756031,278.2694148844849,0.000330203278942065,43.503984667612855,0.7738335980325444,0.11801732532561772,0.00048742480582100224,0.05635808738926094,0.016610468364589792,0.07599293045675382,0.039885254108382694,-0.3081926466926696,-0.00024715808248065044,-0.2769271492588673,0.0007704333760645277,0.42126401401055363,0.6606319517248661,99982.20148189484,0.01689899246885976,99980.06375934753,7.84305384260442e-6,193453.3453607088,0.9646806697343568
-31.50_136.70,4.771211552053501,1.949431888640873,-3.7551759248531986e-5,1.9541821861858124,6.555291331866719e-6,1.1429004251093762,0.9677084510009867,0.7627241658785987,1.8652859661500348e-6,0.7624882072038808,5.730071363507783e-6,0.0032260465566136547,0.9698082945621754,288.5198683965774,-4.33577659998067e-5,288.52535315397637,1.9182257174898965e-6,5.2068360282673245,0.982528683691396,-0.13831676755632674,0.0012104388774870011,-0.2914372855584324,0.009528723950189555,0.8169411994493567,0.12094051112265375,0.9219912725781637,0.0004376792155252365,0.8666248518142213,0.0007720872418319757,1.318212078021327,0.6602904593946044,100632.32449776786,0.2919917327443473,100595.38754357569,0.002416722106145297,187436.51975415682,0.4364325753095717
-29.00_137.00,4.771211552053501,3.3817390562996033,-0.0003125588326395152,3.4212777486285018,0.0012824870195805582,0.4047160149374474,0.5709872246199992,0.7016504388006907,1.4113670185264149e-5,0.6998650595222548,0.0008640182156154363,0.001224889314964075,0.641957371322005,290.953361390129,-0.0007900035703225119,291.0532968417748,0.00024148923893196894,13.730935945393563,0.805885482864442,-0.9940761611575172,0.0007741905349358812,-1.0920112638269062,0.00527240480367952,0.6039858771488112,0.24968102278574178,1.203903939988878,0.0012050105436805247,1.0514701062132916,0.010036843906139792,0.7686424041760845,0.1113715180271456,101513.44751364087,0.3134894047703409,101473.79110393743,0.0020782049988103957,251244.84821091514,0.47057168807288985
-29.40_137.20,4.771211552053501,1.9045991443452381,-9.448958354423402e-5,1.9165520766635837,4.5000261496008775e-5,1.0541262982172521,0.9155278353283475,0.7634661244967628,9.753269569018872e-6,0.7622323358962819,0.0001560262272445323,0.0032392365502690716,0.8434236161858218,289.85667782738096,-0.0010118847848770548,289.9846812526679,0.0009210970673265706,5.906042227571365,0.6311632806443631,-0.9555658839997792,0.0009743209184343545,-1.078817480181725,0.008231456878927346,0.612727203286762,0.14973543235070674,1.3717041167001875,0.0012401437131834842,1.2148259369824768,0.007518406398729249,1.0868210729483592,0.16876941350564,101739.20545014882,0.2908871730047624,101702.40822276371,0.0017853457893083347,251806.31311197556,0.5036987718040878
-31.30_137.40,24.754380024307466,11.910873170882937,6.978009463651187e-5,11.902045988911418,5.764063246704865e-7,44.88220526093604,0.990422236059823,0.7596089508798387,7.002549380327167e-7,0.7595203686301776,7.380711468663037e-7,0.003529831283055495,0.9891620789119104,287.2959468781002,0.00012852833706815877,287.2796880434611,2.280796597309287e-5,3.848141531564174,0.9398070372361953,-0.20934037556723942,0.0013029496148757674,-0.374163501849024,0.009470680229148987,0.9523879379350296,0.12208958006048387,1.1342424816555448,0.0005698201505382435,1.0621602326124568,0.0010441364442992374,1.6521830699947329,0.6092236803856184,99918.81656125993,0.31754658092174876,99878.64691877333,0.002922699347571167,183303.41464680847,0.3919717267656756
-29.30_139.60,4.771211552053501,2.454833984375,-0.00033874719278822974,2.497685504262711,0.001035103923087366,0.5889891181809018,0.6107776199970151,0.7388469463302976,7.0264777156417e-6,0.737958096899269,0.00014963024308844997,0.0017530559652506024,0.8466262831157998,289.7857200985863,-0.0002884057054180229,289.82220342032167,5.240057130095899e-5,8.433570683680953,0.9088740615375898,-1.2619933703589061,0.0008189057941582612,-1.3655849533199262,0.003598895924246559,0.9900073440673366,0.3419856052011496,1.7289147906833224,0.0006875366902705241,1.6419413993641012,0.0031357522635035995,0.8009212745593794,0.3751896862612153,101603.70545014882,0.26031868842623107,101570.7751360629,0.0014145338163978893,254528.94449270266,0.5517820316577616
-30.90_139.60,4.771211552053501,2.492888919890873,0.0002225757970611437,2.4647330815626383,0.0004290130208803866,0.6135150445734142,0.7432400594433191,0.7340740334419977,-2.6712177582599397e-5,0.7374531239061966,0.002214602477607075,0.0017118378351524011,0.45633077639387654,289.6619078621032,0.0011201660601851957,289.5202068554898,0.0007475732535261459,8.917659396269755,0.6653974712289035,-0.03722704781426324,0.0006786922140138475,-0.12308161288701495,0.004570523575009644,0.5354508304437864,0.2839939475331159,1.2467370563083224,0.00031379894257412753,1.2070414900726953,0.0007581003523539076,0.6901064221642362,0.66319235199594,101514.15783110118,0.19695685250246894,101489.24278925962,0.0009248336038543137,222852.95909056123,0.6304711194113255
54.80_160.20,50.991822598563886,7.117710658482143,0.0061863029395920945,6.3351433366237435,0.0027715157198713314,73.3643098378222,0.4045349529016179,0.6488520616576785,1.3252049876828155e-5,0.6471756773482598,0.0009569561795306214,0.0009750208172185335,0.6245904688586298,277.21866280691967,0.001242539085435503,277.06148161261206,0.002027074585642219,4.046599325871834,0.4760936458269719,0.2013312824188717,4.5186284140736775e-5,0.1956152174750685,7.764153654465922e-5,0.13972012071259274,0.8891920999316796,-0.3797103488256061,1.4467384759180038e-5,-0.3815404729976424,6.0049845365117704e-6,0.18518592954286128,0.9690928711368145,96344.81259300595,0.5996401153104503,96268.95811841918,0.005874318514209609,325209.8439462278,0.22420410379790345
-38.80_175.90,90.04289991838777,9.01207527281746,-0.005866593239080194,9.754199317561104,0.0017222158789348407,106.17546742052748,0.5113533350034697,0.7743150326940749,3.559570293734922e-5,0.7698121762725002,0.003316129475969598,0.0020300348071334968,0.36175524158742184,284.2107669890873,7.80813991118155e-5,284.2008896920996,2.3014186620318178e-5,1.407470687708381,0.9395360419751614,0.7802138934059749,0.00034750524241501754,0.7362544802404752,0.0010316186448344755,0.6219326467289648,0.6113794990414407,-0.10688126276409815,-0.00013131658598310958,-0.0902697146372348,0.0006608676554062942,0.13863231819988006,0.6842994372596172,96627.87608506944,0.06074244043494758,96620.19216635442,0.00020347319180280543,96342.31797471708,0.8215413495006836
67.10_-126.00,9.805139487812085,4.044654482886905,0.00032033947484577023,4.004131539318915,0.00023457856082209627,2.3241942208398108,0.8086290976613661,0.6653755136898586,1.3265122499946743e-5,0.6636974756936154,0.00035847660759424915,0.0026079635952376587,0.7646209373178627,276.09190925719247,0.0014936518981480433,275.9029622920767,0.0012786408832323737,9.270219547483354,0.5715658961839554,-0.9165750760880728,0.0016735423354554287,-1.1282781815231844,0.014453520343624793,1.029531369862514,0.055520911905134494,0.32313369569324313,9.686292113194634e-5,0.3108805361700519,0.00011901759492138897,0.41883577518700277,0.8630406096365282,98269.13005332342,0.14352818059120567,98250.97373847863,0.0005815153338071255,188214.4678662225,0.7029089288852437
66.80_-125.30,9.042423133909324,3.5322963169642856,-0.0010200403625006838,3.661331422820622,0.0038335991818413406,1.4420085189419847,0.32666135383739947,0.6621488853106423,1.9360643515079814e-5,0.6596997639059847,0.0008986784270914594,0.0022160271466120933,0.6353527417524771,276.2393508184524,0.0018953153776293283,275.9995934231823,0.0019202786358551993,9.938904972529643,0.487972736675645,-0.8124665381416442,0.0015804115266513077,-1.0123885962630346,0.016319695922508037,0.813145252010935,0.04169329010971663,0.13592627691844153,5.8287229369071126e-5,0.12855294240325404,7.455049094062804e-5,0.2421230478389199,0.8914064458144937,97689.88005332342,0.17810659945855575,97667.3495684919,0.0009536649925026008,176727.44506679522,0.6251873293039644
67.50_-125.00,7.669533696884173,3.486661396329365,-0.0008844887600923239,3.598549224481044,0.0029772028922503413,1.396098371144001,0.3875792200623724,0.6627502148113553,-1.0764547097655983e-6,0.6628863863321407,3.295823488014271e-6,0.0018679592422148534,0.9771001247275903,275.91832139756946,0.002256162889614139,275.63291679203326,0.0027204035770533874,9.941396184229335,0.4089139643231113,-0.5756772586277553,0.0015319859080031829,-0.7694734759901579,0.012124356177531048,1.028467732752419,0.07983340215095214,0.2837224233718145,6.282874445637835e-5,0.2757745871980827,5.476542383020533e-5,0.38295709932547156,0.906849536241044,98122.63798983135,0.12329291611551163,98107.04143594274,0.000441455054847828,182948.80247718343,0.7396749916577458
66.10_-125.00,14.839067423570668,5.354031032986111,-0.001023986338079828,5.483565304753209,0.0010882072736471127,5.119369965836558,0.60176091886542,0.6672580970658196,3.0206492602730726e-5,0.6634369757515742,0.0018132685766842904,0.002673488261073058,0.5003751689933235,276.49073815724205,0.0015285575067507122,276.2973756326381,0.0014187240034786441,8.749947831208994,0.5511926512077634,-0.8272893618023585,0.0016090376993086928,-1.030832630764908,0.009294084830802407,1.4800133165200153,0.1256598519297893,-0.421522337292868,-0.00014893507219495344,-0.40268205066020635,0.00044478162403349675,0.26496404195636464,0.7387312781388565,98978.76100570436,0.1691763876875333,98957.36019266189,0.0007403695245012942,205385.9717620973,0.6669170656656483
65.10_-124.20,8.584793321568213,4.772747705853175,-0.005837009955894478,5.511129465273826,0.02565715883617692,7.055245351106875,0.010294590200715987,0.6566367083125644,1.3352174155689668e-5,0.6549476582818696,0.0017405593439830946,0.0005441955141092896,0.5091087260444574,276.8631843687996,0.0025982936548554544,276.53450022146035,0.0013009836410746711,27.57048752638388,0.5682201789665359,-0.4978952180771601,0.0007810314586375546,-0.5966956975948108,0.009162780728507514,0.3537118224875048,0.1283888135288928,-0.24387515537322513,5.7638781493904934e-5,-0.2511664612322041,0.00020968388496855894,0.0841791126744827,0.8188842487576922,98909.76497395833,0.2800676616655905,98874.33641475764,0.0020903205790271384,199366.8056974373,0.46927831564521094
64.00_-121.50,8.432250050786934,2.7341773623511907,-0.0007853260313020458,2.8335211053108993,0.0019779022058966644,1.6566661085401264,0.48150376495684455,0.6724923763956342,2.6662721875575866e-5,0.6691195420783739,0.0012958238846971781,0.0029147599952512216,0.5689894390509711,276.99232119605654,0.001317607087589319,276.82564389947646,0.000734529495392211,12.557477848090162,0.6681554263518779,-0.012016621847001334,0.0006000189368725536,-0.08791901736137937,0.006925339660481811,0.2762031654194559,0.1867075120091234,0.18597704266744947,-0.0003003503971552289,0.22397136790758593,0.0015040186710266745,0.31867134205492986,0.5394440961741334,98344.18957713294,0.2012708594147783,98318.72881341698,0.0011681365870639393,184250.20990772903,0.5887021444832032
64.90_-121.40,8.889879863128954,3.4228360615079363,0.0017847057680252067,3.1970707818527475,0.007342551353651028,2.304761962345427,0.17387462896729405,0.6726908314795721,3.9961455605641565e-5,0.6676357073454584,0.002817050224178441,0.0030118117565574713,0.40069083744441003,276.6488754030258,0.0009184101632243845,276.5326965173779,0.0003522531668174178,12.722084381492454,0.7666139536035029,-0.4105219386872791,0.0008982066487462147,-0.5241450797536753,0.010222588172000502,0.41930639087522403,0.10808213759814791,-0.0032028773474314857,-7.470023951597602e-5,0.006246702951339481,7.986267214377119e-5,0.37122735181948735,0.8876285535649204,99142.23719618056,0.3595453466343547,99096.75470983132,0.003362408486908164,204266.283565479,0.35841531878191357
60.70_-121.20,40.92396672704672,7.087127201140873,0.004114994195179569,6.566580435450657,0.0021908757675769275,41.06393065964001,0.4587586788617812,0.6471034468166412,2.7830739297245905e-5,0.6435828582955396,0.0030373656990134723,0.001354853126869233,0.38281113755843277,277.2817905970982,0.0013853081946283193,277.1065491104777,0.0017755327706892032,5.742538691143728,0.5048757103645652,0.38060994375319707,0.00029665352799001474,0.3430832724624602,0.001894653268779134,0.2467795157317467,0.49089568286909,0.20058672768729074,-0.0003834666956071955,0.24909526468160098,0.0034140688212970227,0.22883520903400592,0.35473652937199346,95328.181640625,0.36858278993474625,95281.55591769825,0.005917596854301488,121973.23633426499,0.22249504645837342
42.00_-120.40,4.00849519815074,1.4923618861607142,0.0005177612794867961,1.4268650843056345,0.002765711889689104,0.5149819612095962,0.40502875539310845,0.729811412001413,1.8712301479532063e-5,0.7274443058642521,0.0003735167354218527,0.00498062865146983,0.7598809214202547,280.7878902374752,-0.0005897454012179218,280.8624930307293,7.538001128271077e-5,24.513918831072807,0.8908076790291761,0.5039784643385146,0.0003013581619527525,0.46585665685149136,0.0024268762339790806,0.19881910016576998,0.43546820762792693,0.4383583825732034,-0.0004371712511498471,0.4936605458436591,0.0029242453303454097,0.3472395621560571,0.3918461610221282,84730.67767237104,0.2591927573678559,84697.889788564,0.007868912525330063,45359.76773964546,0.15909249960446845
40.10_-119.60,63.652914073350075,9.707151382688492,-0.006839611061564955,10.572362181976459,0.0016185426345177722,153.56013461863952,0.5243690090814978,0.7669340778910925,2.068597865688777e-5,0.7643173015909962,0.0009422631910163126,0.0024127911679138717,0.6272649533691592,281.6868392702133,0.00428654490679996,281.1445913395031,0.023996542579464375,4.068233751269888,0.013166248585482532,0.6896532225230384,1.3672852466061488e-5,0.6879236066860817,3.3230523387439703e-6,0.2988965413587199,0.9770057500074193,0.09619529663570343,-8.823178321929168e-5,0.10735661721294383,0.00041421144535325194,0.09985454434846541,0.7475565067301941,86366.81656125993,0.25282972839959567,86334.83360061738,0.007636484975715896,44473.63121802361,0.1654369912785058
64.00_-119.10,10.110226029373734,2.9287186879960316,-0.0017496126917138513,3.1500446934978337,0.006065411242098362,2.6814111123868742,0.2167730694378572,0.6654452681541443,4.769279371297484e-5,0.659412129749453,0.005535685588195949,0.002183101491817548,0.2381308684172861,276.8621380518353,0.0018545158867869387,276.62754179215676,0.0016118847561256144,11.336185502009368,0.5252247211336281,-0.24243693124680293,0.0010271540420499058,-0.372371917566116,0.014154519010927569,0.3960188505549913,0.05814795722011536,0.0330403797210209,-0.0004490507356703571,0.08984529778332107,0.005751330388394038,0.18627832483346082,0.2291467424797541,97475.53481522818,0.25187176840820413,97443.67303652455,0.002067577282291788,163018.55792710985,0.47171093972478473
65.10_-118.60,2.0254326780041083,0.6949055989583309,0.0011228916649185334,0.5528598033461365,0.015054633756691138,0.44498496511543284,0.050608434755532415,0.6695236033863492,-4.027452061482497e-6,0.6700330760721267,4.4540705317674956e-5,0.0019348329975459482,0.915958682096003,276.5823567708333,0.002540324392014102,276.26100573524354,0.001177636703410534,29.114332640313535,0.5871885848595803,-0.3531798937964061,0.0010661989523063017,-0.4880540612631532,0.009459504382541839,0.6384809382918697,0.12231219478874877,0.30082389286586214,-0.0004411481662238819,0.3566291358931832,0.0025147581438433875,0.4111616017122499,0.4272546346030364,98974.44354538691,0.15807679959158283,98954.44683023858,0.0006711872164877342,197802.78814043317,0.6819764207212774
63.40_-118.40,2.1779759487844785,0.6352849082341239,0.0009283950155991939,0.5178429387608259,0.009586087986177882,0.47770964005471345,0.11981652672638687,0.6779409751059517,2.134232445599917e-5,0.6752411710622679,0.0008975918391448401,0.0026961518999046676,0.6355574139053985,276.7584519159226,0.001845307634041286,276.5250205002164,0.0006361126022651487,28.44090247473122,0.6899593481641026,-0.7598193562220014,0.0015181339849149034,-0.9518633053137366,0.018570342075049928,0.6593865999063199,0.02963345438812477,-0.34175810738215373,-0.0003898464560684561,-0.29244253068949405,0.0025813230598277226,0.31281288664559637,0.42118698721462533,98094.15386284722,0.18646053549307381,98070.56660510735,0.0010562509186343716,174882.58757340568,0.6071527523812926
63.20_-117.80,2.1779759487844785,0.7189980158730134,0.0012942865806208695,0.5552707634244733,0.02030965023020892,0.43822612893926277,0.02281323123245323,0.6780125460927449,5.2455144594019434e-6,0.6773489885136306,5.952552536547806e-5,0.0024559117435163282,0.9029046426600041,276.8107503255208,0.0019461174790181461,276.564566464425,0.0007036708642134126,28.596201802392404,0.6747973384339261,-0.5953112027001759,0.0012839267685141784,-0.7577279389172195,0.016609910355446345,0.5272942487041219,0.039888644896966245,-0.15856157030378068,-0.0004928887045997402,-0.09621114917191353,0.004582458602108375,0.2816689643697707,0.283363222304608,98126.69751364087,0.2768023491156773,98091.68201647775,0.0023378560534521586,174125.18531562132,0.44403477424996673
60.50_-117.60,40.92396672704672,6.509602864583333,-0.004511534899832256,7.080312029412113,0.002325200872602018,46.50803399180986,0.4452735202187722,0.6447680346549504,3.664017977975316e-5,0.6401330519128116,0.005074856472348066,0.0014055012745051408,0.25879613274715496,277.4446304563492,0.0019465057788327217,277.1983974753269,0.003202263958336893,6.28628524158814,0.37015685708453894,0.29044648579188753,0.0005099868374797989,0.225933150850693,0.004767968507178311,0.28981734416265115,0.27378131129124555,0.25106570834205266,-0.0004318904835159783,0.3056998545068239,0.00717964195605636,0.13803343590339212,0.17876149210282405,98406.11418030754,0.2973034428022898,98368.50529479305,0.002828454952195414,166031.47511994568,0.3997362880568135
63.90_-117.30,2.1779759487844785,0.8338216145833311,0.000977934089915518,0.7101129522090182,0.011286428857387065,0.45019683609921035,0.09115729782078957,0.6774115496211581,2.665915479438792e-5,0.674039166539668,0.001419164169388143,0.002660724636697933,0.5511308069410478,276.62188623821925,0.0019427324419735868,276.3761305843096,0.000751859465869642,26.670375435178023,0.6644974264928318,-0.49585296237279497,0.0010182495089611989,-0.6246615252563866,0.012251781929685346,0.44962347352213083,0.07824722224332382,-0.18847267211429655,-0.00048443233650211385,-0.12719198154677916,0.004148374844635816,0.30055784915487055,0.3074928672285444,98800.11814856151,0.16819630650651676,98778.84131578844,0.0007774648490569414,193326.75556883463,0.6591830862526136
60.90_-116.50,20.330625171671272,12.322498139880953,0.0005621695237214116,12.251383695130194,3.7232766006090046e-5,45.09715147783763,0.9231387496742781,0.6672437465380109,1.8351791716071735e-5,0.6649222448859278,0.0012453819054236703,0.0014367930136810216,0.5766182589332709,277.396964905754,0.0025616151582733625,277.0729205882324,0.0012926668130293084,26.970002438857264,0.5694611201490499,-0.039060040125771175,0.0007608528665289518,-0.1353079277416836,0.007090060945816434,0.43380166030750394,0.18151548854541427,-0.07307166144961402,-0.0004315243356474487,-0.01848383299021176,0.005932761711708756,0.16676061795695596,0.22189984641721025,99382.40386284722,0.25679879472792067,99349.91881531414,0.0017991658524271203,194739.73661785285,0.5020491315367811
62.70_-115.90,2.1779759487844785,0.7899111793154739,-0.001058606351345044,0.923824882760622,0.01153588514231485,0.5161285502162964,0.0876165341760599,0.6799498976223053,1.720344902127474e-5,0.677773661321114,0.0005566530216609689,0.002824790830161771,0.7090369649329474,276.92023383246527,0.0018014077861221206,276.6923557475208,0.0006031678738854795,28.584176511535507,0.6976929787160735,-0.4306247877696204,0.000959189857767367,-0.5519623047771923,0.013855250076722947,0.3528048957258606,0.06090826208406262,-0.21645390041290768,-0.0005157381623353329,-0.15121302287748808,0.006056710712338043,0.23332513294222026,0.21710501726205222,99515.51497395833,0.19089489667436024,99491.36676952902,0.0009232917096865245,209695.6958711176,0.630756533501422
33.20_-115.90,12.245831820301646,1.7523290240575398,-0.0002707952744592868,1.7865846262766396,0.0015703715802568574,0.24809587965998867,0.5306166978620278,0.7999464983031863,-1.3696218707187062e-8,0.7999482308748528,0.0008266826155115536,1.2055976029038096e-9,0.6492542326777535,283.8021763392857,-0.00036746417011700974,283.8486605568055,0.00027780170745117516,2.582467732065838,0.7921104287694217,1.043087467314705,0.0009089388089206872,0.9281067079862381,0.015566303810989557,0.28198344189321156,0.046784792038176946,0.027016306680346294,-9.148519010511201e-5,0.038589183228642965,0.0006909570572517509,0.06435619348394638,0.6775835855352838,101201.12211681547,-0.054431720815776984,101208.00772949867,8.352939763967004e-5,188453.6681449686,0.8850951548947548
62.60_-115.60,2.1779759487844785,0.6573505704365048,-0.0020385282580388047,0.9152243950784136,0.03950619132267841,0.5588665614052465,0.0013427738140208334,0.6789979792776561,8.603453701157104e-6,0.6779096423844597,0.00013796005384103527,0.0028505726409163647,0.8526583178468277,276.9483158172123,0.002620718747211417,276.61679489569,0.0012246038596916975,29.797856396194323,0.5798196267977201,-0.6215408188956124,0.001155728330675565,-0.7677404527260714,0.015125989592226108,0.4691670865119477,0.050056214860679814,-0.20292734721350292,-0.0006984366119609785,-0.11457511580043914,0.0073746118350378476,0.3514427946857057,0.17293093744787308,99495.49910094246,0.1511367450159835,99476.38030269793,0.0005847160462992829,207555.82825428338,0.7021309714457165
55.50_-115.10,11.025485654056865,4.278804718501984,0.0020136137263247022,4.02408258212191,0.00442128588714219,4.872406837934637,0.29203193178494924,0.6964457990631224,7.459653528354064e-6,0.6955021528917856,6.843363213493436e-5,0.0043202366646349,0.8959306837537294,277.7715231274802,0.00013379921870957737,277.75459752631343,5.916275409578731e-6,16.0767622078678,0.9693218975648527,0.7943101080637129,0.0009364857607355809,0.675844659330662,0.004386755112957497,1.0621816187317432,0.29393257673397444,0.5106259451972114,-0.0008165229610404745,0.6139160997688314,0.01563876817173604,0.2265030622042267,0.046268117702751084,94439.94751364087,0.20483762004026057,94414.03555470578,0.0034468484033027824,64675.09500498884,0.35242883383270096
41.00_-113.50,2.940692302687239,1.3832387772817458,-0.00045526606284255035,1.4408299342313284,0.0026358977360574354,0.4177743903541076,0.41630727723510613,0.7201951354268997,-6.936971724967542e-6,0.7210726623501081,5.9074001145020816e-5,0.004327960390649404,0.9032718020863424,282.7904324001736,0.004583964989667249,282.2105608289807,0.002326992031589592,47.976383107565525,0.4450978708197273,0.37837392564803835,-6.522399370559592e-6,0.37919900916841415,8.776003207477956e-7,0.2575477839546131,0.9881820332822701,-0.2736796878633045,-0.00027022246901506976,-0.23949654553289818,0.000864748700456941,0.4486346505081401,0.6418165280230526,86932.72925967262,-0.02735500977925303,86936.1896684097,6.295596016658855e-5,63150.48825959937,0.900160117777966
66.20_-113.10,6.754274072201042,3.0605236235119047,0.0030734620512397996,2.67173067403007,0.009462901877878127,5.303605219689565,0.12224447211057832,0.6675448956943694,1.296200069381799e-5,0.6659052026066014,0.0005408304359947325,0.0016505275297404823,0.7130183820866126,275.0401320684524,0.001830661353152232,274.8085534072786,0.0018034071273270724,9.873293805746577,0.5015447059196069,-0.1498863205077156,0.0021905055956627645,-0.4269852783590553,0.01644188933065638,1.550518059803854,0.04092335040611696,0.37281825050475104,-0.001029231439192613,0.5030160275626165,0.007624785031542625,0.7381392506251337,0.16576383905250383,96747.15783110118,0.03932500458827217,96742.18321802077,5.7037821017846824e-5,144050.39509653734,0.9049454953481779
66.40_-113.00,8.737336592348584,3.4499434213789684,0.0027201824495496274,3.1058403415109406,0.008782933772871648,4.476063885001555,0.13665829814426458,0.6643272591015649,4.26765650535884e-6,0.6637874005536369,6.537226824721021e-5,0.0014802162758702638,0.898272282746497,275.0347919766865,0.0019003835964255158,274.7943934517387,0.002376116384220528,8.075225393369408,0.4403216683799185,0.033215272994268505,0.001969925670632976,-0.215980324340803,0.014891420315478077,1.3845331969396417,0.051895583919058366,-0.0028231030418759302,-0.0010078079443310091,0.12466460191599672,0.006267315625283487,0.8610211198549965,0.20923513478707356,95866.86021205357,0.004832820866918152,95866.2488602139,9.064440381623129e-7,136898.98128971108,0.987989409558368
40.80_-113.00,25.059466565868206,7.427447606646825,0.0005516537569372432,7.357663406394264,4.854396245024262e-5,33.30717149206306,0.9122776102256039,0.7485022478633456,3.2907685571143273e-5,0.744339425638596,0.001649674433136572,0.003487676943147762,0.5204002017914244,280.17735460069446,0.0014445210787051303,279.99462268423827,0.0010523460291229636,10.534866010103146,0.6078186378279701,0.2100525280785939,-1.4107152467151223e-5,0.21183708286568853,7.207484534532682e-6,0.14670158866999455,0.9661410815445771,0.09008596813867963,-0.00026594842494572337,0.12372844389431363,0.0010555401648545404,0.35600811501872603,0.6072738387360652,85093.3324342758,0.232811176595144,85063.88182043651,0.005891295599243285,48880.614058981206,0.22353183006332555
65.90_-112.30,62.890197719447315,13.749608599950397,0.011366234915059318,12.311779883195394,0.010662651624325559,64.37360804781912,0.10070187909300526,0.6497349521470448,3.154764647667125e-5,0.6457441748677459,0.003691365342846087,0.0014324738955400658,0.3358365203311169,275.844486297123,0.0003357308666472826,275.80201634249215,0.00038852787160947866,1.5413461429513569,0.755252884875896,0.3941403722006177,0.001906970938413726,0.15290854849128135,0.011304879745762109,1.709078528772486,0.09089022391046676,0.3927331500583225,-0.0015154088035400418,0.5844323637061377,0.012135711596661158,1.0053891190927835,0.07969067188779266,95649.46338665675,0.06406736771622339,95641.35886464064,0.00016330548937359968,133540.4373424841,0.8398605387856883
62.00_-112.30,40.92396672704672,14.990645151289682,0.0036730108785636663,14.526009275151377,0.0014233367160370047,50.35894145970401,0.5505451980414876,0.6661832606981671,8.341303269410778e-6,0.6651280858345867,0.0001433350243111864,0.0025790235877597312,0.8498485811447045,276.603511749752,0.001161859684122535,276.45653649971047,0.0011725278073294598,6.116796457894892,0.5880015515473543,-1.1440327583797394,0.0015877344840219006,-1.3448811706085098,0.00872858546114097,1.5344463276673987,0.13788893378596165,-0.3212987354823521,-0.0011667952072124783,-0.17369914176997361,0.008940105883153304,0.8090706120041595,0.13316727448933885,98746.44354538691,0.14059206133774704,98728.65864962769,0.0006190529154932456,169642.09989342123,0.6939344189625755
61.80_-112.30,40.92396672704672,12.748418898809524,0.0031510502491727045,12.349811042289177,0.00098497542015763,53.55808999501784,0.619559880744164,0.6651563199739607,1.6237373591219718e-5,0.6631022922146714,0.0005946145542869985,0.0023557860564698617,0.6997403789279789,276.82383316282244,0.0011694332697091364,276.67589985420426,0.0011923966850403422,6.093543925943768,0.5848525917532061,-0.9199232903737871,0.0013990606842557852,-1.096904466932144,0.008546429633226271,1.2168252120821907,0.14210411379481147,-0.13578092484247117,-0.001104068402041387,0.0038837280157642817,0.008288129789851939,0.7814032874159138,0.14832924175204537,98996.55465649802,0.060211906819362865,98988.93785028537,0.00010953294649329592,175857.05950635832,0.8685599936825342
58.40_-112.30,0.9576297825396978,0.8791581411210287,-2.767711738214985e-6,0.8795082566559129,4.916855866898828e-8,0.8277402407966417,0.9972026106583323,0.6499984084613739,5.039081435337021e-7,0.6499346640812169,0.0446549898897618,3.0211519888076685e-8,0.0006298681176779154,278.56263369605654,0.002501058511519046,278.24624979434935,0.0007060968521512834,47.06772903769817,0.6742690433488838,0.3325626812283955,0.0005979754656182898,0.2569187848276818,0.005449347409770544,0.3486278286813297,0.24184601297789754,0.05478633396209232,-0.000632314151457144,0.13477407412142103,0.015389428339227962,0.13803306497810056,0.04807130976085493,98581.78878348214,0.053972606538836204,98574.96124875499,0.00010868303867550555,142404.86554287697,0.8690663681044313
41.00_-112.10,2.940692302687239,1.2178858196924602,0.0001596027574484669,1.1976960708752291,0.0005579442386982603,0.2425659288455705,0.7087149116544242,0.7351578918714372,1.6348098995087257e-5,0.7330898573485587,0.00029308094509095106,0.004844921562479894,0.7866029862661001,281.6788330078125,0.0015530595728909134,281.4823709718418,0.00038924286296471156,32.92269566785767,0.755034911256999,-0.28708753888569183,2.8525640752966472e-5,-0.2906960324409421,5.801293663953988e-5,0.07452221977941434,0.904140256341493,0.18472146231030662,-0.00021951227074125366,0.2124897645590752,0.0014737392794212933,0.17371477641106503,0.5435615467091071,86541.87608506944,0.20291570109079962,86516.20724888144,0.0037589516239066034,58197.507528999944,0.33143479570132844
40.20_-111.80,2.0254326780041083,0.9049130394345238,-0.00020708554533512856,0.9311093609194177,0.0014414535206961343,0.15806610243661062,0.548015928489907,0.7143693963686625,4.860939055176458e-6,0.7137544875781826,2.700482847417529e-5,0.004648777333680036,0.9345140428593708,283.78370496961804,0.00269475293085844,283.44281872386443,0.000615087687290905,62.72500264626153,0.6948673814952231,-0.08174008414858863,0.0002172842037506464,-0.1092265359230454,0.004850269229561999,0.051716637409809835,0.2696596994182862,0.22502404167538598,-0.00026384984843724556,0.25840104750269755,0.005042141675044798,0.07335647763355546,0.2603446374675225,84848.36814856151,0.45885336582804864,84790.32319778427,0.020298392889182337,55109.440905612544,0.022851761642112268
62.30_-111.60,36.500211874410525,14.65252201140873,0.004920042415272094,14.030136645876809,0.003629262052855853,35.43718221597244,0.33994986371466895,0.6646776360178751,3.179414122650773e-5,0.6606556771527219,0.002425232346458861,0.002214525379725816,0.4356241130536563,276.4229658823165,0.0011374806436661596,276.2790745808927,0.0009621453792354462,7.144751817283886,0.6236519751854438,-1.1728626659938268,0.0017840181180136018,-1.3985409579225474,0.010962777613720887,1.5424735760259574,0.09598179799555104,-0.708815786573622,-0.0009358745340796751,-0.590427658012543,0.005961269344618492,0.7806139911833193,0.22078605905114318,99117.86814856151,0.1636382166374967,99097.16791415686,0.0007898400065516897,180123.41155426795,0.6566519922425965
63.80_-111.50,40.92396672704672,13.058403862847221,-0.000959298261850959,13.179755092971368,0.00012806803123532884,38.17740435608724,0.8579813364349775,0.6544457399655902,-4.0936490216354674e-5,0.659624205977959,0.004753232631697246,0.0018731474064976946,0.2745275195809357,276.06595284598217,0.0012899740910253207,275.90277112346746,0.002856706546843779,3.09482546081988,0.3973857424030851,-0.6531686555771601,0.0017226279356365786,-0.8710810894351873,0.010566341387569289,1.4921007525059764,0.10226917540581643,0.012317490956139944,-0.0015710176941469162,0.21105122926572484,0.01768083169738166,0.7416504741058428,0.033899461266811474,95747.64592633929,0.09787829378420816,95735.26432217559,0.00040237349586158544,126497.87497834935,0.7510702915860143
62.80_-111.00,40.92396672704672,15.811403304811508,-0.0016349128442703855,16.018219779611712,0.0003286424621555817,43.21209794757473,0.7743544098990205,0.6559958391719394,1.8452393703480454e-6,0.6557624163915904,7.634382059196199e-6,0.002369579860810761,0.9651533898633462,276.2574734157986,0.0014866568261937194,276.0694113272851,0.0023314403146613705,5.036594334800141,0.44466211233001574,-1.5863419411674378,0.0018382938642311601,-1.8188861149926796,0.011224433999954875,1.599577330323201,0.09206085098768851,-1.3782939456758045,-0.0008727848763708717,-1.2678866588148892,0.0057297464162698875,0.7063481932583863,0.23002748959807884,98700.01100570436,0.06022427968813622,98692.39263432381,0.00011388625401986818,169204.43274628557,0.8659973813723942
58.70_-110.90,1.2627163241004382,0.8516942584325383,-0.001513052609109965,1.0430954134849488,0.03660466025946807,0.33228557865058883,0.0020559871279352097,0.6841961400849479,-1.4996243877582866e-6,0.6843858425699993,3.691072620437552e-6,0.003237070924522343,0.9757662639091654,278.20821901351684,0.0024946952277118705,277.8926400672113,0.0007663784329239309,43.14510536132408,0.661471072170118,0.14134438075716532,0.0004896877827224496,0.07939887624277545,0.0037649632609588757,0.3383900706103931,0.33104697997888866,0.04387363554939391,-0.0008370790516015322,0.14976413557698776,0.01907315833162293,0.19518666743144394,0.02747034116263217,98711.43560887896,0.11446356197176287,98696.95596828953,0.0004845938684823192,143646.95164465043,0.7277288505539956
62.90_-110.70,36.957841686752545,15.733437189980158,-0.0005124744704130966,15.798265210487415,4.036987084132804e-5,34.5642332008756,0.919976515727913,0.6582584087810819,9.117865711669251e-6,0.6571049987685558,0.0002056703040389518,0.002147606002067156,0.8205965567231038,276.12399243551585,0.0018960289998250926,275.884144767038,0.0031115100171874577,6.138447751546883,0.3770477439654334,-1.4891042179531522,0.0017163596672012862,-1.706223715854115,0.01073354946340721,1.4581864385202679,0.09956471397526594,-1.309979136027987,-0.0009562839824193856,-1.189009212251935,0.007003559549217053,0.69373683271209,0.18422104468191947,99021.69751364087,0.058815647325060734,99014.25733425425,0.00010304576713615621,178359.16134898784,0.8724777829942674
64.50_-110.50,40.92396672704672,15.467114645337302,0.01145040901470347,14.018637904977313,0.01701718294673904,40.93493908170671,0.037491480208310446,0.6514156290463039,2.727263840863942e-6,0.6510706301704346,2.0523230481184207e-5,0.0019255216340704011,0.9428960536246298,275.69737025669644,0.00027958062641678723,275.6620033074547,0.00017075809730171532,2.432050878715298,0.8362972072092867,-0.4874514246743823,0.0020680829573762717,-0.7490639187824807,0.011848953878280777,1.917766457233202,0.08337978703123064,-0.5255010544307648,-0.0017570189806206337,-0.3032381533822546,0.014078802149191327,1.1650029264600648,0.0588336817899348,96032.88798983135,0.04134065739207674,96027.65839667125,6.98771604753512e-5,129944.9253762123,0.8948450361054515
65.50_-110.40,0.4999999701976776,0.4162752666170589,0.0003192285822126543,0.37589285096715813,0.0011366889621531318,0.4763231740492137,0.593769651495106,0.6530009990646726,6.143237519781067e-6,0.6522238795184203,0.0017723953961000793,0.00011312896575121181,0.5052529842615469,275.3192933097718,0.002299832613597933,275.02836448415167,0.0016526984314451099,17.003512996676783,0.5200175054926044,0.3432758043682764,0.0016753485428908854,0.13134421369257943,0.00875224452854706,1.7038474850495613,0.1373517066804766,-0.3833995849367172,-0.0016591959868813041,-0.17351129259623224,0.011571420291534129,1.2640042233345958,0.08712425959387742,95710.78481522818,0.07048588712625503,95701.8683505067,0.00020220613509713825,130541.86944665668,0.8220886409069584
62.60_-110.10,40.92396672704672,12.948773096478174,-0.001389286208145961,13.124517801808638,0.0002388107053925559,42.940734941246376,0.8069438930264056,0.6547399863364205,3.774556589219306e-5,0.6499651722510581,0.003348184755032735,0.0022608007205299954,0.35943733194148647,276.49054051959325,0.0013731302995949582,276.3168395366945,0.0020409751425906064,4.9082378632865655,0.47458211968536823,-1.11801240557716,0.0013888739013314878,-1.2937049540955934,0.007964291437048243,1.2868214935912987,0.15656872032328545,-0.3103104697333442,-0.0008916019476303471,-0.19752282335810528,0.008504643287487124,0.496621743517437,0.14309113993470693,99179.01100570436,0.18471708580228305,99155.64429435038,0.001008282892077772,179792.49288074774,0.6154426139098073
54.90_-109.70,49.008760078416344,10.492652529761905,0.003358309714745385,10.067826350846614,0.0006364815375942134,94.14461783624604,0.6898740675204356,0.6583241668958513,-1.0705522917036911e-5,0.6596784155448564,0.0003762436518877088,0.0016184019975669641,0.7590327336672766,277.71515183221726,0.0010532241607515917,277.58191897588216,0.0008320952944208537,7.082855410954459,0.6481842120822485,0.6824123216053796,0.000724214463138467,0.5907991920183635,0.0042043079074092216,0.6627957101861461,0.3042404150603443,0.12795489174979074,-0.0005929576493646296,0.2029640343944164,0.006432874373962338,0.29039029481194545,0.20328277468719624,94402.32449776786,0.1076959776881557,94388.7009565903,0.0010538372477121305,58474.32777208513,0.6075641626278848
62.70_-109.60,25.059466565868206,15.773049975198413,-0.006475202029262961,16.592163031900178,0.011290075647799713,19.73102334131742,0.09110444437278396,0.6665132320116437,3.628347452148926e-5,0.6619233724846753,0.0028974559553384127,0.0024140191458903075,0.3940301552799844,275.8551781063988,0.0026695855740411206,275.51747553128257,0.0031211748302949482,12.13135784386096,0.3763054442325398,-1.0698159460037473,0.0013148582081518253,-1.2361455093349532,0.008130524749244361,1.1297415026300819,0.1522768875665992,-0.2591494454277886,-0.0008966031613665935,-0.14572914551491453,0.0118700940737555,0.3598207352858851,0.08310169730206611,98507.21735491071,0.028948666912436843,98503.55534854629,2.7678155625321388e-5,160864.34964219396,0.9337045055870972
56.00_-109.00,4.00849519815074,1.84322296626984,-0.0027819980957498893,2.195145725382201,0.02949548356863363,1.3941129198232993,0.005843383250404906,0.6947378440508767,1.719609173754147e-5,0.6925625384460777,0.0003911921638922733,0.004016143072309813,0.7544417561652466,277.45348152281747,0.0008710514994651541,277.3432935081351,0.00015479848923982686,26.04118623595864,0.8440330225162744,0.4418272366599431,0.0009131711121330216,0.3263110909751159,0.005657573977929986,0.7830940117980871,0.23300203412326298,0.0027495036049494668,-0.000682923109845312,0.08913927700038143,0.009384947157924262,0.26402898300410055,0.12380876130815262,96435.80465649802,0.03053539359876511,96431.94192920778,5.944700608628839e-5,83332.97249502868,0.9029683892979306
55.90_-108.40,4.00849519815074,1.7558787512400789,-0.0002549454655263765,1.7881293526291655,0.0003605232567365224,0.957857963671415,0.7639696304747161,0.695880497258807,1.446059529069604e-5,0.6940512319545339,0.00026893603500921515,0.0041310757787552735,0.7953805653232902,277.52674502418154,0.0014011642280749954,277.34949774933006,0.00043107474099657317,24.19721160144649,0.7426453864972429,0.24964206180875265,0.0007143967572656473,0.15927087201464826,0.007495185735781562,0.3617731785483843,0.1694336675169659,0.0590258552914574,-0.0005431611730967291,0.12773574368819363,0.00965714260493733,0.16231124409048586,0.11844011372791052,96468.72132316469,0.03944123456765822,96463.73200699188,0.0001001979473130854,82486.33211384508,0.8742375645916214
54.80_-107.30,4.00849519815074,1.6458100818452377,0.0013613604763610709,1.4735979815855622,0.010761731355480197,0.914963869866692,0.09911654737293941,0.6972556350723146,-8.081203837834249e-6,0.6982779073578006,8.2078976903599e-5,0.004227270163285708,0.8860903552873532,277.68377588665675,0.0006754567726880915,277.5983306049117,9.762705132299043e-5,24.829316522435374,0.8758483681230201,0.32982869375319707,0.000658427027934337,0.24653767471950344,0.006309186734510086,0.36507469786434293,0.2077106911112654,0.12587000831725106,-0.0004974025755229739,0.18879143412090726,0.008181183459886165,0.1606718312770408,0.15099532374148625,95953.8324342758,0.04250070757343299,95948.45609476775,0.00013580402071999842,70667.46437646127,0.8538012566645706
54.70_-106.80,4.00849519815074,1.6665930369543642,0.001372512974288618,1.492970145706854,0.010089273936299659,0.9920026197881597,0.11043213863730214,0.6972911178119598,-1.548429610209115e-5,0.6992498812688743,0.0003049446750617024,0.004177358010577361,0.7824320226956831,277.5913454086062,0.0007226786802184259,277.49992655555855,0.00011319175214929977,24.51407547022476,0.8664027882075516,0.42299353130280026,0.0006322602705098657,0.3430126070833023,0.006145467606665012,0.34560233473004043,0.21374662563504207,0.2221602333916558,-0.0005683537941169773,0.2940569883474534,0.010716522345424861,0.16014871897443325,0.0998365496090956,95696.34433903769,0.11407625368561515,95681.91369294646,0.0010426704048838165,66310.64767822447,0.6094753191156376
57.40_-106.60,14.991610694351039,6.269205729166667,0.00017243294490961364,6.247392961635601,2.0630430987100823e-5,7.657235529318274,0.9427473627278006,0.6767410106129117,-5.098875098586042e-6,0.6773860183128828,4.02057929523858e-5,0.0034355789364253013,0.920138764891687,277.00784543960816,0.0012483007882946842,276.84993538988886,0.000653402842817008,12.670603061912708,0.6859930126921245,0.4962589702908955,0.0008051109901374727,0.3944124300385052,0.004229658053902519,0.8142280648760352,0.30278086990530817,0.29073855990455266,-0.001309903735479421,0.4564413824426994,0.02362850348084089,0.3858178893438646,0.01390566518451647,95484.31259300595,-0.037684855463333944,95489.07972722205,9.77734129244956e-5,77170.75489617806,0.8757560857502616
50.10_-105.90,22.923860774940295,6.938472687251984,-0.00020016901209860325,6.963794067282458,8.720256244321156e-6,24.412050554936748,0.9627592167868967,0.6852478763413807,1.1094120226755798e-5,0.6838444701326961,0.0002465114077766506,0.002652702398461644,0.8039176332508796,278.9292282831101,0.001716923559233328,278.7120374528671,0.0008357883303813374,18.738957782767343,0.6474565500700936,1.0881721027313718,0.0003910907523890497,1.038699122554157,0.0008068059269776828,1.0072234530336683,0.6532201885677005,0.25392176612975104,-0.0006773776173024959,0.33961003471851675,0.007935994574436389,0.3071850939219258,0.1573127404357063,93711.79275173611,0.09905821554268528,93699.26188746995,0.0012672876555113177,41138.23094263705,0.5732807582510131
55.00_-105.10,13.008548174204407,4.283420138888889,0.0011178582301698528,4.142011072772403,0.0011323156590350436,5.863349198556253,0.5944814682729395,0.6833295377473982,-3.403077550513261e-5,0.6876344308487975,0.0015710342410715228,0.0039164975331879405,0.5305298526717055,277.78480166480654,0.0012570502577610694,277.62578480719975,0.0005724722200548538,14.665290896737856,0.7051202454715846,0.37468468953692724,0.0008875572379900296,0.2624086989311885,0.006654441721116844,0.628956963817563,0.1956228513565736,0.022548145718044706,-0.0006109344112658296,0.09983134874317215,0.010768762926963271,0.1841463755277243,0.0990050664064821,96950.72925967262,-0.04760752128414631,96956.75161111506,0.00014324437395274447,84064.64488310537,0.8498955116908211
58.20_-103.50,20.025538630109622,9.455415271577381,0.000719642032870775,9.364380554419228,0.0001793883576278743,15.338348658300625,0.8322706276507054,0.6705987122323778,9.072257417795529e-6,0.6694510716690266,0.00013760537780282966,0.0031778627606209794,0.8528456979998469,276.47438654823907,0.0014465464256399022,276.29139842539564,0.0010459506489962633,10.629023694440988,0.6089125883281595,0.36244859392680817,0.00070625674092643,0.2731071161996148,0.001763853996564646,1.5024581867359732,0.5062825405031154,-0.10019258468870133,-0.00160047319172652,0.10226727406470344,0.018536250374138086,0.7342006032180659,0.029786309249671173,96560.23719618056,-0.10846553849068248,96573.95808679963,0.000674881479393985,92618.09824426389,0.6811498751403992
20.30_-103.00,4.00849519815074,1.6910342261904763,-0.00046918041414241386,1.7503855485794917,0.28975157850432665,0.004036395876802499,5.581631226585702e-24,0.7607616857876853,7.557452196144371e-6,0.759805668084873,0.03420797081872429,8.870810878852452e-6,0.0029230298882243905,288.5412868923611,-0.01435669124450345,290.35740833479076,0.23536589753496906,4.652699450308794,1.750072241663104e-18,0.22013204816787962,0.0002809223509665072,0.18459537077061647,0.0013206467145707723,0.3174868552606294,0.5653070100500042,0.22934688083709232,-5.6187070987380134e-5,0.2364545453169959,0.00036132193972360227,0.046421403742243024,0.7637160111816387,84583.95545014882,0.4633848352824352,84525.33726848559,0.07670408222794167,14873.218972906852,5.181236989954597e-6
56.60_-102.70,16.05941358981545,6.5978887648809526,0.004563579890160795,6.020595908775612,0.01092043327748049,10.132375161350621,0.09663304712689508,0.6757812812214806,-4.094159626280245e-6,0.6762991924142051,2.514826474098175e-5,0.0035412887097772986,0.9368003541250076,277.02499341207835,0.0005176651656713069,276.95950876862094,0.0001120147472966071,12.710495931441212,0.8670927803919171,0.2611903008960542,0.0008877721667888566,0.14888712179726388,0.00514643256186087,0.8136480345930914,0.255447337480769,-0.2323831073821537,-0.000889328901662515,-0.11988300132184555,0.00923312671152876,0.45510942860274395,0.12691875766885885,97319.62211681547,-0.1296722606327935,97336.02565778552,0.0009339566230498475,95654.91145298652,0.6287883488949398
57.10_-102.60,16.97467321449858,8.189646887400794,0.0015131360908239805,7.998235171911561,0.001144716211541219,10.626688801736433,0.5924676570516543,0.6763455839384169,-1.2601436580283423e-6,0.6765049921111576,2.691705455637461e-6,0.0031343854117465908,0.9793045100855119,276.7511490110367,0.000601506436902963,276.6750584467685,0.00013252538320362994,14.505119319045175,0.8555574231365473,0.20183312703692724,0.0007292187891315953,0.10958695021178044,0.002647682153693265,1.06706203441002,0.4152645553081787,-0.17187886011032832,-0.00121204540847078,-0.01855511593877468,0.011963369746928798,0.6524152016263449,0.08188646021892064,97324.12608506944,-0.1264219454995752,97340.11846117514,0.0008655744190977366,98102.56027115631,0.6416574098143558
60.50_-102.30,20.330625171671272,7.785737537202381,-0.0021594917970692044,8.058913249531635,0.002153372675381071,11.505983195796091,0.4626379744231638,0.6636265052689446,-4.7951374203002984e-5,0.6696923541056246,0.0059278310172363735,0.0020608487381621383,0.22209316218927777,276.27286008804566,0.0010580413851839017,276.1390178528199,0.0008427122380995078,7.057742770547576,0.6460975010556858,0.34797260496351456,0.0005131710424184674,0.28305646809757845,0.0011580960509153249,1.208146273495274,0.590310453047328,-0.26489837585933623,-0.0008595546723633558,-0.15616470980537173,0.0069158026542553985,0.5676024151700158,0.18701330771887076,97314.59830729167,-0.12244650526915489,97330.08779020821,0.0006924796924654419,115033.82558663051,0.6772483230571335
60.20_-102.30,21.856057879476793,10.56125217013889,-0.007158881384634622,11.46685066529517,0.014196519497155946,19.179985124487544,0.05777120384685596,0.6632625649845789,6.859608685089543e-6,0.6623948244859151,0.00016672736041212222,0.001499448742810914,0.8382141441847172,276.1842428540427,0.0009499503236934628,276.06407413809546,0.00045279072231363404,10.588735169303085,0.7364751335235852,0.2746761639912923,0.00044211602090373533,0.21874848734696978,0.0010840539537867455,0.9579909877552689,0.6024559686583822,-0.18281287238711402,-0.0007859779904780607,-0.08338665659163935,0.007428800240277922,0.4418164737367273,0.17134913814227729,97262.13005332342,-0.14843327904737158,97280.90686312292,0.001037108051035629,112869.96058285596,0.6104320996960702
54.60_-102.20,14.381437611229558,5.763950892857143,0.0018440964168921904,5.5306726961202815,0.003161364513538767,5.7152139102455966,0.3732404577597831,0.6810506497110639,-2.384334037994425e-5,0.6840668322691268,0.00076880694474879,0.003928771001080014,0.6609682052156585,277.83371892051093,0.0009621800286502214,277.7120031468867,0.0003169032863392651,15.521216242455719,0.7783150961739305,0.17969189749823677,0.0007828654933110197,0.08065941259439277,0.00952918762158439,0.341710433829945,0.12093137984161542,-0.13892762623136007,-0.00037875510483495613,-0.09101510546973812,0.004845245352474992,0.15730445852813002,0.26990908027356264,97887.67370411706,-0.09324391041611832,97899.4690587847,0.000479495149020126,96337.7624164442,0.7291090189674754
62.90_-101.90,22.313687691817904,8.35189189608135,0.00038970472394723744,8.302594248502023,6.419181094841075e-5,12.569891486336473,0.8991900504342974,0.6552250281212821,-1.0041545223290856e-5,0.6564952835920285,0.0006893569123532783,0.0007771355535789957,0.6779363809848835,275.6258796812996,0.001813354641850442,275.3964903191055,0.002075017545933533,8.419446453705598,0.47091290714051703,0.7600005997551812,0.0006922049011019338,0.6724366797657866,0.001187412512915209,2.1439148606884597,0.5856393111488876,-0.7006080112760029,-0.0008220549061121547,-0.5966180656528154,0.002683301161464313,1.3380490945146366,0.41213611390024085,98485.7808469742,-0.18963868141681345,98509.77014017342,0.0013420540827198124,142371.69391144637,0.5621679593917713
62.30_-101.80,1.7203461364424584,0.7034737723214243,0.0003372375651262835,0.6608132203329494,0.0005388803160322198,1.1212937095047253,0.7135136404299125,0.6560522421957955,1.3553541180729858e-5,0.6543377192364331,0.00266095975305336,0.0003667812019147258,0.4140943103605488,275.8938278924851,0.0021663484651292253,275.61978481164624,0.0010613374125176822,23.493243169601353,0.606287697164083,0.7150806623791891,0.0006003876477761629,0.6391316249355045,0.0008773562867505635,2.1828672279113803,0.6393969872157432,-0.5362335538107251,-0.0007994784116125513,-0.4350995347417374,0.0027685055331534425,1.226613956950441,0.4047909570948703,98178.36021205357,-0.17746227880216384,98200.80919032203,0.0012356951134057104,135406.83739653375,0.5781063724333526
60.90_-101.20,20.025538630109622,9.053792317708334,0.0011028304232017915,8.914284269173308,0.0007243148706737035,8.921335886199161,0.6703354663076155,0.6653439364736042,-2.549229588745818e-5,0.6685687119033676,0.0016092865116204003,0.0021454793854075865,0.5255593347957094,276.0290992373512,0.0010384008473681033,275.8977415301591,0.0007887211503564417,7.263507621900291,0.6568798541174254,0.6140878238375225,0.0002929834448298077,0.5770254180665518,0.0002327500758249057,1.959458847329926,0.8093621593405287,-0.40179732489207437,-0.0007654032263757083,-0.30497381675554724,0.003220342418351896,0.966536680684567,0.3688050836771687,97714.43560887896,-0.17355207733436664,97736.38994666176,0.0013059079039359212,122542.54570590543,0.5674879069072936
54.10_-101.00,12.093288549520366,3.8357902405753967,0.002371067413716112,3.5358502127403084,0.006739113517628792,4.432256114510771,0.19278446158561952,0.6819864010053968,-4.784171005584813e-6,0.6825915986376032,2.8616553058413707e-5,0.004249480930431277,0.9325926368712716,277.91305493551585,1.1236711937306384e-5,277.9116334914558,4.3776275271412146e-8,15.324259575129624,0.9973604573199473,0.2352668292938717,0.0008061682421078519,0.13328654666722842,0.007814231323440834,0.44188058868734525,0.16056003627508456,-0.15228754376608228,-0.0004469316548812417,-0.0957506894236052,0.005921519906205042,0.17922098236240736,0.22234089073664537,98292.3324342758,-0.11523162303262013,98306.90923458943,0.0006995612871500967,100845.7048209334,0.6756947051120619
52.90_-100.80,4.9237548228347805,1.6066196986607122,-0.005995891402041948,2.365099961019019,0.096718740950551,1.9748617490042244,2.2931911954236724e-7,0.6999916509976463,-2.3079472970814883e-6,0.7002836063307271,6.776723913248794e-6,0.004176108734328348,0.9671678882151469,277.8436802455357,0.00012364300913230155,277.8280394048805,2.912079688277558e-6,27.891745433728673,0.9784741835685754,0.47678391138712567,0.0012599675165890724,0.317398020538608,0.009169763968427502,0.9198147217369973,0.12824204652613053,-0.21903869083949498,-0.0006726230041557041,-0.1339518808137984,0.006201569000853779,0.38759812591894066,0.21165539375085904,98203.44354538691,-0.2603503763273651,98236.37786799233,0.0037619057325722904,95730.05905676784,0.33124414870968566
53.20_-100.60,18.34756265152373,9.292371961805555,-0.006009442168508353,10.052566396121861,0.003975141853980069,48.267577767424925,0.3178551506767854,0.6633608388522315,8.224773849720992e-6,0.6623204049602418,0.0005023343950149028,0.0007154756058682721,0.722989077376945,278.5800490606399,0.0019283702918305142,278.3361102187233,0.0004970769294366795,39.746333600617156,0.7243837928788586,0.3722742852710542,0.001276792194221944,0.2107600727019783,0.008374701582404387,1.0342151921556315,0.14620957768600412,-0.21415975358751085,-0.0007555716068838842,-0.1185799453166995,0.005978214493863043,0.5073639218847864,0.22012715215557105,98272.45545014882,-0.09254015663770665,98284.16177996348,0.0004741193248248843,95964.94509964988,0.7305731150267443
52.60_-100.40,25.059466565868206,15.79361591641865,-0.005606814621689229,16.50287796606234,0.003144488143715929,53.11561921993335,0.37452325014417265,0.6792744842786638,-2.5130616167136683e-6,0.679592386573178,1.2186805797620437e-5,0.0027533168932164444,0.9559813041063756,278.44932725694446,0.0019486975399737394,278.2028170181378,0.0005945872804201668,33.932282599847674,0.6997469343890601,0.3160018088325622,0.00073513940016572,0.2230066747115986,0.008181880010876608,0.35093453522363977,0.15097778678067153,-0.13034395187620132,-0.00046651781973856414,-0.07132944767927296,0.005134474896019592,0.22520615492623794,0.2560030914039183,98255.59433903769,-0.10337316565190396,98268.67104449266,0.0006107048361729817,92965.98795773144,0.6959026449229795
53.80_-100.20,11.940745278739996,5.723380921378968,-0.0069646988901864776,6.604415330987558,0.03279631186504184,7.858135231877237,0.0035964587237468826,0.6910800640545194,-2.073939905880021e-5,0.6937035980354576,0.0005502756399292652,0.004152903740469139,0.7106338653719343,277.5289035373264,0.001205031263931194,277.3764670824391,0.00040289055815223573,19.14914357707056,0.7509156363125266,0.3504702023097447,0.0010892272732756707,0.21268295224037234,0.006506413055164639,0.9688023854828947,0.2007023819819155,-0.18779837895953466,-0.0009206817774968403,-0.07133213410618437,0.007837503623432829,0.5746205537172961,0.15993359646132085,98369.66179935516,-0.13775136900637616,98387.08734753447,0.0010069969020786163,100116.00901857734,0.6156682273818348
52.10_-100.10,4.9237548228347805,1.5434919084821406,-0.0038300235059901618,2.027989881989896,0.03941723558190058,1.9772269970053153,0.0013604316181590672,0.6994654952533661,2.4084989391583142e-5,0.6964187440953308,0.0007248888085211735,0.004251687534993378,0.6702124953405841,278.1471431671627,-0.00010669329200232803,278.160639868601,1.931007711841737e-6,31.32059749832177,0.9824705799651405,0.42855644982958596,0.0011874464390087477,0.2783444752949794,0.010723082611166057,0.6986315960130592,0.09973172111221187,-0.4200962460230267,-0.0004983869640675156,-0.35705029506848596,0.002129501193225747,0.6197196639776984,0.4651343188560068,98443.30465649802,-0.23042490598963078,98472.45340710571,0.002925033775370567,96442.34653013825,0.39178214505946296
65.90_-99.90,5.533927905956261,1.8770267547123016,-0.0008657840962284864,1.9865484428852052,0.0022131857895199003,1.7994556638537573,0.4564751765951576,0.6572870536456032,2.2610694998948547e-5,0.6544268007282362,0.005295695032592529,0.000512914140510265,0.24863233942880147,274.8554454985119,0.0017529193731145435,274.6337011978129,0.001657636531176232,9.848597492286954,0.519393633454943,1.0367882516649034,0.00027403602492913565,1.0021226945113677,0.00028317892690243873,1.4089455267877002,0.7901541277886114,-1.105850446791876,-0.0001298472345867002,-1.0894247716166583,6.184398703223959e-5,1.448464130525044,0.9010412467087789,99646.82052951389,-0.25989407992442054,99679.69713062434,0.002148049459559709,167066.09164047072,0.4631928031130186
51.70_-99.80,4.9237548228347805,1.9020027281746021,-0.006658893288834138,2.7443527292121206,0.12511197993323253,1.8829770611380867,2.2423350793700717e-9,0.7022590041160583,3.3194908550293227e-6,0.7018390885228971,1.336458358724979e-5,0.004380536843341705,0.9539055227436003,278.1517857142857,-0.0005922683431060249,278.22670765968866,6.700664243530774e-5,27.813714936774225,0.8970153987531977,0.3190787557571653,0.0008978661312284823,0.2054986901567623,0.011888725867434946,0.360269653732639,0.08285742500030709,-0.30768692682659815,-0.000186414700313385,-0.28410546723695496,0.0005635401510855065,0.3276236661807474,0.707324068196251,98462.681640625,-0.1552027380080656,98482.31478698301,0.00136895353251143,93486.70785443431,0.5582705358325697
51.20_-99.70,4.771211552053501,2.0417092943948414,-0.001360323179449531,2.2137901765952073,0.008105995172551062,1.2128795451022716,0.15290181229363162,0.6993621351226927,-8.163764461127238e-6,0.7003948513270254,8.69327091942429e-5,0.004073216869287876,0.882794068053586,278.2983844091022,8.503802553994458e-5,278.2876270988714,1.4267304778714518e-6,26.929247218204967,0.984932002901153,0.673336490752205,0.0006696492770308361,0.5886258572078042,0.007480308557712312,0.3185041620985667,0.16986080617521143,-0.14396932390001085,9.736820519051704e-5,-0.15628640185661125,0.00026285277716253663,0.1916291509046534,0.797657779923944,98143.41973586309,-0.01038768240139386,98144.73377768687,6.805826889277888e-6,84235.71048231563,0.9670975035897289
62.90_-99.60,0.8050865117593275,0.5093044704861068,-0.00018522505299243503,0.5327354396896499,0.00030955421795830773,0.5888471064075784,0.780835000108403,0.653421281822144,5.511735425655448e-6,0.6527240472907986,0.000905895587186456,0.00017817156576597118,0.6339971260138948,275.54175967261904,0.0017272758409942013,275.32325927873325,0.0008023230161441353,19.75667985155966,0.6541227404116692,1.110013000548832,0.0002180320607721176,1.0824319448611592,0.00011208498695447489,2.25337301698354,0.8670514997655567,-1.3015310953533838,-0.0003108143540160035,-1.2622130795703594,0.000319759260985375,1.6051618109260106,0.7773443255377628,97986.39592633929,-0.21154503304774502,98013.15637301982,0.0017579078489209365,135253.76907384244,0.5070013898190191
51.70_-99.40,4.9237548228347805,1.85005890376984,-0.0031495695471923813,2.2484794514896764,0.02827008582349655,1.8642969724312268,0.006999358561898174,0.7012824718914334,3.8669477106762676e-6,0.7007933030060329,1.7955772962818806e-5,0.0044245826244155816,0.9465815615392453,278.2367020864335,-0.0007196704093305865,278.32774039321384,9.891091489122594e-5,27.820369210078436,0.8750412783297661,0.4090968919178796,0.0007782280474821573,0.31065104391138676,0.008346859909986626,0.3855053850102941,0.1468875549095113,-0.17332432762024894,-4.6890027383609554e-5,-0.16739273915622233,3.995664048095371e-5,0.2923558730297693,0.9203857811230385,98605.10227554564,-0.1594942487953325,98625.27829801825,0.0014039289134208932,96268.62138236623,0.5532789725056307
51.80_-99.10,12.398375091082016,7.416221013144841,0.004176206063544619,6.887930946106446,0.006653733933057682,13.926379465403986,0.19564678117033907,0.66253528992335,7.228931742166585e-6,0.6616208300579659,0.0006044156539015688,0.0004593591380630623,0.6973956955689442,279.1750972687252,0.0015005327319673873,278.98527987813134,0.0002657458427891557,45.01572855157191,0.7965713230834897,0.3949793633960542,0.0006584533905808711,0.31168500948757405,0.008239724533519066,0.2795613955315211,0.14952936662417846,-0.08503261445060609,8.844818090038753e-6,-0.08615148393899599,2.0437137663309457e-6,0.2033749954099241,0.9819663530249835,98397.99910094246,-0.13439457221462353,98415.00001432761,0.001055528120706306,90914.56527495066,0.6072758910597809
64.50_-98.90,8.889879863128954,4.1707046750992065,0.005925953863821957,3.421071511325729,0.0846352819264391,2.2044736021709257,1.525813154348456e-6,0.653861697704073,6.6873876024903485e-6,0.653015743172358,0.000803978762156321,0.00029553452999827136,0.6537890350751949,275.35790046812997,0.0015389471355941751,275.1632236554773,0.001135696092437577,11.07962566580981,0.5939311009327526,0.7501710331629193,0.00014015698598421905,0.7324411744359156,6.827636050499297e-5,1.5286179403000706,0.8960496651062402,-1.0591110804724315,-0.00010634896282807282,-1.0456579366746803,4.670077257296068e-5,1.286714717011846,0.9139525946929041,100574.0070374504,-0.28033368420258364,100609.46924850202,0.0022534681134948054,185284.44800741368,0.45239696398066614
51.20_-98.90,25.059466565868206,10.628321087549603,0.007289101507929322,9.706249746796544,0.010813245476222755,26.10548404116019,0.09830295131710957,0.6939255860116746,-2.692233787754468e-6,0.6942661535858256,9.214349886432771e-6,0.004179272193922575,0.9617194912305114,278.48280358692955,0.000917287736933407,278.36676668820746,0.0002457308548786674,18.192454585512348,0.8042220748779269,0.5832292238871256,0.0009728237397999369,0.4601670208024336,0.008805135785484919,0.5710472947923221,0.13615907213881337,-0.20446000780378068,0.00015795084844349793,-0.22444079013188317,0.00027031148675971117,0.49036474728598295,0.7948694941031326,98551.72925967262,-0.09125000386652149,98563.27238516173,0.00048282771241792144,91624.87813758741,0.7282060059263781
50.30_-98.60,4.9237548228347805,1.9765198722718236,-0.0026814191070041408,2.3157193893078474,0.019228796953974725,1.9866305139239304,0.02683418284085604,0.6838854239100501,5.340026377966159e-6,0.6832099105732374,8.459247087966304e-5,0.001790997212727257,0.884371320308467,279.0995706225198,0.0007590659061710983,279.00354878538917,7.683964318905279e-5,39.83946035099476,0.8897621752338551,0.6548651210845463,0.0006947672038859045,0.5669770697929793,0.005038172209406944,0.5090324011843671,0.260533298275732,-0.23776582687620132,0.000436822795660746,-0.2930239105272857,0.0024633617498124316,0.4115496250507583,0.4320295660637672,98410.35227554564,-0.05661384494489574,98417.51392693116,0.00019944960285567248,85379.17269274971,0.8232855471883855
64.00_-98.40,8.279706780006563,2.8009091331845237,0.0038001026344696514,2.320196149924113,0.016057123909994475,4.778182241274812,0.04339903476542127,0.6637820601463318,1.82924471560677e-5,0.6614680655810892,0.0014799749339841073,0.001201238033124728,0.5427089109412432,275.0000406901042,0.0015339327405346618,274.80599819842655,0.001229484434846495,10.167856663584233,0.5790644877379529,1.0855504974486336,1.2585942518331362e-5,1.0839583757200648,4.3385971137954726e-7,1.939822446240852,0.991690460227926,-1.204208116682749,-0.0001160862992437503,-1.1895231998284146,4.868431501603432e-5,1.470661369558247,0.9121513950209332,99823.66179935516,-0.2529667731530119,99855.66209615902,0.0020407583763943915,166600.07400861714,0.474605630974346
57.20_-98.40,9.042423133909324,4.197746155753968,0.002804711712626254,3.842950124106747,0.006030598654380714,6.930360813004571,0.21810486858121364,0.6824742281247699,6.598613907553239e-7,0.6823907556588393,6.963349805655383e-7,0.0033222096818301666,0.9894729491010237,276.41375441778274,0.0005182121905868901,276.3482005756735,8.74918979607564e-5,16.307494045898327,0.882420411915698,0.28661967837621294,0.000596699623370398,0.2111371760198576,0.001702039494873464,1.1114289628619705,0.513842013576494,-0.5431392457750108,-0.0005984434598048748,-0.46743614810969414,0.0035828178018509904,0.5310817071908536,0.34307008540155126,98381.78878348214,-0.21475410528505215,98408.9551778007,0.0021379635852825096,114609.98649656223,0.4642469303040051
62.70_-98.10,2.483062490345219,0.7684926835317415,0.00039855854555615464,0.718075027518888,0.0006044689147611804,1.3962079119744195,0.6973830140397224,0.6574695838822259,1.0416938325500873e-5,0.65615184118405,0.0011984885090918773,0.0004810454677630133,0.5838939236492297,275.70884874131946,0.0014231003299525406,275.52882654958046,0.000516653031811809,20.82628812168276,0.7192317147906198,0.9267292703901019,4.290133836717754e-5,0.921302251086654,5.976402463248043e-6,1.6362198667311378,0.9691664773110814,-1.5023987633841378,-0.00018720265052646083,-1.4787176280925405,0.00012979875672225472,1.4344759460750096,0.8570350736431314,100194.59433903769,-0.27503884623842295,100229.38675308686,0.0023283278776377037,172617.07486012185,0.4449669409380645
50.40_-96.90,15.906870319035079,8.981081039186508,-0.013088206005734267,10.636739098911892,0.05293933680220808,17.191808453352838,0.00018529287577024207,0.6956305437617831,1.610025693551581e-5,0.6935938612594403,0.00035320311550091077,0.003899248409986666,0.7663085073203525,278.59702652219744,0.0005429073997277405,278.5283487361319,5.047598718421753e-5,31.02462326991432,0.9105560920167036,0.6720053430587526,0.0007404734423144601,0.5783354526059734,0.004491004768636175,0.6486572452082968,0.2882416228139444,-0.15801128508552673,0.00045418241532953956,-0.21546536062471347,0.0019367372266448912,0.5658870385083646,0.4861105377592436,98869.71735491071,-0.11898135214178107,98884.76849595664,0.0008229724860797649,91392.86673009241,0.6499901198042055
51.40_-96.80,1.110173053320068,0.7009432353670609,0.0002473976933645076,0.6696474271564508,0.0007204018564730408,0.4513945225662783,0.6711753970109631,0.6831585424286979,-3.883967865502459e-6,0.6836498643636839,2.742000111188858e-5,0.0029229649253264167,0.9340136986979469,279.7335902622768,0.0014456076225049935,279.5507208980299,0.00018755284888638535,59.1993597262477,0.8285534669665675,0.48904907135736375,0.0009705506938321049,0.3662744085876025,0.011651177730330864,0.42954279383205973,0.08603010806318252,-0.04635182638016958,0.0003753707342939416,-0.0938362242683532,0.0017076328711607136,0.43839554236757533,0.5131499972282751,98890.41576760913,-0.1113019249231195,98904.4954611119,0.0006929546538549936,94981.79019298687,0.677143831703617
51.30_-96.50,1.110173053320068,0.6587650359622989,-1.368917036071696e-5,0.6604967160129296,2.186590405184319e-6,0.4553303873110056,0.9813467421698153,0.6844116704804557,1.4629684092701154e-5,0.682561015442729,0.0003741394478047333,0.003039318485288601,0.7596869339432426,279.6368795727927,0.000652077682060673,279.554391746012,3.9425636782164375e-5,57.30067949671451,0.9209148404186683,0.4993378548395066,0.0009686924933993171,0.376798254424493,0.011207376048088857,0.44484400303757,0.09231114790197345,-0.007080062987312438,0.00042458027552858885,-0.06078946784167893,0.0021547286376780717,0.4444949807307219,0.46249681316583496,98784.181640625,-0.11946839324895037,98799.294392371,0.0008283698222127933,91542.25208376699,0.6489202408295425
64.10_-95.90,4.618668281273131,1.8606460813492036,0.0039283975522716305,1.3637037909868424,0.034150030963009725,2.4009304391601356,0.0029480047372908024,0.6589121146807595,-1.1668331621577398e-6,0.6590597190757724,1.6557147710205555e-5,0.0004368897138286186,0.9487012374564784,275.27202690972223,0.0019178481174586428,275.0294191228637,0.0013917763498952906,14.041024097302888,0.5550037721356355,0.8943283217293876,-0.0001102191372168408,0.908271042587318,4.827557495856727e-5,1.3369845085901946,0.9125194789178108,-1.4170231743464394,0.0003563687583608588,-1.462103822279088,0.0006167503126184304,1.0940311442887052,0.6944757683643478,101002.45941840278,-0.29489167658839516,101039.76321549121,0.0024049295254219283,192115.53781929708,0.4375566277862612
49.00_-95.20,31.92391375099396,9.972900390625,-0.0021147225310362166,10.24041279080108,0.00044096251421432697,53.88215150586162,0.7398150552213298,0.6746981796764192,5.350787692664669e-6,0.6740213050332972,5.164793757006514e-5,0.002945250721953652,0.9095280546799059,278.5628662109375,0.0011846254770701684,278.4130110880881,0.0005251093083419311,14.198819427138782,0.717040214565045,0.7392292703901019,0.0006536952990293285,0.6565368150628919,0.002580573039887568,0.8797806053292566,0.4212546379882728,0.14396741655137804,1.098495238159462e-5,0.14257782007510633,1.7101800218188856e-6,0.37488178958176627,0.9835031735467153,97663.81656125993,-0.014769177688830593,97665.68486223757,1.9210098822886046e-5,60328.54456463716,0.9447500965977423
48.00_-95.10,4.00849519815074,1.4734816778273794,0.001269989374213106,1.3128280219894215,0.007192455148128274,1.1914143541962476,0.1783714967883585,0.7071282835233779,3.4617650467250916e-6,0.7066903702449672,1.3704694715177546e-5,0.004645854746298369,0.9533233388100769,278.8903537326389,-9.968229261572195e-5,278.9029635426548,1.6121555409531751e-6,32.74680332047267,0.9839828695071898,0.6085830340309749,0.0002759672718616956,0.5736731741404704,0.0008741266246539148,0.4628930157031213,0.6400147721036998,0.23825413840157644,-0.00021566002901645342,0.2655351320721578,0.0010287652815138548,0.2401943763823471,0.6118732024620634,97239.51894221231,0.027382936609481507,97236.05500073121,7.495090785547553e-5,53152.40994167069,0.8911169944060904
49.60_-94.50,31.92391375099396,9.926412915426587,0.0018805197084099132,9.688527172312734,0.00035957194731839337,52.252827084178314,0.7642721153907768,0.6778629554642571,1.2002564554410293e-5,0.6763446310481243,0.0002587271397380686,0.002958325312070966,0.7992181873425207,278.4296041821677,0.0012022983362404889,278.2775134426333,0.0005694057960050625,13.487840594678,0.7058746038730446,0.7181769855438717,0.0008343261116413873,0.6126347324212362,0.0057350040674325475,0.6448782909836788,0.22981257639750619,0.2076435543241955,2.4719708151944326e-5,0.20451651124297454,7.588820336246194e-6,0.42781127172436695,0.9652574619926947,97599.56259300595,-0.05742782973601547,97606.82721346755,0.00029183256544318414,60041.40842269698,0.7870471115925523
47.20_-94.40,22.923860774940295,6.622353205605159,0.0017671346979623384,6.398810666312923,0.0006467228753259668,25.654343296724203,0.6875180805297203,0.6874782935021415,-7.943277652077272e-6,0.6884831181251293,9.2762248854239e-5,0.003613832620126827,0.8789569959874636,279.1444886222718,0.0007838182343794405,279.04533561562283,0.00019491628877188472,16.746436503379343,0.8252729712265239,0.5815318652561733,0.00031509914223686703,0.5416718237632097,0.0011111179213676436,0.47475998270022035,0.5979568472807755,0.146623899066259,-0.00025138983647118174,0.1784247133798635,0.0010190134507094273,0.32949993268910477,0.6135670248348728,96795.51497395833,-0.018913713792486738,96797.90755875308,4.138223914895711e-5,45928.20321673512,0.9189827133893771
54.70_-94.30,13.008548174204407,5.765055338541667,-0.003656240207741409,6.227569724820955,0.008161713618413557,8.702176839706912,0.15148643708016424,0.6826387445131937,-2.8991159150643904e-5,0.6863061261457502,0.0012557185627005696,0.0035561384571497273,0.5750386392123286,277.00792100694446,3.4922085256751856e-5,277.0035033631595,4.319619858472734e-7,15.000116217236648,0.991708652690336,0.5269412464565701,0.0008014855770172265,0.425553320963891,0.0038810642636318837,0.8793877366467658,0.3236730868991986,-0.3281908640785823,-0.00013584784893009826,-0.31100611118892485,0.0003286555912463962,0.2983350796963472,0.7743500234257401,99325.04275173611,-0.2229329464796564,99353.24376946579,0.002287814671808497,115416.3902584986,0.44896432539832687
53.80_-94.20,20.940798254793663,7.035640656001984,0.00855329073375705,5.9536493781817175,0.023582074622473748,16.482545195332687,0.014001890626018101,0.6699011070387704,-9.347457588418668e-6,0.6710835604237053,0.00016061069004691397,0.0028903629032096694,0.8411697838320991,277.53236219618054,-7.311606786668496e-5,277.54161137876565,2.3139563323226753e-6,12.274683753860476,0.9808112680248726,0.5000140856182764,0.0008606409758786786,0.3911430021696236,0.005782218154344654,0.6805959834325656,0.22789333259710157,-0.2128092296539791,-5.7089808557239976e-5,-0.20558736887148826,7.000168839665921e-5,0.2473708231264218,0.8947519179565747,98634.21338665675,-0.20445650404686544,98660.07713441868,0.0022965473421748817,96708.86237672214,0.448098008406377
46.20_-93.70,4.9237548228347805,1.973822699652776,-0.00017571326366377446,1.9960504275062434,8.528333997104287e-5,1.9234668514062638,0.8839034021448665,0.6926524156615848,3.484489098815724e-6,0.6922116277905845,2.856048189237015e-5,0.002258668553244678,0.932658552816229,279.815914093502,0.000328827880881893,279.7743173665704,1.3861637713663555e-5,41.44408342893772,0.9530571376106082,0.4919613202412923,0.00019437524698641764,0.46737285149751046,0.000251378775214528,0.7985334744496765,0.8020306318633756,0.06626288096110027,-0.00031280088927671104,0.1058321934546042,0.0009185021735931276,0.5659728334444317,0.631644977347638,97070.82846602182,0.017741097416282544,97068.58421719866,3.6521160125091434e-5,45788.47846371347,0.9238745655013179
51.20_-93.30,12.703461632642757,3.7432454427083335,-0.0008441469540855952,3.850030032400161,0.0007420032959164491,5.1023482487971075,0.6665716641467516,0.6848243238433959,-1.1480074406548706e-5,0.6862765532558243,0.00018374983261115752,0.003810678147942616,0.8302741692858467,277.98540969122024,0.0012435513012180534,277.82810045161614,0.0005452391638492982,15.06885262117782,0.711902447553038,0.49809390022641137,0.0008369455334928483,0.39222029023956606,0.012702073773222633,0.292994573654735,0.07290500108275655,0.09916954948788598,0.00011061671659145948,0.08517653483906636,0.0004432147349313631,0.14667873374781512,0.7391752988923058,96670.54275173611,-0.11784304821463253,96685.44989733526,0.0012915811582963066,57124.97862378746,0.5696234976911713
46.50_-92.00,8.127163509226193,4.544704861111109,-0.0036722697952777696,5.009246990213747,0.008724874883022316,8.212015667020786,0.13797340112146986,0.6573491181646075,4.211816094877855e-6,0.6568163234286054,0.0007780057940564022,0.00012114229146258639,0.6590719462271982,280.5622926742312,0.0005012668672313375,280.4988824155264,2.2824371810670208e-5,58.48964448285527,0.9397854332779744,0.5002950410994272,0.0001438386028022846,0.48209945784493824,0.00032653124794446153,0.33664020254343474,0.7750610100052688,0.10282390836685423,-0.0001888021674901324,0.12670738255435599,0.0008644900380785359,0.219075481263371,0.6418663919303136,97247.90783110118,-0.05025119091205291,97254.26460675156,0.0003063166687509167,43798.76883595467,0.7819553323592103
53.80_-90.00,18.95773573464612,8.250189887152779,0.0037253535471093255,7.778932663443449,0.0042499748199772425,17.34955934118834,0.3016175919289461,0.6778149084439353,-1.6710462382132028e-5,0.6799287819352751,0.00043314636231228665,0.0034251695830872456,0.7420494405750397,277.0278746589782,8.636732537664163e-5,277.01694919231807,3.194520566074388e-6,12.4060368999346,0.9774547113573465,0.9970243317740304,0.0006711717198681828,0.9121211092107052,0.0021631877738090832,1.1064018524907078,0.46161771841546584,-0.2947668499416775,0.00013717287227411182,-0.31211921828435263,0.0003360065262135725,0.29752849681975996,0.7719087661904108,98952.09830729167,-0.21355956104529744,98979.1135917639,0.0024512593212573375,98852.71387721818,0.4331656166808681
15.50_-89.30,9.042423133909324,0.9552021329365079,-0.0005941269096866813,1.0303591870118731,0.30954745372216586,0.006058582505412069,3.429433241186744e-26,0.7999917902643718,2.7495416502398087e-8,0.7999883120941843,0.1685733579550085,2.3827116239352112e-11,1.0828051051703612e-12,287.3775189112103,-0.031728133827971565,291.3911278404487,0.3811231582467617,14.033420369112914,2.3658993598201886e-35,-0.14637728342934261,-7.632226599197169e-5,-0.1367225167813582,0.00029326403064999784,0.1055318444463514,0.7865379368342117,-0.49458626338413786,1.9039290119575545e-5,-0.49699473358426416,8.115613270442967e-5,0.023731215090759667,0.8867282374812644,102049.99910094246,0.13011861538881178,102033.53909609577,0.0018542473512577207,48512.20502843672,0.4955641037037097
49.50_-88.80,54.95794763885806,12.418619791666666,-0.0007016696647439999,12.507381004256782,2.688281214269228e-5,97.30396127890782,0.9346618255421922,0.6598815019168551,2.785637250857319e-5,0.6563576707945207,0.0018863369570008004,0.0021855948830062444,0.4918505276827428,277.95782955109127,0.0011491140768190185,277.81246662037364,0.0008285524687432488,8.467322278224803,0.6488841095338809,0.6986011701916891,0.0011864276325645642,0.5485180746722718,0.008880211850401443,0.8421685042653587,0.13448583836559752,-0.21361528124128068,-0.0001638149554241296,-0.1928926893801283,0.00019248050458131605,0.7407303909293007,0.8263508426828771,98073.41973586309,-0.16287016729337123,98094.02281202571,0.0024308566096542528,57978.04396090131,0.435091061100046
49.50_-88.60,54.95794763885806,13.07772197420635,-4.5868075786446124e-5,13.083524285793334,1.0538136629989481e-7,106.07109009442334,0.9959046587568606,0.6630071921954079,2.3544414971652493e-5,0.6600288237014938,0.0012294032009685374,0.0023956384980644155,0.5790770405082201,277.945316375248,0.0010755959785926875,277.809253483956,0.0007131215658432444,8.61935137038604,0.6727452950514587,0.6776302655537924,0.0013093301076327656,0.5120000069382475,0.010886889587841675,0.8366316815105179,0.09715232188978944,-0.17359365735735213,-0.00019049706597355624,-0.14949577851169726,0.0002161274205001451,0.8920855976433903,0.8161709234760053,98092.59433903769,-0.16266620242631957,98113.17161364462,0.002434803470840574,57739.1730299426,0.43471757865062766
48.70_-88.50,2.0254326780041083,0.8861219618055538,0.00027254802430594165,0.8516446367308522,0.0005987949072970844,0.6590946618832052,0.6987376343535467,0.674917373392317,-2.3863572910210766e-5,0.6779361153654587,0.0015578469249549753,0.0019421643146073373,0.5322629246024217,279.97183663504467,0.0006081794818069151,279.8949019305961,3.4869721299291e-5,56.35790856660058,0.9256105698416679,0.8151027512928796,0.0009406461158917488,0.6961110176325733,0.004969624342024637,0.9459513203161403,0.26381789368981484,-0.5995841707502093,-0.0005322426436571755,-0.5322554763275766,0.001179683257143127,1.2758327187007135,0.5868635603684791,99112.93560887896,-0.02341518841348328,99115.89763021327,4.759672130538739e-5,61200.93991033767,0.9131343105616884
48.90_-88.10,11.025485654056865,4.845610119047619,-0.0036881715972080053,5.312163826094431,0.010979309291148431,6.582441898795374,0.09572882737987773,0.7036189134158786,-6.143715228328285e-6,0.7043960933922621,4.459168965575966e-5,0.004497260469290718,0.9159107723719014,278.0618818979415,-0.00023093074219918762,278.09109463682967,1.3525684759208012e-5,20.94807197818386,0.9536288432279708,0.43895955312819707,0.0007168850981801746,0.348273588208405,0.004120859209982508,0.6625995621784893,0.3091092907792609,-0.47496200743175687,-0.00041309647957221983,-0.42270530276587104,0.0010837916948539528,0.8365597882224296,0.6024999138247364,98931.41576760913,0.07160656908878696,98922.3575366194,0.00045340101275626044,60084.58439119402,0.7363041286189194
41.70_-87.90,2.0254326780041083,1.4827163938492058,0.00016344181785000244,1.4620410038911806,0.0002522363150032625,0.5626762324761223,0.801700193142921,0.650009882828546,1.36493060115317e-7,0.6499926164564414,0.013753028373169607,7.197184203473995e-9,0.06188237022857416,283.7329566592262,0.0015393592350202065,283.53822771599613,0.00016955589731759702,74.2517817240923,0.8368664592309888,0.6615441110399034,-0.0002129604122001937,0.6884836031832279,0.00045379521205202167,0.5309793897227899,0.7361937410169608,0.314226438128759,-0.00036669913704181464,0.36061387896454855,0.0021844090800591243,0.3270586340866368,0.4594239215800132,99197.6062437996,-0.0188241042277343,99199.98749298441,3.703042099290066e-5,50840.49894429115,0.923347251344011
12.20_-86.40,9.042423133909324,8.463657924107142,-0.000194180663708801,8.488221778066306,0.0007077203187955128,0.2830675680934535,0.6739161043858077,0.6606850406480214,-8.943522115644683e-6,0.6618163961956504,0.0013501439177514563,0.0003147581050947873,0.5609903929320834,298.06625317770335,0.0032505749151310256,297.65505545093924,0.025462193473800077,2.2047754338387255,0.01059588648270649,-3.0686165567428345,0.0007271189311055787,-3.1605971015276904,0.0013361272900901389,2.1023396707069923,0.5630336757589034,-0.6858549420795743,0.00039646725910894823,-0.7360080503568562,0.0021125353219415555,0.39532155370573246,0.4669215487398633,99445.26894221231,0.2078142323187956,99418.98044182398,0.03549502433735541,6464.320969434629,0.0024197259557213586
11.10_-85.80,4.771211552053501,8.483979724702381,-0.00015686506983547075,8.50382315603657,0.0065190279259206285,0.020054390570217732,0.20026358278875236,0.6508654952049255,5.776468916193053e-7,0.6507924228731357,0.0001844169902421866,9.613106803193066e-6,0.8299709713967627,297.685798766121,0.002942630094856786,297.31355605912165,0.03504423163220627,1.3127880604015476,0.0025852850717863834,-5.505037300170414,0.002016936127769235,-5.7601797203332215,0.0035905903574686704,6.0194698855191096,0.3425452472768288,-2.8769221078781855,0.0012289870045554515,-3.03238896395445,0.0029800865272102683,2.6928088323989154,0.3873487735596743,99917.06259300595,0.11833814457490947,99902.09281771722,0.017280597261699282,4305.569248145184,0.036020859772564785
43.10_-84.60,2.940692302687239,2.0964549231150786,0.0004936141937051357,2.034012727611379,0.0008493018295334664,1.5242388776604197,0.6448103249515784,0.6502073388251047,8.546692199944341e-8,0.6501965272594717,3.3130362540045866e-5,1.1714122322382276e-6,0.9274844489618994,282.7455628410218,0.0015721529027171938,282.5466854988281,0.0001885339012256404,69.65301587057243,0.8281125508980541,0.8329695822700621,0.00018428402865580665,0.8096576526451026,0.0005443877037821787,0.3314415142769826,0.7121175687435193,0.26889184921506853,-1.997449756799536e-5,0.27141862315741994,8.829351120565043e-6,0.24008374451269224,0.9625271584489778,99013.27291046627,-0.05084658835484339,99019.70500389316,0.0003055638461908483,44953.29029970284,0.7822167531941299
46.00_-83.70,11.025485654056865,6.551087394593254,0.0023162356719601935,6.25808358209029,0.005913555964032979,4.820106081693303,0.2226539651252986,0.659989130875421,6.4751019335894004e-6,0.6591700304808219,0.002425998863331502,9.182108962196451e-5,0.43555140646729573,280.0558597625248,-0.0006636109737714868,280.1398065507069,5.316508750485838e-5,44.008888605600184,0.908214595966019,1.3330606505984353,0.0007947332610997366,1.2325268930693185,0.0024082902320500255,1.3933934690074594,0.43723584195942655,-0.07319179413810609,3.0822660824596396e-5,-0.07709086073241753,6.07116533046792e-6,0.83139615308682,0.9689231091008771,99287.51100570436,-0.1093980028736925,99301.34985306789,0.0012961151533441573,49058.58473209232,0.568945960419178
41.50_-83.30,8.889879863128954,5.946800595238095,-0.0012211119290952133,6.10127125426864,0.0014191198414692519,5.58253804566715,0.5511370345226705,0.6714818752001203,9.60597228625172e-6,0.6702667197059095,0.0010146306578360242,0.0004831861685341825,0.6143315915082539,283.1472400483631,0.0024889033176535343,282.8323937786799,0.0005718591307125598,57.552846652985174,0.7052708843113042,1.0312524598742288,-4.649036840351845e-5,1.0371334914772739,1.6619763260283804e-5,0.6909409902470206,0.94860446099525,0.45699832552955266,0.00012484815194546968,0.44120503430845076,0.00021046979801064847,0.3934723941906609,0.8185509791259398,99428.04671999007,-0.06080524797572366,99435.738583859,0.00039500099030731484,49730.606909009664,0.753287424102967
42.40_-82.80,5.076298093615151,1.8842850942460307,0.0019164340543903829,1.6418561863656473,0.01025891028459558,1.902069331105022,0.10745132253570375,0.7237842205971007,3.1650511143486285e-5,0.7197804309374497,0.0010899093026977003,0.004883271970303671,0.6014765739914576,281.20435539124503,0.0007326386345381696,281.111676603976,7.96509699625414e-5,35.803738835704074,0.8877766155107663,0.9783165719774034,5.914548855449498e-5,0.9708346676752598,2.3303621689341192e-5,0.7975531627240994,0.9391577455958734,0.28497800372895743,0.00018868621589754756,0.26110919741791766,0.0003778920548787035,0.5005556922207164,0.7585216380724848,99483.67767237104,-0.01056502685381193,99485.01414826805,1.2260290464194412e-5,48370.465511059796,0.955848923906025
29.30_-81.60,2.0254326780041083,0.9866846478174603,-0.00017260137292913797,1.0085187214929963,0.002786199239263154,0.05680886839565874,0.4032895358474782,0.742855103242965,2.4413026415953255e-5,0.7397668554013469,0.000906557844430167,0.0034929111442609105,0.6338730641768063,295.0009765625,0.005566780746039932,294.29677879812596,0.0073240490287521665,22.480025831446703,0.17442190862908744,-0.19598433328053308,-0.00015040423193583784,-0.1769581979406496,0.0004040187764725589,0.2974804153767123,0.7505785603891064,-0.01483055901905847,0.00037403466072167716,-0.06214594360035063,0.002513657843627559,0.29570410399059255,0.4273560253298218,101659.03878348214,-0.09338938535805964,101670.85254072995,0.0008030833863159614,57699.78681092976,0.6539694413202081
26.80_-80.90,2.0254326780041083,1.2619357638888888,-0.0002690381308382132,1.2959690874399228,0.0044085795579769105,0.08723058949639807,0.2927294978736385,0.7052995297643874,6.0450071979801194e-5,0.6976525956589426,0.0065087371405837535,0.0029828864953074267,0.20062145632987266,297.56044224330356,0.003443104068878823,297.1248895785904,0.0032235063698238253,19.539416139276444,0.36856920908710533,-1.0736291900513664,-0.00047607097519478033,-1.0134062116892266,0.001579939659794083,0.7621539836221118,0.529365212938335,-0.2625286616976299,0.000761609868665546,-0.3588723100838215,0.0035826280003782296,0.8602075019315881,0.34308291512341327,101654.53878348214,-0.07951677491520834,101664.59765550891,0.0006791970996136154,49460.842307692714,0.6801876449745983
46.30_-80.00,4.00849519815074,1.641330295138888,-0.0014716581279812077,1.8274950483285108,0.009486946019555798,1.2129063038448187,0.12176637062956487,0.7033154936063857,1.8013273708964912e-6,0.7030876256939673,4.74549971274385e-6,0.003632813984721392,0.9725231966395089,279.206294952877,1.1811930238766372e-5,279.2048007437018,2.143174204771725e-8,34.587894294826285,0.9981531211731596,0.6587423067244272,0.0004385590774349041,0.6032645834289119,0.003197254020716578,0.31960891362988336,0.370532676579446,0.12662180643233042,0.00021011959675160187,0.10004167744325279,0.0005609675731300667,0.4181529603442237,0.7079624918089564,99030.78878348214,-0.11880138314144138,99045.81715844954,0.00148246109653849,50582.40849606422,0.5423696484029978
43.30_-79.60,54.34777455573567,12.970672123015873,0.0014971273737161284,12.781285510240783,7.614408119449578e-5,156.39438897298547,0.8902591180855522,0.7092109568535335,8.192219299466389e-5,0.6988477994397085,0.014657795796149342,0.002432620083322745,0.05379784657537994,280.1715068514385,0.00044408573767699765,280.11533000562235,9.584491684211383e-5,10.932119794334577,0.8769777536584226,1.25540068036034,0.00018746823359447432,1.2316859488106389,0.00021441019128398686,0.8708628535833659,0.8168898262512132,0.1918054156833225,0.0004321130356278491,0.13714311667639958,0.002374012684295601,0.41787993333430096,0.4405245924629665,100595.0308469742,0.026956635039926874,100591.62083264165,7.045075065126305e-5,54800.6296839812,0.8944168208605944
44.40_-79.40,5.9915577182982815,2.6519329737103177,-0.0009833274480189535,2.7763238958847154,0.0033248227544936393,1.5451393105126887,0.36112461576262844,0.7178458571434021,2.3752275400298628e-5,0.7148411943052643,0.0007517772461672623,0.003987136272578111,0.6645146628280554,279.6557849702381,0.0005073264313815696,279.59160817666833,4.998910414610869e-5,27.355171433415137,0.910986736641689,0.8257403070964511,0.00020600373714305074,0.7996808343478552,0.0011823885276425194,0.19069082898272602,0.5864344799910959,0.05165125831725106,0.0002706039293018827,0.0174198612605629,0.0014770544444384637,0.26339741539265116,0.5431079396639861,98997.58640252976,-0.062430218074624136,99005.4838251162,0.00043666712351175807,47421.9080981025,0.741040227354705
53.70_-77.30,20.940798254793663,7.418371775793651,-0.00012727006991795694,7.434471439638273,5.986874469066095e-6,14.374482854255605,0.9691394887885929,0.6771474575239514,2.3737995633425836e-6,0.6768471718791886,8.22873574268801e-6,0.0036382688784563446,0.9638232519112903,277.07838270399304,0.0002595602101873889,277.04554833740434,3.9642398421024794e-5,9.02934252627395,0.9206984405827674,0.9704459432571654,-0.00025440853399168336,1.0026286228071133,0.0005974667602807182,0.5755584284812129,0.6990557814144174,0.2449447541009812,0.00024430462634900357,0.21404021886783225,0.0005241787676376619,0.6049559782805111,0.7172803901096514,99271.07052951389,-0.1699182032691744,99292.56518222744,0.0018330046698636915,83686.62601858328,0.49804831284297607
56.20_-76.40,20.788254984012383,7.695157490079365,-0.003987296098403301,8.199550446527383,0.006829716048559864,12.367848125210012,0.1897998602219001,0.6791112697313703,1.004950893943138e-5,0.6778400068505321,0.00018891304355517224,0.0028403218363671438,0.8279424740235051,276.593746124752,0.0007414446738502417,276.4999533735099,0.0003643946816592747,8.01540157660462,0.7627431082594915,0.9888669347006177,-0.000385079568386478,1.0375795001015071,0.0008601401342185344,0.9159495556136893,0.6427063089647954,0.679947156754751,0.00029046653579994463,0.643203139976058,0.0007645698411361534,0.5862932083066641,0.6618461896659007,100473.40783110118,-0.20800601764314847,100499.72059233305,0.0019027972118899061,120808.9495817216,0.4899636089653997
53.80_-75.60,20.025538630109622,11.244737413194445,-0.002313322233370302,11.537372675715789,0.0015001387545026112,18.953117233401326,0.5399685047018977,0.6854975573600285,1.4315572129456056e-5,0.6836866374856523,0.00031110858805349917,0.003499816184004443,0.7802993612675221,276.4369128999256,0.0005602141110295314,276.36604581488035,0.00015391550532073417,10.833418768410256,0.8444728576101536,1.4738348476470462,-0.0007256150273646073,1.565625148608669,0.001612475582018713,1.7348391159824348,0.5251486845756501,0.5273863928658622,0.0007489836255671696,0.4326399642316152,0.0027564825198349574,1.0812577155596774,0.405815813013524,98160.66973586309,-0.13200135944552302,98177.36790783294,0.0012149601586817216,76196.42352078676,0.5813175167147172
56.20_-74.70,88.97509702292336,16.855945405505953,-0.0002632599513249441,16.88924778934856,5.645329405279398e-6,65.22590613256615,0.9700322740057641,0.6701500614484152,3.6836572342735716e-5,0.6654902350470591,0.0028314195372364237,0.0025462088056499572,0.3994886955487693,276.3418937562004,0.00017014415458343546,276.3203705206456,4.570295487160703e-5,3.3653450758612635,0.9148733192715912,1.5485380036490304,-0.0004832778636910496,1.6096726534059482,0.0007509123961796371,1.652510957947343,0.6646960355974103,0.734638532002767,0.00031147097442601606,0.6952374537378759,0.000544060373280475,0.9473880095310344,0.7122003195138291,98267.2808469742,-0.16154777007629187,98287.71663988885,0.0013635361319137562,101689.2631656794,0.5590513130211172
56.00_-74.20,73.26314013252522,17.825695219494047,-0.007740843763685147,18.804911955600218,0.005776803513128925,55.10979859463925,0.22811246424485582,0.6712499658266703,-9.918845639910309e-6,0.672504699800119,0.00022108516875829487,0.0023642993883802132,0.8141121297335566,276.25035458519346,0.0005318746321532054,276.18307244422607,0.00031882025864393704,4.714248377590201,0.7776629826731756,1.7604753176371257,-0.0005632445581779238,1.8317257542466332,0.0007997566264240641,2.107540735778417,0.654640796836802,0.8844110549442352,0.000560509193315469,0.8135066419898284,0.001304542745539039,1.2795197157206486,0.5676907321930234,98176.04671999007,-0.1437057183696983,98194.22549336385,0.0011146294037581717,98436.78488460727,0.5973782298636205
50.80_-73.80,70.05973144613381,16.827008928571427,0.006314167267500673,16.02826676923259,0.0019327348845530334,109.59725971471606,0.48656230094122377,0.6662989429065159,9.626256306062318e-7,0.6661771707642442,1.7082592388417694e-6,0.0028820458075268047,0.9835124390190664,277.1148255363343,0.00023740167347971195,277.0847942246391,4.604939499175398e-5,6.5025460917915145,0.9145525042229256,1.543331607939705,0.0003774652917574561,1.4955822485323869,0.0007613462050869435,0.9942868065760206,0.6625161098411193,0.4228322013976082,0.0015444794139176264,0.22745555553702845,0.013899044277709494,0.9118410202481722,0.06049587639852689,96739.31259300595,-0.1344039456000579,96756.31469212436,0.0016050745252054188,59795.52045892706,0.5261025769941344
9.10_-73.80,2.0254326780041083,1.4764733692956349,-0.0001174305782469595,1.4913283374438753,0.012286952116413397,0.005962907178634289,0.07781535718190774,0.6593989124373784,1.594378021126339e-5,0.6573820242406535,0.005428241292120606,0.0002488073864678379,0.24276481287549023,304.634039015997,0.0025740420338573244,304.3084226987141,0.052040582982756156,0.6764394566968008,0.0002116897640380427,0.321956127408951,-0.0002503964687222704,0.35363128070231825,0.004035343559696147,0.08254973817463858,0.31420350396743413,0.2863149642944336,3.6210160562141755e-5,0.28173437898332265,0.00025039296869877603,0.027821374852229415,0.8024112365362022,99263.27291046627,0.18440738914753182,99239.94537573912,0.03990993482736216,4527.051504882126,0.0012654620280914278
55.10_-72.90,46.11043793358567,13.36640857514881,0.00011884683820243332,13.351374450116202,2.8273972506598355e-6,26.541670228109215,0.9787894009545205,0.6736813206521292,-1.0905350976817201e-5,0.6750608475506965,0.00023817997778985411,0.0026528571222124283,0.8071940353605909,276.4395771329365,-0.00010585261649618353,276.45296748892326,1.0858434421168184e-5,5.482464119966316,0.9584472688936431,1.5991022397601415,-0.00021865803918238324,1.626762481716713,0.0001482067975864254,1.7139675335952929,0.8473486525024252,0.5050455880543542,0.0005571056658035514,0.43457172133020494,0.0016521220989620389,0.9980971743230187,0.5200904040630823,96485.02687872024,-0.08723707009436375,96496.06236808718,0.00046378287528814344,87182.08465748995,0.7334145032396533
-41.20_-72.90,182.02649219906561,11.072091238839286,0.00515697413796255,10.419734010387025,0.0011115185851841014,127.11973945254552,0.5978907675460208,0.7759807535580227,-3.4361907623203894e-5,0.780327534872358,0.002986314990232164,0.0021006743547609466,0.3868516857859937,283.3696676587302,0.0014746297840821918,283.18312699104376,0.00923743772881358,1.2507032976803063,0.12682927238003766,0.662321098267086,0.0003036041129783133,0.6239151779753294,0.0009681619710749656,0.5058329286724641,0.622567757917652,-0.3339785469902886,0.0019995402508798644,-0.5869203887265915,0.006346741558098223,3.3469506108374225,0.20635444683340065,100541.02687872024,0.19890914122073722,100515.86487235581,0.0056496054413194274,37207.559259083566,0.23333326408350863
-49.60_-72.80,72.04279396628135,16.473865327380953,0.00585767021552413,15.73287004511715,0.0019500136087904352,93.48716899109756,0.48461690270393576,0.7507871001485794,7.002795385926422e-6,0.7499012465322598,0.00010559697309930893,0.002467352616863545,0.8709223500029284,278.42452566964283,0.00021006818587217103,278.39795204413,8.418686452638102e-5,2.784941333427169,0.8846469422866261,4.072682736411927,0.001573758253732256,3.873602317314797,0.009090158080639066,1.4475861582507663,0.12992614255733248,-0.6494411740984235,-0.00036301440796686644,-0.6035198514906149,0.005479540647360448,0.12777426396085587,0.240538908863555,96459.97529141865,-0.012725779664140357,96461.58510254617,6.869877862580864e-6,125244.76984209873,0.9669431273734386
-40.20_-72.40,121.92444351152426,11.296785869295634,-0.0026475086883081273,11.631695718366613,0.0001907549677467868,195.22649039652546,0.8271187487843727,0.7540431864677913,2.1741308350957348e-5,0.7512929109613953,0.0008689886819265302,0.0028899947045262966,0.641000448766435,284.9049014136905,0.00012103274097755417,284.8895907719568,3.975832933600376e-5,1.9575705663277199,0.9205829483495787,0.315091125548832,0.00028341362106398273,0.27923930248423817,0.0011389153003835695,0.3747052917000205,0.5934079573051653,-0.21576410626608228,0.0005377238114568688,-0.2837861684153762,0.00442587959896501,0.34710331168664554,0.29178025934239354,100705.70941840278,0.38885517301676037,100656.51923901615,0.02221050457041185,36170.719919023184,0.017171556807481975
48.50_-72.20,12.856004903423127,5.296289837549603,0.0008275765661474182,5.191601401931955,0.0007189929927037264,5.060943947445694,0.671478468406217,0.6820018111713348,-1.380489597141502e-5,0.6837481305117189,0.0005064373186047799,0.0019993111675032475,0.7219063319201412,278.6686488560268,0.001821166955847324,278.4382712361121,0.0006805894919063027,25.891314481460856,0.67987795291034,1.3203498371063718,0.0001239800239307765,1.3046663640791285,0.00026251823651790573,0.31108836572759524,0.7977838227027856,0.052920402042449466,0.0007382265673376373,-0.04046525872576165,0.00766860749685383,0.3775744924044291,0.16454336496012054,99114.55465649802,-0.0073327086206275965,99115.48224413853,5.025466183750105e-6,56845.00597050179,0.9717246230782133
-49.70_-72.20,74.94111611111202,14.542608351934524,0.005965939041804735,13.787917063146224,0.0017069621261678325,110.7831102526181,0.5132328970928891,0.7499865889549255,-1.612892516940959e-5,0.7520268979888558,0.00039711307661960404,0.003480458675535392,0.752649950587069,278.9178931826637,0.00026065901994084634,278.8849198166412,0.00012576734022440306,2.8702349971150833,0.8592494954162619,2.9172697899833557,0.0009764546451382113,2.793748277373372,0.0036542324499522216,1.3862699128763871,0.33828795529727074,-1.0926300381857252,-0.00018113521419705603,-1.0697164335897977,0.0009072760023022264,0.19213486080446013,0.6337385930621737,97076.37608506944,-0.3751949693462176,97123.83824869174,0.005476986737129597,136556.4254510617,0.24064914073022653
64.70_-71.70,0.4999999701976776,0.4047425285218206,0.00011389651901991637,0.3903346188658012,0.00013950505786286538,0.4940498417396174,0.8518449627307028,0.653829726907942,1.1696793897295139e-5,0.6523500824799342,0.003006546191662851,0.00024177178134667622,0.3852432635867565,274.99122256324404,0.00035245357209876855,274.94663718637355,5.1817211084381753e-5,12.737072306664475,0.9093805477759858,0.722011543455578,0.0010987601161067744,0.5830183887680711,0.0046777305849081685,1.3712302460426935,0.2783908459283222,0.256150033738878,8.266883286052565e-5,0.24569242638202152,4.075116027391079e-5,0.8910117879829297,0.9196007572866093,99356.02687872024,-0.26281482682576673,99389.2729543137,0.001791953814117675,204791.87817093616,0.502908854749694
-46.50_-71.70,290.02712791170234,18.10053168402778,0.0026783423664648765,17.76172137466997,0.00027279637070720675,139.71190358052584,0.793949700364279,0.758301387703608,-5.1480619157685985e-6,0.7589526175359528,5.042140319977406e-5,0.002792623647751948,0.9106042662023881,279.842292906746,0.0009975164102202145,279.7161070808532,0.0019116338898736984,2.765509742604317,0.48895556668577955,2.292756133609348,0.0012280661512476896,2.1374057654765153,0.006667924427522176,1.2016906148206128,0.19516765769428499,-0.42647102900913786,-0.00015006024459494503,-0.40748840806787734,0.0014489362762136748,0.0825699136028439,0.5469775577178694,97904.11814856151,-0.06907707315383675,97912.85639831547,0.0002926677789665266,86622.90814602589,0.7867498623463696
-48.90_-71.20,49.008760078416344,14.47127666170635,0.0034847273924254055,14.030458646564536,0.0006332499901615662,101.88312155537155,0.6906220251909002,0.748793587798164,1.3948128440735459e-5,0.7470291495504109,0.00028021732110450337,0.003688728700832697,0.7912291158740403,278.90667821490575,0.00029043160157459744,278.86993861730656,0.00012002810232147887,3.733744669422693,0.8624661180572815,3.0456373805091497,0.0005489554059056065,2.9761945216620904,0.0015556064352333365,1.0292342201046003,0.5325583788897488,-1.6600748546539792,-1.7188112288484692e-5,-1.657900558449486,5.17089211082844e-6,0.3035503262463398,0.971318598832066,97381.64989459325,0.030430786617317667,97377.80040008617,3.936776992841118e-5,124975.63712149308,0.9209727122030509
54.70_-70.00,11.025485654056865,5.80972919766865,0.0036476269452821175,5.348304389090463,0.0065240056507333,10.83543416638533,0.20009074343158773,0.6776057661525787,5.380119569570167e-6,0.6769251810270281,5.504510321430178e-5,0.00279386219365168,0.906613059265742,275.81740218874006,0.00015001407706741264,275.79842540799103,9.433373358458397e-6,12.674674683931032,0.9612675518074193,2.1299279001024036,0.00013976319395161553,2.1122478560675244,3.817804604711039e-5,2.7183899265812914,0.9221721983707963,0.28949266766744947,0.0008804453562840535,0.1781163300975167,0.0038062316747045077,1.0820551871115114,0.32840082325243125,94829.42370411706,-0.10258617621083518,94842.40085540773,0.0005492108417695096,101807.17780177789,0.7109015142762265
54.50_-69.80,11.025485654056865,4.78565228174603,-6.247361392000569e-5,4.7935551939069105,1.4164029153995727e-6,14.640174808669874,0.9849866313261706,0.6788554428115724,-1.8200094937821754e-6,0.6790856740125358,6.337128829470018e-6,0.0027771196199001644,0.9682500498930571,275.7677001953125,0.0006876599319243823,275.68071121392404,0.00019651500088269103,12.784729631536035,0.8245693496466522,2.230217381129189,0.0004456901733223872,2.1738375742039073,0.0003386027669510794,3.1168466169390614,0.7710534688558291,0.19976905035594153,0.0009725590063093996,0.07674033605780248,0.003980743547442711,1.2624306673791412,0.31751304956948856,94802.62211681547,-0.08166627966301554,94812.95290119284,0.0003477338275071906,101900.99349979927,0.7680732677365041
-16.20_-69.80,25.059466565868206,10.30595470610119,-0.0013074235999958393,10.471343791500663,0.00019591119134154678,46.35677452649185,0.8248347430600327,0.757612683470287,8.164817136249261e-6,0.7565798341025515,9.216356450936214e-5,0.003843027371932484,0.8793452670593302,282.5369059244792,0.0008227827751786942,282.4328239034191,0.002936587262996948,1.2248059504060629,0.39084579190203955,0.047637008485339936,-0.0006742823777142901,0.13293372926619762,0.013197882312376064,0.18302869522540585,0.06746688888805692,-0.2137799792819553,-0.00013188741051014733,-0.19709622185242165,0.0011480488034085745,0.08049819611663765,0.5919288417514823,63178.77229042659,0.45175578858104193,63121.62518317109,0.17112675445777947,6336.20696293621,6.75487802367588e-13
54.80_-69.70,11.483115466398885,6.491226438492063,0.007209715157814065,5.579197471028584,0.023172368825318146,11.91806081922504,0.014880881188508149,0.6765559675201537,-1.2899569621703462e-5,0.6781877630772992,0.00031822203053821774,0.002778177661712105,0.7778662597113335,275.7960708860367,0.00035448697428664864,275.75122828378943,5.533840940763479e-5,12.064621652804009,0.9063657136656893,2.0213977041698636,0.0002253279232004398,1.992893721885008,0.00011737026793745553,2.2983266226622945,0.8639825531342927,0.20659142448788598,0.0008085179874725502,0.10431389907260838,0.0035221197173309626,0.9860866402220715,0.34720604072902495,94705.21338665675,-0.0580239770496407,94712.55341975353,0.00017091479561326395,104658.65308887354,0.8362231632399584
54.70_-69.30,11.025485654056865,6.006742931547619,0.011938659142134636,4.4965025500675875,0.05442860480862877,13.913094014149882,0.00014855769182420332,0.6783311338651747,-1.3355086175456573e-5,0.68002055226637,0.0003485961589833053,0.0027183827636381146,0.7677940253476356,275.7666751922123,0.0003882862671045545,275.7175569794236,6.60038667108509e-5,12.135970125891621,0.8977846916968661,2.092584072597443,0.0004221834801627848,2.039177862356851,0.00041578233155392663,2.2775937205706684,0.7470944080005617,0.12431990911090185,0.0007851844822547609,0.024994072105674586,0.003170264319753202,1.0332079970546155,0.3725664328965086,94811.16973586309,-0.07901473639134408,94821.1651000166,0.0003166062525485902,104769.89765549793,0.7784163309408854
-16.50_-69.00,139.92454946363068,8.05082775297619,0.005803775446163775,7.316650159036472,0.002654842291824555,67.4096838256888,0.4146328805163255,0.7813371637510875,-4.8024678150494716e-5,0.7874122855371251,0.00803514693677132,0.0015250178215039127,0.15472297785712355,286.41041201636904,0.0034807528573125154,285.970096779919,0.14258100883019575,0.4514654389008516,1.1356611018757321e-10,0.47519699732462567,-0.000562403333449977,0.5463410190060478,0.014969659925658907,0.11225964224902499,0.05127434980434948,-1.087231817699614,0.0005563682439963326,-1.1576124005651502,0.005215067574282584,0.3153585013403395,0.25228573046959357,64257.0580047123,0.530205775570783,64189.9869741026,0.19295754703754164,7740.463281412305,1.0645124336018224e-14
-39.50_-69.00,23.991663670404705,6.152669270833333,-0.0012646256740870142,6.31264441860534,0.0003326268729992865,25.54503322312556,0.7730275274211863,0.7772251017509945,1.83298400071413e-5,0.7749063769900911,0.0008560297167484743,0.0020852989427451846,0.6435023542220009,282.25872512090774,-0.000494955942569361,282.32133704764277,0.00042459197342392674,3.0654985972881046,0.744520595442248,1.6902907008216494,0.0002641108546569029,1.6568806777075513,0.0002124812540711396,1.7441815819839923,0.8177009831814716,0.6806078865414574,0.00036158764700494584,0.6348670491953318,0.0012002360637028975,0.57876240718324,0.5836194948308316,96523.78878348214,0.31177520004210524,96484.34922067681,0.008453242746530587,61094.147415386935,0.14431574197885383
-16.30_-68.80,139.92454946363068,7.784423828125,0.003132211575188986,7.388199063863594,0.0007500877097481595,69.49122166443631,0.6648691008223441,0.7817334684114607,-2.0418067117272538e-5,0.7843163539017958,0.001371723272719061,0.0016147398491881935,0.5578721488062998,286.439457000248,0.0033699447955636516,286.01315898360923,0.15052934913326177,0.40083367937031683,2.8158285171930222e-11,0.3753396064516098,-0.0006380494830882018,0.45605286606226736,0.018008493990882446,0.12010778087044269,0.03225886621877725,-0.886703233870249,0.0005707329571744876,-0.9589009529528216,0.0069943721388550095,0.247432637211649,0.18451111429081202,63187.57387772817,0.012292486134888243,63186.01887823211,8.576647622227096e-5,9360.557232986957,0.8835773280721135
-38.50_-68.80,67.00886603052277,8.08425564236111,-0.0005914759991185265,8.159077356249604,2.238127397180545e-5,83.04801672124503,0.9403716946190198,0.7796366564811222,8.505314630270273e-6,0.7785607341803931,0.00022549915095759765,0.0017044162745327423,0.8122995364518015,283.5664469401042,0.0007604860106791921,283.47024545975324,0.0013784673874127629,2.2290806359503845,0.5569043544006149,1.1044423315260146,-0.00014204269613616062,1.1224107325872388,0.00012397403496622328,0.8646630366747144,0.8602462966595197,0.6784629367646717,0.0004379908073613557,0.6230570996334602,0.003784779722245002,0.26929556354100936,0.3297728394386532,96752.57052951389,0.08220936775671639,96742.17104449267,0.0005203380566157767,69007.58701833428,0.7182742462677638
10.20_-67.70,18.04247610996299,2.0438988095238093,-0.0007699298795782426,2.1412949392904572,0.05028200464776322,0.062636802599521,0.0002746181140841749,0.7999705672264099,3.407749654526305e-8,0.7999662564230969,0.028265961666123385,2.1827872842550278e-10,0.007003614795920974,299.7274111793155,-0.0001309601081369982,299.7439776329948,0.0006645281758067556,0.13712115612095166,0.6834730230000082,-0.2600615592229934,0.00011710962532568631,-0.2748759268266927,0.004916134181888299,0.014821810992815003,0.2664164346229667,-0.20167176685636007,0.00020028504807682984,-0.22700782543807904,0.000317218562952748,0.6718592187132043,0.7782076998603985,97151.97925967262,0.06903826147977261,97143.24591959543,0.0027087070398043034,9348.834515201957,0.40992576169238765
-19.10_-67.10,8.889879863128954,6.351322234623016,-0.0006670921246315319,6.435709388388904,0.0009829105174136155,2.4054562418433556,0.619927559333985,0.6709287138212294,6.838772582946025e-6,0.6700636090894867,0.0010604764986844595,0.00023431230223656556,0.6064339277380537,283.52679927765377,0.0017886947659789046,283.30052938975746,0.0019558204031506765,8.691271482865362,0.48396598937824575,0.6659580185299828,-0.0004457663807080554,0.7223474656895519,0.002963373361311583,0.35626082225810707,0.3886871153754265,-0.8670285996936616,-0.00018462533567988057,-0.8436734947301567,0.000610267247135754,0.2967579413550436,0.696006241373399,64841.915147569445,0.36611903951106917,64795.60108907129,0.11087902766828783,6422.957314209686,2.355905087341843e-8
-14.00_-67.00,139.92454946363068,2.8354647197420637,-0.0006014601191975933,2.911549424820559,0.00676976649832417,0.2839094174772922,0.19176867266274,0.7996942741530282,-4.2168506280701355e-7,0.7997476173134733,0.0024938589999375926,3.788299925755721e-7,0.42918663547720537,297.209476531498,-8.72347296771881e-6,297.2105800508284,2.766396033582197e-6,0.14615184518362612,0.9790194057306428,0.31403124521649073,-0.0003486980177257666,0.3581415444588002,0.006510993308122548,0.09921824113866565,0.2005429319335874,-0.5025285841926695,0.0005298886132182027,-0.5695594937647722,0.004340110833392363,0.3437226645437081,0.29652497271575357,99225.5824342758,0.2572026001724328,99193.04630535399,0.0076854916925598316,45731.860277233194,0.16407584823027443
53.90_-65.20,11.025485654056865,3.7989327566964257,-0.0051742101827257185,4.453470344811229,0.011085849375223167,12.830954799071334,0.09411564483881141,0.6788273169880822,-1.0030517879281619e-5,0.6800961774998113,0.000188829108272226,0.00283085474987341,0.8279801105737973,275.95223756820434,7.760943450928189e-5,275.9424199747389,2.1639287286490116e-6,14.788560451362406,0.9814436371564735,2.1028902946956576,0.000865208670538586,1.9934413978725265,0.0015327546590597763,2.5948299201102345,0.5355888022442726,-0.45182677677699495,0.0009961381967469715,-0.5778382586654869,0.004167093325114446,1.265160941420514,0.3063994534216149,95560.82052951389,-0.013658993917985121,95562.54839224451,8.896682089365449e-6,111416.41167284125,0.9623846536258506
52.80_-65.20,51.144365869344256,13.885242280505953,-0.0067840444610368965,14.74342390482712,0.003631983643826997,67.3245257608037,0.3397681997883985,0.6640936543071081,-7.51782527096671e-6,0.6650446592038853,0.0001601736780250107,0.0018747057995076213,0.8413831757044266,276.68227035280256,0.0006324668022222236,276.60226330232143,0.0005292452255405422,4.015672960464864,0.715975620281674,1.5598672912234353,0.0007971736366434865,1.4590248261880343,0.0027681971949493622,1.2196877081355348,0.4048171932725133,-0.34895831819564577,0.0007295719301692016,-0.4412491673620498,0.003793622507592409,0.7454558640978112,0.32920636210134024,94986.76100570436,0.04025784390669958,94981.66838845017,7.791366751641604e-5,110516.5175165794,0.8889993212609458
53.90_-64.30,25.059466565868206,9.991548084077381,0.0016796766180853459,9.779068991889584,0.00014640150305378352,102.3871922928567,0.8482699944629164,0.6625891498156956,1.8537440127537164e-5,0.6602441636395622,0.0018699094869008004,0.0009763797275057722,0.4937457738162229,276.1625259641617,0.0004110531584957938,276.110527739612,5.271453576671803e-5,17.029637713895344,0.9086026524441658,1.855252258361332,0.0007946693682966783,1.7547265832718022,0.0014863372962834465,2.257331728586387,0.5418414761193632,-0.4321211406162807,0.0007810779508352672,-0.530927501396942,0.0031737945517411603,1.021291605078952,0.3722995399492327,95192.0308469742,-0.008309790318305183,95193.08203544946,2.9683179043615837e-6,123597.45693746727,0.9782673740552709
-30.80_-63.10,16.21195686059582,9.501871744791666,0.003014959310953999,9.120479391955985,0.0037071042896086315,13.02770520871379,0.3348045926566352,0.7498428414738367,-3.471415045432008e-5,0.7542341815063082,0.002037309507105567,0.00314264906641296,0.4749799617076261,289.1846652560764,0.002011902168113261,288.9301596318101,0.0027220091462187845,7.900670559731348,0.4087753606373618,-1.3522033312964061,-0.001024899352104514,-1.2225535632551852,0.02169369248182318,0.2572579316244117,0.018547475273689124,0.2864486603509812,-0.0008970976440630425,0.3999315123249561,0.0160478964289843,0.26644104933705215,0.043460280708569436,100297.93560887896,0.2977267448885055,100260.27317565057,0.00428345592095869,109946.45024400299,0.29971300289649616
7.00_-63.00,29.94085123084642,6.82708255828373,-0.0018564623288560421,7.0619250428840195,0.000649670939395719,28.18504011242769,0.6868439020944623,0.7673352266114856,2.2362924452632643e-5,0.7645063166682275,0.0009266449815937827,0.00286736930026253,0.6301361955011032,300.5991947234623,0.0012231356283645767,300.44446806647414,0.03782908443766597,0.2101179810347702,0.001717726720702879,-2.8433735786922396,-1.0594146742543825e-5,-2.842033419129308,1.0118499467193232e-6,0.5893260937938182,0.9873103386421803,-0.7317204399714394,0.00011381776433207984,-0.7461183871594476,0.00019211198503410465,0.3582658869727202,0.8265145391748917,97936.04671999007,0.2280240011861082,97907.20168384003,0.022860986535270245,12083.867989686953,0.015586263016639392
-3.00_-60.60,2.940692302687239,2.1648956783234126,0.0003963583630141582,2.1147563454021214,0.0287815651329133,0.029000231250672956,0.00649119857649764,0.6745403541458977,-5.685948867554877e-5,0.6817330794633547,0.02124567273762279,0.0008084910715217038,0.01983097929707273,302.16375635540675,0.003864508776839752,301.6748959951365,0.10741894403652752,0.7386650197881228,4.1317473069564064e-8,-0.7264689717973981,0.0002941814806556369,-0.7636829291003362,0.0022883524466768,0.20093128451692024,0.44891090104471065,-0.21229575929187594,-0.0010168792577738312,-0.08366053318348629,0.04720327948134617,0.1163875217317314,0.0004326914374330418,100706.95941840278,0.07894592988389,100696.97275827247,0.0019110454719201142,17327.19584345047,0.4890225835544138
-1.80_-59.60,7.059360613761783,2.8717176649305554,0.0037635823137667653,2.3956245022390594,0.12322409946052293,0.6107268319714644,3.07531106505634e-9,0.7390320499738058,-0.00023525620429929023,0.768791959817666,0.1174631126942135,0.002503343707841516,8.003426419292316e-9,302.2737184554812,0.007142543317519024,301.370186725815,0.4471955705523658,0.6061053096226585,6.778531864368744e-46,-1.1573112957061282,0.0005787585608863796,-1.2305242536582552,0.006347926674734605,0.2803514266717724,0.20631181677309832,-0.3951338359287807,-0.0008516696780145698,-0.28739762165993765,0.026655522854261204,0.14457559251710228,0.008882134077985257,100483.24513268849,0.07331589965659666,100473.97067138193,0.0016302159346516243,17518.262042938226,0.5228746184668208
-2.90_-58.20,2.940692302687239,2.048611111111111,0.00044670699026780136,1.9921026768422343,0.02132357468955881,0.04971933385976494,0.019601464637946757,0.6784522353656708,-5.284735475340984e-5,0.6851374257419771,0.013012888934979983,0.0011402828707285154,0.0694439789795609,302.4886552114335,0.003934207037427647,301.99097802119894,0.09413900805308106,0.8735436677804583,3.4487735382439825e-7,-1.4145483213757712,-0.0006829088214968485,-1.3281603554564199,0.015707156857363014,0.1577493871357913,0.045785948596331276,-0.4814549854823521,-0.0007235538065203098,-0.3899254289575329,0.019222217764675253,0.14470315097995834,0.0268607661795377,101013.19354538691,0.059151964394445554,101005.71082189101,0.0010956325548795443,16967.319250368433,0.6005224975880293
-17.50_-57.80,7.974620238445823,0.949769035218254,-0.0008137145739927551,1.0527039288283375,0.30065010273383863,0.01170099108010928,3.503228155994056e-25,0.7999573368874807,1.4562959364722083e-7,0.7999389147438843,0.18363406444588426,6.136006974204472e-10,6.429944062368719e-14,287.85496690538196,-0.03564248430034098,292.3637411693751,0.3847304268418864,17.543620149743084,7.185194839820514e-36,-0.17030500230335055,-0.00036740085085026127,-0.1238287946707925,0.004066448542041967,0.17636193306820191,0.3123380880193959,-0.29578797779386007,0.00022990439682760128,-0.32487088399255165,0.0005987160952919401,0.46904383985665193,0.6987565018324673,99909.31259300595,0.2543260956503367,99877.14034190618,0.005566727218285328,61733.61707247287,0.23681194729175736
-27.50_-56.50,13.008548174204407,4.932419549851191,0.0017156023146497395,4.715395857047999,0.003045544869271777,5.13461707475583,0.3821693097917427,0.7616083669284034,-3.497349470591776e-5,0.766032514008702,0.0029198976165657475,0.002225616100974064,0.39219943135560903,291.53541395399304,0.0022119243549165845,291.2556055230961,0.0060043717697905175,4.329251166174189,0.21911459597684194,-1.6201631682259696,-3.728815709769744e-5,-1.615446216353111,4.046494574549975e-5,0.18255876653192585,0.9198826528375061,0.42864313579740976,0.0007448481684660611,0.334419842486453,0.004021212495349813,0.7330241802161221,0.3150557366912613,100361.19751364087,0.3142921414989393,100321.43955774125,0.005029176550532477,104354.21086965519,0.26096146550071964
-2.10_-56.10,2.940692302687239,1.7998124379960319,0.0002681396039688413,1.7658927780939735,0.004377313210166656,0.08726781861858816,0.29445500791458146,0.68751698543155,-4.3407087261909885e-6,0.6880660850854132,4.940600309155663e-5,0.002026195672942365,0.9115052889773132,303.33010912698415,0.0033813938732647052,302.90236280201617,0.055509162957170455,1.0943762519769245,0.0001265234071956627,-1.3890472518073187,-0.0008146881854896819,-1.285989196342874,0.020157916274272547,0.17493512328802996,0.023338206602756404,-0.241559694683741,-0.0007788291364189533,-0.1430378089267434,0.04975588634599282,0.0647708698443097,0.0002968303003508131,100904.64592633929,0.08389620219948363,100894.03305676105,0.0021870175930284175,17099.056315500766,0.4591553954202545
-32.70_-56.00,3.39832211502835,1.7628038194444444,6.696698056259817e-5,1.7543324964032758,0.00011671229681675666,0.2041477677884383,0.8643606817224408,0.6983903258565872,8.325501700459535e-6,0.6973371498914791,0.0006279702470298743,0.0005864372872022692,0.6918488116561392,290.87342277405753,0.00036208472563257224,290.827619056265,3.978888061340058e-5,17.506466783043674,0.9205525409985358,-1.3181650903489854,0.00034378719388403336,-1.3616541703753156,0.0007057982542651997,0.8896898302775238,0.6743340099153261,0.050118597726973274,9.921139356069527e-5,0.037568356441545325,0.00015548256209740874,0.33634209680882404,0.8436931643163916,100552.05465649802,0.42883641124847494,100497.80685047508,0.011001700071544551,88810.29665152771,0.09538734333761853
-2.20_-55.30,2.940692302687239,2.1338936941964284,0.00016096263063218607,2.113531921421457,0.0027268198227030638,0.05048164469176691,0.4083604800583959,0.6598148052654569,-1.7473508819087358e-5,0.6620252041310715,0.008522199502424943,0.00019034802113740193,0.1426755222997797,302.8820355127728,0.00277414074556517,302.5311067084588,0.0443952824963848,0.9210007298997614,0.0006544148255381504,-2.460721901484898,-0.0005912781205100932,-2.3859252192403715,0.005347222761467596,0.34737227794184083,0.24633114038579612,-0.19859869517977274,-0.000867749610882852,-0.08882836940309197,0.021967728510888573,0.18211407757262174,0.01780446267220715,100924.24116443453,0.03625915768040205,100919.65438098795,0.00041212781303934243,16948.97009342478,0.7481709299334248
-3.20_-55.20,2.940692302687239,1.9447815910218254,-6.512489063602533e-5,1.9530198896872826,0.0005048371087774672,0.044635721487224896,0.7223280321087301,0.6722462073205009,2.3575400235026806e-5,0.66926391919077,0.0033673945964695084,0.0008769280341034025,0.3580579924830553,303.1023201109871,0.0029515811287247964,302.7289450982034,0.04220035715314718,1.0968143890857365,0.0009038128191125757,-1.1837269238063268,-0.00021195661781861955,-1.1569144116522714,0.0037255519707082296,0.06406829278327092,0.33360041439011534,-0.55616395435636,-0.0014193165907752526,-0.3766204056232906,0.08133871674014115,0.13158338615668944,2.541177856516426e-6,100969.49513268849,0.03321993118716551,100965.29281139332,0.00036867129204121163,15903.691839377478,0.7613964456468127
4.60_-55.10,1.415259594881718,1.6548200334821428,-5.024024748455823e-5,1.6611754247889394,0.0011148936014442334,0.01202845736260976,0.5973347427760239,0.6509522341546559,1.8912910464063193e-6,0.6507129858372854,0.0019504765690724346,9.743518441996081e-6,0.48456495439030084,301.64926099020335,0.000737748594191369,301.55593579303815,0.0027473470240706455,1.0525508285367888,0.406597054322709,-2.515750423310295,-8.753591061356081e-5,-2.5046771306176794,0.00028471264150242703,0.14298996938670797,0.7895997913398861,-1.4889477775210427,-0.00015313588669059366,-1.4695760878546826,0.00017870040938328113,0.6972174105662715,0.8325878405580909,100539.47925967262,0.20580345367541691,100513.44512278268,0.015519965212364983,14499.545514952953,0.04711833388228984
-2.00_-55.10,2.940692302687239,1.965971447172619,0.00016983292889518516,1.9444875816673781,0.003835753952197929,0.03995148010666424,0.32652491253220506,0.6636169079750304,-3.4827922322875e-5,0.668022640148874,0.01778206597076948,0.0003624204815956867,0.03338359748872584,303.2028556702629,0.002587594997210949,302.8755249031157,0.041237905115860896,0.8626523833154824,0.0010411584488038566,-2.007232628171406,-0.0004975955268680983,-1.9442867940225916,0.005319604521201615,0.24729390052758185,0.24756132855489277,-0.14771668873136007,-0.0006225718720452417,-0.06896134691763699,0.014227327465021311,0.14474230312736727,0.057496478336966764,101099.04671999007,0.09111333404852265,101087.52088323294,0.0025122963245913787,17556.293412993728,0.4274815368095312
-2.90_-55.10,2.940692302687239,2.1187220982142856,4.406516368180587e-5,2.113147855008537,0.00018403304387393238,0.05605763634566088,0.8301453903127556,0.6609388391176859,1.665495951421733e-5,0.6588319867391375,0.006181511800565809,0.00023841428640252165,0.21240027039140008,302.5976950024802,0.002518864831587447,302.27905860128436,0.0335401540885254,1.0050426412034303,0.003224218618253518,-2.0542878272041443,-0.00039401064719565306,-2.004445480333894,0.00451225614334827,0.18279402108767048,0.2870986450926685,-0.9615032710726299,-0.0023397636345922684,-0.665523171296708,0.09062553639776683,0.32094691038431994,5.993769462846614e-7,100674.61814856151,0.08948911382045692,100663.29777566322,0.0026416390210789453,16106.707044183257,0.4157987893660472
-2.40_-55.00,2.940692302687239,2.1997302827380953,9.458404969431514e-5,2.1877654004517644,0.0008521613217532531,0.055776827296005714,0.6442536463834726,0.6577916835981702,9.679027367614051e-6,0.656567286636167,0.003754447354104573,0.00013257365588734601,0.3317257634778571,303.0943991040427,0.002379742372091251,302.7933616939731,0.03304420387244367,0.9105512812438699,0.003467850010497804,-2.5555937857854936,-0.0007805401368270021,-2.456855458476878,0.011940003062371085,0.2710977156712318,0.08218910166190195,-0.6677982239496141,-0.0013157461739436147,-0.5013563329457468,0.0759160074658608,0.12115760720915161,5.845366688714159e-6,100991.27291046627,0.1146004133991045,100976.77595817129,0.004102083826507785,17010.130812651052,0.3102185539250242
-2.30_-54.30,2.940692302687239,2.3155033172123014,9.924913968725128e-5,2.302948301041864,0.001732334189480489,0.030210759316631777,0.5101131009566603,0.6572876894284808,-1.2364198506248217e-5,0.6588517605395212,0.005940041663053508,0.00013673580847643318,0.22161478866553264,302.54576086619545,0.002267597870622254,302.25890973556176,0.03621648537670685,0.7543373207609316,0.0021765494938374564,-2.4694412095206126,-0.0005383181266580967,-2.4013439664983633,0.00831228857517563,0.18522397994690204,0.14773429573434455,-0.7194824067373125,-0.0011768099006385663,-0.5706159543065338,0.08398427987963308,0.08761015328668142,1.687905687749498e-6,100974.71338665675,0.10350045036773665,100961.62057968523,0.0033120372256102426,17184.19078185163,0.362052623034147
-22.40_-52.90,7.974620238445823,1.5817677331349207,-0.00010293295339252822,1.5947887517390755,0.0004469731367874319,0.1259410358550298,0.7381117070056415,0.7909208337465922,-1.805352422973121e-5,0.7932046045616532,0.014422438989398989,0.00012006739599016157,0.055788106294269134,291.1554691375248,-0.00843593173741839,292.2226145023082,0.05965729260811514,6.337856319339951,6.818646728905683e-5,-1.1718085985335092,0.0005657141769221426,-1.2433714419141602,0.010047741180719494,0.1692253812226982,0.11117556030525849,-0.20072039346846324,0.0003975159066044175,-0.25100615565392204,0.006484778977670302,0.12946538306974043,0.2014575159776965,97995.22925967262,0.2020882186246544,97969.6651000166,0.0027685036052537138,78374.84841273681,0.40479112113023386
-2.10_-52.20,2.940692302687239,1.789856925843254,-9.87006501801941e-5,1.8023425580910486,0.0006739797490499244,0.07679500896760472,0.6813513821921869,0.6850323459458729,6.635820824162349e-6,0.6841929146116164,0.0001048582912641649,0.002231137530168835,0.8713707119550884,303.4421154203869,0.0022196352459538846,303.16133156177375,0.021663478341776177,1.208300211447236,0.01863130800567165,-1.0787561431763664,-0.0004071125163752494,-1.0272564098548973,0.01403206836374482,0.06275481206547263,0.059261155086654325,-0.740614134167868,-0.0007600636920089403,-0.644466077128737,0.041472527294700634,0.07400810568212944,0.001005870486325408,100954.28481522818,0.10507517912070896,100940.99280506941,0.0035652956652961754,16452.978977284183,0.34425721844589113
-2.30_-52.10,2.940692302687239,1.9735165550595237,0.00017654112399451694,1.9511841028742174,0.003509720323633281,0.04718012421661706,0.34805916885685906,0.6769460051778763,-4.430800553454766e-5,0.6825509678779965,0.008584365960059626,0.0012150551617581193,0.1412145826016679,302.9667019314236,0.002445337762738337,302.6573667044372,0.02873828556881064,1.105494711002242,0.00653271914281062,-1.0890778662666443,-0.00043498277675805473,-1.0340525450067504,0.01637677606383292,0.06138404845338524,0.04133177580063068,-0.7735285531906855,-0.0009028110154035792,-0.6593229597421327,0.053382023363061304,0.08112196904868232,0.00017351985048103877,100894.07052951389,0.14158788980629336,100876.15966145339,0.006510074494588514,16360.858028045424,0.20057490630363634
-4.50_-49.60,18.04247610996299,5.504363529265873,0.0021781829134619062,5.228823390712941,0.0044318668593419375,5.687767100034128,0.2914526515406374,0.7502959124625675,-3.0791588315050434e-5,0.7541910483844214,0.0018027706469186944,0.0027942388132190985,0.5016203493917926,301.8512021019345,0.0026271918753791534,301.51886232969906,0.15043672329619062,0.24376398179092798,2.8623630071322943e-11,-0.7622878892081124,-0.0007618409651811925,-0.6659150071126916,0.030586905305571066,0.10081680277013028,0.004976398176751005,-0.8882668964446537,-5.0940904327087346e-5,-0.8818228720472772,5.397864623313264e-5,0.25541778156609724,0.9075180813332993,99968.8324342758,0.06420496901439977,99960.71050569548,0.001721932106022117,12719.23740932981,0.5113881928652502
-9.70_-41.80,7.974620238445823,3.5526219928075395,0.00011225910575184604,3.538421215929931,2.592584674465659e-5,2.5825576389460867,0.9358327810581764,0.7378805563563392,-2.222493247468055e-5,0.7406920103143863,0.0006712995796299692,0.003909348081408758,0.6819512417946612,299.08087255084325,0.0007024393075636472,298.99201397843643,0.0016991329666476984,1.542872584138266,0.5142022498557295,-3.8177698150513666,-0.00022679457711684907,-3.789080301046085,0.0002560566692024757,1.0672571079863429,0.8002352859466437,0.3334341049194336,0.0009773588387179545,0.20979821182161235,0.01719347352302436,0.2951782009077721,0.036500548679154345,96831.57052951389,0.22064302255967663,96803.6591871601,0.006590463843257677,39246.79804921077,0.19779967980338034
-9.40_-41.00,7.974620238445823,3.891330295138889,-0.0027674005125273428,4.241406459973597,0.009667940050163248,4.208718716121975,0.11823247221050201,0.7423042730679588,0.00011300076400432563,0.7280096764214116,0.016685484207038415,0.004065966173370614,0.039432121428613576,298.1746322389633,-0.0015035453966296493,298.3648307316369,0.007012554257206038,1.712760631845729,0.18393756642045916,-4.232400038885692,-0.00019514933220950314,-4.20771364836119,0.00018762117532189482,1.0784303526761918,0.8285227198595614,2.0396515528361,0.0007141904243601393,1.9493064641545426,0.003058776227590765,0.885972324153168,0.3811342313496091,96835.431640625,0.24495346008681254,96804.44502792401,0.007587331202813186,42016.312109289895,0.16681507001253895
54.60_-6.40,8.737336592348584,4.240792410714286,0.0002232923484398561,4.212545928636644,3.931697957193503e-5,6.737633008745223,0.9210235422903862,0.7328816075173635,1.4727694439727974e-5,0.7310185541707379,0.0003349995996378974,0.003440052401957747,0.7722414478437353,280.7929261222718,0.0007658707643077232,280.69604347058686,0.0003569075490222895,8.731624784298024,0.7651216320117012,0.8980253083365304,0.0003723890177081611,0.850918097596448,0.000871436493946498,0.8454692204941399,0.6405304134329668,0.8488517791505844,0.0009547424341006808,0.7280768612368482,0.006751978360951871,0.7172676190008702,0.1923573864761708,100807.84037078373,-0.3265804681940411,100849.15280001027,0.001642153217286224,345069.4844761222,0.5213541819314869
