id,dl,lmld_avg,lmld_slope,lmld_intercept,lmld_r_square,lmld_var,lmld_slopeP,lshf_avg,lshf_slope,lshf_intercept,lshf_r_square,lshf_var,lshf_slopeP,ltlt_avg,ltlt_slope,ltlt_intercept,ltlt_r_square,ltlt_var,ltlt_slopeP,u10_avg,u10_slope,u10_intercept,u10_r_square,u10_var,u10_slopeP,v10_avg,v10_slope,v10_intercept,v10_r_square,v10_var,v10_slopeP,sp_avg,sp_slope,sp_intercept,sp_r_square,sp_var,sp_slopeP
AF_1040,6.144100989078652,1.954713851686508,-0.0013178701648328581,2.1214244275378644,0.12921402362775547,0.07141269416546132,1.1239925556829667e-9,0.7331584455474974,2.3666182022180372e-5,0.7301646735216916,0.030478158290212165,9.763544197392906e-5,0.005056640809731772,293.91631401909723,-0.01905101960933323,296.3262679996779,0.1631029184026288,11.822641811892225,2.9486209624623126e-12,-0.1630854152497791,0.0008988574765825261,-0.27679088603746865,0.01449286078306844,0.29618793633487533,0.05518463791309989,0.4865780936347114,0.0008165406534199033,0.38328570097709364,0.011013631749538622,0.3216361748698042,0.09520590772874803,100417.07449776786,0.09954150729568081,100404.48249709496,0.0004128295407351823,127519.75654138297,0.7479638131235933
AF_1059,7.211903884543062,5.217881944444445,1.8710156081864879e-6,5.217645260970009,1.0841766339586556e-5,0.0017155152920760532,0.9584791451240362,0.650019903977712,-2.7629861422873816e-8,0.650023399155182,0.0024938566324723688,1.6263939358620517e-9,0.4291868550714258,299.778068421379,0.0014719294435517854,299.59186934676967,0.0095466521530988,1.2057650815315057,0.12058799254832034,2.69522001629784,-1.2268174797461202e-5,2.6967719404097186,1.2818545181980667e-6,0.623822432027961,0.9857174248411936,2.967781203133719,0.00015827250934600132,2.94775973070145,0.0006112358471779267,0.21774188357213806,0.6957769887684988,101062.27687872024,0.17192016507187888,101040.52897783865,0.006398733280768787,24541.40638620011,0.20449388450817454
AF_1418,11.940745278739996,3.8713301401289684,0.0012277161381998825,3.716024048646683,0.0030865666957077265,2.5945382602058156,0.37897298210820374,0.7765571664250086,-7.080141262623085e-6,0.7774528042947304,0.0001819227982925442,0.001463984686299875,0.8311074448475265,292.30877588665675,0.0021727928506892814,292.03391759104454,0.013877322869751962,1.8074686379418503,0.0607000467775951,-0.37534049957517596,-0.000603854018276547,-0.2989529662631928,0.011344020707809155,0.17077988882781617,0.09032643921510398,-0.05833021799723307,-0.0006136144305895324,0.019292007472342783,0.012291390192775031,0.16275335102822627,0.07776104111358947,98743.61418030754,0.06695137094666694,98735.14483188279,0.0002241293398678179,106257.6122900154,0.8128600274408533
AF_314,9.347509675470974,4.901564825148809,0.0005070477928536184,4.8374232793528265,0.00037708186459550763,3.622446359119839,0.7587726890089647,0.7034305097564818,9.20603011366888e-6,0.7022659469471026,0.0006074766907100404,0.000741233399021292,0.6966678956362561,300.7281455388145,0.0012530449662272237,300.56963535058674,0.011512852880029789,0.7245863915763786,0.08793719379184521,0.7557552655537924,0.0006600540059881485,0.6722584337962916,0.01319923937563372,0.17536779978436465,0.06745260714923254,1.4448784873599099,-0.0002299650600920382,1.4739690674615527,0.0015481924353972776,0.1814841021217521,0.5335381720397331,98819.0070374504,0.18093136289305417,98796.11922004443,0.008559497843671715,20319.79107265271,0.14179698885149278
AF_373,21.703514608696423,20.249403211805557,-0.002416081632673147,20.55503753833871,0.029041574984642438,1.0679301755414594,0.006247289438933196,0.6555090414153205,4.056094550604283e-5,0.6503780818088061,0.03532751844107007,0.000247424570177758,0.0024799680050213773,299.03032962859623,0.0011958405862832315,298.8790557944314,0.00799572306459595,0.9502298092582772,0.15574691023532578,1.1562427717541892,0.0005993917255737623,1.0804197184691082,0.01388781321968846,0.13744452212679206,0.06060135245900441,1.729110490708124,0.0001530038245917939,1.709755506897262,0.001276237636314237,0.09745695588020237,0.5719280593681062,100873.97132316469,0.1969602269212253,100849.05585445915,0.0084394774378721,24422.005871937716,0.1446456745832263
AF_4,65.48343332271725,3.001526847718254,-0.0001867712954412351,3.02515341659157,0.0006044874238104736,0.3066004642324219,0.6973786071451467,0.7999845544497172,3.864576331121496e-9,0.7999840655808113,0.0007169539015829951,1.1067572179662277e-10,0.6719177329034328,293.915773421999,0.0014772786808370695,293.7288976688731,0.044007131827736745,0.26347633424131206,0.0006928883517989546,-0.4495960644313267,0.0009941450794062213,-0.5753554169762137,0.018556750702357072,0.28296805987962936,0.029694296269927617,1.0263342630295527,-0.00019480113416812196,1.05097660650182,0.00011104375721193716,1.8156353518248587,0.8676648105614022,88666.45545014882,0.24540788181267026,88635.41135309951,0.0324510300414107,9860.25946717976,0.0037836046007104288
AF_443,4.00849519815074,3.3497721354166665,0.0005033398133890185,3.2860996490229555,0.0025701910899819103,0.5237173597176238,0.4221927357845992,0.6864168085749187,-4.717887943472143e-5,0.692384936823411,0.004201379263359839,0.002814771671000731,0.30440961367454633,296.0867222377232,0.004004177528955793,295.5801937803103,0.003935804309736168,21.643772837277094,0.3202711114016401,-0.6600646594214061,0.000710483002698934,-0.7499407592628213,0.000555216527997171,4.830419122597479,0.7093957526030958,-0.9596760916331458,0.0007363443842194615,-1.0528236562369078,0.00040573050464931537,7.100094232946418,0.7500681372056638,97745.39592633929,0.1294309838333472,97729.02290688438,0.0021184591298528677,42014.212798942,0.4662962788996938
AF_482,31.31374066787157,10.552881634424603,-0.0020063138362698273,10.806680334712736,0.031075418565659096,0.6882093447417045,0.004631423075737603,0.6599088708559672,7.283432566344212e-5,0.6506953286595417,0.02974410832711427,0.0009475694907262395,0.005633392682591027,299.50396631634425,0.0009691437949617866,299.3813696262816,0.004318564201865827,1.155518424165684,0.29773230834553815,0.847439758361332,0.0003596348059297336,0.8019459554112207,0.006421347782838982,0.10701312762176955,0.20369072686142634,1.0617307784065368,0.0002762063578382547,1.0267906741399977,0.005996366986015911,0.06759568193661226,0.21942387761390636,100927.92370411706,0.1794672400882073,100905.2210982459,0.007022478070673688,24367.994752724095,0.1836253873288972
AF_599,77.99198152672307,24.521887400793652,0.0016780337125992552,24.309616136149845,0.006389141505682816,2.3415243182215177,0.20483565414891544,0.6679705069178626,-1.2578643875467456e-5,0.6695617053681092,0.005355993330732556,0.00015695220867662725,0.245942026649136,293.18174719432045,-0.00040286572600760145,293.2327097086604,0.00017313689674947064,4.980475741549823,0.8351769478524705,-0.8285623807755728,-0.0011638731555660858,-0.6813324265964629,0.009945281776406745,0.7236590977616799,0.113032941184464,-0.04629176003592355,-0.0011545292536167347,0.09975619054659338,0.007281763208288106,0.9725527067161975,0.1756800670586362,101440.34433903769,-0.09100517103897603,101451.85649317413,0.00036891800694038857,119272.98893818466,0.7613190181219014
AF_644,47.0256975582688,12.666864304315476,0.0042778721453120335,12.125713477933504,0.0008977553590233667,108.30223287407078,0.6355266032582795,0.7772464761658321,-2.107298551180272e-5,0.7799122088330751,0.0011361252465410532,0.0020766616479454083,0.593861305571241,285.71826171875,0.001014336877152598,285.5899481037902,0.0031566280028281213,1.7317326330093747,0.37359986759799524,0.1535126595270066,0.0013496131469065945,-0.01721340355667761,0.017972310310789608,0.5384613152933715,0.03243594469235016,-0.7590641899714394,-0.00039248052383465833,-0.7094154037063551,0.002431719064041493,0.33656010722111324,0.43500940751672446,85299.88005332342,0.05040884539669292,85293.50333438073,0.00023624816925504888,57145.872046376855,0.8079623670758649
AF_754,17.73738956840134,8.839518229166666,-0.0020024114322870394,9.092823275350977,0.0012508745883904604,17.03070703635653,0.5757778177290714,0.7594393785037692,1.7142808641079742e-5,0.7572708132106726,0.0005251485647622678,0.002973182634920338,0.7170300876447129,292.92737785218253,0.0012848033508259453,292.76485022830303,0.004775935384092711,1.8363467670064464,0.27337892780299156,-1.6694156328837078,-8.952116435672846e-5,-1.6580912055925816,8.166035613632605e-5,0.5214107618223562,0.8863792557366166,0.6361006630791558,0.00039337880183790076,0.5863382446466614,0.00224657381936455,0.36596624405283107,0.45309090455157824,93160.61021205357,-0.14202075860401797,93178.57583801697,0.0012185559087667386,87942.33896837143,0.5807581117035052
AF_865,4.9237548228347805,1.0205969432043651,-0.0005033972986043779,1.084276701477819,0.33652361297991396,0.0040007925633648985,2.05143854992658e-29,0.7594896659018502,-3.3273487315515965e-6,0.7599105755163915,0.003357841833192321,1.7517665199198237e-5,0.3587430121215034,291.64820304749503,-0.02764961802956394,295.1458797282349,0.36726302615978856,11.059637174569083,2.0330877710093604e-33,0.6456304050627208,0.0004554899379496491,0.5880109279120902,0.011038639462868871,0.09985776514697357,0.09482683872576866,0.8373791073995923,-1.2786212530030633e-6,0.8375408529880972,7.796673640037e-8,0.11140746525483582,0.9964773998265976,100804.3562437996,0.15699623571870996,100784.49621998119,0.005457800127071311,23993.890238489363,0.24147922274572398
AF_936,13.923807798887538,3.9168255518353177,-0.002653470307903526,4.252489545785114,0.006566029009435814,5.697252705420909,0.19863847842720067,0.7796350821616158,3.264922522338447e-5,0.7755049551708577,0.0037091818277766864,0.0015268889497764664,0.33466869296223667,289.63580419146825,0.0010317263378726768,289.50529080972734,0.0018809068309222354,3.006779405165011,0.49247566108149166,0.4450553182571653,-0.0008246911621839778,0.5493787502734385,0.00935284118242985,0.38634823900077453,0.12445939567391544,-1.6213688774714394,0.00034599359235820264,-1.665137066904752,0.0004222670076685642,1.5062212731671467,0.7451969681004977,100749.2570374504,-0.12980498777054403,100765.67736840337,0.000558252158127881,160358.56692237878,0.708638173519647
AF_953,47.0256975582688,15.622298952132937,0.005237038960078189,14.959813523683046,0.0010316359437366751,141.248862890367,0.6113765085126143,0.7722460135581002,-2.5253370100591487e-5,0.775440564875825,0.0012859208703766,0.002634900732068253,0.5704715488165302,286.3064332992312,0.000562272594346405,286.2353058160464,0.0007335889220445591,2.289712124200893,0.6683554155711977,0.4133150993831574,0.0011824250871397327,0.26373832585998125,0.026593941136119126,0.2793215116030433,0.008963298055207625,-1.1485304908146934,0.0003229826634125881,-1.1893877977363858,0.0033020757326661654,0.16784608254543718,0.36277792124582087,87822.01100570436,-0.03379227596015335,87826.28572861332,6.78456606386657e-5,89423.69818453258,0.8963762194256362
AS_1005,0.9576297825396978,0.7727864583333309,-0.00015247422459606434,0.792074447744733,0.000261302894430937,0.472703113023982,0.7982424406344718,0.6770641094162351,-1.316222350676903e-5,0.6787291306898413,0.0004529471947561925,0.002032126616112457,0.7364312773438448,279.48118567088295,0.0038008283395450757,279.0003808859305,0.0013350211639230336,57.49210055724181,0.5631955286029311,0.9424802159506177,0.0003813612881525458,0.8942380129993207,0.0009863884989392835,0.7833665584970768,0.619308542729373,0.6725996865166558,6.826018193814723e-5,0.6639647735014802,1.6869799063234936e-5,1.4674549893603734,0.9482198272005544,100542.63402157738,0.2011261343436718,100517.1915655829,0.00039499097642281544,544113.6921316113,0.7532904509621526
AS_1013,5.9915577182982815,3.8575652591765874,-0.0010338942994022407,3.988352888050971,0.0022968919702561763,2.4725866947229562,0.44806387292454436,0.7335364638812958,4.646022556629514e-5,0.7276592453471594,0.0026380997527720718,0.004347216111702429,0.4161121431624965,287.6661454458085,-9.208051364324352e-5,287.6777936307844,1.4857491190678473e-6,30.320042190975887,0.9846235442042798,-0.2723770974174378,0.00021560266966442402,-0.29965083512998747,0.007997457875463576,0.030881339004602434,0.15570169328536496,-0.9153955701797728,-0.0005916345740416978,-0.840553796563498,0.001609708048913916,1.1553133483570017,0.5255050216497811,101170.64592633929,0.22973333175391789,101141.58465987242,0.00038111611688751434,735750.427580441,0.7575255134948702
AS_1019,7.974620238445823,2.488986545138889,1.6499355251682217e-5,2.486899376699551,8.124930502839689e-7,1.7801397884245624,0.988628824360433,0.7105812808823964,1.861304108079786e-5,0.7082267311856755,0.00037598843925112924,0.00489553315365627,0.7591119729550275,279.6100124782986,0.0020402570252000653,279.3519199646108,0.0009209810806516394,24.013688403745306,0.6311847937469779,0.6707265112135146,0.0002486727790021532,0.6392694046697421,0.0005490966961421151,0.5983392336170801,0.7109302235378483,-1.316818948776003,-0.00026217307427331383,-1.2836540548804287,0.0002445692754842188,1.493186628949748,0.8046760805962915,95284.26497395833,0.026186892628057318,95280.95233204088,6.056608351401316e-6,601559.0432783635,0.9689603697722079
AS_102,16.05941358981545,4.827632843501984,-0.0021624579609521638,5.101183775562433,0.002079711517821381,11.946262834541468,0.4704105521355451,0.6960448319949801,7.432311150218583e-5,0.6866429583899536,0.008765649660382069,0.003348138945619676,0.13704834586880188,277.23716905381946,0.0014010271056982314,277.05993912494864,0.001146167160236078,9.098816998029188,0.5922329432686669,1.4922015856182764,0.0006113744637931982,1.4148627159484368,0.0009915810225414878,2.0027475050392556,0.6183868910920675,1.9653320463876875,0.000703159121377079,1.8763824175334871,0.007117679247686803,0.36906990455846145,0.18066127030563217,57400.72863963294,0.5540677903387391,57330.63906415508,0.02243951416360135,72686.23504776949,0.016595533013657564
AS_1063,2.0254326780041083,0.8845989893353164,0.0002688334541797089,0.8505915573815833,0.0017170257967712432,0.22362977161900977,0.5119915188084199,0.6807240692396013,9.007283334312853e-6,0.6795846478978107,0.00019156006093212774,0.0022502071367785682,0.8267600119215724,278.75472780257934,0.0018572543066956724,278.5197851327823,0.00038308074408954784,47.84011795331108,0.756920770136645,0.42142793110438753,0.0004272108734716305,0.3673857556102263,0.005834979722386113,0.16618241296724254,0.22577112724666723,-0.36858644939604257,-0.00020467229762974706,-0.3426954037458796,0.0006561377912016608,0.3392055062786483,0.6853712237697651,100472.95941840278,0.03092495149741707,100469.04741203836,2.309372269582166e-5,220020.89330360986,0.9394318497888792
AS_1089,31.00865412630992,10.315925719246032,0.004956571523523826,9.688919421520268,0.0029402311968202977,44.39367410190221,0.3905511296575076,0.6812976059459505,7.6059210202409765e-6,0.68033545693689,9.419528738741079e-5,0.003262978883242308,0.878032786445382,278.99008130270335,0.0013864827969905622,278.81469122888404,0.0005547772577895183,18.409845215138336,0.7095055728614358,1.021971240876213,0.0003188241475773534,0.9816399862076778,0.0009335036837002653,0.5785304127101122,0.6288716558732359,0.0428699463132828,-0.00018865973596927452,0.06673540291339602,0.0003466708544379582,0.5454826348971583,0.7684180003015744,99886.07052951389,0.13488404454363997,99869.00769787912,0.00016635741840487217,581057.0884189818,0.8383912844676515
AS_1119,4.00849519815074,2.8653467571924605,-0.00019256338857350576,2.889706025847009,0.0009713935760141679,0.20281124366782446,0.6219871309388105,0.7041460682475378,7.883135004141042e-6,0.7031488516695139,0.0004764096622846825,0.0006930382158057155,0.7299482171883229,286.1071021670387,0.005020118866068288,285.47205713048106,0.004000466670219027,33.47011159659789,0.31631234357824467,-0.3404807060483902,0.00012896659175228186,-0.3567949799050539,0.00015876384384050368,0.5565993005914969,0.8420736648380396,-0.38902256980774896,0.0004470293505699446,-0.445571782654847,0.0012411942651476826,0.8554056857752949,0.5772606448523957,101266.49116443453,0.2648734038764948,101232.98467884415,0.0029064602550055163,128248.45230520269,0.3932941493503475
AS_115,0.9576297825396978,1.4420301649305556,-0.00012462025779340767,1.4577946275414218,0.0005052938270435625,0.16329508526444497,0.7222075974515393,0.6911887223758395,5.5934181522230356e-5,0.6841130484132774,0.005418791967583325,0.003067551852078685,0.2431775297483152,289.4176412915427,0.0009207192747572678,289.30117030328586,6.515522615258007e-5,69.12657337185176,0.8984403904112988,-1.3847437888856917,-0.00036268175404671684,-1.338864546998782,0.0009640524285868812,0.7249208279503687,0.623307862759314,0.044009269229949466,-0.00021737415026297505,0.07150709923821581,0.00015136509354241046,1.6585549962180786,0.8457506829046293,101478.41179935516,0.23947902805772955,101448.11770230586,0.00041516571868416285,733927.7421329947,0.7472756785818171
AS_1152,13.923807798887538,4.636842757936508,0.002418850442854968,4.3308581769153545,0.0050830235610546115,6.115552894381442,0.25841131864051087,0.6888079274268377,3.112983743231625e-5,0.6848700029916497,0.0012445553770573659,0.004136940701407147,0.5767449367416811,277.98744419642856,0.0018222824253288003,277.75692546962443,0.0010870740401063284,16.22975876600008,0.6019503960312814,0.7555905675131177,-6.666401751589669e-5,0.7640235657288786,0.0003358997657529894,0.07029316218575343,0.7719440135092286,-0.7549990548027886,-0.0005672231294989579,-0.6832453289211704,0.005577395432631027,0.30648995296361997,0.2363606947708754,93239.40783110118,0.6190865156679887,93161.09338686918,0.0061440561726821,331426.5742082156,0.2137995507065631
AS_1155,16.97467321449858,3.9706953745039684,-1.0567759781503499e-5,3.9720321961163285,4.961721011831344e-8,11.958407375381768,0.9971898768847463,0.7098302699270702,3.14380452611813e-5,0.7058533572015308,0.0011838212251084057,0.004435726530129311,0.5862074981691308,278.66199893043154,0.0015917489535669667,278.4606426878053,0.0011858120112847592,11.352019197539162,0.5858923932022377,0.8124462687779986,-0.0009291295325379655,0.9299811546440513,0.006827799818302949,0.6717560168201613,0.189862429380286,-0.1351666980319553,2.494141068633905e-5,-0.1383217864837772,3.5713446161933504e-5,0.09254438711572975,0.924718579399108,71470.55465649802,0.1665255942866966,71449.48916882076,0.0030445560127998483,48392.47472050179,0.382246825872655
AS_1160,3.2457788442479796,1.3777126736111112,7.360157994035491e-5,1.3684020737486562,6.285969549302273e-5,0.45786960782493985,0.9002360839790603,0.6594031207145207,4.015177526296093e-6,0.6588952007574442,0.00030688041219506523,0.0002791130553213586,0.7817597962448333,278.3347923642113,0.0025800669970339773,278.0084138890865,0.0009393836378749354,37.649463464030504,0.6277921128711654,0.6504744650825621,0.0009622129576438817,0.5287545259406111,0.014221782801940419,0.34588217100752405,0.05754582075154896,0.2989540856982034,0.0005168134728330094,0.23357718138482775,0.0025282154796227863,0.5612978560613889,0.4260174725696766,100887.92767237104,0.02029628228568879,100885.3601926619,5.297087836586556e-6,413176.5171949493,0.9709708742117089
AS_1176,2.0254326780041083,1.5168999565972223,-0.00022681432478724293,1.5455919686828086,0.003981811840243821,0.06864359833699193,0.31744786225314436,0.6990567171384418,4.933015835202561e-5,0.6928164521069106,0.006774667418311231,0.001908432726298116,0.19160683850235374,288.5598396422371,0.0046902254948889745,287.96652611713364,0.0026835659857422645,43.552689943493476,0.4121129838869524,-0.7085537002200172,-0.000811867748458398,-0.6058524300400299,0.008618679176415567,0.4063213847136069,0.14041533420473468,-1.1789802520994157,-0.0010133646043838148,-1.050789629644863,0.003252492232081905,1.6774709563875063,0.3664179588490785,101227.14592633929,0.0015401380315365678,101226.9510988783,8.080325164527835e-8,155966.12027839915,0.9964138946821584
AS_1182,15.449240506693059,13.453159877232142,0.005098873794184265,12.808152342267833,0.004104914935316395,33.649931093339696,0.3100509615058569,0.6496577802158537,-2.2275921425903444e-6,0.6499395706218914,2.5343266520927443e-5,0.0010402760016278716,0.9365563084703018,275.5449741908482,0.002133618873309229,275.2750714033746,0.005858682764757761,4.128321601676886,0.2248253867685216,0.05156457234942724,0.0007656506851242301,-0.04529023931878787,0.0010604132671028221,2.937149240679082,0.6064446708960713,0.0769275635007828,0.0003452711826135934,0.033250758900163234,0.0005868366163306327,1.0793027316604322,0.7016168921410956,101466.37211681547,-0.3917277465753399,101515.92567675725,0.002148717464078631,379427.82017746364,0.46312312046643916
AS_1207,1.415259594881718,2.110653831845238,-9.532293609300795e-5,2.1227121832610036,0.018891973605729806,0.0025553906852709136,0.02823045900811234,0.6514300098494877,3.902795875429501e-6,0.6509363061712459,0.004867555659775591,1.662572391150473e-5,0.2688037926067335,299.6437155102927,0.0019100984147472789,299.40208806082717,0.017721870272314533,1.0938096513431843,0.033689355448741846,0.14082897277105422,-0.00019715216105036022,0.1657687211439248,0.00011934497656285181,1.7303691201285205,0.8628542133032091,-0.1505107425508045,-2.8402855353679257e-5,-0.14691778134856406,1.0980242644675897e-5,0.3903479318401619,0.9582150623066107,98898.5308469742,0.3274148811070418,98857.11286451416,0.047492923505400464,11992.445140903515,0.0004145948822212478
AS_1256,2.788149031906869,2.7452218191964284,-0.00017830119679853912,2.7677769205914435,0.0006501202720582411,0.25980925885668926,0.6867413023997042,0.6585223192260379,6.789196733653156e-6,0.6576634858392307,0.010833212523844948,2.2605771841770217e-5,0.09798953800510793,286.1253914000496,0.006046754467050865,285.3604769599676,0.004218469862057206,46.04998927722353,0.30342392590835776,-0.37756876718430293,-0.0003383587342142268,-0.33476638730620323,0.006247311615540596,0.09736467758660469,0.20996806751956779,-0.5190526417323521,-0.0007001434102501296,-0.43048450033571073,0.0026286099324248635,0.9908038432276263,0.4169540567201861,96586.42370411706,-0.49015766702154306,96648.42864899528,0.01269163415795116,100575.88702737549,0.07302437376436167
AS_1261,92.33104898009606,16.41543433779762,-0.0051230552978655695,17.063500832977613,0.002937947201770319,47.46286133357457,0.39073578514578317,0.7740609011952839,2.5733504377442785e-5,0.7708056128915374,0.0021998149138833245,0.0015993795487037248,0.4578415798545328,299.124261765253,0.0010271013410713442,298.9943334456075,0.025103865875967468,0.22326765066531146,0.011173110391583342,-0.10858586477854895,-0.0003910728597725053,-0.05911514801732703,0.0003167346906302049,2.5654262717150127,0.7783725505173988,-0.3289891651698521,0.00016690115001577084,-0.3501021606468471,0.00015409792556131396,0.9604210759376304,0.8443818826667318,99832.5824342758,-0.009536953939371432,99833.78885894913,3.605132393180721e-5,13404.109530221245,0.9243643573286846
AS_1265,9.805139487812085,4.514303540426587,0.0011611973226283647,4.367412079114099,0.0027577629949302462,2.597735490713311,0.40570648472973647,0.7713220091093154,-2.6704980488558573e-5,0.774700189141118,0.001654681125624724,0.0022898658106641425,0.5197668572095671,297.4634777250744,0.00337704348736477,297.0362817239228,0.02726106369744874,2.2226461359025684,0.008122499814277455,-0.2025722549075172,0.00011519064434672258,-0.21714387141737762,2.565654860786637e-5,2.7477422884654334,0.9361662042408027,0.8528103449987987,-1.7499337976735072e-5,0.8550240112528557,1.0273128184801195e-6,1.5837270953770335,0.9872137540844377,100216.44354538691,0.0906626616768387,100204.97471868478,0.0006840209230775107,63845.068830174205,0.6791163202222669
AS_1275,209.94191075190793,6.728263733878968,0.0021057372623424983,6.461887970192643,0.0003254337547009545,72.39116796453304,0.7754293043212277,0.6505291963380481,2.604739607986069e-5,0.6472342007339457,0.0021697562727811537,0.0016613360586354231,0.4609369231968355,276.2709534660218,0.0015542804929585255,276.07433698366253,0.009839689803091134,1.3044192559019647,0.11498253813196349,-0.17277353528946165,-0.00019702858614473163,-0.1478494191421531,0.0008581155718423439,0.24035464232934664,0.6430981075987272,0.3299463817051479,0.000555957792235711,0.25961772098733044,0.010733837496531673,0.15299190174630067,0.09956012244198151,95141.91973586309,0.0107009350842442,95140.56606757494,2.2491862912144e-6,270494.13145467616,0.9810816799180845
AS_1279,49.924019703099475,10.048262338789682,0.0059233849703763525,9.298954140037074,0.0015238015867775623,122.33516513555725,0.5367845940720133,0.6952045086830382,1.4429049363398023e-5,0.6933792339385684,0.0004331165066665532,0.0025539389918056133,0.7420580179702385,278.4810364738343,0.0019700258363895247,278.23182820553103,0.003265193536123201,6.315020017727783,0.36548075762616516,0.8650004447452606,-0.0008605363062172929,0.9738582874817482,0.009221014420835227,0.4266772730061648,0.1271705486377847,-0.3718629715934632,-0.00010447025811464738,-0.35864748394196033,0.0006326650211807561,0.09165397977338685,0.6907576549844426,71082.78481522818,0.06979600595828621,71073.95562047446,0.0005103226560295715,50717.29804476427,0.7208855467542088
AS_1324,0.9576297825396978,1.8309151785714286,-1.9881829261159796e-5,1.8334302299729652,0.0001151046486784768,0.018245662283205344,0.8652892174578708,0.6626225132790823,1.6222527439362925e-5,0.6605703635580029,0.010755314272149596,0.00013000311114441928,0.09921840423259505,289.725828140501,0.0014764658325689337,289.53905521268103,0.0001720613854909736,67.31365968363792,0.8356824432795504,-0.8159755752200172,-8.711905126523963e-5,-0.8049550152349644,0.00013919839664378042,0.2896889019197271,0.8520060301081404,-0.17384942372639975,-0.0006244690672260278,-0.09485408672230723,0.0019712786901848744,1.051026461003256,0.48224016133129793,101628.5070374504,0.20431983422886654,101602.66057842044,0.0003332294707877326,665606.3669877425,0.7728276012407698
AS_1330,5.9915577182982815,2.2128789992559526,-0.0005858186484018752,2.28698505827879,0.01436445106424522,0.12693376641553034,0.05629021353725993,0.6908340463562618,7.24800232505654e-5,0.6816653234150652,0.014625507974673102,0.0019083828493671048,0.054066426533083634,295.03183903769843,-0.00064976088142255,295.1140337891984,0.003992247970777463,0.5618617010020082,0.31681196351333046,0.01942132768176851,-5.242346422180106e-6,0.020084484504174292,5.2573036536496254e-5,0.002777334485963997,0.9087248709510196,0.05716767386784629,-8.174181224960384e-5,0.06750801311742118,0.00048029047430619976,0.07391360191303495,0.728893194281413,79691.92767237104,0.8612771733272069,79582.97610994514,0.2019771854029483,19512.96988419227,1.7983981558610556e-15
AS_1341,7.059360613761783,4.204229445684524,-0.0006504283689868793,4.286508634361364,0.0005014256555938568,4.482623000272513,0.7232295620556937,0.7374358716465178,1.8023740389050497e-5,0.735155868487303,0.00037124448168135427,0.004649108219344164,0.760590276445537,285.8725062779018,0.0017204008655407536,285.6548755684109,0.0005304759121959046,29.643771186394655,0.7156597473469973,-0.7699550674075172,-0.0004103688524440178,-0.718043407573349,0.004421520143409796,0.2023564200803856,0.2920190911029918,-0.06950837089901879,-2.9009745445767132e-5,-0.06583863810012924,1.3628896695094816e-5,0.3280703275364803,0.95345245240282,101264.59433903769,0.23613160465141128,101234.7236910493,0.00039462070542228833,750703.056558329,0.7534024009435378
AS_1378,5.9915577182982815,3.3038504464285716,-5.5454559280288586e-5,3.310865448177528,5.8707036210137176e-6,2.783070297762285,0.9694402220433127,0.7462114010538373,-7.0165144888753905e-6,0.74709899013668,6.306730461469456e-5,0.004147423634358073,0.9000723250691718,286.512451171875,0.0026344079175721355,286.1791985703021,0.0015559213038867092,23.69835683691549,0.5325168392354241,-0.4425934912666442,1.719080118689427e-5,-0.44476812761678636,3.4190037271231155e-5,0.045923235350742636,0.9263370818655878,-0.6456298676748125,-0.00050642555744715,-0.581567034657748,0.0013051003112048987,1.0440640746453724,0.5676078761931682,101248.36814856151,0.2794730140936349,101213.01481227866,0.0005387722643864779,770219.2044763296,0.7135411112261659
AS_1406,16.97467321449858,8.316638764880953,-0.008803973505798,9.430341413364399,0.06732762278335325,6.116514212446045,2.1552194734140732e-5,0.6652735159510658,-3.6168315295776254e-6,0.6657310451395574,2.7503242471915712e-5,0.002527042105774076,0.9339138405905809,275.9338766431052,0.0016871130812951844,275.72045683832135,0.0014509379278332402,10.422679135441017,0.5467004092417417,0.6019757361639113,-0.00014091001770486416,0.6198008534035766,0.0008747749186204246,0.12059442533088287,0.639890652154635,-0.7547336003137013,-0.0001570798484564611,-0.734862999483959,0.001647002271131015,0.07959514259029705,0.5207387836069999,87661.94354538691,0.5472995059804073,87592.71015788038,0.01803351489081506,88248.94971289334,0.03213699978506273
AS_1417,4.771211552053501,2.5258634052579363,0.0023234440250479364,2.2319477360893725,0.10738130780284116,0.2671010254351093,4.1569854641119874e-8,0.7494556194260007,-0.00020139741245274838,0.7749323921012734,0.13916370889440954,0.0015485370264906892,2.0533051709184097e-10,293.0435539124504,-0.006402673994873133,293.85349217280185,0.07136439445664566,3.051975265992463,1.1696576522404802e-5,0.37255330312819707,0.0001695800794774586,0.35110142307429854,0.0005884630504189303,0.2596392142540335,0.7012233240472918,0.41949755047994947,-2.5811809962029058e-5,0.42276274444014617,1.4707636399879931e-5,0.24067658970244402,0.9516475349454794,95454.47529141865,0.208893296449999,95428.05028941773,0.003480895064887579,66603.62875021627,0.3500534141673307
AS_1423,5.9915577182982815,3.2726081969246033,0.0006985354389893843,3.184243463892446,0.0013094498485960449,1.9798296980452872,0.5669623240666823,0.7548649206994071,-4.5978792608722646e-5,0.7606812379644106,0.0030535408188619995,0.003678334421513778,0.38154332152783915,287.0791848803323,0.005791706663195235,286.34653398743814,0.01033113478992942,17.25062774487482,0.106208817504089,0.07166354618375263,0.00014743106261436343,0.05301351676303566,0.0012429208229397526,0.09291254228794964,0.5769956186583998,0.09573026687379867,-0.00020695706032937235,0.12191033500546428,0.0006534186451361279,0.34826416289692774,0.6859894157057845,95200.61814856151,0.3178045364889023,95160.41587469567,0.0017000955899918457,315636.09343611554,0.5140828934591243
AS_1430,322.2137580464014,7.516989087301587,0.0041557219210397265,6.991290264290061,0.0011269386505297074,81.42026285846853,0.595359068446152,0.7735779786866809,-3.835511055632782e-5,0.7784299001720564,0.0040663883388627475,0.001922106478260473,0.31234168463202094,291.64324466765873,0.005204909118466844,290.98482366417267,0.06700073459632416,2.148258571047896,2.2642116029538775e-5,0.23025807123335582,7.665175044463456e-5,0.22056162480210956,0.0004590742921165569,0.0679987605537277,0.7347205514529638,-0.4318246841430664,-6.75017724206832e-5,-0.42328570993185,8.576098649037966e-5,0.2822801898043809,0.8835810278746479,103141.05068824405,-0.9274163492135354,103258.36885641956,0.01640259535149946,278597.19547760236,0.04116931994941467
AS_1447,3.7034086565899997,1.4254983568948394,0.0024456162181923603,1.1161279052935058,0.02991695718505749,1.0621821713283277,0.005491891797823302,0.6864064241212512,5.591830271896313e-6,0.6856990575918563,7.489157574169791e-5,0.0022182720605859792,0.8911598343294487,278.89698815724205,0.0032814084102138407,278.48188999335,0.001387129428606082,41.242350046611904,0.5556659818183907,0.9326642127264113,-5.401305943639467e-5,0.9394968647451153,1.940083647966606e-5,0.7989450599088156,0.9444769208092919,0.6981491966853066,-0.0001170988811741695,0.712962205153839,4.561654006163263e-5,1.5970663728137593,0.9149535336931839,100651.82052951389,0.20954305952830884,100625.31333248357,0.00039632532007560783,588619.3819168651,0.7528874944758819
AS_1494,20.940798254793663,6.800726996527778,0.0024255399644130034,6.493896191029533,0.0018709574050271849,16.70678120199797,0.49362451152379677,0.7048282632752071,3.294756708351076e-5,0.700660396039143,0.0014217061901109496,0.004056735227747657,0.5507739008917881,278.9792712983631,0.0031336128230818492,278.58286927624323,0.003983157208709676,13.097941298815904,0.3173657925273736,0.03039990531073676,-0.00042351502551570626,0.0839745560384736,0.009959116864597495,0.09568781397932312,0.11278017775659252,0.03285630544026693,0.0003853623604043126,-0.015892033150878615,0.0031190947360086874,0.2529588260186426,0.3764650321008358,77539.89592633929,0.5147723587815124,77474.77722295343,0.01748113315356703,80537.9689306651,0.03494132661709821
AS_15,3.5508653858096295,1.3259858630952372,0.0010037753418848628,1.199008282346802,0.005443012886564902,0.9834980408305423,0.24212132859775848,0.7113076476823716,1.5587481148291167e-5,0.7093358313171129,0.0002935170684458255,0.004398031516637236,0.7864480695412679,280.23353213355654,0.0015517150779176725,280.03724017619993,0.0003098755950775578,41.28348982344314,0.780724134425288,-0.8812870676555331,0.0007025815316960645,-0.9701636314150852,0.0025248863919022924,1.0387031135068712,0.42632302341761225,-0.7424064363752093,0.0005095996275272383,-0.806870789257405,0.0019273682115605872,0.7158686237849113,0.48716914970222375,97753.84037078373,0.1885005590990077,97729.99505005771,0.00036815831622405426,512779.30120918987,0.7615575254387691
AS_1545,49.924019703099475,10.381064763144842,0.004061590063963044,9.867273620053517,0.000678334428731886,129.20762143326252,0.6803797039200045,0.6880499834106082,3.368987181581996e-5,0.683788214625907,0.0020178090885217825,0.0029885357762747863,0.47710549458254975,278.22540767609127,0.001684085770718182,278.01237082609543,0.002285999057096144,6.591620288439195,0.449144767377995,0.3128241054595463,-0.0004291690809015412,0.36711399419359125,0.0013824526195207465,0.7078584361532864,0.5563339570959299,-0.6835046041579473,0.0003095212370260957,-0.7226590406417485,0.005202438351337713,0.09783939942722644,0.2528638863179058,71785.34037078373,0.7056137363542255,71696.08023313491,0.05098265390123213,51886.1480406142,0.0002475819738368897
AS_164,0.9576297825396978,0.9934857080853174,0.0003891840616781886,0.9442539242830266,0.0038658375479585505,0.20816432779129154,0.3246277957656267,0.7103624201956249,1.2976025873500808e-5,0.708720952922627,0.00019209713296497455,0.004656958185661016,0.8265211399141179,282.87242683531747,0.0021340317050309956,282.60247182463104,0.0003651227238535837,66.26782063198357,0.7625132486330509,-0.49017378640553305,6.514299064101077e-5,-0.4984143747216209,8.942702423841986e-5,0.2521194910494339,0.8811366666694159,0.022947296263679626,-0.00012489837999565362,0.03874694133312981,7.551431622421223e-5,1.0975495407867297,0.890711050870562,89283.11418030754,0.14392186277944874,89264.90806466594,0.00033763866663660824,325942.642575125,0.7713706629704591
AS_1654,45.04263503812217,8.753251333085318,0.002981893229242825,8.376041839586101,0.0005780265923727157,81.72899807653654,0.7037596883447998,0.6951771094685509,2.1899326900999903e-5,0.6924068446155744,0.0015968628880091984,0.0015956356147276084,0.5271645458861179,277.2295696924603,0.0009764438680905969,277.10604954314687,0.001309743719577594,3.8676579275461718,0.5669187593794552,1.7115599995567685,0.000516148923033219,1.6462671607930663,0.002793535159617333,0.5066822904781795,0.40266940071953594,1.1184275945027669,0.00083031348856858,1.0133929381988416,0.008873360365653449,0.4127963825095028,0.134637591293159,57958.10562375992,0.28487653353272413,57922.06874226803,0.007255356958564718,59428.447334782155,0.1764709997216391
AS_1699,29.94085123084642,7.903738839285714,0.00449686042555732,7.334885995452713,0.003202103038292603,33.55237981224168,0.37016892026203707,0.7350978558025663,6.216075772952504e-5,0.7272345199497814,0.004249959289591487,0.0048304506058891045,0.3016184789667514,279.2651793464782,0.0025612834283044754,278.9411769927977,0.004227414511464467,8.244802583811639,0.30290968040844657,-0.17293823333013625,0.0002745202554852663,-0.20766504564902244,0.0016015720718264292,0.25000121407084014,0.5265550661675358,0.2863110890464177,-0.00020996313433000065,0.3128714255391628,0.0027425141967974964,0.0854037668159761,0.4070112281614002,80021.58640252976,0.46938342702500746,79962.2093990111,0.024502243771489685,47773.7642983017,0.012214801337739084
AS_173,5.9915577182982815,3.3760618179563493,-0.0010327434966514522,3.506703870282758,0.0022354503945123394,2.5348934921301316,0.45421402896104085,0.7460302029337201,2.9608321406762196e-5,0.7422847502757647,0.001155080224548688,0.004032322325024901,0.5907952845722804,287.0838235522073,-0.0010467675092379392,287.2162396421259,0.0002537682569073718,22.940505708985782,0.8011113666566566,-0.4605572034442236,-5.034191358920936e-6,-0.45992037823732007,3.1031841501993895e-6,0.04339020551826879,0.9777792679396557,-0.8381521891033838,-0.0006120324887235502,-0.7607300792798547,0.0013162954782681702,1.5119428641002828,0.5659491756040567,101231.86418030754,0.15982999760322533,101211.64568561074,0.0001866190374234522,727278.0105874506,0.8289742737460755
AS_174,9.042423133909324,3.849210224454365,0.0031120544027306964,3.455535342508932,0.019332157942367756,2.6616677474245845,0.026420075763244774,0.6897800697220696,-6.818814663580931e-6,0.6906426497770126,7.106094518161132e-5,0.0034763749273615603,0.8939632209662778,278.15406242249503,0.0019252580349480115,277.91051728107414,0.0007705878220559681,25.556157952191626,0.6606000430533387,0.9774485164218478,0.00010900347766430852,0.9636595764973128,0.0001032163784453477,0.611606238901262,0.8723731518193037,0.9456806636991955,0.0003706474267899087,0.898793764210272,0.0004967662059156552,1.4692975376153796,0.7244664812394422,100039.6062437996,0.2764772801088138,100004.63186786584,0.0007325909110450501,554366.7656898091,0.6685677831591537
AS_1751,13.923807798887538,3.003693111359127,-0.00010576217797265673,3.017072026872668,0.001120546869218253,0.05303597543736092,0.5964057835243206,0.7830403049786886,-8.375741192764118e-6,0.7840998362395732,0.014143702401562597,2.6352583909355313e-5,0.05824540135677004,297.17636059957835,0.0009579953246607946,297.05517419100875,0.0049175269600506555,0.9915619330901331,0.266348374551716,0.20450123529585582,-0.0002964860639691764,0.24200672238795662,0.003537217108299018,0.13203426987897995,0.34617107553509263,-0.005369140988304501,-9.495077968074518e-5,0.006642132641309765,0.002282044029429775,0.020990020708657544,0.4495382205704937,94059.681640625,0.984593432101633,93935.13057146415,0.18420216957569058,27961.40201529089,5.769048709172553e-14
AS_186,0.9576297825396978,0.8618977864583333,-0.0003481886817261371,0.9059436546966896,0.0034715615459974813,0.18554285987914818,0.35070244954999863,0.7097638760294233,2.490100140614554e-6,0.7094488783616355,6.968497903825366e-6,0.004727529719662157,0.9667068352004671,282.9615071614583,0.002421840040201513,282.6551443963728,0.00047297065258400384,65.88651432126642,0.7308871549000611,0.5712159550379193,0.00022381664787308336,0.5429031490819742,0.0002790260116871668,0.9538495922670684,0.7916632437384734,0.13485477084205263,-0.0003811577671482477,0.18307122838630596,0.008055532404078747,0.09581976805139691,0.1541964844213842,98901.86021205357,-0.10448634890608838,98915.07773519019,6.293352238984085e-5,921673.0389341334,0.900177819025216
AS_215,2.0254326780041083,1.9788953993055556,-1.996970474960688e-6,1.979148016070638,2.423147976582385e-5,0.0008743859435035467,0.9379606871273383,0.6503199934959412,-1.0065033036950988e-6,0.6504473161638586,0.002013626334422036,2.6729531271709685e-6,0.47756341939260366,299.5891927083333,0.002029423625139945,299.3324706197531,0.007933624267069783,2.7581228796704362,0.15737524408571762,-1.79989717120216,-0.00012433761595341018,-1.7841684627840537,1.15382438710121e-5,7.118773481060845,0.9571674752470528,-0.0684155509585426,0.00037459175470364465,-0.11580140792855365,0.0017677182047519668,0.4217384609369371,0.5058163166487134,100101.28481522818,0.18084137839288433,100078.40838086148,0.004507358486290358,38549.01919142759,0.28736155190759577
AS_219,7.974620238445823,3.155300564236111,-0.000662028665757637,3.2390471904544524,0.0007001049362711509,3.3260614266169717,0.675575816769298,0.7115648672694251,-4.357920536542072e-6,0.7121161442172977,2.184214761491443e-5,0.00461958637649239,0.9410929375378859,279.20974973648316,0.0026349712360678682,278.87642587512056,0.001380208948283168,26.726785896644344,0.5566549527856315,1.2730737489367288,0.0009124584053069286,1.1576477606654023,0.002197601467722632,2.012876046412193,0.4580683966921545,-1.0506862912859236,5.9164885809936874e-5,-1.0581706493408807,9.703852658637935e-6,1.9165655769453844,0.9607166334447259,96129.72925967262,0.18988182117661487,96105.70920929378,0.0002852430116674354,671570.4519050175,0.7894084695664354
AS_226,0.9576297825396978,1.3514074900793651,-7.83409979506031e-6,1.3523985037034403,1.6555118353966947e-6,0.19696348749135556,0.9837689500828,0.7075781453223455,-2.6239117396989286e-5,0.7108973936730647,0.0008853629043519273,0.004131587354833919,0.6378713899965098,289.4552835131448,0.002367128761094341,289.1558417248664,0.000514086085190768,57.909222148721156,0.7199009542157828,-0.9025776802547394,-0.0001841616008227971,-0.8792812377506556,0.0005038820203180361,0.35760955704956154,0.7225800830627069,-0.10808452727302673,-0.00036708926759573303,-0.0616477349221665,0.0007716751624915474,0.9277878241123295,0.660375505293476,101555.85227554564,0.21259653356740557,101528.95881404936,0.0003349730849850907,716873.0615435962,0.772250215414215
AS_235,7.974620238445823,2.4538186693948414,9.000280756326882e-6,2.452680133879166,1.5541982878453098e-7,2.7691437689077323,0.9950265185762011,0.7732814011119661,-1.114510059638808e-5,0.7746912563374092,0.0003288773629934738,0.0020066601215033776,0.7742759430485575,284.40642826140873,0.0014850642660395488,284.21856763175475,0.0013139773558417112,8.917485897201654,0.5662918643241127,-1.1806557897537473,-0.00017759565417038917,-1.158189939501193,0.0006502307977026556,0.25771336919147136,0.6867160715087345,-1.1161741075061618,-0.0007896380045718826,-1.0162848999278187,0.002394540004748702,1.3834829255511811,0.4385505953002254,101068.54671999007,0.1970438375192998,101043.62067454388,0.0003029818873876433,680845.9575999958,0.7831159898649483
AS_250,7.059360613761783,2.2181532118055554,0.00024540401822036197,2.1871096035006796,0.00011903114511968571,2.688082189251755,0.863032889533831,0.7720226721158103,-2.8220892735406013e-5,0.7755926150468392,0.0017951794576313018,0.0023570752195212767,0.5025240280161078,283.7050258091518,0.0027612556359237436,283.35572697120745,0.0045025407576343435,8.99695179814565,0.28762046425046406,-1.2889573460533506,-0.0003558210583601426,-1.2439459821707926,0.0016262185867360612,0.4136415812446668,0.5233855028516172,-0.21233451177203466,-0.0003259637220764175,-0.17110010092936784,0.000465372714760659,1.2130464627668378,0.7329751894455775,101529.30465649802,0.19631383826167192,101504.47095595792,0.0002763882946580365,740835.8637114131,0.7926279985074125
AS_275,65.1783467811556,13.815015035962302,-0.004701297257211505,14.409729138999557,0.0005708859194896165,205.69602929669054,0.7055101961275076,0.7513057475998288,1.3945963019356721e-5,0.7495415832778802,0.0003841365985746137,0.0026899929878597562,0.7565964625526873,284.32449583023316,0.004058770908449302,283.8110613103143,0.01705824538365952,5.130911645996783,0.03725820973766872,0.43691342217581614,-2.458337528152162e-5,0.4400232191489286,7.5632327511954145e-6,0.42453682949299404,0.9653160464470414,-0.5032028773474315,-2.8342990177174636e-5,-0.4996174890900189,1.160773688380079e-5,0.3676915024210474,0.9570388049854144,101129.41179935516,0.2938514124145241,101092.23959568473,0.002325139612296523,197308.75028787513,0.44527952957664085
AS_289,16.97467321449858,4.615889291914683,-0.0021541097895496878,4.888384180292718,0.0032810365909121675,7.513882700333835,0.3643163523031202,0.6852295900148059,8.326025177490323e-6,0.6841763478298534,0.00012095823037472364,0.00304494765471494,0.861939520365771,276.70696730840774,0.0016926344080786771,276.49284905578577,0.002524718020646022,6.02911081179069,0.42633848559994336,0.8445042579893082,-4.574232830811305e-5,0.8502906625202845,5.408786427407719e-6,2.0553061233166066,0.9706665401946806,-0.4952159911867172,0.0007707743667409086,-0.5927189485794422,0.006460258430844856,0.4885898612040945,0.20231740585244393,59937.74848090278,0.397011468290212,59887.52653016407,0.007285051888410776,114951.13689795803,0.17558184645813396
AS_307,5.9915577182982815,2.717777312748015,0.0019019964777863916,2.4771747583080366,0.00696680616900669,2.758833588816854,0.1853845954375707,0.6975289006081838,1.1991245436318317e-5,0.6960120080604896,0.0001820172554893862,0.004197163028447855,0.831064257812947,277.9770740327381,0.0012915250933964123,277.8136961084234,0.00030490777412395254,29.065447615369454,0.7824448595984811,1.4425674090309748,-0.00026272777971254603,1.4758024731646118,0.00040701735109072157,0.9010292376257287,0.749685189833567,0.025470082722012958,-0.001098289307158449,0.16440368007755676,0.011411592266510673,0.5615999760870478,0.08936194744836905,94536.78481522818,0.23724516284101305,94506.77330212879,0.0007823660262734622,382229.8196458599,0.6581777914692974
AS_319,45.04263503812217,10.24296642485119,-0.013847491600626483,11.99467411233044,0.009042771223670809,112.66278769458364,0.13094019653505107,0.7702297644009666,6.825378436230373e-5,0.7615956606791352,0.009384700850720185,0.0026373808866745506,0.12381373854017785,280.8348427424355,0.0034490380443101495,280.3985394298303,0.013122923687054366,4.816207418151232,0.06826073497838732,0.08328735260736375,-0.0004233332330989813,0.1368390065943849,0.0040020685649430066,0.2379140104659103,0.31621508265667064,-0.13816807762024894,0.00032474712999103265,-0.17924858956411457,0.0035409104257680957,0.15823972465399316,0.3459185209323199,89615.26497395833,0.2368803506799079,89585.29960959732,0.0022836057976619584,130549.9631613317,0.4493827893150142
AS_327,9.805139487812085,2.8002813430059526,-0.0018351400738800864,3.0324265623517834,0.011302848334831417,1.5830344050596838,0.09091958711742229,0.7881051027585589,5.348949229890415e-5,0.7813386819827476,0.01948415026263961,0.0007801808699998856,0.025823002662432384,294.26588464161705,-0.008338948869963399,295.3207616736674,0.02975158443340775,12.418019533391048,0.0056271972447166935,0.17356125513712564,-0.0002904391319204093,0.21030180532505743,0.0008409819905325078,0.5329216703388288,0.6464364862372107,0.09881883954244947,0.00022925466743489544,0.06981812411193519,0.0005461255560146316,0.5113092960475216,0.7116787031867584,98193.31259300595,0.3255270812805619,98152.13341722396,0.0019516079294006339,288483.84011779155,0.48443804405061863
AS_330,2.940692302687239,1.4212937127976168,-0.0007521870861650232,1.5164453791974923,0.0017542385411613015,1.713574195627339,0.5074458559284989,0.6515386681708079,1.377030643995986e-5,0.6497967244061529,0.00851549509317795,0.00011830882003646535,0.1428340805984497,279.28538682725696,0.001337646726581815,279.11617451634436,0.0001498145233721493,63.4554255837991,0.846533025572058,0.2727075379992288,0.00013392167085709352,0.2557664466358065,0.0002570632674404605,0.370682011214455,0.7998512447923875,-0.01310413602798704,-0.00016810419463002008,0.0081610445927105,0.0006551253527705692,0.22917778096216646,0.6856012252055201,96874.76100570436,0.12925026496217276,96858.41084718665,0.0004348255381849686,204120.98570632038,0.7415675466239104
AS_343,23.991663670404705,5.074769035218254,-0.0015682208407570548,5.273148971574021,0.0005334496804570987,24.494061207805984,0.7148981950595616,0.7734639010732136,3.966336833270501e-6,0.7729621594638049,4.404579004535503e-5,0.0018976433709902998,0.9164251997458317,282.0747806609623,0.004985609246385436,281.44410109129456,0.02112944624677837,6.2501173957599025,0.020178514518460457,-0.5075174589005728,-0.0015709852814789604,-0.30878782079348427,0.013976402522666742,0.9381853527793534,0.05977458957975132,0.28559998103550505,0.0011082847120292454,0.1454019649638055,0.0180593922691602,0.3613594108394723,0.03201146064351325,99916.84037078373,0.09258458062629964,99905.1284213345,0.00019634532984846853,231951.1699840903,0.8246438822022104
AS_372,0.9576297825396978,1.567801339285714,0.0003385725402549412,1.524971912943464,0.0028517572664269464,0.213565316197543,0.3977960871960472,0.6677394755302913,1.959294431395035e-6,0.6674916247847199,3.0937568679445526e-5,0.0006592544103022369,0.9299189965787237,287.83533877418154,0.002823727419104403,287.4781372556648,0.0004890170139849603,86.62861845655473,0.7265381240608418,-0.5940963124471997,-0.00019125901110637585,-0.5699020475422432,0.001294202189107918,0.15016941804199413,0.5692316329768624,0.42986771417042563,9.333746637980846e-5,0.41806052467337984,0.00011402589605169489,0.40592737279494445,0.8659160206633815,100994.30068824405,0.16025667410819736,100974.02821896937,0.00018338920886151744,744043.4359687628,0.830438298740119
AS_389,16.05941358981545,3.6932276165674605,0.004853588041725436,3.079248729289193,0.011467468874777231,10.914354854039269,0.08857272210944109,0.6994966788897439,7.403589996515678e-6,0.6985601247551846,8.441017460247835e-5,0.0034500845412007894,0.8844951125813246,277.6025758773562,0.0011783017372327933,277.4535207075962,0.001008294934228493,7.315857988968751,0.6154405020906576,1.7370920711093478,0.0008090630071564467,1.6347456007040573,0.002875955415962861,1.2092674287122618,0.3957955788562713,0.7697657176426479,0.0010803150425001341,0.633105864766381,0.027830365614177954,0.2228033675957402,0.007468169186348959,57388.11752852183,0.44349483653003263,57332.01543170078,0.015339668751286006,68124.13017559153,0.048439843463871986
AS_391,5.9915577182982815,1.840483165922619,-0.0005808470926429796,1.913960323141956,0.0018655420274182877,0.9608562475724456,0.4942517006947492,0.7783054785122947,1.8875855155555897e-5,0.7759176828351169,0.0015766289048121385,0.001200669846054107,0.5297976551561622,284.3697044735863,-0.0003951454981996538,284.41969037910854,8.081852325292349e-5,10.264622506358505,0.8869625212668487,-0.596896179138668,-0.00016472885192238894,-0.5760579793704858,0.0010474450125704804,0.13764103382551449,0.6086565962600057,-0.61512391529386,-0.000521335830949414,-0.5491749326787592,0.0013435108950725638,1.0748151330041897,0.5619555553332697,101234.92370411706,0.13542582622174582,101217.7923371,0.00013204093505547743,737962.3624071066,0.8558188073033156
AS_410,13.923807798887538,5.302625868055555,-0.0016121395452914486,5.506561520534923,0.0014658961732257891,9.419804017910025,0.5446374815208085,0.7579952128349788,5.392349194432067e-5,0.7511738911040222,0.005212276452455589,0.002963933055372538,0.25241336709280904,281.5279114738343,0.0033805347072912,281.100273833362,0.006230304646395068,9.745437285652548,0.21059356010690244,-0.07845387383112831,-0.00012775963393268762,-0.062292280138643324,0.0009069834262848131,0.09561538593926437,0.633793368444615,0.01283483656625899,0.0003420571366236402,-0.030435391216631493,0.0014502717011722899,0.42863512305261814,0.5467926260502745,89254.52687872024,0.13893597159920454,89236.95147831294,0.001777558194404838,57695.95856809752,0.5046324050823013
AS_413,54.04268801417493,8.493629092261905,0.0076380971795576985,7.527409799047856,0.0022039900676324997,140.63730712851546,0.4574142221682496,0.6601670289796496,1.3631753798084059e-5,0.658442612124192,0.0009461291079969625,0.0010435010237459495,0.6265587800778953,278.4305884951637,0.0017279431454845966,278.2120036872599,0.0023413038576930445,6.77549349688371,0.4436982057421149,0.3213438382224431,-0.000128473988424189,0.337595797758103,0.002642190029402469,0.03318991805920434,0.4157500363869495,0.6495710251823305,-0.00023045038909177414,0.6787229994024399,0.0025605815194434944,0.11019353124822358,0.42306381264230647,79675.03481522818,1.2426236114032483,79517.84292838567,0.10421564143464745,78720.18625753818,6.927035860296973e-8
AS_42,23.686577128843055,5.960239955357143,-0.007843801248984863,6.952480813353729,0.008606012010029085,37.98315445428282,0.14070980032839506,0.7705676073119754,8.108832841098053e-5,0.7603099337679864,0.013442006926144612,0.002598916920426134,0.06494834877660405,280.75645422557045,0.0001577520630469839,280.736498589595,2.628536765836298e-5,5.030091151294511,0.9353903560223938,-0.22165397613767593,-0.0002989430992409446,-0.18383767408369645,0.003466738929631452,0.13696062963706984,0.3510384427133871,0.26352269308907644,-0.0002782513594761878,0.2987214900628142,0.00013923510449487253,2.954375278451952,0.8519867404160282,86580.97529141865,0.1857320359771154,86557.48018886754,0.0023015269344718314,79633.79138094335,0.44760516905259673
AS_44,4.00849519815074,1.0885067894345213,0.00042885105716321595,1.0342571307033745,0.000892993014826482,1.094220190612721,0.6364253389496947,0.7058758820806231,2.784616899726815e-5,0.7023533417024687,0.0009174981021222717,0.0044901986026926535,0.631831589770175,279.59568568638394,-0.0002821387185002694,279.6313762342742,9.77342804553416e-6,43.27312655294897,0.9605761694883054,1.6409413549635146,0.0004351013600384447,1.5859010329186514,0.0015927472137310383,0.6315007104911882,0.5276982394471763,0.9470428133767749,0.0002699979545794653,0.9128880721224725,0.00012748304105203445,3.0381439638514647,0.858302666167311,100583.22925967262,-0.002751747691147678,100583.57735575555,1.0270442718507411e-7,391712.90250885236,0.9959570086710466
AS_444,26.737442544454098,11.419716486855158,-0.002499048908942622,11.7358461738364,0.0010417309208700098,31.85178476255035,0.6096366941379603,0.6795303414738367,1.834801009511708e-5,0.6772093181968044,0.0007286963671497837,0.002454545869018168,0.6693981445299197,279.1130816747272,0.00165829376563715,278.9033075133741,0.0005409154288680273,27.01054720707699,0.7129968200771549,0.8702514058067685,0.00037546575824741555,0.8227549873884704,0.0013504032109473707,0.5546474576315537,0.5609527278107748,-0.17587424081469338,-0.0002983116858232561,-0.1381378125580515,0.0008068299901745624,0.5860009444681655,0.6532153520086241,99689.16973586309,0.1305336688958451,99672.65722674776,0.00015900673074364935,569336.9851181472,0.8419544805174228
AS_455,7.3644471553234325,2.892085968501984,0.00283253492300795,2.5337703007414785,0.01741531747076952,2.4477043873609556,0.035291895691287524,0.7060523572422209,1.6916492071435524e-5,0.7039124209951844,0.00033719365358908515,0.004509008384886354,0.7715172401339905,279.3284427703373,0.0014241727770594643,279.14828491403927,0.00029097829918978135,37.034337060641334,0.7873516137665353,1.132349930112324,0.0003332895514193542,1.090188801857776,0.0011206901032697614,0.5266203977856141,0.5963822858525435,0.2407827377319336,-0.0001154770291905171,0.255390581924534,0.00013021723058193047,0.5440797549868528,0.8568072548326245,99890.08640252976,0.144283675457215,99871.83451758443,0.00018690814150446045,591760.5244763395,0.8288438762648713
AS_459,9.042423133909324,11.953520275297619,0.011349732996772556,10.51777905120589,0.017417628477936598,39.29362380158581,0.03527952473172014,0.6882666945457458,-3.323143180017906e-5,0.6924704706684685,0.0017927561983059892,0.003272779079282144,0.5028130817402682,277.7201644655258,6.95410000783598e-5,277.7113675290159,1.2568449760941292e-6,20.44278056100779,0.9858574262417913,0.08379888534545898,9.999202939799112e-5,0.07114989362661311,9.111421317609114e-5,0.583021341281479,0.880028938360717,-0.38101049453493147,0.00022597947475089773,-0.40959689809092004,0.0009462759822687072,0.2867213206603093,0.6265319862072473,100347.10227554564,-0.12091189460584165,100362.39763021328,0.0005775630517343977,134486.43027180847,0.7038729473675153
AS_46,18.04247610996299,4.844141400049603,-0.0020535289700645944,5.103912814762774,0.0015228142723017202,14.712773374427709,0.5369167580619724,0.6954294547202096,2.1771092191638057e-5,0.6926754115579673,0.0006290891432078061,0.004003022760377614,0.6915883317330815,277.7239757719494,0.002177756900416872,277.4484895240467,0.002357562733048435,10.687973174610526,0.4421163069025207,-0.10376505624680292,-0.001019129960140092,0.025154883710918716,0.002220138242794212,2.485529581442009,0.4557672122470975,-0.02936273907858228,4.941748032787463e-5,-0.03561405034005842,6.318634021473812e-5,0.20534201078681502,0.8999785550566566,68321.86021205357,0.2704280720848959,68287.65106093482,0.005749473533265603,67579.5477115238,0.22922235424663615
AS_465,5.9915577182982815,3.4379379030257935,-0.0004743895998679852,3.4979481874090936,0.00045133064358160446,2.649203457506967,0.7368847719184426,0.7450288449014936,1.845593503989641e-5,0.7426941691189467,0.00042627695646024755,0.004245414172670782,0.744031682660355,287.2622535342262,0.0016833443212844088,287.04931047758373,0.0006400273842470661,23.522700351751453,0.6890558881076696,-0.2789127031962077,0.00015130325939799854,-0.2980525655100545,0.004559485923968043,0.026675987432306186,0.28457881962272397,-0.8902064580765982,-0.0006098299262204099,-0.8130629724097163,0.00115436189238316,1.7116513220739193,0.590910885394659,101069.76100570436,0.21812870565076412,101042.16772443954,0.00035445091461616673,713196.756186898,0.7659079681184975
AS_473,45.04263503812217,8.213030133928571,0.004742831972973907,7.613061889347372,0.001103283718976944,108.32484701565876,0.5992519706207882,0.6637783968259418,3.0957630652368124e-6,0.6633867827981893,4.1928916404088135e-5,0.0012143995735886125,0.9184511653261671,277.6338316902282,0.0014520516419171796,277.4501471575257,0.0024430303739493286,4.585377270082425,0.4339406444983144,0.07773993507264153,0.00041534109186963663,0.025199286951132494,0.0019411705066876284,0.47215645585590243,0.48561093845137787,0.9056939170474098,0.0005907152940255588,0.8309684323531765,0.007881112644743449,0.23523866786188238,0.1587671379399833,58412.03022693453,0.4015395633258421,58361.23547217381,0.02107626355259029,40644.602445243094,0.02033960579334778
AS_501,4.9237548228347805,13.441991412450397,0.008706114263419691,12.340667958127806,0.010465150941675105,38.48070718575224,0.10394434731910462,0.6859567136991591,3.9282803391851783e-7,0.6859070209528684,2.4365838957596253e-7,0.003364832063538354,0.9937727486704087,278.62008231026783,0.0017878886914463358,278.39391439079986,0.000532120172708872,31.916190412618523,0.7152383710276439,0.13305522525121297,0.000277575027152409,0.09794198431643322,0.0011830387783943186,0.3460203311361178,0.5863314389401921,0.07484074244423518,0.0003205369787247446,0.03429281463555499,0.0011495515123151057,0.4748622620495508,0.5916862114160315,100385.85227554564,0.22725425877423863,100357.10461181069,0.0011943564208404256,229736.46206650467,0.5845438433223653
AS_502,0.9576297825396978,1.478883773561508,0.000351247481019832,1.4344509672124992,0.005899428282878816,0.11111081334797217,0.22321063246170808,0.6830692906228323,-2.3407058031409825e-5,0.6860302834638057,0.0024916231057915406,0.0011682912660916903,0.4293941065327139,288.04727608816967,0.0034886347394044214,287.605963793635,0.0008345389998474229,77.48259923226738,0.6477024960245533,-0.7070985445900569,-0.00027172220210297667,-0.6727256860240304,0.0016750730719713447,0.2341835094203232,0.5172011667860044,0.25440810975574313,0.0001442367800277202,0.23616215708223653,0.00033371691798156355,0.33121777007750447,0.7726660221168479,101269.76894221231,0.2690404361051934,101235.735327045,0.0005094943953144471,754806.309048369,0.7211027857897638
AS_506,18.04247610996299,3.3742869543650795,0.0011929917727921363,3.223373495106874,0.000768447592627064,9.840121454074728,0.6610425558848649,0.7182776142680456,3.9318002216244703e-5,0.7133038869876906,0.0018869422462799434,0.004352753702945546,0.49178092667327344,279.03534419952877,0.0012237483768225612,278.8805400298607,0.0008041804819763909,9.893968997403158,0.6537484078562672,-0.0992949576604934,-0.00041354134065089293,-0.04698197806815545,0.0013890008979630108,0.6541466958897718,0.5553991089674496,-0.3139590157402886,0.00010958417960220586,-0.32782141445996765,0.0017608207432415757,0.03623434302868563,0.5066490226108838,72274.44354538691,0.44248780979507524,72218.46883744783,0.02223600646187751,46782.73908664831,0.01710641804063462
AS_530,2.0254326780041083,0.7793395027281734,0.0008988904542052093,0.6656298602712144,0.015576479590699077,0.2756030645782416,0.046711877262417836,0.6896870334943136,8.21132935767341e-6,0.6886483003305679,9.589116657038321e-5,0.0037358390553242195,0.8769483087707182,278.4774208674355,0.001644316070756031,278.2694148844849,0.000330203278942065,43.503984667612855,0.7738335980325444,0.11801732532561772,0.00048742480582100224,0.05635808738926094,0.016610468364589792,0.07599293045675382,0.039885254108382694,-0.3081926466926696,-0.00024715808248065044,-0.2769271492588673,0.0007704333760645277,0.42126401401055363,0.6606319517248661,99982.20148189484,0.01689899246885976,99980.06375934753,7.84305384260442e-6,193453.3453607088,0.9646806697343568
AS_538,2.3305192195648488,1.7745031932043651,3.646503237473593e-5,1.769890366608961,9.759405753051453e-5,0.0723885118279083,0.875869180804,0.6771177573809548,-1.6536939758281402e-5,0.6792096802603774,0.001285197894998924,0.0011305248136228925,0.5705800455756947,290.481197296627,0.0020183956174877004,290.2258702510148,0.00036965190197846276,58.55438984483755,0.7610888637782146,-0.8165529871743823,4.2135540100147666e-5,-0.821883132997051,8.016357871487578e-5,0.11766840027999481,0.8874184470878108,-0.3890341955517966,-0.0003448232664886425,-0.3454140523409833,0.0009745541759653698,0.6482267551459371,0.6214204191692965,101285.55068824405,0.20743367287016062,101259.31032862597,0.0003131377798776258,730067.241823469,0.7796022619407861
AS_554,18.5001059223041,6.283586774553571,-0.00047046156553439815,6.3431001625936725,4.480782262916705e-5,26.24425653293178,0.9157079801754558,0.7667030767788963,-4.613734893844719e-6,0.7672867142429676,4.109573838195768e-5,0.002751999181764419,0.9192627021256622,283.3704388330853,0.0010932314906804182,283.2321450495142,0.0008933885796231777,7.10761156989359,0.6363505778153308,0.010835715702601842,0.0017138305007994166,-0.20596384264852438,0.009350338237512412,1.668968845982168,0.12451027589966954,-0.9517899619208442,-0.0005007345211265936,-0.8884470449983302,0.00040529361596675084,3.286889614690751,0.7501983010382565,98555.5308469742,0.29275735086662574,98518.49704208957,0.0008989499039747662,506547.2276359234,0.6353016293716452
AS_56,38.483274394558066,9.433012462797619,-0.0077639231622821745,10.415148742826315,0.002621091315943347,122.18562695596049,0.4176228752344602,0.7498824416644989,8.992292153573762e-5,0.7385071920902281,0.012336053049645801,0.0034826064847160764,0.07721666656199597,280.6489722842262,0.0005148394194959294,280.58384509765995,0.000249178907740899,5.651609181611458,0.8028810615938153,0.21636724472045898,3.806031432341272e-5,0.21155261495854727,1.1492899140597146e-5,0.6696609300581432,0.9572516431873719,0.19167947012280662,-0.00011149883259894254,0.20578407244657285,0.00039483212400337475,0.1672892277656682,0.7533384723095342,82403.32449776786,0.31529846815917206,82363.43924154573,0.011126956476989913,47468.67924120865,0.0935010568207599
AS_565,25.364553107429856,9.827241443452381,-0.002642292179625185,10.161491404174967,0.002028679300806413,18.284710841214174,0.4759187542241158,0.7402571127528236,-4.693372055249897e-6,0.7408508243178127,8.690455529025698e-5,0.0013466887767306743,0.8828129132192946,296.7367195250496,0.0027203054752334543,296.39260088243253,0.0251254321558525,1.5648100505116118,0.011137486269795396,1.0349494464813718,-0.0005956341817019903,1.1102971704666735,0.0005518058851252672,3.415959502093996,0.7102497358569877,-0.44018746936132036,0.000718652851507845,-0.5310970550770627,0.006861426351528088,0.39991133702945303,0.18876789370810626,95478.34037078373,0.23032760439045624,95449.20392882834,0.0022947328912840126,122828.64374529547,0.4482777964747532
AS_597,176.534934450965,18.01968238467262,0.015812388254599706,16.019415270465757,0.011692275354570403,113.61501239671853,0.085472055899404,0.7007951291780623,-1.069421238053561e-5,0.7021479470442,0.0001373897283669656,0.004422655996742343,0.8529597506009132,278.55646042596726,0.001573266175311459,278.3574422547904,0.0008403541105641565,15.64883092502063,0.6465596028696092,0.5802937235151019,9.669981083810684e-5,0.5680611974440813,0.0002951347078203881,0.16833358762407732,0.7858745383719274,0.5872299103509813,0.000201821953754983,0.5616994332009759,0.00257863285241533,0.08392418195680426,0.42142971510465665,96592.61814856151,0.17684606658534316,96570.24712113847,0.0005021618039462439,330892.51973093627,0.7230347322735282
AS_611,16.97467321449858,5.339378720238095,0.0011714124820124741,5.191195041263517,0.001024561488992326,7.115763131772922,0.6126021313680381,0.77829576011688,-5.381186547343309e-6,0.7789764802151189,8.424102347026619e-5,0.0018263006637244802,0.884610100469885,296.50063166542657,0.004501045861842485,295.9312493639035,0.07095051494549942,1.517089282155361,1.2455077272128329e-5,-0.17726688536386642,0.00011969279853816302,-0.19240802437894405,8.678622727464891e-5,0.8770514062426266,0.882892151655166,0.22999404725574313,0.000544129568416795,0.16116165685101858,0.0016515636522220767,0.9524652779875667,0.5201610574167671,98942.27291046627,0.19244375488353382,98917.92877547351,0.001787147116747545,110099.9585018941,0.5034832339293346
AS_622,0.9576297825396978,1.232534257192459,0.0003659307428436114,1.186244018222742,0.0010353442931045898,0.6871520025804195,0.6107361570021201,0.6502716739972433,-3.673558704427713e-6,0.6507363791733534,0.009779550832333062,7.3315343931799705e-6,0.11610928299025391,281.6889415922619,0.0027862582262002246,281.3364799266476,0.0005149947701144075,80.09026388906253,0.7196638322273295,-0.2555352695404537,0.0003387334379286531,-0.2983850494384283,0.00129063645213634,0.47233706740782416,0.5697648673598663,0.1409931636991955,-2.499218795832567e-5,0.1441546754759237,1.2674141921409365e-5,0.26183627071452537,0.9551107033952071,89843.40386284722,0.34884768930582954,89799.27463015003,0.0020393449891730198,317044.9332687493,0.47475897847264736
AS_66,7.974620238445823,2.2737048921130953,-9.839967663226272e-5,2.2861524512070766,2.0947155350170554e-5,2.4558515134832026,0.942310308807691,0.7769818391118731,-3.05871919885042e-6,0.7773687670905277,2.8345940983443008e-5,0.001753590384569267,0.9329113656853504,285.17535303509425,0.0008546724237882838,285.067236973485,0.00048782191731666646,7.955690698021919,0.7268592513954215,-0.5877622195652553,0.00016799374383705398,-0.6090134281606426,0.0010869519982217302,0.13794808248344598,0.6019708089653311,-1.6933070440140983,-0.0009759186618692879,-1.5698533332876334,0.001531176743471252,3.3047737884781627,0.5357992018649699,101364.2808469742,0.15281758049207275,101344.94942304195,0.00018529666089317498,669605.2674609981,0.8295720695596009
AS_661,1.2627163241004382,0.9433748759920635,3.1766989073632045e-5,0.939356351874249,6.891455188162698e-5,0.07780024895728037,0.8955677116275691,0.751659787836529,6.451768588561301e-6,0.750843639110076,6.374817483190132e-5,0.0034692022899614583,0.8995371772762912,293.4288795107887,0.0032911440989641105,293.01254978226973,0.002613915742438633,22.01618303669808,0.41826265686531383,-0.31150160138569183,-4.25542788168251e-5,-0.30611848511536344,0.00011141095759126252,0.0863571653647704,0.8674481842795686,-0.4763125313652886,-9.082173016733625e-5,-0.4648235824991206,3.5242703514071216e-5,1.2435124610967783,0.9252149237118011,98629.97925967262,-0.013721983068104042,98631.71509053074,3.2361930597524236e-6,309128.5749285486,0.9773081751988818
AS_666,4.00849519815074,2.6987847222222223,-0.0007788551000215213,2.797309892374945,0.012221267960169646,0.2637162463967913,0.07862397783051632,0.7167109544315036,5.1575108192008466e-5,0.7101867032452145,0.013732873220813846,0.0010291026594767612,0.06207636243391336,288.735113234747,-0.0012995127922223212,288.89950160296314,0.0009098798469034941,9.860907570265477,0.6332515832924168,0.7511359699188717,-0.00020966068760900453,0.7776580469014107,0.00017298043625946224,1.3501338921491906,0.8352503830737892,1.4167558125087194,6.900419440699954e-5,1.408026781916234,0.00013542582397030323,0.18680534971608456,0.8540027076887682,81053.32052951389,0.4196028767247967,81000.2407656082,0.01508661157814073,62004.75856651654,0.05036017763866765
AS_672,18.04247610996299,6.809244791666667,0.0010045091022133938,6.682174390236673,0.00020011543623987826,26.78964623986962,0.8229956463395673,0.7594905438877287,-8.943184573078378e-6,0.7606218567362232,0.00012815163174662025,0.0033158896066615216,0.8579354773185046,282.58241489955356,0.001359903207844324,282.4103871437612,0.0010710751146247866,9.173517279348118,0.6046388913019556,-0.2363741057259696,9.147799301107131e-5,-0.24794607184187012,0.0002827992961794701,0.15721527772654395,0.7902915870596688,-1.67927670857263,-0.0007019106229375883,-1.590485014771025,0.0005751592155832652,4.55108936727555,0.7044611223806866,99074.7570374504,0.2801861412574809,99039.31349058133,0.0008971084712471322,464930.6297025084,0.6356485108291918
AS_692,0.9576297825396978,1.2526312934027777,-0.00031479746070770513,1.2924531721823023,0.0024217083192255018,0.21741045413158713,0.435958615343788,0.7138689444178626,7.139744414559263e-5,0.7048371677334452,0.006072432330335609,0.004460078091257266,0.2165056331841092,288.5602542937748,-0.00028922624279139697,288.5968414134879,6.79670954606415e-6,65.39077682990936,0.9671195373494542,-0.6936204319908506,-0.0002986699529310215,-0.6558386829450763,0.0016612965001148172,0.28528289486658215,0.5189320838692548,0.05345131102062407,-5.984177593710893e-5,0.06102129567666835,3.8998127200318145e-5,0.4878710092577531,0.9213434042103781,101391.49116443453,0.23106697703351847,101362.26119183979,0.0003825342403033227,741558.2428306012,0.7570888219212352
AS_721,14.991610694351039,4.6102198040674605,-0.0029926151372769803,4.988785618932998,0.0036735361094121233,12.952608516634978,0.3370106087957931,0.7728903643668644,5.033439897631442e-5,0.7665230628963606,0.005427054792920383,0.0024803066863358005,0.24281658898664527,288.172365218874,-2.987565225874214e-5,288.17614448888474,8.909409724422446e-7,5.32262263022194,0.9880925544828341,-0.030114030081128316,-0.00010832230818392282,-0.01641125809586208,0.000479069704778623,0.13012984698587604,0.7292245525093712,-0.7951059341430664,9.545453335564682e-5,-0.8071809326125557,9.633013188636852e-5,0.502540165861917,0.8766692026377216,97135.15783110118,0.2894331734561847,97098.54453465897,0.0010336046784086284,430607.86938687594,0.6110363710888053
AS_746,22.313687691817904,7.133176773313492,0.0032669902394468803,6.719902508023462,0.007679543975998682,7.384142313104256,0.16424036658215782,0.7855459555747017,-8.670684742985635e-6,0.7866427971946894,0.0003466197273613858,0.0011523736829300278,0.7684345957670214,297.0672839936756,0.004030659905842937,296.5574055155864,0.13503558862669318,0.6392104769879333,4.1750684369660463e-10,0.07757717465597486,0.0002148498696467273,0.05039866614566385,0.0003746633174527281,0.6545891925428392,0.7595238745248705,0.1065325207180447,-0.0001428063060975699,0.1245975184393873,0.0047757552552450955,0.022687807303211592,0.2733880174556251,98403.36021205357,-0.1576199466438781,98423.29913530401,0.0034604826199832184,38143.935192848505,0.35147497080886003
AS_748,2.0254326780041083,1.1205085875496008,0.00034938012689033184,1.076312001497974,0.0007845948196743002,0.8265911973134178,0.6577218799944843,0.6502219315559145,1.1947519371331254e-6,0.6500707954358671,0.0036380077089230856,2.0846429801930803e-6,0.3393665589091448,282.73137749565973,0.0016062612243361411,282.5281854507812,0.00015041215004407693,91.13584981557277,0.8462309970042172,0.20602614539010183,0.00022622425318260053,0.17740877736250288,0.004017926110871817,0.06767311949520757,0.3152543655036944,0.1850508583916558,-1.884200221063297e-5,0.18743437167130086,5.915456311900158e-6,0.31886412893210714,0.9693240202666477,97917.41973586309,0.16759041087203963,97896.21954888778,0.00039812740294542515,374814.23488470603,0.7523444665104234
AS_776,3.2457788442479796,2.3613397507440474,-0.00019127820955496663,2.3855364442527507,0.0010598022478719438,0.18341969860231055,0.6065485049882864,0.7001268910983253,3.0691715762848428e-6,0.6997386408939252,3.22929403798744e-5,0.0015497960875641896,0.9284043215314562,293.05081612723217,0.003710046003169704,292.5814953078312,0.003419170662187776,21.38836697393612,0.35437601300515953,1.7062082820468478,-0.000754406149636764,1.8016406599758985,0.0014140573541563395,2.1383718616823844,0.5518491241795456,-1.1907958832998125,0.00035078628488332105,-1.2351703483375525,0.0004943088991641309,1.3225941469919993,0.7251214339207894,100902.28481522818,0.09023148594685818,100890.8705322559,6.50905470287455e-5,664565.9922367462,0.8984905419510332
AS_798,22.008601150257164,10.136505611359127,0.0005467528677169739,10.06734137359293,4.262801812460193e-5,37.25862412242218,0.9177764868704892,0.7508294856737531,4.662571582127986e-5,0.7449313326223612,0.0029060129344492536,0.003974598805446722,0.3933306667020896,281.60208565848217,0.003681261654633116,281.13640605917107,0.00711265467049893,10.122818881500564,0.18081633432460517,-0.1895204195900569,-0.00041702468839814984,-0.13676679650769094,0.0035975635345736334,0.25683539614734585,0.342075301254414,-0.25975592174227274,-0.0004800706000182545,-0.19902699083996356,0.001161008649147699,1.0546651149942425,0.5898429871645393,90055.09433903769,0.10487346386616156,90041.82784585863,0.0008264676979080621,70704.19092710393,0.6492968062900968
AS_809,0.9576297825396978,0.7523600260416642,0.0013282757211086082,0.5843331473214253,0.019937505430987712,0.4701597709579809,0.024122906771017697,0.6802439320655096,-3.940623527096968e-6,0.6807424209416874,3.6797176310776614e-5,0.0022421012154149418,0.9235883074010225,279.85515873015873,0.003620659056321298,279.3971453595341,0.0011865773194408291,58.697423004926165,0.5857713499925533,1.0672186367095462,0.0001130475808722185,1.0529181177292106,7.469829994888322e-5,0.9089743841009938,0.8912995063981489,0.5193588166009813,-0.000308671656689367,0.5584057811721862,0.00040139972311625804,1.2611195350897477,0.751361847561256,101558.49910094246,0.20087942683903948,101533.08785344732,0.0003606430733014143,594474.3787398409,0.7639315636038756
AS_812,11.025485654056865,1.702973865327381,-0.0006365872472607222,1.7835021521058623,0.004249143747288575,0.5067039161632192,0.3016650643980413,0.7922613062555828,1.1577667116162973e-5,0.7907967313653882,0.0025833229856466744,0.00027567870795182077,0.42100667544638387,284.8621593656994,-0.0022496386838187434,285.14673865920247,0.008225676877905652,3.268840372019623,0.1498796836217836,0.7109186460101415,0.00013154994803869278,0.6942775775832469,0.0004988076970877664,0.18432660799980788,0.7239237388949656,0.750383664691259,0.00014148609416539114,0.7324856737793369,0.0027370488498601464,0.03885838820959903,0.40748034882849193,77883.48719618056,0.3213518004726811,77842.83619342076,0.01337138669929383,41032.20371301389,0.06566655111702834
AS_818,8.737336592348584,1.7565452938988095,-0.0003157377284340898,1.796486116545722,0.0009303230123151041,0.5693233713346513,0.6294573634850336,0.7973972814423698,1.0464039816150944e-5,0.7960735804056267,0.013707154134818045,4.244155490708122e-5,0.06232483676551531,282.5979953342014,-4.517807012820167e-5,282.6037103600726,3.613226481569143e-6,3.0012348571832645,0.9760230982941112,0.45715190493871294,-0.00011264761295486355,0.4714018279775032,0.0006119113504784446,0.11017810371051354,0.6956172313522602,0.19127450670514787,0.00013352494105995098,0.17438360166106406,0.0006389079834545619,0.1482607835125079,0.6893138979425655,83741.30465649802,0.05085989270379427,83734.87088007099,0.0001329922327116817,103339.03888571593,0.8553060007427554
AS_82,10.262769300154105,3.983534071180552,0.0004961548937648623,3.9207704771192966,0.00010154514168581041,12.879981068078813,0.8734019276627893,0.679989618914468,2.921479540346927e-6,0.6796200517526141,1.6049543791085696e-5,0.00282541874601983,0.9494926545224645,277.642087906126,0.0008119821453528069,277.53937216473884,9.721401757278869e-5,36.03328723308673,0.8761091725194664,0.048107851119268505,-7.532418265898692e-6,0.04906070202990469,7.724018608046279e-7,0.39027017177569073,0.9889129013274757,-0.3068246841430664,-0.0005588344987570092,-0.23613212005030473,0.009188702814793004,0.18057267336963373,0.12784493710604983,97204.11814856151,0.1670902470252624,97182.98123231281,0.0005980238293910034,248041.031340747,0.6989222905652046
AS_827,209.94191075190793,8.18488033234127,0.0038117421090623385,7.702694955544885,0.001228881861649489,62.81692913178209,0.5791576140202559,0.6445537455498226,3.168111309581074e-5,0.6405460847432025,0.003503362573797686,0.0015221434860838675,0.3484977032099361,276.18903266059027,0.0015153382871792521,275.9973423672621,0.00849888122765019,1.4354803397255487,0.1432278417909956,-0.14850091934204102,-2.5398786584737096e-5,-0.14528797283907177,1.0612962434652928e-5,0.32294541774556557,0.9589192212376736,0.4394298886495923,0.0007859176933614919,0.34001130043936356,0.013478052682052821,0.24348196534015426,0.0645849626730205,95750.0070374504,-0.10257755269623561,95762.98309786647,0.00018872999581165395,296212.6165831109,0.8280245638397336
AS_849,41.99176962251022,14.226163349454366,-0.006632470227901684,15.06517083328393,0.007408683994846288,31.5463678538592,0.17193441734100187,0.7514149508779011,6.622258478269596e-5,0.74303779390289,0.008363998690603225,0.0027857241922849487,0.14646979160169396,299.15619380890377,0.0009077473880709985,299.0413637643128,0.005277623825516664,0.829528669116695,0.24944556092530767,-1.492341987670414,0.00018240569009024952,-1.5154163074668305,2.911826580365151e-5,6.070871963291784,0.9320057058583213,-0.05469136011032831,0.0004827278523819134,-0.11575643343664035,0.00225076408440239,0.5500656866164212,0.4526689387912602,100104.24513268849,0.10215593196103222,100091.32240729542,0.001669344285138652,33213.99237162349,0.5179197168558927
AS_858,2.0254326780041083,1.7967936197916667,-0.0004294910836374058,1.8511242418717986,0.030231865032935512,0.032417773250564635,0.00524321799891189,0.6671246734876481,5.452059044145566e-5,0.660227818796804,0.020766646738962447,0.0007604918105332283,0.02130386949124646,292.95037938678075,0.0006553444533436944,292.8674783134328,4.5656764799617555e-5,49.977432063553444,0.9149161855894115,-0.47822058390057276,0.00010845810041413355,-0.49194053360296064,0.0004060808160439855,0.15390450421613133,0.7499638233500576,-0.43200875842382036,3.658582827525324e-5,-0.4366368657006399,7.897040890325613e-5,0.09005362765162706,0.888253955828403,94140.2808469742,0.463140377390307,94081.69358923433,0.0032213988460800813,353769.6790023328,0.36872630312239285
AS_864,2.940692302687239,0.926172650049601,-0.0029324112739940035,1.2971226762098425,0.06466612844855169,0.7065008950702407,3.2184571618560024e-5,0.6967543051356361,-1.111868073924958e-6,0.6968949564469876,1.560381985288295e-6,0.004209353580860399,0.9842421256346869,278.1900654141865,0.003193677550174796,277.78606520408937,0.0015332439205728576,35.3435928396457,0.5355235943523013,0.8129907411242289,0.00037246114883826147,0.7658744057961888,0.0012441532393913102,0.5924175261115215,0.5768065902416852,0.6212061473301479,0.00017867719776342136,0.5986034818130751,0.00017356417762648402,0.9772776943747002,0.8349765783254041,100508.06259300595,0.1975627481369459,100483.07090536662,0.0003854419908427831,538010.6930031253,0.7561961829374674
AS_868,0.9576297825396978,1.6092122395833333,-0.0001436002648543787,1.627377673087412,0.002279860946579393,0.04805537144026433,0.4497556263429978,0.6864726969173977,1.760556233629675e-5,0.6842455932818561,0.0015199774491756468,0.0010834340338794512,0.5372968297817221,289.7170797681052,9.198952589791409e-5,289.7054430930791,7.448344666594053e-7,60.36105365098967,0.9891125385083334,-0.9841904034690251,-8.952812116623036e-5,-0.972865096141497,0.0001431820677486595,0.29741997101644885,0.8499277771183981,-0.06049841926211402,-0.0004333230370516006,-0.0056830550750865474,0.0013821446124232528,0.7217883821065302,0.5563780020858359,101563.48322792658,0.21030080400682236,101536.88017621973,0.00033794465618453007,695306.1945065361,0.7712699376928733
AS_894,1.2627163241004382,1.497527591765873,-9.737116726956281e-5,1.5098450444254727,0.0005842154166565416,0.08622387869341629,0.7022524922495045,0.7065779377543737,9.895412176324405e-6,0.7053261681140687,0.0002629012088085636,0.001978859728581801,0.7976395397166219,289.3724888392857,-0.0003889303212052975,289.4216885249182,1.5993862072849474e-5,50.24930668766008,0.9495802293233652,-0.9306829164898585,-0.00032910141765419166,-0.8890515871566033,0.0024045100612344328,0.2393165445127659,0.4375966915635925,-0.1323125778682648,-0.0003474366469002728,-0.0883618420353803,0.0018189272563051695,0.3525946635925991,0.4997061470761379,101467.87211681547,0.18147126989407322,101444.91600117387,0.00024787629432609926,705863.2600741269,0.8033865084372128
AS_900,0.4999999701976776,1.586669921875,0.00038287094012900025,1.5382367479486814,0.01607784573745774,0.04844140911482245,0.043261823380052,0.6862061525148059,-7.955452068705873e-5,0.6962697993817188,0.01882835779138914,0.001785899848129161,0.02850243985408785,298.125482468378,0.004348333458057943,297.57541828593367,0.005982379814546301,16.792351478090595,0.21996554141842006,2.905605293455578,-0.003038018778806702,3.289914668974626,0.007630557108369795,6.426351508927017,0.16560249997729193,0.4590560822259812,-0.001456614060329091,0.6433177608576113,0.001996456516248024,5.646365090845524,0.4794506587756761,100786.46735491071,0.2777291894674267,100751.33461244308,0.0010942835230534076,374501.02383604355,0.600747097875087
AS_907,3.2457788442479796,1.0116606212797596,0.0011630529600260764,0.864534421836461,0.008150717560522658,0.8817448943056212,0.15176459531682807,0.6770967765459939,-2.346184004570837e-6,0.6773935688225721,1.992227228331256e-5,0.0014679967147443159,0.9437369288568278,278.90105716765873,0.0022486872485823683,278.61659823071307,0.0005960196044799693,45.07517124733858,0.6994028984656144,2.4239255284506176,0.0004156902138622795,2.371340716397039,0.0005426893363741359,1.6917186182619166,0.712547231647267,0.14700367337181455,-0.00033952528990495293,0.1899536225447911,0.0007627501572677886,0.8029745255727312,0.6622241405822761,87520.05862475198,0.3019091494693164,87481.86711734411,0.003491223653463549,138712.21091634344,0.34933707329438834
AS_916,74.94111611111202,9.21603732638889,-0.0037638060301144406,9.692158789198366,0.0006495133204338366,115.87939555542611,0.6868799022401739,0.7706561930595882,3.702049585447663e-6,0.7701878837870291,3.555928286469445e-5,0.002047723361070183,0.9248807615937811,288.6393306671627,0.0016932658300779567,288.42513253965785,0.01089970439688126,1.3975758417382578,0.09695358763041365,0.5338353126768082,-0.00014122911557228757,0.5517007957967025,0.00016090546097935476,0.6585936072550157,0.8410260183393117,1.2515346133519734,6.790099087911969e-5,1.2429451380057648,0.000125481252063131,0.19521500508767856,0.8594080228580108,81339.21338665675,0.45215964382166424,81282.0151917133,0.016913884415529212,64221.44212024804,0.03808501022509061
AS_917,1.8728894072228286,1.1704992869543651,-6.794789070238909e-5,1.1790946951282173,9.282386340947468e-5,0.2642604284582619,0.8789171092785295,0.7460402846336365,-4.796954715150902e-6,0.7466470994051031,3.6750706478350104e-5,0.0033266365966867226,0.9236364255183109,287.529539078001,0.0004059710260806012,287.4781837432018,2.9913065357267676e-5,29.273117415454788,0.9310862346101618,-0.9722100742279537,-0.0002599814876246393,-0.9393224160434368,0.0014210481991825397,0.2527061761713958,0.5508662430550668,-0.22267948635040768,-0.0003462463001796829,-0.1788793293776778,0.0014383949461140855,0.44282481545350866,0.5484414156830325,101521.16179935516,0.22969433847051096,101492.10546553864,0.00039323358295417776,712836.2832653404,0.7538223052225119
AS_921,2.940692302687239,1.5223718067956349,-0.0002588302944114751,1.5551138390386865,0.0008591838958860176,0.41427039682454286,0.6428912929654588,0.7491051516835652,1.8682697852255388e-5,0.7467417904052549,0.0006081535874231658,0.003049339105854694,0.6965072398393424,286.733152359251,0.0003546920170930246,286.6882838190887,2.8116866374272576e-5,23.772547684338974,0.933182370771698,-0.45036142591446165,-0.0004055175762599344,-0.39906345251757996,0.0033108471465800315,0.2638882480994247,0.3621391682722064,-0.9720148813156855,-0.0005682086164871052,-0.9001364913300667,0.0015860164476432237,1.0815528834958987,0.5285731167611645,100923.35227554564,0.10306515034816507,100910.31453402659,8.201848363964537e-5,688100.3240871722,0.8861320566352024
AS_957,7.059360613761783,4.051924448164683,-0.0006025142589110902,4.128142501916936,0.000462705427728749,4.16840473366049,0.7337127072384598,0.7412428184161111,1.278854672269274e-5,0.7396250672556904,0.00021273449586478588,0.004084550655979889,0.8175942695119356,285.5677974640377,0.0023955019255745696,285.2647664704525,0.00113522503789254,26.856592116384242,0.5940077302134561,-0.8396068376208109,-0.0003844596800450573,-0.7909726880951111,0.003980120192208503,0.19730824292839533,0.3175510948052649,-0.0386517085726299,-7.946437250734947e-5,-0.028599465450450196,7.602885005364435e-5,0.4412719387426366,0.8903416676945606,101343.34830729167,0.20865183804120996,101316.95384977946,0.0003087343962894229,749202.5180511475,0.7811180954408561
AS_97,7.516990426103803,3.5713665674603177,-0.000530773808586471,3.638509454246506,0.0009927426620749413,1.507724869916918,0.6181811163442825,0.6718132391808525,4.7173255632303286e-5,0.6658458223433661,0.0037489931476798466,0.0031536745178545158,0.332078547724162,276.20595393105157,0.001872667301221427,275.9690615174471,0.0012726519379411272,14.640348922465279,0.5724692501282678,0.4793435127016098,0.0004437010750266005,0.42321532671074485,0.0031770071564498625,0.32923241275705434,0.37205689096555683,0.13945856548490979,0.00020854571013872718,0.1130775331523608,0.001108293966031182,0.2084910269345862,0.5984230212640891,97916.55068824405,0.05594176735088631,97909.47405467417,4.5968654324712865e-5,361701.5675829311,0.9146271633834667
AS_99,4.9237548228347805,1.265617249503966,0.00126475236124953,1.1056260758059004,0.00420538252287872,2.0209022536567622,0.3041783607971807,0.6972820351994227,3.32045199318421e-6,0.6968619980222849,1.437508690371736e-5,0.00407496373674923,0.9521966470286969,277.82259695870533,0.0017700831036736742,277.5986814460906,0.0005347523732105453,31.12966222541198,0.7145653452276054,1.4318058452908955,-0.00043712217875387365,1.4871018009032606,0.0008059068994468177,1.2596811388835492,0.6534009497697448,-0.8772631297035823,-0.00105257556269859,-0.7441123210222107,0.01118792194946261,0.5261347099304617,0.0925974965515233,94866.58640252976,0.3806684581783913,94818.4318425702,0.002032712124933167,378754.4328117479,0.4754796911477126
EU_1000,4.9237548228347805,2.295809306795635,0.0002486594389194591,2.2643538877723235,0.0004744225391929424,0.6924435927128645,0.730490289012901,0.680305058047885,3.4377886545028964e-5,0.6759562553999389,0.0017022983193937247,0.0036886079120515974,0.5138099559701521,276.4997190445188,0.0026590494860502484,276.16334928453347,0.0029318444713534175,12.813026590715332,0.3912297859053774,0.3864751316252209,6.127555377966642e-5,0.3787237740720931,8.429763468398299e-5,0.23664586310856786,0.8845716034091023,0.3577415980989971,0.0004055253912285036,0.30644263610859135,0.0018435041998009494,0.47394919338220265,0.49681784692796993,98852.22529141865,-0.24621793564027342,98883.37186027716,0.0008274469335620704,389259.3351589563,0.6491028809012912
EU_1021,9.347509675470974,3.575745597718254,0.0021397901125593624,3.3050621484794944,0.007775334396390554,3.1286940251085458,0.16161324413614608,0.6879694509127784,9.90510079218942e-7,0.6878441513877572,1.981213274659943e-6,0.00263103354593397,0.982244199353625,278.285886734251,0.002239530439612245,278.00258613364,0.001226436389416441,21.727448412617868,0.57953586198277,0.19674298876807803,0.0008862627222008435,0.08463075440967133,0.010091518494600105,0.4135311797568185,0.11039211610991917,0.28085280221606057,0.0008668618195834066,0.17119478203875965,0.010184223310195972,0.39202309457622925,0.10875279813090505,100220.47529141865,-0.0835660774228515,100231.04640021264,0.00012862248751788208,288458.23731595336,0.8576774768161608
EU_1080,7.974620238445823,3.2150956411210316,0.0014750409681385502,3.028502958651505,0.0048358817757320205,2.390409500890051,0.2703746428450708,0.6767477317461892,5.479121662425237e-5,0.6698166428432213,0.007405268666447418,0.0021538769282327622,0.17203401142596914,277.68922254774304,0.0011093055651828037,277.54889539374744,0.0003206505630488632,20.389669796675374,0.7770423225393022,0.3659363171410939,0.00064778439091372,0.28399159169050836,0.005395761463675375,0.4131883156291304,0.24418698530920036,0.4204062961396717,0.0006404094319642054,0.33939450299619967,0.005905510569103156,0.3689757328409962,0.2229707724648038,98718.43957713294,-0.20508527074180222,98744.38286388178,0.0007021076937743231,318276.8305034711,0.6751383087842308
EU_1202,151.67038131373374,13.097450861855158,-0.002038981915247911,13.355382074134019,0.00015583995966539366,141.73846868634007,0.8435159122906295,0.7362784137801518,9.544929143401334e-5,0.7242040784137491,0.012082462203448552,0.004006173816715504,0.08036234166848871,279.5616823226687,0.001313110974837709,279.3955737843517,0.0017975478457477045,5.096384887977862,0.5022417917763948,-0.08680115805731879,9.261085451630198e-5,-0.09851643115363098,0.002905322232636509,0.01568444989903448,0.39338706217369807,-0.3139338266281855,0.00035031670024193186,-0.35824888920878983,0.01222254884338081,0.053345736729187916,0.07860812403852489,91800.39195808531,0.09384473856409484,91788.52059865695,0.00036807083924506045,127124.20853005523,0.7615850063455217
EU_123,4.9237548228347805,1.9101988777281733,-0.0035217599539963678,2.355701511908714,0.031743022014991906,2.0759220750962317,0.00419847280419722,0.7002159612519401,2.286959014730123e-5,0.6973229580983065,0.0006319797953486805,0.004396968811387847,0.6909166223929368,277.8258056640625,0.0011647344941122953,277.6784667505573,0.0002805245352061059,25.69347461832472,0.7911173233647023,0.7790900714813717,0.0011785865759600018,0.6299988696224315,0.006595490510646562,1.1189629233008989,0.1976276350025322,0.6290070215861002,0.0009866513054733682,0.5041956314437191,0.00458085430253885,1.129069632285802,0.28344790165072997,99880.60227554564,0.1877281921392165,99856.85465924002,0.0007204048963009857,259909.50114456742,0.6711747434674968
EU_1277,4.771211552053501,2.2034156436011894,0.002413625878918927,1.898091969917945,0.022299663346224907,1.387974274314532,0.016944916348126678,0.6877565544749064,1.51444193431285e-5,0.6858407854280006,0.0006378545380752998,0.0019103960845596943,0.6895569449339266,278.89857894655256,0.0035939077438247205,278.4439496169587,0.0021357429766630798,32.13103225160231,0.4644795288122413,0.7080141476222447,0.0006924630353492472,0.6204175736505649,0.003412166771287195,0.7466253936883394,0.3548710632836172,0.5587487750583224,0.0006615017460787236,0.4750688041793639,0.0037336933503130387,0.6226774803109513,0.3330708086960087,98751.31259300595,0.3346230145060638,98708.98278167093,0.003003138541022521,198096.16270245297,0.38551351613509516
EU_1538,4.00849519815074,2.349152095734127,-7.726818469581124e-5,2.358926521098147,9.582806341468242e-5,0.3310156466800635,0.8769884852011642,0.7269331320883736,3.0240484283369298e-5,0.7231077108265274,0.003313464433325697,0.0014663410284629186,0.36194887064551917,284.54811314174106,0.003227278390847959,284.1398624252988,0.002499400309915134,22.1399612618429,0.4286730996916225,-0.2607959187220013,-0.0001607762856816113,-0.24045771858327747,0.0007118721102491454,0.19292202855578008,0.6730156703601617,-0.009321893964494978,-0.00045569796714957855,0.048323898879926705,0.0040834519933821145,0.27018830332110816,0.31132442102938074,98039.20148189484,-0.10663997794348669,98052.69143910469,0.0005095587238539423,118572.96170782039,0.7210859063633083
EU_1544,9.957682758592455,3.640566871279762,0.002413127185521981,3.3353062823112314,0.004734151456565416,6.535188105408956,0.2754975329098931,0.671283601768433,-7.001954390040892e-6,0.6721693489987732,0.00017244702945728996,0.0015105066903963592,0.8355009998525126,277.107185484871,0.0016605754160798928,276.89712269473694,0.0008263925771956337,17.728443865221816,0.6493116887225185,0.20381919164506215,3.5752118160201945e-5,0.19929654869779662,1.3704646188439362e-5,0.49553637783292204,0.9533234213544337,0.08795458172994947,0.0004407762772711948,0.032196382655143324,0.0025953466654190516,0.3977231455073415,0.4199250393711405,99705.931640625,-0.2867949462501959,99742.21120132566,0.0011615327981434609,376228.1844013716,0.5897589425183373
EU_155,7.059360613761783,3.2747434585813484,0.00462201892071747,2.6900580651105885,0.030746306865810924,3.6915631021802304,0.004861084914711115,0.691864135719481,3.0194687194500874e-5,0.6880445077893766,0.0012938038592177348,0.003743970717466979,0.5692911526479906,277.34226384238593,0.0022133603868569585,277.06227375344855,0.001218541686480612,21.360120129319153,0.5807603222039899,0.6479284271361336,0.0008471890693367681,0.5407590098650324,0.003998887201261514,0.9535892564627538,0.3164082809583547,0.5940057815067352,0.001597024562234579,0.39198217438406097,0.010979172255068281,1.234222354808416,0.09573092137753852,100186.89195808531,-0.16762397345026073,100208.09639072677,0.00047070462512543987,317149.19443020463,0.7315079239866219
EU_1583,5.9915577182982815,4.535067119295634,0.0037819182667269986,4.056654458554669,0.018362568725568185,4.138382789721225,0.030577720942417227,0.6587442074503217,1.2469623347612751e-6,0.6585864667149743,3.331799881045594e-5,0.00024795197885336143,0.9272799514131285,281.59420340401783,0.0045535701397309315,281.0181767813419,0.002307504736605459,47.74207335659639,0.44701464023178156,0.6684691792442685,-0.00030450506843784426,0.7069890704016558,0.0004503790597903956,1.093832133623193,0.7371521440002666,0.39263626885792563,0.00040880406231725175,0.3409225549747933,0.001282895697898745,0.6921159737285913,0.5709258040184636,100068.01100570436,0.22746272286629882,100039.23697126178,0.0019351439389303504,142051.88761431343,0.48629029680710806
EU_1707,2.635605761125589,1.573366195436508,0.0009609894988556976,1.4518010238312622,0.01343379351648355,0.36524008160666355,0.06503145126353002,0.6991000109248691,-1.5834196158954793e-5,0.7011030367389769,0.0006192684825525596,0.002151061762250043,0.6938837979107769,284.1655002170139,0.006388701792210042,283.35732944029934,0.004064270391618829,53.355900781299226,0.31246824754191466,-0.6300721774025569,-0.00161850614874395,-0.42533114958644724,0.009364829661306362,1.4861705151100133,0.12421600850203372,-0.3586910035875108,-0.0009044949294509472,-0.24427239501196601,0.005496192509869213,0.7908427782386697,0.23982167040336522,101618.67767237104,0.08422989472094682,101608.02259068884,0.0002008789976326586,187645.34667390838,0.8226638174854135
EU_1713,7.3644471553234325,5.307841951884921,0.0029965563529338337,4.928777573238791,0.013122639800595692,3.6354946221993516,0.06826376015160471,0.6884209173066276,-1.8968416192508112e-5,0.6908204219549798,0.0007846465143893644,0.0024362839617929166,0.657711314746527,283.4964638361855,0.006597125791078581,282.6619274236141,0.004327351872495222,53.43516261998792,0.2972391490867362,0.04863876009744311,-0.000493559295839362,0.11107401102112241,0.0018832083705436764,0.6872584874113942,0.49221053909401785,-0.5434531408642965,-0.0006288370282236522,-0.4639052567940045,0.003181093985984984,0.6604493674522939,0.37174852866857855,101235.31656125993,0.19334097533731068,101210.85892787976,0.001197268327999934,165880.80418241603,0.5840856897480242
EU_1738,3.0932355734676094,2.4000108506944446,-2.237090247142432e-5,2.4028407698570797,0.00010138126193870445,0.026227031148815114,0.8735032741111859,0.6534912179386805,1.17314721051872e-5,0.6520071867173743,0.0071148115491302955,0.00010277356915806545,0.1807497519951483,288.3024437313988,0.004948559475864656,287.67645095770195,0.002367506706615563,54.95487022895193,0.4411530680971092,-0.8686905739799379,-0.00020101703487662495,-0.8432619190680448,0.0004235443441459319,0.5068817493181534,0.7448251150029419,-0.21310956137520926,-0.0006546649157957994,-0.1302944495270406,0.004394324917688208,0.5181861305410551,0.29351458005130293,101733.25306919643,0.024269097968187485,101730.18302830347,1.9833228191878938e-5,157780.6267236005,0.9438626000274767
EU_214,7.974620238445823,3.550083705357143,0.002294530060165884,3.2598256527461587,0.005694335631421854,4.912292941836521,0.2314812176108536,0.6843268388793582,-3.1894225457946074e-6,0.6847303008314012,2.0086289482468267e-5,0.002690693429805334,0.9435061819195198,278.62124875992066,0.002530848485176554,278.3010964265458,0.0009788144927894704,34.767360173471594,0.6206583246955243,0.6715829410250225,0.0009656639013047742,0.5494264575099685,0.009076087216196571,0.5458749296363609,0.13022634479050624,0.6249225101773701,9.338488252878281e-5,0.6131093225374791,4.369775253476593e-5,1.0603124690437629,0.9167548559223212,100174.47529141865,0.31631454314025637,100134.46150171141,0.0015705867976544274,338466.8917606744,0.530588489697477
EU_224,11.940745278739996,5.228290860615079,-0.0007100222299208941,5.318108672700072,0.00011963151124882998,22.38917645857455,0.8626912892528782,0.6594280676236228,3.556205452033738e-6,0.6589782076339405,0.00017896273490103365,0.00037544895059606444,0.8324668071904326,276.99014330667165,0.0017428098473905064,276.76967786097674,0.0007642617217490377,21.115322449040246,0.6619101488619888,0.21686521409049866,-7.67949628902435e-5,0.22657977689611447,9.513217874501656e-5,0.3293652999409519,0.8774324412607512,0.12943136124383836,0.0004845858697407668,0.06813124872163136,0.003531093107533967,0.3533231870018934,0.3465903906174564,98924.78481522818,-0.29259782170489884,98961.79843967385,0.0011916485579611669,381710.2317474535,0.5849705428176875
EU_306,14.991610694351039,6.36871822296627,0.0011521666515989502,6.222969141539003,0.0006221528412837518,11.336352161594307,0.6932074467846592,0.6575768798116653,1.7550151005349192e-5,0.6553567857094886,0.0013956387330241737,0.0011725422950289576,0.5544544934465724,276.7618117559524,0.0014086466428423331,276.58361795563286,0.0008502184927262624,12.399763391651616,0.6446317479605834,0.4652104831877209,4.911926147054803e-5,0.45899689661169657,3.834747671105365e-5,0.3342771419366956,0.9220002366107604,0.5320948192051479,0.00032411991869224125,0.4910936494905794,0.001099866272159855,0.5074711694349245,0.5998187656391276,98364.70545014882,-0.3647158993660217,98410.84201141862,0.0017430665170848902,405448.079826368,0.5088032501851913
EU_310,10.567855841714845,4.243055555555555,-0.0004965682747084314,4.305871442306172,0.00022207879710733902,5.89916655889598,0.8137024449595299,0.66569812808718,1.7593327848533473e-5,0.6634725721143405,0.0011959540565591453,0.001375058931193535,0.5842923850427946,277.7024197048611,0.0012013996262971829,277.5504426521345,0.0003887953738028749,19.72394179416579,0.7551713079321595,0.4235573798891098,0.00041018920828549024,0.3716684450409953,0.0018284731321396297,0.4888996128301347,0.498580959290322,0.28355191245911615,0.0005574403249553873,0.21303571135225965,0.005102534146227744,0.3235568960816482,0.25749485840817227,99711.13005332342,-0.2634702139353372,99744.45903538624,0.0010701265539756477,344641.6202566607,0.6047990857319879
EU_384,2.940692302687239,1.4034055679563486,0.0009237295594583861,1.2865537786848629,0.007956710189205518,0.5697652508229015,0.15676766816561313,0.7059839348944407,4.324347351475103e-5,0.7005136354948247,0.003664503519717588,0.002711226590219502,0.3376075054720535,280.98195103236606,0.005660463888903732,280.2659023504197,0.004126916805720748,41.249448850504976,0.3087524953866736,0.3100436150081574,-0.0005430331958350877,0.378737314281296,0.0022919248884430976,0.68358447870649,0.4485562524088743,-0.06727622804187593,-4.2634107633755145e-5,-0.061883013426205905,2.1104732167986917e-5,0.4575876824774557,0.942094102852201,100278.62608506944,0.24042086582617395,100248.21284554242,0.002024308376629591,151707.6417265846,0.47639536844145575
EU_396,0.9576297825396978,0.7419433593749978,0.00024017798969283975,0.7115608436788535,0.0006854356355329161,0.4471359072453504,0.6788029640824168,0.6852304982760596,3.085875928574429e-5,0.681326865226413,0.001607544691877627,0.003147267678194856,0.5257838658293782,279.1839134579613,0.0012224361028617499,279.0292752909493,0.0001631710376951423,48.657419833970046,0.8399255934640979,0.6419663580637129,0.0008906564966231987,0.5292983112408783,0.006343643485404504,0.6643876157307336,0.20646593687779857,0.44838946206229074,0.0008151253088341017,0.3452761104947769,0.004824845288002533,0.7316530367338826,0.2709246618728197,99850.29275173611,0.2437465429782844,99819.45881404936,0.0012259403226885235,257482.32136220875,0.5796126499696197
EU_518,10.415312570934475,2.876770988343254,0.001065503112596669,2.7419848445997754,0.006754434409652954,0.8930181231028615,0.19227597725102022,0.650178849697113,1.7120874095330633e-6,0.649962270639807,0.013085517041924843,1.190147518952084e-6,0.06866057364043689,284.32093835255455,0.005045231849927131,283.6827165235388,0.002065103996094164,65.4877615929562,0.4719767022198208,0.09121804767184788,-0.00039906843077758736,0.14170020416521267,0.0015142293485138625,0.5587826373472365,0.5380684477125776,-0.4894709360031855,-0.0006245366215077717,-0.4104670533824524,0.0036101410121689437,0.5740258750027606,0.34122984114370675,101311.0824342758,0.12850451841701516,101294.82661269605,0.0005286511454495324,165961.53199660574,0.716128247886058
EU_527,134.432991715531,12.579314701140873,-0.005371311241833906,13.258785573232863,0.0010235925521626665,149.7522428178067,0.6127704087864143,0.7593730754322476,9.382538558966128e-5,0.7475041641551555,0.021092838666821323,0.002217407442265301,0.02028925917759491,281.99258858816967,0.0028250667880074854,281.6352176394867,0.01014120587628542,4.181264638391895,0.1095101705181725,-0.10415451867239815,-4.990085272493819e-5,-0.09784206080269348,0.0006326339223817756,0.020912370981793597,0.6907648675224879,-0.17008655790298705,0.0001223502911863604,-0.18556386973806163,0.0017480101542102222,0.04549942196854355,0.5082018344142487,98390.36418030754,0.09301800596878437,98378.59740255249,0.00034083751967439735,134873.45110662398,0.7703201003210177
EU_544,142.97541487924173,11.403765966021826,-0.00866088474951596,12.499367886835595,0.0017892699654536992,222.7349982566372,0.5032294255406075,0.745840194679442,5.430250647779287e-5,0.7389709276100012,0.005617545334520524,0.0027889002558181444,0.2346716240292558,283.621343703497,0.004729634722274556,283.02304491112926,0.02514881304777028,4.725823797993723,0.011098994568004526,-0.052385080428350536,-0.0003628382822605132,-0.0064860377223956225,0.004848582947283853,0.1442617481734006,0.2697433731670056,0.012311678084116134,-0.0001821684834820467,0.03535599124459504,0.0031770194354802106,0.055496606802843636,0.37205596394799767,92661.01100570436,0.27278116676433734,92626.50418810868,0.0045100461572767925,87657.20011431345,0.28721723986596526
EU_58,6.906817342981412,3.1752580915178568,0.00018534075571888798,3.1518124859194177,4.9641427971924834e-5,3.6765240318882397,0.9112955545266528,0.7123160296016269,1.563067229412653e-5,0.7103387495564198,0.00027994611233894684,0.004636824847469936,0.7913278608257125,278.903312562004,0.0031738605290863647,278.5018192050745,0.0020842849462883173,25.67783481897729,0.46992192369792385,0.9302615589565701,0.001314564923709134,0.7639690961073646,0.005748619905969088,1.5971301246572953,0.22925712422144018,0.8395008056882828,0.0015628598538438801,0.6417990341770319,0.007972552821970846,1.627730424920546,0.15635224735103911,101077.47925967262,0.13561554354293717,101060.32389341443,0.0004377165087122714,223236.81991734338,0.7407402974174719
EU_715,3.2457788442479796,2.0321219308035716,0.0009957504790502963,1.906159495203709,0.009547836537793897,0.5517418018171719,0.12056474389429364,0.6912044050201537,1.4025331290920973e-5,0.6894302006118522,0.0007789977689983685,0.0013416210353485248,0.6588682593581487,283.6139884827629,0.003687850668601241,283.1474753731849,0.001453519217066157,49.71251005179318,0.5463433876156122,-0.7566029003688267,-0.0019836412522692415,-0.5056722819567676,0.009002666246782476,2.322174911830561,0.13180524590178688,-0.35724553607759024,-0.00082725823347183,-0.2525973695434037,0.0039484104533351605,0.9208729571215449,0.3194942919457673,101531.89592633929,0.09503440864342366,101519.8740736459,0.00025626467591877145,187246.11814630253,0.8001558607325294
EU_744,2.0254326780041083,1.1645081535218242,0.001490279310131023,0.9759878207902498,0.02377776990267788,0.4962540224532852,0.013600828502232246,0.6685444977548387,-1.5766799206373327e-5,0.6705389978544449,0.001577862079427339,0.0008370624314375727,0.5296365073435889,280.67241947234623,0.004261690423336299,280.1333156337942,0.001857541295236187,51.94755789118715,0.49518075682351625,0.8389103374783955,0.0008464177788517103,0.7318384884536542,0.0032111140961000872,1.1853691848085015,0.36949425431341776,0.8025231891208224,0.0011786759074583326,0.6534206868273433,0.00822614311285641,0.8972890504004132,0.1498680420518592,100818.27291046627,0.12512560043563747,100802.44452201117,0.0003834961064164144,216905.8204291849,0.7567931325475676
EU_832,11.178028924837236,6.492493644593254,-0.0032368778725911365,6.901958695476033,0.006923419251741669,8.040291828877912,0.1867690419252442,0.6670520428627257,1.7834258867086416e-5,0.6647960091160392,0.0027864739069961564,0.0006064499543711358,0.40326629218143806,278.83660598028274,0.0018398207251574354,278.6038686585503,0.0004871025373845983,36.92074345229496,0.727052764282532,0.3320104583861336,0.0008021689920138368,0.23053608089638322,0.007864153182037592,0.4347299808794425,0.15921962879516413,0.2896224884759812,0.0007322296144729244,0.19699544224515628,0.00782959046786813,0.36382735450182047,0.16014629177583434,100322.30068824405,-0.11428078681415876,100336.75720777604,0.00024030072482050802,288756.1074702568,0.8063543472618029
EU_846,11.940745278739996,6.11902436755952,-0.0009094739583450513,6.234072823290169,0.00015486810962228592,28.37646909321858,0.8439983984177684,0.6516669752105834,2.945316338694254e-6,0.6512943926937386,0.0005724213177177306,8.051706024382633e-5,0.7051327489004812,276.97161574590774,0.0018231829660114484,276.7409831007073,0.0007088341812389043,24.914700635570526,0.6736742275823796,0.21962826592581614,-7.349161257699685e-6,0.22055793482491515,6.838890798110953e-7,0.419594416604103,0.989567445223568,0.10251388852558439,0.0005053709857935894,0.03858445882269533,0.004069707934215017,0.33342424964189044,0.31214344783336206,99464.98322792658,-0.29467196443381366,99502.25923142747,0.0012080760913638633,381876.70194553025,0.5823915091915439
EU_911,162.19586699759293,14.052916511656745,0.0009689411321165554,13.930345458444,3.442760566430003e-5,144.88645308230173,0.9260823247908422,0.7499529227377877,5.302864943787604e-5,0.7432447985838964,0.004764361754948876,0.003135856776296355,0.2739637198242759,279.8911985367063,0.0024277086582383065,279.5840933914392,0.006686870437572656,4.682847789385842,0.1945300879848303,-0.006126244862874349,-2.9587701274650515e-5,-0.0023834006516310585,0.0006051645799676209,0.007685794450683813,0.6972174335557334,-0.36769320472838385,0.0003606558006795377,-0.41331616351434536,0.018073427403792697,0.03823711702454795,0.03194358328741747,94387.71735491071,-0.14998626154613617,94406.69061699629,0.0009594651090151229,124570.03611505256,0.6241363238288722
NA_1018,20.178081900889993,11.930803571428571,-0.00355534559953298,12.380554789769493,0.003517817212290053,19.09106658410131,0.34750175095894265,0.694314836509644,8.532729951926424e-6,0.6932354461707253,9.049623856194344e-5,0.00427449968847425,0.8804334444890939,278.72650437127976,0.0008612727883403334,278.6175533635547,0.00015236214758929112,25.866887986354694,0.8452498117862872,0.6211058979942685,0.0008956935928505614,0.5078006584986725,0.006190120836262691,0.6885882762156884,0.21208017461580136,0.19450646355038598,-0.0007778588445673501,0.29290560738815574,0.011588980000234228,0.27739344289850537,0.08688209534179468,95393.70545014882,-0.010199464821871921,95394.99568244879,1.0275553815164429e-5,53788.4892511688,0.9595769569771374
NA_1020,26.279812732112987,14.832655164930555,0.006127744910978149,14.05749543369182,0.002842596283432419,70.18204002129184,0.39855723167684537,0.7001167791230338,-9.074173973045261e-8,0.7001282579531097,1.0588851906412344e-8,0.004131475451781891,0.9987018218426135,279.6628882998512,0.0040475310842551125,279.1508756176929,0.0027914628755413284,31.180878355412162,0.402844439456824,0.7368905582125225,0.00041588170919752064,0.6842815219990361,0.004375416520894793,0.21001970975770384,0.29456009600834115,0.053968656630743114,0.0004971542614759158,-0.008921357445960232,0.0026527072158137877,0.49503149434539095,0.4148210911571305,100731.20545014882,0.1673459529799117,100710.03618709686,0.0018297574889186707,81316.13171257319,0.49842989595160675
NA_1037,108.04300587049329,28.409830729166668,0.006618370239632479,27.57260689385316,0.0020836569057617327,111.69036831798783,0.46998897581928173,0.6887174948813424,-1.4971568943880265e-5,0.6906113983527432,0.0002772477485770697,0.004295427734616521,0.7923131118565117,278.05954899863593,-0.0002466124892604434,278.09074547852737,2.0175941512712292e-5,16.01533913139313,0.9433804554322114,0.597745902954586,0.00041636502438397973,0.5450757273700125,0.008279442033087947,0.1112467231324694,0.14854384464622586,0.0937790794978066,0.0003949547022640526,0.043817309661403944,0.0042215740512226985,0.19631793710533627,0.30324533332287024,98122.02291046627,-0.12496494646765845,98137.83097619443,0.0016650548963321743,49829.631357347265,0.5184588682135824
NA_1058,20.788254984012383,13.015237475198413,-0.002981219151016863,13.392361697802047,0.002972203599197032,15.887262269576555,0.38797920043399103,0.6739552522462512,1.3643107242538686e-5,0.6722293991800701,0.0003241026228262278,0.003051292602881576,0.7758769041353603,276.8958255828373,0.0019482504734262649,276.64937189794887,0.0011088984096248033,18.186018820084268,0.5983231770721563,-0.010780417729937842,0.0004567441774732978,-0.06855855618031001,0.003433368018379679,0.3228237647725047,0.35337538569514493,0.020317940484909786,-0.000520087083643794,0.08610895656584971,0.01500962473481482,0.09574632598065781,0.050960025020149735,98128.56259300595,-0.09967180321158431,98141.17107611221,0.00041782511128118927,126325.17516821492,0.7464949326008903
NA_1066,5.9915577182982815,2.4585077194940457,0.0010328244153304017,2.3278554309547497,0.0011402922564601736,4.970231671596574,0.5931844817563163,0.6614547920605492,3.908677125567758e-6,0.660960344404165,0.00014184039144504723,0.0005722680361600963,0.8506243391034966,276.70905025421627,0.0024666660591541223,276.39701699773326,0.0011433560878472138,28.273464193299183,0.592687851882351,-0.37051581579541404,0.0008689106085633548,-0.4804330077786784,0.010728735787830512,0.37388794679944365,0.09964148256554561,-0.08427112821548705,-0.0004997944364741435,-0.021047132001507887,0.005009979404077658,0.2649028984859388,0.2618780873645246,98668.94751364087,0.1938677595987216,98644.42324205163,0.001053237259061035,189594.08529383346,0.6076665228793143
NA_1075,25.059466565868206,14.763447110615079,-0.026170985700056916,18.07407680167228,0.07307908546989605,49.795130211616595,9.012035371032522e-6,0.6804300347963969,1.9464071706348794e-5,0.6779678297255437,0.0006109659548503288,0.00329450519840823,0.695840847070599,276.99307686941967,0.0006355922404279927,276.9126744510055,0.00010661848827231424,20.13095919398605,0.870304958108391,0.352231502532959,0.0005270861260140677,0.2855551075921794,0.004738834033171324,0.31148094727870695,0.2752590942549012,-0.10786170051211402,-5.65631048483601e-5,-0.10070646774879646,0.00014573428240105546,0.11663921022740836,0.8486120029653124,98970.26894221231,-0.20722652691042717,98996.48309786648,0.0021435461371077658,106438.23811335894,0.4636629993529805
NA_1095,29.94085123084642,10.116373697916666,-0.00156888430069483,10.314837561954562,0.0002752348684406103,47.51362854930985,0.7930514137876717,0.7629894992661854,-8.435815187974974e-6,0.7640566298874643,0.00015073106485363752,0.0025083674813291385,0.8460700784617736,285.0953330388145,0.006969648660147196,284.21367248330586,0.03918530007122156,6.586253021565212,0.001407568689954246,0.2540617821708558,-0.00016532018073006427,0.27497478503320893,0.0005032236849066285,0.2885562498210073,0.7227539763622308,0.22858345697796534,0.0003191895545685554,0.18820597832504307,0.002506765659529453,0.2159351887668627,0.42799194888343317,100223.30068824405,-0.06084124177579162,100230.99710532869,0.00032838600742779445,59889.5860559141,0.7744401112926116
NA_1102,9.957682758592455,5.171103825644841,0.0035630504491304506,4.720377943829839,0.013465719001255927,5.009036675309469,0.06470905976286738,0.6872534685664706,1.4950026290771705e-5,0.685362290240688,0.0003794509676153801,0.003129450338436305,0.7580394095686838,276.80862668960816,0.0032964067422784865,276.39163123670994,0.0037200645447533764,15.51925711171387,0.3339580070608833,0.35773241709149073,-7.63557685219421e-5,0.3673914218095164,0.001289819884190524,0.024015655962943177,0.5698871169290347,0.8142923173450288,-0.00032621270262701764,0.8555582242273465,0.0083834436565281,0.06744023931001021,0.1459974187333005,82757.79275173611,0.3114981227686656,82718.38823920587,0.0030650963137677234,168192.47353476853,0.3806412056614884
NA_1121,31.61882720943231,10.49815925719246,0.0025231663367469327,10.178978715593974,0.0005699108618524296,59.350535980402036,0.7057501955303603,0.695416890439533,4.447526073667992e-5,0.689790769956343,0.00455958284002822,0.0023048979997956636,0.28457367757267205,279.86544751364085,0.002442064217719747,279.5565263900993,0.002077054520226329,15.254784605402518,0.47069480185871604,0.9271322961837526,-7.063342655862651e-5,0.9360674246434189,0.00014125445840862394,0.1876541623705211,0.850929609210115,-0.14579650333949498,0.0005143236673270077,-0.21085844725636144,0.01209828839300009,0.11616863919035937,0.08016208806486466,98642.98322792658,0.07800334224461086,98633.11580513263,0.0004801481130004559,67327.27116863782,0.7289318116818906
NA_113,2.1779759487844785,0.5520174541170599,0.0005549106422278146,0.4818212578752414,0.0036048159873313113,0.45384005507248404,0.34158744867508584,0.6780050680750892,1.3866114178715044e-5,0.6762510046314818,0.0003801353614154568,0.0026872686708200107,0.7578280438847074,276.75250728546627,0.0022936421515847008,276.4623615532908,0.000995015337455274,28.090622493387407,0.6177789642055899,-0.755037300170414,0.0015187377627501088,-0.9471576271583028,0.018503694365528123,0.6622881016422422,0.029933035552047276,-0.2233440913851299,-0.0004965362696660326,-0.16053225327237677,0.003941083609274143,0.33237329448869857,0.3199454893047267,98131.77687872024,0.25881369766089035,98099.03694596613,0.0020352030617063477,174866.4863476045,0.4752088241472588
NA_114,0.9576297825396978,1.9941948784722223,-2.3196199767090117e-5,1.9971291977427592,0.002624178365578045,0.0010893818761142497,0.4173480752658377,0.6500142424825638,-9.342491707951742e-8,0.6500260607345744,0.004887582896175413,9.487922348905198e-9,0.267816377892882,292.4236363002232,0.004117690325009486,291.9027484741095,0.0021849515793466168,41.22924318124303,0.4593680551334969,-0.4065730609591045,0.0002774179497168097,-0.44166643159828095,0.0011262868756353184,0.36304453861876695,0.5954656287648709,0.32409088195316377,-5.8697929995822326e-5,0.3315161700976353,2.872247454754895e-5,0.6373287860498396,0.9324682952787018,101628.09830729167,-0.1427545072158196,101646.15675245447,0.001435643022503097,75417.65243548511,0.5488247684664964
NA_1180,22.313687691817904,9.816010974702381,-0.00011592314747222225,9.830675252857617,5.658985045564613e-6,12.616578617758144,0.9699960678891633,0.6611386565935045,1.7174137168080763e-6,0.6609214037583282,6.697058382187926e-6,0.002339944655315722,0.9673613349137543,276.8712177579365,0.001586523108113378,276.67052258476014,0.0012357582015094515,10.821790412361432,0.578096656037909,0.36479699422442724,0.000394842852671807,0.31484937336144364,0.0020401304429079614,0.40600412062836794,0.47467374965421905,0.10448251451764788,-0.0007753856987893664,0.20256880541450273,0.019211538848224685,0.166269746947476,0.026903972083965458,95873.17370411706,-0.0009363104002210674,95873.29214738269,5.580658324344512e-8,83463.01493760957,0.99701975622783
NA_1195,0.8050865117593275,0.8667844742063461,0.00029775510816699313,0.8291184530232214,0.0005646958683237502,0.8341490266023557,0.7070378001450892,0.6499878120800805,2.1315240955848872e-7,0.6499608483002713,0.015576481753673321,1.5497117935619363e-8,0.04671186177591939,277.47040085565476,0.004240080193061744,276.9340307112324,0.0030528911447619267,31.28791605802035,0.381594129506761,-0.6612175457061283,0.00024446555691881323,-0.6921424386563582,0.00012762354229922668,2.487965650719666,0.8582254208462916,-0.58716981373136,0.0014467973871076817,-0.7701896832004818,0.004065823768390486,2.735310905947149,0.3123754153808355,100644.90386284722,0.5310730509872797,100577.72312189733,0.0036467755252531653,410903.00028194644,0.338783115416197
NA_1241,17.73738956840134,11.746601407490079,0.002611786569958638,11.416210406390311,0.0024809521641208088,14.608202956685203,0.4303863543705756,0.6736208001772562,-5.11868999143998e-7,0.6736855516056479,9.601387732649513e-7,0.0014498513013373065,0.9876388207383565,278.90633719308033,0.0014216923083241097,278.72649311607734,0.0002935370536817361,36.58374091492638,0.7864409734824533,0.5186850305587526,0.000604694462079743,0.44219118110566513,0.008123564896211688,0.23914711398422728,0.15245390803057385,0.18745738740951295,-6.286652347903206e-5,0.1954100026296105,0.00014429991905495765,0.14551662633350562,0.8493499952457175,96677.39989459325,-0.056781066141044716,96684.5826994601,0.0003476911376130154,49266.67812933669,0.768087101448888
NA_1262,0.4999999701976776,1.5270647321428528,0.00041857584952866597,1.4741148871774765,0.00016679641461236905,5.58086400365858,0.8381811014558872,0.654248919751909,2.788183408808711e-5,0.650721867739766,0.011225285343711144,0.000367946862149324,0.09204837804918978,275.3897937593006,0.000932929940024862,275.27177812188745,0.0002874106921383346,16.089218776234187,0.7886284896146314,0.9635266879248241,-0.000318842686673728,1.0038602877890508,0.0004030113196290541,1.3402181381443425,0.7508795318221424,-1.5429280447581457,3.209960151609365e-5,-1.5469886443499317,3.870417880413868e-6,1.4144292890891887,0.9751846844736652,101021.38005332342,-0.3001970127442423,101059.35497543556,0.0025093232224789874,190807.7202473231,0.4277558039477031
NA_1276,13.618721257325888,4.910338386656746,0.005437702637947177,4.222469002956428,0.0360931009474158,4.352577658703136,0.002216332740680046,0.6578359159212264,2.200040945748609e-5,0.6550528641248544,0.0032305594740877908,0.0007960193091044565,0.36804414546550823,275.31961108010915,0.0016023311761892763,275.1169161863212,0.0018188900388230733,7.499597175647659,0.4997105423396711,0.2577452054099431,1.3576555576638074e-5,0.25602777112949837,1.0272885180295788e-6,0.9532933982656134,0.9872139052977285,-1.569800952124217,0.0006982527399387815,-1.658129923726473,0.0018857677494479308,1.3736525885132047,0.4919159946807095,100297.88402157738,-0.28442535441239003,100333.86382891054,0.002416292461882019,177879.9229738673,0.43647345135774457
NA_1278,25.059466565868206,15.48692878844246,-0.022331463586061365,18.31185893207922,0.04627140440586219,57.2613403185913,0.0004964158517711755,0.6797125992320833,1.4998020266851297e-5,0.6778153496683266,0.0003785070244525235,0.003157430097610688,0.7583312759031744,277.54835921999006,0.001499265311120472,277.3587021581333,0.0004706729931107656,25.37333315596939,0.7315166012433205,0.27413556689307805,0.000821650804728628,0.1701967400949066,0.006981281036134823,0.5137824491017862,0.18492534019451018,-0.06970794617183625,-0.00048217173956181195,-0.008713221117267037,0.009068278629341675,0.13621297086272144,0.1303932711035357,96870.49116443453,-0.010675632801937366,96871.84163198397,7.225774599883827e-6,83799.7379750234,0.9660981732643593
NA_1293,2.940692302687239,1.977752201140873,2.9357369950838522e-5,1.9740384938420918,4.513513039949846e-5,0.10145171798474949,0.9154018145929391,0.7091651502109709,1.3007451658529458e-5,0.707519707576167,0.0009117549118723423,0.0009859301447327018,0.6329014092330285,287.0347532242063,0.0034023851305675103,286.6043515051895,0.0015150788166747864,40.59490536011306,0.5379542894271692,-0.22092930475870767,-0.0001829657618841793,-0.19778413588035898,0.0012915838049187833,0.13770727423848597,0.5696231017353115,0.5125965088132828,-0.00017636339210044336,0.5349064779139888,0.000602342672751055,0.2743551208680511,0.6978897767644117,99766.39195808531,-0.25143403716678553,99798.19836378691,0.003978489819887021,84424.73423971659,0.31765062935966104
NA_1302,19.11027900542649,6.028847346230159,0.0027239453511945073,5.684268259304054,0.0019046200151512371,20.69799380892558,0.4897553912872194,0.6877155313416133,4.856681728045733e-5,0.6815718289556355,0.012204223011115234,0.0010268546370553163,0.07883527132004789,280.9436442057292,0.0030470831111255128,280.5581881921718,0.0019394763330701226,25.434542580667244,0.4858017600030345,0.9048418695964511,0.0001939036485317516,0.8803130580571845,0.0008059231623956942,0.2478666745027107,0.6533976788182174,0.04380969395713201,0.00048201935625630845,-0.017165754609291012,0.003965813293414833,0.3112694572882367,0.31842592098729783,100400.66576760913,0.29409587030665213,100363.46264001534,0.005094708731782194,90198.29083105957,0.2578619586729472
NA_1322,25.059466565868206,16.593916635664684,-0.0061300465164797245,17.36936751999937,0.006946190924368656,28.74224187715196,0.18604093648356634,0.6660960676178099,1.1079033790360329e-6,0.6659559178403619,3.1322936482336416e-6,0.002082001892889079,0.9776753168925811,275.9400596013145,0.0009587027223427952,275.8187837069381,0.00037536479560040803,13.00930806814829,0.7593057277052132,0.6077789200676812,0.0001823427126568621,0.5847125669165881,0.00017193621125111136,1.027423005957763,0.8357413826544858,-0.5107014822581458,-0.00045352854102854035,-0.45333012181803545,0.0029289077721647017,0.37311556378445465,0.39146782118842033,98489.97132316469,-0.1928901213562839,98514.37192351626,0.0015876158784131622,124512.90185052333,0.5283649858104414
NA_1323,13.771264528107167,6.326497395833333,-0.0006677240958526152,6.410964493958689,0.00038129627621641404,6.212570775552573,0.7574699866655866,0.6921426691706218,1.3930753580161638e-5,0.6903804288427314,0.00024074222454928407,0.004282888486705436,0.8061800341528506,278.22279575892856,0.0011000103523183754,278.0836444493603,0.00033752918581531066,19.04680032077403,0.7714067137485301,0.5602664417690701,0.0006876148714220462,0.4732831605341813,0.009935392894413364,0.25283971473186095,0.11321398661055457,0.13483926984998915,-1.497577678383724e-6,0.13502871342630468,8.809062612691321e-8,0.13526605807277198,0.9962556767029911,96984.5070374504,-0.0823482871872195,96994.92409577958,0.0006740990106287592,53447.238003678605,0.6813247221320369
NA_1367,0.8050865117593275,0.867187499999997,0.00046861727872061484,0.8079074142418392,0.0014399021095360398,0.8102955305243922,0.5482316731818552,0.6500195709485856,2.0864707445744032e-8,0.6500169315630938,4.218850152482023e-5,5.4823949056443876e-8,0.9181999903028846,277.5616455078125,0.004442926661448972,276.9996152851392,0.0031803622276336263,32.976269069183395,0.3718037157325978,-0.6098123807755728,0.00022437575566832882,-0.6381959138676163,0.00011678115346880347,2.290439962883595,0.864321059289709,-0.5410136722383045,0.0013726870447040031,-0.714658583393361,0.003446974668325331,2.904322195543991,0.35241998413690917,100684.47529141865,0.5312462711501073,100617.27263811817,0.0035723612483827827,419736.01570240746,0.3437778602397299
NA_1400,5.381384635175891,2.5788767981150795,0.0012902025672952848,2.4156661733522258,0.006700810836058335,1.3198611979495736,0.1940625068774377,0.7016787160010565,8.97225614173359e-6,0.7005437255991271,0.00011727160841101814,0.003647121747394276,0.8640391820239448,278.7807985336062,0.000405014647848002,278.7295641806534,2.8173055439895123e-5,30.934801000112046,0.9331157941111479,0.5102621789962526,0.0003633061706074805,0.4643039484144063,0.005573502068362268,0.12582217775164203,0.2365252596387682,-0.05891344282362196,0.0002436191975391162,-0.08973127131232016,0.0013532797637769711,0.23301036754232485,0.5605352010135543,98055.21338665675,-0.10243507723763332,98068.17142392731,0.001145196974392193,48680.72330799705,0.5923898649551341
NA_1415,23.076404045720665,14.785508897569445,-0.008273486390992589,15.832104926030008,0.011340156886890052,32.06991927515042,0.09038192630160129,0.6701033768199739,2.0364134680450217e-5,0.667527313782897,0.0009534005705337245,0.002310980759454983,0.6252353377444819,277.19085596478175,0.0005662070362676893,277.1192307746939,7.539284070468e-5,22.59228888777291,0.890798444879439,0.19904101084149073,0.0003558737350241971,0.1540229833609298,0.002243289414205152,0.29994828407890134,0.45342207759880765,-0.21801175011528862,-0.0001553783593114038,-0.19835638766239605,0.0009732368062004282,0.13179603761997324,0.6216564915277782,99083.20941840278,-0.23374908340007183,99112.7786774529,0.0024418586461883995,118882.82839138375,0.43405117199495935
NA_1426,24.601836753527095,14.218622116815476,-0.022834879558207035,17.107234380928666,0.06770699592096652,40.916994089827874,2.035229004074189e-5,0.6696522737306262,-9.356917361865765e-6,0.6708359237769023,0.00018759827357051062,0.002479571102765565,0.828533025065955,276.3445579892113,0.0020777509330853683,276.081722496176,0.0015581547520491235,14.720284354130383,0.5322223543296826,0.2156619495815701,0.00038597035752159677,0.1668366993550881,0.0019598646482360538,0.40385144490694036,0.4835134963563402,0.0755692890712193,-0.0008074833193882806,0.1777159289738368,0.018284777402820085,0.18945987985003268,0.03093917582979704,96575.11021205357,-0.09046038987753109,96586.55345137307,0.0004626083653341828,93981.68872559252,0.7337395900826481
NA_1444,22.161144421037534,13.454287574404763,-0.004373641415656781,14.007553213485345,0.002842040948274116,35.75986180118221,0.3986034392192381,0.6818833436284747,2.3325555804299328e-5,0.6789326608192309,0.0009613792688227818,0.003006831318200391,0.6237903328194057,278.0416666666667,-0.00015713748384965672,278.06154455837367,4.5255694067769525e-6,28.98852883724578,0.9731672134223451,0.5591232436043876,0.00038402702770937565,0.5105438245991516,0.004368190962428131,0.1793749453843435,0.2949608723313769,0.015382812136695498,2.164827675678343e-5,0.012644305126962394,1.1952787439373225e-5,0.20831343598953014,0.9564055696461418,96874.05068824405,-0.14791886765473397,96892.76242500238,0.0022641828150087306,51342.31811206452,0.45132176121017253
NA_1463,4.9237548228347805,4.585022941468254,0.0009793789094047294,4.461131509428555,0.008042975267552599,0.6336137269469447,0.1545205580621412,0.6548997192155748,-2.3001849622686674e-5,0.6578094531928447,0.007871248208681791,0.00035712621273477157,0.15903015182671368,287.71114870101684,0.0029462313422177087,287.3384504362263,0.0006052923052306536,76.19182100272576,0.6971870445997039,-0.166598327576168,-0.00014972868911840062,-0.1476576484026903,0.0009022091076743566,0.13202088923776223,0.6346887372568816,0.7898801924690367,-0.00011317743750221657,0.8041971383130672,0.00012198617965264447,0.5578904136559055,0.8613599605212052,99097.34433903769,-0.10850265709700255,99111.06992516047,0.0007486269338925489,83551.66622902128,0.6651759301396214
NA_149,13.008548174204407,4.930710565476191,-0.0003643156645955239,4.976796497047524,0.00010380447194302533,6.7932788629591565,0.8720131684393951,0.6858220488306076,-3.878018248691868e-5,0.6907277419152028,0.002032087142398109,0.0039320332780998606,0.47554769156080295,277.62142895895335,0.0011163542777998664,277.48021014281164,0.0004348869205754724,15.225359342710075,0.7415499504944907,0.3320317722502209,0.0010834315186647146,0.1949776851391345,0.00736503381928344,0.8467749501254151,0.17321225144706986,-0.0366191409883045,-0.0006816745456136257,0.04961268903181916,0.009545515296173979,0.25863934552994355,0.12061031288317037,96800.55862475198,-0.08091340934492784,96810.79417103411,0.0004220563061420046,82415.78963272787,0.7452583663439305
NA_1491,4.00849519815074,2.3793092757936507,-0.0004257955532003363,2.433172413273493,0.004208526156657899,0.22888220479047663,0.3039969231040641,0.7141260731787908,3.1135650029729166e-5,0.7101874134500301,0.003159426807848864,0.0016302244081243416,0.3733874341235591,292.96873062375994,0.000711349515944316,292.878744909993,0.0001714673747140738,15.67921798267514,0.8359623373972281,-0.44306239627656485,-0.00020485591220422423,-0.4171481233827305,0.00040656441386877074,0.5484126424505991,0.7498199014920439,-0.06322659386528863,0.0005510955316155716,-0.13294017861465846,0.0035129979578732984,0.4593203615194651,0.34783338013635623,101396.28481522818,-0.08187886804466683,101406.64249203583,0.0006592044317489387,54033.53207738378,0.6846758134950073
NA_1514,2.483062490345219,0.9660683283730133,0.00034102133719966386,0.9229291292172558,0.000602928421972182,1.024795394479642,0.6977500684537679,0.6499846634410676,9.766851366517156e-7,0.6498611127712812,0.008970028757905868,5.650087033770023e-7,0.13251388106710396,276.74024406312003,0.0022776061564606445,276.45212688432775,0.0008760041642525973,31.46233140557961,0.6396554588955673,-0.2460719138856918,0.0005002430934764223,-0.30935266521045923,0.00517284240341398,0.25702346329586095,0.2542251043336999,-0.2337665709238204,2.9590939394862723e-5,-0.23750982475727053,8.248802106070041e-5,0.0563983549105337,0.8858087890642936,97156.96735491071,0.21845189998054085,97129.33318956317,0.001512723101257496,167606.95240302564,0.5382709775010543
NA_1541,25.059466565868206,12.764911954365079,0.0007036871394995968,12.67589553121838,0.00013119012981499534,20.053855537516352,0.8562790607525891,0.6669921278953552,-1.2610641766540675e-5,0.6685873740788226,0.00033782381076497003,0.0025010589998126385,0.7713097115395483,276.34043860057045,0.001290262432471788,276.17722040286276,0.0009277095671226254,9.534191823571833,0.6299395412519985,0.4023733366103399,0.0002682408195399832,0.36844087293853206,0.0005445339379138714,0.702044430448464,0.712080609153686,-0.3793983913603283,-0.00044918218275515943,-0.32257684524180064,0.0035673226187430407,0.30049861235306413,0.34411960993804047,98169.51894221231,-0.21509004741901958,98196.72783321081,0.0020502693529697025,119886.29160252727,0.4735757992838343
NA_1574,149.99240533514785,27.302277095734127,0.0057357590858099685,26.576703571379166,0.0022449591781769085,77.85977979388763,0.4532536648693042,0.6745795304813083,4.167240452414591e-6,0.6740523745640778,2.2612623627571438e-5,0.004080242565711522,0.9400648758678004,277.16847059461804,0.000599990218579381,277.09257183196775,0.0001623670386424747,11.77959303865922,0.8403151930106179,0.4917481816004193,0.0005759679649063811,0.41888823403976205,0.005072779317825127,0.3474485503507679,0.2588941153784815,0.028202132573203434,-0.0005145767412963568,0.09329609034719256,0.010492729468398743,0.13407618526263937,0.10348487128789635,94967.00306919643,0.045857504365185604,94961.20209489424,0.00019388893368632587,57624.560472977995,0.8257267258833806
NA_1587,19.415365546987232,11.809550936259921,0.0009367120644328375,11.691056860109168,0.0001553571325140224,30.006880364668028,0.8437554215061116,0.6741998470018781,1.7771942216180806e-5,0.6719516963115312,0.0009534225510515748,0.0017600466581772945,0.625231346649359,277.75357104104665,0.001206979170591773,277.6008881759668,0.0002997328761503715,25.82289834016265,0.78425341732556,0.5792919719029986,0.0002578372770775159,0.5466755563526928,0.0015574132828832798,0.22679180302990054,0.5323200861697609,-0.4607185333494156,0.0004390019247003003,-0.5162522768240035,0.00431468156896242,0.23731430350596908,0.2979505315217584,97589.31656125993,-0.005245818087521919,97589.98015724799,1.969925215727919e-6,74219.24442145985,0.982294845638266
NA_1589,4.9237548228347805,2.1630665612599205,-0.001584006573812975,2.363443392847262,0.018819548679238518,0.7083445731417364,0.02854031365954291,0.6924411238185944,3.421928730735115e-5,0.6881123839742145,0.0022028929419171117,0.0028241538038394375,0.4575264603803881,277.75319126674106,0.0006439426087176794,277.67173252673825,9.323494531965348e-5,23.629548354147506,0.8786513377528644,0.7908243224734351,0.00021917700515701049,0.7630984313210734,0.001855767733980107,0.1375327647021786,0.49538710090762045,0.11557541196308439,0.00037468347474471127,0.06817795240787841,0.0030424448932088177,0.245158058557997,0.3824123897538007,98240.22529141865,-0.11488630751321835,98254.75840931908,0.0012714754848340837,55152.901829773036,0.5726470310857967
NA_1592,32.99171664645746,18.231584821428573,0.0003844296316053308,18.1829544730305,1.2001221843860321e-5,65.4256525566175,0.956317420573243,0.7123364352044605,3.2264921569530115e-6,0.711928283946606,1.2070248249007598e-5,0.004582313952134198,0.9561921024405876,279.2490931919643,0.0033892378590522163,278.82035460279417,0.003022188941927073,20.19399766556974,0.3840060998553979,0.6376706456381177,2.8882268776914315e-5,0.6340170386378381,3.8271593967076356e-5,0.11580461733471652,0.9220772054389432,-0.12617806025913783,0.0006979887473255718,-0.21447363679582265,0.015681394010184535,0.1650638578745304,0.045966970801075195,100221.181640625,0.15214457141788576,100201.93535234063,0.001797004735207941,68438.97817938452,0.5023064894528823
NA_1598,25.059466565868206,11.469494047619047,-0.0011309992771713832,11.612565456181228,0.00016633467113746914,40.85843113490514,0.8384021832887333,0.7367908547795008,4.2940220124232046e-5,0.7313589169337854,0.0027275573533762643,0.0035916537092467084,0.4082969284757791,279.8194095672123,0.0020729208934776614,279.5571850741874,0.0017398168261327784,13.122051777374072,0.5091992554258513,-0.37220929917835055,0.00012080716957603306,-0.3874914061297187,0.00032848851073918883,0.23605056820897813,0.7744058526559368,0.036413783118838354,-0.00012253599394790015,0.05191458635324772,0.001362215031148084,0.05856275557914905,0.5592420299417058,96204.77687872024,0.23800403212577884,96174.66936865632,0.0038350612833518705,78475.86962698695,0.32656876455294226
NA_160,4.618668281273131,1.784183562748015,0.0015415363502464877,1.5891792144418342,0.006931546983907189,1.8214497091134996,0.18650878879015795,0.7205444527050805,3.845242293398017e-5,0.715680221203932,0.0016701817373374617,0.0047035255358655464,0.5178145682238435,281.4534640842014,-8.184082235194354e-5,281.46381694822895,8.963831249486631e-7,39.699598374093405,0.9880562452790642,1.0077975212581574,0.00016968644543326647,0.9863321859108491,0.00017033290792922706,0.8981224648488356,0.8364982986466993,0.29503814757816377,0.0001266512471240443,0.2790167648169722,0.000141978096441564,0.6002572413987934,0.8505526897962179,99499.93957713294,-0.01510549475821537,99501.85042221985,2.5126175907996817e-5,48248.44588569222,0.9368280583462241
NA_1611,5.9915577182982815,4.628460596478175,-0.0011618637117490887,4.775436356014435,0.0038900416912117652,1.8437241121871206,0.32311192939386535,0.7003442985670907,4.1320093040304394e-5,0.6951173067974922,0.0024759042839773704,0.003663772901406633,0.4308569385472901,287.01539636036705,0.003856335624118433,286.52756990391606,0.0017291993552913665,45.69244519956182,0.5104967933526479,0.349392883361332,-0.00017760407557136532,0.3718597989211097,0.0009387061093298898,0.1785319820861998,0.6279162926426971,0.08672225286090185,0.000365622230368274,0.04047104071931519,0.004332020368402301,0.1639511673304248,0.29697757868693025,98858.82846602182,0.02953881525938405,98855.09180589151,8.913278186883922e-5,52010.197151462475,0.8813309428628058
NA_165,47.63587064139119,11.324873666914682,0.0030493603677938332,10.939129580388762,0.0002735877778868856,180.57624877558362,0.7936576960008892,0.6807292463287474,6.012922918894165e-5,0.6731228988363464,0.012058151083365276,0.0015930535251192529,0.08067099638325378,280.10561213417657,0.002679023035352472,279.7667157202045,0.0038738794648023323,9.843433418853198,0.3241231116040463,0.5792745332869272,5.171158837973774e-5,0.5727330173568904,0.00020599306566204678,0.06897043586775384,0.8204582116369394,0.30956839001367964,0.0005664909510436377,0.23790728470665945,0.009657813115157565,0.17654156515505087,0.11842720779899182,100453.56656125993,-0.09350674014369777,100465.3951638881,0.0007587579719471327,61224.0961551501,0.6630552045813312
NA_1685,19.26282227620686,9.60613529265873,0.002904845099416001,9.238672387582605,0.0035844620974735397,12.507248557813329,0.3429589653457947,0.6724491128845821,1.635641169591497e-5,0.6703800268050488,0.0006662577458769192,0.0021334064877263016,0.6830834698437604,277.9900386749752,0.0005120784814932808,277.9252607470663,5.6777315470712963e-5,24.53793513539288,0.9051617970221971,0.22588679147145105,0.0007728599535816435,0.12812000734337314,0.008198804291530304,0.3870712412889619,0.1505523865607032,-0.1078868896242172,-0.0003804785628521251,-0.05975635142342338,0.005374383377692804,0.14311051931237778,0.24512854963813951,98245.6062437996,-0.09425286162427272,98257.52923079507,0.00046822789220579697,100802.57457925133,0.7321883259669186
NA_1717,25.059466565868206,16.20510525173611,-0.0034500674690425225,16.64153878656999,0.002271517506278631,27.84062008954826,0.45058802525869945,0.6750104398954482,9.606890516453271e-6,0.6737951682451169,0.00016198391152166813,0.003027147736341263,0.8405012006121442,277.0767318483383,0.0007860489902684567,276.9772966510693,0.00015786138375317726,20.795201785125066,0.8425173329939392,0.1968146808563717,0.0003680963000975195,0.15025049889403547,0.002358858173104106,0.3051833884286784,0.4419906397326288,-0.2327900084238204,-0.00015281880263644728,-0.2134584298903098,0.0009169893888536507,0.13530974977464663,0.6319261848647595,99099.34830729167,-0.2046132270513279,99125.23188051366,0.0018714216108934867,118859.9615272431,0.49357081074582637
NA_172,21.703514608696423,6.391388423859127,-0.004868456208222819,7.007248134199314,0.005292049021053624,23.79570044937754,0.24879615391347504,0.6882944873401097,-1.7216318546747498e-5,0.6904723516362732,0.00046550584327942346,0.003382947502496632,0.7329384405782828,278.46674068390377,0.0020711258535521956,278.2047432634294,0.001622881161154166,14.043199867045926,0.5238127205505718,1.1673976731678797,2.6834769896096495e-5,1.1640030747760235,1.1621484054535891e-5,0.3292107260246373,0.9570133971253737,-0.015520353165883866,0.0006703559338355077,-0.10032037879607558,0.006471914828387715,0.3689078856682142,0.20190810560161176,99967.36418030754,-0.05183304343795531,99973.92106030244,0.00023500267720988344,60740.78850702238,0.8084594965311406
NA_1792,38.178187852996416,11.56170169890873,0.004310135264747525,11.016469587918168,0.0022454330062646743,43.956338926532545,0.45320589223522123,0.67054554867366,1.4127386427682949e-5,0.6687584342905581,0.000719519495648191,0.0014737400954345362,0.6713651674559049,277.953361390129,0.0006949596389053234,277.86544899580747,0.0001618560071326991,15.853682601059107,0.8405633489161259,0.5712895847502208,0.0004206507851851193,0.5180772604243032,0.004226534714841246,0.2224327766872966,0.30296021211447727,0.007041340782528832,-0.00011897538900038364,0.022091727491077365,0.00042724252081638436,0.1760271323484856,0.7437519968699045,97357.7570374504,-0.1083234379674976,97371.45995235328,0.0011393485990994767,54717.728930595935,0.5933376156476176
NA_229,23.991663670404705,11.758118644593255,-0.01744140501974315,13.964456379590764,0.031124587526655367,51.92770701189583,0.004598060365517532,0.6758815835392664,9.02306774008275e-6,0.6747401654701459,0.00017662084359248986,0.002449098750830819,0.83355062365897,277.4088406032986,0.0007380140513960532,277.315481825797,0.00013488414163753681,21.45399547190517,0.8542917482958527,0.48029101084149073,0.0007653746096313583,0.3834711227231239,0.005509060328055204,0.5649504898724135,0.23926918370914013,-0.15904985155378068,-2.821703531040052e-5,-0.155480396587015,1.9493829692351916e-5,0.2170028369955901,0.9443442245976854,98576.02687872024,-0.2112544580992799,98602.75056766979,0.002488910030847502,95266.97671426286,0.42964605813684675
NA_241,11.940745278739996,13.827997116815476,0.008919018264533621,12.699741306351973,0.011112380219485796,38.03354702025703,0.09371848984004158,0.6547099531642975,4.3603491267013034e-5,0.6491941115190203,0.007538853437512261,0.0013399143663092713,0.16818694795804606,275.90074133494545,0.0011325354505537983,275.7574756004504,0.0008916557139648784,7.642689735762181,0.6366782365474751,-0.4737059199620807,0.0014279345559462305,-0.6543396412892789,0.00927458398279557,1.16805148257769,0.12606108311502062,-0.13074697766985213,0.00047561872536654176,-0.19091274642871967,0.0018042369625210775,0.666137878435058,0.5014461119112847,101377.18957713294,-0.0829916763634339,101387.68802419292,0.00014536440908463621,251739.1739889044,0.8488019446546257
NA_242,4.00849519815074,1.662562779017856,-0.001682583099865739,1.875409541150872,0.010672489079106562,1.409376876491275,0.10054325684687519,0.7030425913750179,3.830518858287788e-6,0.7025580307394445,2.1459735887408016e-5,0.003632709359213492,0.9416099676597384,279.19789147755455,0.0001998912889403238,279.1726052295036,6.15633757306e-6,34.483006739992575,0.9687059895241025,0.7067624425131177,0.00046323176848184027,0.6481636238001649,0.0030811532042308576,0.3700182919223333,0.3793926362747792,0.15675379737975106,0.0002171124718187152,0.1292890696946836,0.0005366752072587522,0.46665704520229395,0.7140748814361129,99110.8562437996,-0.0848851002211744,99121.59420897758,0.000753345007400652,50816.97779451527,0.6641861935991624
NA_284,23.228947316501944,10.239137679811508,-0.014738876389674697,12.103605543105356,0.041297037123615876,27.94793181091288,0.001032150115040898,0.6719862629496862,1.574622055194986e-5,0.6699943660498645,0.0004947183419794499,0.0026627749571276156,0.7250121773450915,277.5235130673363,0.0011431065056661173,277.37891009436953,0.0004140939155966583,16.765416979755813,0.7475911186095571,0.4992274102710542,0.0005895165344855834,0.4246535686586279,0.005497997473460359,0.3358360095797745,0.23974408079620946,-0.03147862449524894,1.7473275685874252e-5,-0.03368899386951203,1.3477791490745794e-5,0.12035655290537092,0.9537109229137244,98023.47132316469,-0.18054724741632003,98046.31054996286,0.0021297631376268056,81318.66744439787,0.46510681028478723
NA_328,23.381490587282315,7.515252976190476,-0.0012891268248575417,7.678327519534955,0.00026401691187583065,33.442548073349045,0.7972198407378228,0.7079622490065438,8.281081956893425e-5,0.6974866803310736,0.009715193271175093,0.003750270008697285,0.11732843325022861,277.7817789713542,0.0030699655221692753,277.3934283327998,0.0061108152219644385,8.19422076399108,0.21505047048274667,-0.36142835919819183,0.00018159650330079865,-0.38440031686574283,0.00024080886590127637,0.727582604458525,0.8061537375006389,-0.05395506298731244,0.0005245712307974812,-0.1203133236831938,0.004939295618275441,0.29599456307842315,0.26528740104790477,100386.181640625,0.6630420693238714,100302.30681885553,0.005161345961344765,452542.12832878693,0.25475627404177303
NA_350,0.8050865117593275,1.8939073350694444,0.0001827843113008159,1.8707851196898913,0.05696616518830244,0.0031160230708364993,0.00010186422763520986,0.6597048451030065,-2.6244683988803047e-5,0.6630247976275901,0.08415280449877138,4.34864461873699e-5,1.6443802939350916e-6,297.603521437872,0.00419662118717629,297.0726488576942,0.03795997662195072,2.4649800992717648,0.0016850319014159512,-0.10445291276962038,0.0007584899312593953,-0.2004018890739339,0.02110588895954113,0.1448224222349005,0.020249708661313044,-0.05453247494167752,-6.2562986896021e-5,-0.04661825709933086,0.0010107034141995097,0.020575530080035855,0.6150184458659872,93327.67767237104,2.0145069045060113,93072.84254895103,0.12857886625421344,167690.22379044228,1.2513324096937726e-9
NA_355,2.1779759487844785,2.0808182973710316,-5.844342433109647e-5,2.0882113905489152,0.008771050173957406,0.00206899541925903,0.1369263410395011,0.6507199614767044,2.546735778497505e-6,0.6503977994007245,0.005050316336904115,6.823214326963919e-6,0.2599566398579023,293.90880378844247,0.003323426441162697,293.4883903436354,0.0013909257448500023,42.18985296829839,0.5551248764003244,-0.4822256527249775,-5.4091232006325624e-5,-0.4753831118761773,3.4782144376466206e-5,0.4469276345892556,0.9257037772639946,0.8321048948499892,0.0002291605674326831,0.8031160830697548,0.0002121116618108987,1.3153915489686416,0.8178568460180055,101675.15386284722,-0.17037599941378848,101696.70642677306,0.0019189528182850246,80369.7008702184,0.4881232580509725
NA_363,4.9237548228347805,2.1551765562996024,-0.0009145850164418627,2.270871560879498,0.0027179547051467967,1.63510544659072,0.409125499694445,0.684139040727464,4.97031428877873e-7,0.684076166251711,5.654959106538016e-7,0.0023210155529266884,0.9905133104245831,279.0501650855655,0.0009896899995303942,278.92496930062487,0.00012326435969423066,42.21829163906041,0.8606428175338382,0.6052987613375225,0.0006846360754376233,0.5186922977946631,0.007530770690343691,0.330689154313128,0.16841692454493798,-0.17259190574524894,7.305488827654299e-5,-0.18183334911223162,0.0001432883252242556,0.19789169626120615,0.8498727557844263,98297.63798983135,-0.12751938146622993,98313.76919158682,0.0009748892096478334,88621.06144132683,0.6213604127990846
NA_371,13.008548174204407,5.689902653769841,0.000770938983103909,5.592378872407196,0.0004898246058077094,6.446726288370592,0.7263213698164364,0.7010861663591295,6.877358275122556e-6,0.7002161805373265,5.284977897501708e-5,0.00475488414302118,0.908485992727571,278.6325237940228,0.0012359985860599578,278.4761699728862,0.00040560084612339953,20.0113741262983,0.7501067587922507,0.12566900253295898,0.00011994653901105403,0.11049576534806065,0.0024138888189780827,0.03166634909105114,0.4367022395167509,0.023753347850981214,-0.00024029610527653627,0.05415080516846305,0.00862115201601199,0.03558508245598617,0.1403579294633405,87873.25306919643,0.28079766092321845,87837.73216508965,0.007564741687861698,55377.41569272402,0.1674527488414289
NA_377,40.92396672704672,6.566421750992063,0.004018209962943257,6.058118190679741,0.0019908312114006455,43.089417917078734,0.48007161040071844,0.645668575688014,2.740423996207378e-5,0.6422019393328117,0.002752068591838297,0.0014498266730991612,0.40619300686835097,277.2928854321677,0.0013721594585215506,277.1193072606647,0.0017905899744831144,5.586667631881358,0.503071714456014,0.25710578948732404,0.00031420445992011496,0.2173589253074295,0.0020658280458210054,0.2539044644949143,0.4718988758588047,0.22743057069324313,-0.00036110274994527344,0.2731100685613202,0.002791243069936944,0.24820112727034163,0.4028630121370291,95104.55465649802,0.46415607743597415,95045.83891270237,0.009686541483420408,118167.8015382309,0.11787568795777263
NA_378,311.99335890410384,13.932582310267858,-0.007681114061891904,14.904243239097184,0.0025551056993248222,122.68158373387618,0.42356137499261254,0.7542842390045287,5.744961033947011e-5,0.7470168632965857,0.006387692559170599,0.0027451746851093963,0.20488734030720707,280.5841064453125,0.001237579978704137,280.42755257800644,0.0018688260746291263,4.3542913086860775,0.4938711956935887,0.5722273947700621,-7.929154213181284e-5,0.5822577748497364,0.00019408087364691795,0.17211186331255787,0.8256418557197385,0.5533893070523701,-0.00024546190247968683,0.5844402377160505,0.0052594222095818655,0.060865328709417854,0.2502679191357493,80630.52291046627,0.8454526491015047,80523.57315035493,0.05608397661018194,67714.17552442895,0.00011615718591314273
NA_390,25.974726190551337,7.866117931547619,-0.00530068095184667,8.536654071956223,0.006101640374451489,24.465637601093608,0.2153972539231591,0.6692622966236539,-3.570742094520411e-5,0.6737792853732222,0.0026019342615963836,0.0026035172697412273,0.4193341724307056,277.35349624875994,0.0010510464963035117,277.22053886697756,0.0006077760314658898,9.656952706089221,0.6965968369091953,0.926632389189705,0.00022031645732387449,0.898762357338235,0.0005177744525011185,0.4980730884663566,0.7189399329329507,0.021149181184314546,0.0008184134997674322,-0.08238012653626564,0.009834877671637487,0.3618398730862519,0.1150722561590562,95203.73322792658,-0.01922753473682908,95206.1655110708,2.5458593035709853e-5,77152.96599869261,0.9364124212219088
NA_405,7.974620238445823,3.1815553695436507,0.00025862415316149287,3.1488394141687217,0.0002995388886704031,1.1863825903636627,0.7843215383135622,0.6664527115367708,2.2777335187082875e-5,0.6635713786356048,0.0011063907072874635,0.0024913636416256583,0.5987376352644389,276.1170596168155,0.001868180159092597,275.8807348266903,0.0017120827176201336,10.83060166295713,0.512600610279429,-0.7916157661922394,0.001558772736843009,-0.98880051740288,0.01608061862248522,0.802791316927204,0.04324349668746838,0.13245017944820345,4.503523956337772e-5,0.12675322164343616,4.450916932730031e-5,0.24210027422531827,0.9159883301816308,97726.87608506944,0.16855436983010924,97705.55395728593,0.0008512588278438704,177320.20293487643,0.644429219296248
NA_417,46.87315428748843,10.2578125,0.0037507770243606787,9.783339206418374,0.005966832014505652,12.526752555512813,0.2205694993010643,0.678651477609362,3.046315939803969e-6,0.6782661186429767,1.2748068145440605e-5,0.0038676336079353,0.9549801146868364,277.66530451698907,0.00033895498170362007,277.62242671180354,4.445426796950702e-5,13.731260149621244,0.9160399702149501,0.47521831118871294,0.0005765829102515767,0.40228057304188847,0.00585423957824549,0.30171218928821614,0.22500230877589805,0.05236042870415582,-0.0005807338027737674,0.12582325475503742,0.011702950300780501,0.15310827612008912,0.08532773801802157,95384.8324342758,0.054937315367740415,95377.88286388178,0.00026140713014433103,61341.904055246145,0.7982030620894742
NA_426,25.974726190551337,4.864769345238095,0.0019674084283513413,4.6158921790516505,0.0005234026180539475,39.29099078713049,0.7174809010730251,0.664157838102371,2.100769104893508e-5,0.6615003651846807,0.0008846398000829092,0.002650513283330472,0.6380088256349923,278.31012641059027,0.0022304660829789245,278.02797245109343,0.0028742087099069558,9.196292202443136,0.3959394989257217,0.20374556193276058,0.00024069203698574664,0.17329801925406363,0.0007642379380685682,0.4027491826123395,0.6619150864979952,0.41430471813867964,-0.00041973199431964817,0.46740081542011513,0.01012274467998786,0.09246676897389358,0.10983695734821725,91996.33640252976,0.42571057467382495,91942.48401483352,0.009277106740885666,103790.14980315728,0.12600909798823762
NA_431,9.805139487812085,4.052552238343254,-6.10877442376165e-5,4.060279837989312,9.824499760946459e-6,2.0180761338576927,0.960473380825142,0.6644602890998598,1.2910459660261995e-6,0.6642969717851575,3.4556515058348225e-6,0.0025626735578019007,0.9765515977005604,276.06654769655256,0.0015215441274029611,275.8740723644361,0.0013455902326907632,9.141050205148238,0.5616526524526831,-0.9129924092973981,0.0017262213108183294,-1.1313594051159168,0.015429439947756474,1.0260832569153788,0.04777709204806234,0.25649493081229074,0.00014989907374059671,0.23753269798410526,0.00030301154410394826,0.3939839589518703,0.7831056377789579,98370.72132316469,0.14877990098236826,98351.90066569042,0.0006192497127980312,189916.42773137498,0.6938882051590859
NA_437,11.940745278739996,6.827795603918651,0.001100980644169979,6.6885215524311485,0.0020074720208479446,3.208113189064137,0.47823848721398354,0.6783401862023368,1.1460371074373452e-5,0.6768904492614286,0.0002072194795816884,0.0033674921881892096,0.8199335706976646,276.76714991009425,0.0011300910473834931,276.62419339260026,0.00042221138838882677,16.070772061487126,0.7452131738669379,-0.040995726509699744,0.0004320127196934627,-0.09564533555092278,0.0030345783850541652,0.3267642406705734,0.38303020746967226,-0.019744373503185454,-0.0005611556931695529,0.051241821682762985,0.013899067916574248,0.12037072757494154,0.06049565459859323,97768.69751364087,-0.016713592763334017,97770.81178312543,1.2745122413115872e-5,116448.91246950577,0.954985310963677
NA_448,56.9410101590056,22.641465928819443,-0.0033679126748933095,23.067506882193445,0.00028728150536938557,209.77503042539803,0.7886748854589664,0.7565833509914459,1.8823404473389115e-6,0.7563452349248575,5.283553550228248e-6,0.003562952653510437,0.971007967111656,280.6233646453373,0.0019767397067808196,280.3733070724295,0.003259983958060486,6.368297227131742,0.3658647610461313,1.4475102878752208,0.0002264397312032301,1.4188656618780122,0.0004491413716204429,0.6065435884659859,0.7375003745971616,1.0632111231486003,0.00013924581843179247,1.0455965271169785,0.00040853661745965386,0.252158232358975,0.7492339342428831,99546.24513268849,-0.1281631455778617,99562.45777060409,0.0007053435810787656,123727.26515548803,0.6744329651208967
NA_450,49.008760078416344,10.105949280753968,0.0019029986245025525,9.865219954754396,0.00021313296735181453,90.27471649118299,0.8174264927095649,0.6565933237000118,-1.131241873018525e-5,0.6580243446693802,0.00044732759601873173,0.0015199351874866868,0.7380116550216104,277.7129720052083,0.001119311837207916,277.5713790578015,0.0009554977562167277,6.9664630448200775,0.6248547987258758,0.6629837656778003,0.000679684840885431,0.5770036333057933,0.0039895840913197755,0.6152156296553288,0.31697412256375646,0.10225230928451295,-0.0005580595467932662,0.17284684195386113,0.006325613286012,0.2615762215144705,0.20711618792586983,94287.76894221231,0.08892971017773438,94276.51933387482,0.0007232719782022112,58094.08693681511,0.6705590618290198
NA_475,5.9915577182982815,4.623806423611111,3.0891163372109284e-5,4.619898691444539,4.012157387545123e-6,1.2636604216205383,0.9747345335982502,0.6981531182924906,8.215500010738382e-6,0.6971138575411322,0.00013676143407115315,0.0026220693313275503,0.8532925712913999,287.7098388671875,0.004677121428822166,287.1181830064415,0.0025371991439250285,45.80812865210719,0.4251945639001341,0.10646714861430819,8.993779200210125e-5,0.09509001792604238,0.00022953389577462513,0.1872308593852386,0.8106589905844872,0.3144027619134812,0.00016808234303964756,0.2931403455189658,0.0007364290091732562,0.20382296502951475,0.6677520034987886,99490.77291046627,-0.1291256047942617,99507.10729947274,0.0014935779138326444,59311.19446429449,0.5408573862967034
NA_492,2.1779759487844785,0.8338216145833311,0.000977934089915518,0.7101129522090182,0.011286428857387065,0.45019683609921035,0.09115729782078957,0.6774115496211581,2.665915479438792e-5,0.674039166539668,0.001419164169388143,0.002660724636697933,0.5511308069410478,276.62188623821925,0.0019427324419735868,276.3761305843096,0.000751859465869642,26.670375435178023,0.6644974264928318,-0.49585296237279497,0.0010182495089611989,-0.6246615252563866,0.012251781929685346,0.44962347352213083,0.07824722224332382,-0.18847267211429655,-0.00048443233650211385,-0.12719198154677916,0.004148374844635816,0.30055784915487055,0.3074928672285444,98800.11814856151,0.16819630650651676,98778.84131578844,0.0007774648490569414,193326.75556883463,0.6591830862526136
NA_508,7.822076967664543,6.07452876984127,-0.0020277393449447075,6.3310377969767755,0.022439059373224657,0.9735526073622024,0.016596657235117742,0.7041168525105431,4.950627261625816e-5,0.6978543090245864,0.008318719487222181,0.001565322378480621,0.1475763744644483,294.53986273871527,0.0005837808524395736,294.46601446088164,0.0001476645945897026,12.262051371121206,0.8476247547315734,-1.0224546023777552,0.0001728783394771739,-1.0443237123216178,0.0007566988000788921,0.20984466649967612,0.6634848834099972,0.854631711566259,-0.00046759356217630397,0.9137822971815615,0.0029441719491597462,0.3945605784688108,0.3902328209805504,99687.91973586309,-0.16060630724326483,99708.23643372937,0.00170936439639513,80173.40990338138,0.5129360986678617
NA_515,8.127163509226193,3.2520538814484126,-0.0010436949793991733,3.384081296342408,0.004437917413903536,1.304090672061587,0.29112205322052204,0.6589049394168551,4.686409524687399e-6,0.6583121086119822,8.173498389763001e-5,0.0014276189645613245,0.8863276980519409,275.9933345734127,0.0023905398896602553,275.6909312773707,0.0026332182574761998,11.53041525359158,0.41654490406912426,-0.7313188446892632,0.0017151722496636442,-0.9482881342717142,0.013565770752829387,1.152154777982304,0.0637095766915977,0.23305743081229074,0.0002285934043843307,0.20414036515767292,0.000681736535315447,0.40724019602223954,0.6796231085925943,97973.56656125993,0.13741373380466468,97956.18372393363,0.0005525052577396439,181578.1895316441,0.7100743775030498
NA_546,25.974726190551337,13.847047836061508,0.004249292107286086,13.309512384489818,0.004446351320491981,21.575914600214663,0.29066202121126733,0.6904596913428533,5.254693900887204e-6,0.6897949725643912,3.132744134670684e-5,0.004682844482476167,0.9294799322950814,277.49781436011904,0.0017074829856650942,277.2818177624324,0.0011173725770327048,13.86291553048702,0.5969270219434293,0.44040695826212567,0.0001279876954257679,0.42421651479076605,0.00022333413464803442,0.38969169287732314,0.8131862342613974,0.2924456066555447,-0.0004461102021381956,0.34887854722602646,0.009491607312324901,0.1113997879667187,0.12167392137451821,92548.08640252976,0.42420445910223215,92494.42453845333,0.010681156758043042,89510.08834586147,0.1004037200363868
NA_547,49.008760078416344,11.052474733382937,0.003669414940346839,10.588293743429062,0.0009600778467608873,74.5121366386357,0.6240255229156999,0.6575270465442112,4.645887253549975e-6,0.6569393418066372,6.647082710775631e-5,0.0017252262812764419,0.8974257231185305,277.8998093377976,0.0012342866617006472,277.74367207509243,0.0010358774674849025,7.813821774894158,0.6106442078478875,0.4568690118335542,0.0005460450795725984,0.38779430926762054,0.003873603118024982,0.40896080806761675,0.32414043714235397,0.0410388916257828,-0.0003216517817026782,0.08172784201117159,0.0047169761483287775,0.11653276696168553,0.2763743118400652,94728.59037078373,0.11773262387584989,94713.69719386344,0.0012413109932996047,59327.06457759129,0.5772427195166958
NA_563,67.46649584286388,13.073238312251984,-0.0033271750630407037,13.494125957726633,0.0008709891623229771,67.52714205356625,0.6406162512631446,0.7174520956145393,3.4935752870156974e-5,0.7130327228764644,0.0013856842727562046,0.004679675527731629,0.555872227621434,278.2330767919147,0.0016210790455015998,278.02801029265873,0.0018130117992884998,7.701007908702176,0.5004055634938642,0.25838849658057805,2.6295800233620994e-5,0.25506207785102497,4.0607385639046534e-5,0.09047062063497864,0.9197422369400753,0.3718281246366955,-0.000316254579046617,0.41183432888609256,0.00722004726093084,0.07359925534138138,0.1775349726883824,90834.55465649802,-0.25419318690324344,90866.71009464128,0.005970646041306593,57497.147902772704,0.22042116109007776
NA_585,22.923860774940295,6.822637648809524,0.0002776177076936006,6.787519008786283,1.667439608843413e-5,24.55749306328675,0.9485201717826948,0.6846327412696112,1.3021110690343745e-5,0.6829855707672827,0.00033549540927158006,0.0026850309466103514,0.7720775681680139,278.95074559771825,0.0016188140547868754,278.74596561978774,0.0007455803001191752,18.67408469230199,0.6658170051365201,1.0683308328901018,0.0003893240889233943,1.0190813356412924,0.000826730214763205,0.9740888173243004,0.6492448045350792,0.23969766828748915,-0.0006394503734147865,0.3205881405244596,0.0073393997120784205,0.2960008553403937,0.17396771286816495,93755.31656125993,0.10380414805580988,93742.18533653086,0.0013823495270254282,41414.39911518497,0.5563486985805336
NA_586,11.940745278739996,3.7227918836805554,0.00107207912831546,3.58717387394865,0.001530157951754041,3.990774922689646,0.5359351272419005,0.681361456712087,-1.2279017637271054e-5,0.6829147524432018,0.00019118871194812037,0.004189911163312316,0.8269253809011239,277.88587394593253,0.0001523226393784921,277.8666051320512,8.14220157885348e-6,15.140034977801571,0.9640138455409789,0.2203006214565701,0.0007653577668294062,0.12348286395265021,0.007777654610667817,0.40014753907715905,0.16155020181093704,-0.1475713669307648,-0.0004558250204599584,-0.08990950184258006,0.006018399615984604,0.1834235586614267,0.21857384253895853,98381.8324342758,-0.11961611780339587,98396.96387317793,0.0007386990315864095,102908.60531271624,0.6672706971336542
NA_588,12.703461632642757,3.7432454427083335,-0.0008441469540855952,3.850030032400161,0.0007420032959164491,5.1023482487971075,0.6665716641467516,0.6848243238433959,-1.1480074406548706e-5,0.6862765532558243,0.00018374983261115752,0.003810678147942616,0.8302741692858467,277.98540969122024,0.0012435513012180534,277.82810045161614,0.0005452391638492982,15.06885262117782,0.711902447553038,0.49809390022641137,0.0008369455334928483,0.39222029023956606,0.012702073773222633,0.292994573654735,0.07290500108275655,0.09916954948788598,0.00011061671659145948,0.08517653483906636,0.0004432147349313631,0.14667873374781512,0.7391752988923058,96670.54275173611,-0.11784304821463253,96685.44989733526,0.0012915811582963066,57124.97862378746,0.5696234976911713
NA_646,108.04300587049329,29.76202876984127,0.006136881398741565,28.985713272900462,0.0018804191901841127,106.40954879594771,0.4925318645724213,0.6892425304367429,3.008757177977462e-6,0.6888619226537287,1.1973284712030186e-5,0.004016990318087894,0.9563682434418465,278.11880929129467,-0.00032620534677354953,278.1600742676615,3.2678945723119135e-5,17.30031175581515,0.9279788356818981,0.6139580030289907,0.000426688380463239,0.559981922900391,0.008688671759980782,0.11132893584909806,0.13880054442590017,0.08149841853550502,0.0003884317779861968,0.032361798620251125,0.0038242378167921975,0.20961600015370113,0.32725499190479707,98211.28878348214,-0.13518231152652704,98228.38934589025,0.0019417569680774127,50001.689652687724,0.48554491169830993
NA_651,19.11027900542649,10.176862444196429,-0.004970856782614508,10.805675827197165,0.012379151047900439,10.605019102465652,0.07669520435761794,0.6766868782421899,-7.862593536610482e-6,0.6776814963245711,0.00011728332677507503,0.0028004975018838174,0.8640324545996545,276.3887106274802,-1.922276309779788e-7,276.3887349442755,1.7115198147621413e-11,11.470092343061284,0.9999478069916298,1.6339329689268083,0.0005756796234599141,1.5611094965591292,0.0014830714324576277,1.1872425736440673,0.5422864212338374,-0.2866191409883045,0.0007535013410430226,-0.38193706063024685,0.004053978115300838,0.7440917256540519,0.31308423258130264,94545.03481522818,-0.03511954733765859,94549.4774379664,6.039357131837342e-5,108504.29339150233,0.9022027344265986
NA_652,8.127163509226193,3.2951815166170637,-0.0007150410187548312,3.38563420548955,0.0022240275958220757,1.2214102391190091,0.45537191108267416,0.661469112312983,8.149192920171836e-6,0.6604382394085813,0.0002193644224606217,0.0016084324310817934,0.8148239169918645,276.2123209635417,0.0019592682289381906,275.964473532581,0.0016121877563120002,12.650625213208901,0.5251857239762225,-0.964540958404541,0.0015835228681641386,-1.1648566012273045,0.01417898193885947,0.9396009466972393,0.057928207136667194,0.19255333855038598,0.00025250908471308186,0.16061093933418114,0.0011653085379366157,0.29070526863568436,0.589154242065326,98378.1062437996,0.0793039932074825,98368.07428865886,0.0001742265904721707,191785.37677671152,0.8346664535825502
NA_660,61.974938094764184,10.86654033358135,0.0013396526676795542,10.697074271119886,0.0001278782889433394,74.56369576446323,0.8580854770224602,0.7099091675546434,4.788882298861913e-5,0.7038512314465831,0.0019886444782534207,0.006127043919297261,0.4803133476449221,278.250982375372,0.0013878423040264128,278.0754203239127,0.001440209317607244,7.105496707156632,0.5481889392300711,-0.04621762321108863,-2.0157745994603696e-5,-0.04366766834277126,0.00015651487162837707,0.013793298770456573,0.8431817631169072,0.11689299628848121,-0.00021660835199594517,0.14429395281596827,0.011011679092549853,0.02263792755302549,0.09523557481065577,92925.3324342758,-0.21312501089656058,92952.29274815421,0.003957195985147988,60984.72828955889,0.31895435987106807
NA_663,149.99240533514785,20.377418154761905,-0.004413221267949094,20.935690645157464,0.001182707314327347,87.49312692945085,0.5863839593414694,0.6818812546275911,-2.617671206964625e-7,0.6819143681683592,9.599946881877486e-8,0.003792286864989402,0.9960912061839176,277.76971532428075,0.0015196566351406908,277.57747875993545,0.001113596361593805,11.018004714432475,0.5975483323358115,0.5006748154049828,0.0005638530473064067,0.4293474049207224,0.004287708420324443,0.39395483560170413,0.2994721979919689,-0.05032976846846323,-0.00043249151524216964,0.004380408209671227,0.006189028506244809,0.16057299814443984,0.2121207575293247,97502.11021205357,0.006513656343007411,97501.28623452618,2.602145414365431e-6,86627.93001045308,0.9796516440267689
NA_687,13.008548174204407,5.308244977678571,0.0003029822351381223,5.269917724933599,5.904310980175964e-5,8.26047312161701,0.903296973501887,0.6775390089504303,8.563955499839463e-6,0.6764556685797006,0.00015147045550722993,0.0025725314233440585,0.8456976735016486,278.14305284288196,0.0007219255140528608,278.05172926535425,0.00010367558419044354,26.70841441620447,0.8720919734534874,0.23852978812323677,0.0008002260283494845,0.137301195537027,0.007859483977908921,0.43288359678465227,0.15934446144316639,-0.15111334361727274,-0.00042842580931001654,-0.09691747873955565,0.005712955183098223,0.17069871443904477,0.2307154609962858,98232.61814856151,-0.11176497016357682,98246.75641728721,0.0006661464679106333,99628.02004219123,0.6831085153764336
NA_702,21.703514608696423,4.898445250496032,0.0002937970497081876,4.861279923707946,2.777586196545112e-5,16.51076253755777,0.9335878610812011,0.6777029501067268,-3.4862082774796773e-6,0.678143955453828,2.4496560880327145e-5,0.0026359754316047025,0.9376229496987535,278.5391109406002,0.0013889429445192118,278.36340965811854,0.00075882251531878,13.507296070178514,0.6630417477827464,0.5103493720766098,0.0006426442240613667,0.4290548777328469,0.008916655888774105,0.24608153453124124,0.13368181486164302,0.1697106891208225,-9.92721698160758e-6,0.17096648206899584,3.642072632925597e-6,0.14376270714877898,0.9759276074837709,96995.89989459325,-0.05373959003530393,97002.69795273272,0.00029028435117373075,52857.289589745065,0.7875993235767653
NA_720,23.991663670404705,6.097853887648809,0.0007163496312369569,6.007235659297335,0.0001300085011058938,20.970952085968303,0.8569208406751854,0.6631822444143749,1.365216368122438e-5,0.6614552457087001,0.0006305159252119052,0.0015705317799351113,0.6912565637593965,277.7787155877976,0.0006608302637839382,277.6951205594289,0.00020167057573650116,11.504748408402241,0.8223205112130046,0.6651635926867289,0.0002027030971821904,0.6395216508931818,0.0009229638926081529,0.2365243587097277,0.6308172521934662,-0.07847569480774895,0.0006570158854674333,-0.16158820431937926,0.009594245663483103,0.2390455820823613,0.11965761702941283,95203.99513268849,-0.020236860880400852,95206.55509558987,2.855833177761724e-5,76189.17543624002,0.9326610817390132
NA_74,43.97483214265776,15.169739738343255,0.019764361335830226,12.669548029360731,0.04073236717078432,50.9525279931685,0.0011214449586920156,0.6893629658789862,3.8993317733295855e-5,0.6844303111857243,0.00229574482429451,0.003518816171063976,0.4481775135518947,277.1665775359623,0.0036014589943913432,276.7109929731718,0.00417268427049633,16.515101222659336,0.30607383617474315,-1.107117145780533,0.0005638817899140857,-1.178448192204665,0.0006931498113903478,2.43718695997334,0.6771009092673863,-0.28009322332957437,0.0007960876334838372,-0.3807983089652798,0.002541594571033756,1.3248151837917488,0.4247928049294342,99679.81656125993,0.6757463810061842,99594.33464406265,0.005833474870348465,415891.4015740993,0.22583132963633384
NA_749,1.5678028656620882,1.4611467633928572,-7.246798613938659e-6,1.4620634834175203,3.760403511132715e-6,0.07419894863816913,0.9755397965852863,0.7012231927069407,-1.477166651031423e-5,0.7030918085204955,0.0004671371476977493,0.002481729253025127,0.7324886094766063,294.10450187562003,0.004267967662394371,293.5646039663271,0.0026606526139800746,36.374236095854776,0.41412132580624816,-0.6285763316684299,9.144247666782397e-5,-0.6401438049669096,9.380041666406935e-5,0.4736210635575048,0.8782867282486359,1.0376306109958224,0.00018122540385445305,1.0147055974082342,0.00010610959765766648,1.6444599487105407,0.8706121444655583,101661.62211681547,-0.17220793386307962,101683.40642044916,0.0019514761537562375,80738.90952320566,0.4844528231737855
NA_764,47.94095718295284,27.44337875124008,0.001946838607245216,27.19710366742356,0.00019898158062925386,101.20147435655934,0.8234896259548132,0.6916077032921806,1.6563928860934376e-5,0.6895123662912723,0.0003312894751589246,0.0044000629547785285,0.7734719422997187,278.1461414155506,0.001123260558896074,278.00404895485025,0.0004118766156657738,16.27547603221393,0.7482451187325827,0.5586272118583558,0.0003183173989273086,0.5183600608940513,0.005804171227352994,0.09275137460869017,0.22700745208696582,0.03633434053451296,0.000562845399790622,-0.03486560253900072,0.008304621842729731,0.20267407350924063,0.14792281120443518,98211.72529141865,-0.07278330975458228,98220.9323801026,0.0005359093464083475,52518.47251577901,0.7142701127325165
NA_770,40.00870710236359,7.455543154761905,-0.007716379593849333,8.431665173383847,0.00537963305400635,58.80501028591758,0.24489692973510446,0.7766332787180704,3.051838193399261e-5,0.7727727034034203,0.0025526547986378656,0.0019385220061954938,0.42378435933933933,281.6450660342262,-0.000997970067429322,281.771309247756,0.0010891354777012863,4.858396349878697,0.6016058159981506,0.762296684204586,0.00016291600519628487,0.7416878095472559,0.0006124205170835451,0.23025951671788997,0.6954968798723937,0.3710550126575288,-0.00017619771018993378,0.39334402299655546,0.0005302183122064541,0.3110896865243583,0.7157258296638664,87558.40386284722,-0.09655384028069916,87570.61792364273,0.000785969224932126,63019.271478410636,0.6574411234392832
NA_817,29.02559160616329,16.03039357018849,0.0002983596182979362,15.992651078473802,5.779640239400585e-6,81.83123310889479,0.9696780486024135,0.7422571343088907,-1.861046660359725e-5,0.7446113583342457,0.0004143820977154933,0.004440719638703612,0.7475062601653859,283.62396530877976,0.006216527713843475,282.83757455297854,0.014067551138431833,14.595435618336523,0.058936297890189344,0.20652605238414945,2.428821147047285e-5,0.20345359363313464,5.918780558777925e-5,0.05295398502770576,0.9031791275587284,0.24728927915058438,0.00027457114145740133,0.21255602975622312,0.002910713569694745,0.1376100408316096,0.3929471683922414,98474.23322792658,-0.0365158068319607,98478.85247749083,0.00014467040740151482,48969.07646308504,0.8491590132475779
NA_824,0.4999999701976776,1.9930361793154763,-1.8331925333673774e-5,1.995355167870186,0.001578137219180542,0.0011313870744265545,0.5296005648014784,0.6500143635840643,-6.607252708826374e-8,0.650022721758741,0.0022560031815719306,1.0281155870747131e-8,0.4521422144569117,292.45425657242066,0.003990599118325306,291.9494457839525,0.002019078484787107,41.90470806735747,0.4769666628643347,-0.372499942779541,0.00015627298441755151,-0.3922684753083613,0.000513871128318133,0.25249536515070303,0.7199570819089848,0.28837078336685423,-6.512888107568834e-6,0.28919466371246166,5.221253722709207e-7,0.4316306263512566,0.9908843397582959,101574.46338665675,-0.13412574352036613,101591.43029321208,0.0012616551148886268,75757.11861738449,0.5741352806643427
NA_834,25.974726190551337,9.728050595238095,-0.0009437849428092256,9.847439390503462,0.00012928538872092332,36.604666884134076,0.8573150715093854,0.7662814921802945,9.614556737450602e-6,0.765065250753007,0.00016615494135674425,0.002955868352577049,0.8384883239091506,288.0926106770833,0.0023961133925150145,287.78950233293017,0.005119623635368886,5.958219707249644,0.2566953892182524,-2.1644998807755726,0.0007182037797286843,-2.255352658911251,0.0030090037508563316,0.9107778489032752,0.3850485265140138,1.944816483391656,-0.0002172791348910915,1.972302293955379,0.0001631916092227348,1.5370147590244962,0.8399156380884025,97384.46338665675,-0.25526287764901245,97416.75414067935,0.003940516485393619,87854.09085344027,0.3199804482411045
NA_852,27.042529086015747,7.7418929811507935,-0.0017439666915811248,7.962504767635806,0.0007029720361173553,22.98677995795507,0.6749497170043346,0.7751434577835931,1.533616068396867e-5,0.773203433457071,0.00057147764530463,0.0021866227873710686,0.7053646635335428,290.03707449776783,0.003659429355676297,289.5741566842748,0.10402500809093507,0.6839569908824914,7.142645376397395e-8,-0.09351114999680292,0.00037537641816749425,-0.14099626689499095,0.0059922751450008915,0.1249344017054538,0.21958217384650253,0.2060876422458225,-0.00010563021456214929,0.21944986438793437,0.00022919058735015874,0.2586540972089464,0.810797985473716,80542.68560887896,0.25367220828243586,80510.59607453123,0.040088562286397234,8528.351934117565,0.0012326901542533007
NA_883,1.110173053320068,1.8016454303075398,-4.5511081614629394e-5,1.8074025821317903,0.001663678994546447,0.00661461538602978,0.5186320189383211,0.6716575329265897,1.165434362878748e-6,0.6715101054796855,7.126287660652597e-5,0.00010126330671680576,0.8938135480482119,290.5017845517113,0.005717406106973856,289.7785326791791,0.00413342967489605,42.01722296534714,0.30836947606414106,0.19043214737422884,-0.00026425937624660525,0.2238609584694244,0.001095579081996978,0.3386545347398419,0.6005313969407547,0.21228997669522726,0.0005320011033456847,0.14499183712199815,0.0028466921624111796,0.5282315977506035,0.39821666526718996,101498.05862475198,-0.07596726131892531,101507.66848330882,0.00046399872326452485,66080.90320967011,0.733354809662408
NA_887,1.8728894072228286,1.786012679811508,-6.49030050276965e-5,1.7942229099475115,0.0011495918372312897,0.01946819801827517,0.5916797032829454,0.6844069172465612,1.5194078147797832e-6,0.6842147121579916,8.740040651145087e-5,0.00014033793275582037,0.8824814638780955,292.48011222718253,0.003362217244798332,292.05479174571553,0.002034762196907125,29.517372644423293,0.47525674606434776,-0.448183536529541,-6.834408701064498e-5,-0.43953800952269445,4.915668692362374e-5,0.5048462142872648,0.9117279510423006,0.7172057288033622,0.00029496887306531937,0.6798921663605993,0.0003644520923997696,1.2683868939669194,0.7627249732848084,101685.03481522818,-0.163066258516658,101705.66269693054,0.001792011622922307,78836.47672068559,0.5029019536244274
NA_890,31.92391375099396,10.049750434027779,-0.002748307365774995,10.397411315798315,0.0014471515384032463,27.730417544992687,0.5472248918056613,0.7199553241805424,1.035023362123335e-5,0.7186460196274564,0.00014701270440575787,0.0038715534044793574,0.8479574086993582,279.23882378472223,0.0020971038617504387,278.9735401462108,0.0025812722433423696,9.052027912623272,0.42119157028270054,0.07487031391688756,0.00010321962285907987,0.061813031625213954,0.0008268080099426145,0.06846359127530714,0.6492293960603828,0.1461627445523701,6.438597134123499e-5,0.13801791917770387,0.00020685082090643458,0.10647927146631052,0.8200911052442811,94412.22529141865,0.33395038036729424,94369.98056830218,0.009118419296667124,64980.66359521128,0.12932549091010395
NA_920,5.9915577182982815,3.727601066468253,0.0023788861353006984,3.426671970352715,0.005977382471251902,5.030093762918785,0.22015945072378446,0.6646522047027709,-2.450095053341418e-5,0.6677515749452477,0.0028073097196392727,0.0011360968444290847,0.4015086993382796,281.40276615203373,0.003290244290577198,280.9865502492757,0.001057147294809213,54.407729353954785,0.6070001160379939,0.7745114659506177,-0.0001245748797722167,0.7902701882418032,0.00031134492799900215,0.2648249958367058,0.7802180443790145,1.1805633211892748,0.0001845505757225053,1.1572176733603778,0.0015280055156833283,0.1184256297081143,0.5362225067478716,85783.15386284722,-0.04842825491277877,85789.28003709369,0.00025807767546559557,48282.1962636447,0.7994650321723463
NA_946,23.534033858062685,8.94005378844246,-0.0008724333415209867,9.050416606144866,0.00018906119393879983,21.389563836567707,0.8278760647950264,0.6860510517680456,2.279250457885483e-6,0.685762726585123,9.063656243091245e-6,0.0030452327492260975,0.9620335703829705,278.8318161737351,0.001487491277186098,278.643648527171,0.0005986247096655406,19.637854222384245,0.69877838120215,0.5994258229694669,0.0007606965213890896,0.503197713013747,0.005858115881275161,0.5248131616787906,0.22484795014324876,-0.0869915523226299,0.0003510969613497683,-0.1314053179333756,0.0017970231954942406,0.3644519468976077,0.50230429015202,98343.33640252976,-0.04013543335129273,98348.4135348487,0.00010461110865800372,81812.17227576683,0.8715211073979702
NA_947,25.974726190551337,6.789267888144841,-0.0010557540594492002,6.922820776665165,0.00011587003510760141,51.10862503147951,0.8648463239484063,0.7056776389243111,9.362957657484414e-5,0.6938334974875934,0.015969425455063857,0.0029165984669131096,0.04398476168342204,280.64576939174106,0.0009270745033113362,280.52849446707216,0.00031980394951991453,14.278588158370559,0.7773291727581899,0.7249780458117289,-3.452776831685251e-5,0.7293458085038107,4.604233729788021e-5,0.1375686487698532,0.9145590276788425,0.2939782672458225,0.00039246379831444516,0.24433159675904517,0.009522010885466115,0.08594296798285897,0.12107279906561752,99726.02291046627,-0.14543117116045512,99744.41995361807,0.0020492716843881764,54834.67574230743,0.47368365579439026
NA_98,20.025538630109622,9.452632843501984,-0.0024280425850944035,9.759780230516427,0.00206110125308534,15.196832881015728,0.4724073200516806,0.6707963498811873,1.0290911945471115e-5,0.6694945495200852,0.0001775121755378528,0.003169709004667813,0.833137240324846,276.5060201977927,0.0012752825908745032,276.3446969500471,0.000828139620613344,10.433958740502902,0.6489657863491812,0.3454885709853399,0.0006581659645040752,0.2622305764755744,0.0016890180263822163,1.362625058428598,0.5154593219048411,-0.1106150642273918,-0.001542208996777069,0.08447437386490743,0.017823127805873917,0.7089936724307475,0.03317667101528772,96574.57052951389,-0.13217195506042834,96591.29028182903,0.0009979967916955435,93001.3598644498,0.6172522600067698
OC_1109,40.00870710236359,18.03553214905754,-0.0024502948556564272,18.34549444829808,0.00026457188561779255,120.56821181636481,0.7970114255862653,0.765101448884086,7.605426148512427e-6,0.7641393624762992,9.465003410280559e-5,0.00324687932840188,0.8777410121912606,283.4937259734623,-0.000511408980115675,283.5584192094469,0.0003475994464672283,3.997582537025893,0.7681168171988337,0.07875525005280025,2.2747095091831447e-5,0.07587774252368357,2.286285778929642e-5,0.1202433832123146,0.9397347837990999,-0.13991000160338388,-9.925045410088877e-5,-0.12735481915962144,0.0007236186819286061,0.07232610044395489,0.6704847076809188,96952.931640625,0.15522241625911187,96933.29600496822,0.0010291155870475466,124389.7339531644,0.6118125445906571
OC_1204,5.533927905956261,3.068088107638889,-6.683516732992766e-5,3.0765427563061247,1.2011919382159952e-5,1.9757750026944358,0.9562979754585967,0.6803904346057347,1.7928659224971923e-6,0.6801636370665388,7.42329797174257e-5,0.00023005863966491324,0.8916365299793375,280.988761780754,0.0003046167192232388,280.95022776577224,3.826177917276574e-5,12.884931908600366,0.9220871663346688,1.3226091066996257,0.0005284734602879269,1.255757213973203,0.005400462935282402,0.27476106455521376,0.2439805032769503,-0.3999410810924712,-0.00019754815855176593,-0.3749512390356728,0.0015326635907308983,0.13528166718936627,0.5356009412519536,89781.28878348214,-0.30000767035846826,89819.23975378249,0.0037241500244777903,128403.64881603434,0.3336917251030347
OC_1245,8.889879863128954,1.9993644593253967,-1.5202459501350892e-6,1.9995567704380888,0.011740390126998235,1.045887560558856e-6,0.084823632306002,0.6500013148973859,1.8221577519795654e-9,0.6500010843944303,0.005896426742737493,2.9917331567331072e-12,0.22332911347668408,286.44847082713295,0.0007008945297063206,286.3598076691251,0.0001784412457630502,14.626819775157747,0.8327075061928446,0.6915365930587526,0.0002776354415507167,0.6564157097025869,0.0004983784457710527,0.8217323315675433,0.7240377541475499,0.006235289195227245,-4.456498841844618e-5,0.011872760230160685,2.1933293130382836e-5,0.4810869418999433,0.9409703796248463,100961.09433903769,-0.016440639779485483,100963.1740799698,1.1549337127547687e-5,124342.66895250238,0.9571469094403081
OC_317,90.04289991838777,9.01207527281746,-0.005866593239080194,9.754199317561104,0.0017222158789348407,106.17546742052748,0.5113533350034697,0.7743150326940749,3.559570293734922e-5,0.7698121762725002,0.003316129475969598,0.0020300348071334968,0.36175524158742184,284.2107669890873,7.80813991118155e-5,284.2008896920996,2.3014186620318178e-5,1.407470687708381,0.9395360419751614,0.7802138934059749,0.00034750524241501754,0.7362544802404752,0.0010316186448344755,0.6219326467289648,0.6113794990414407,-0.10688126276409815,-0.00013131658598310958,-0.0902697146372348,0.0006608676554062942,0.13863231819988006,0.6842994372596172,96627.87608506944,0.06074244043494758,96620.19216635442,0.00020347319180280543,96342.31797471708,0.8215413495006836
OC_851,34.974779166605,18.93315972222222,-0.0018401757055159715,19.16594194896999,0.0002018524220563922,89.13010875436784,0.8222417446850235,0.7534622625699119,9.019580753741058e-6,0.7523212856045637,0.0001188005832801764,0.003638261790530678,0.8631643117516561,284.7303447420635,-0.0006272980758361247,284.8096979486568,0.0007763206787125831,2.6930633657444347,0.6594183140967161,0.8019404714069669,0.0007936620955103531,0.7015422163249072,0.005566793589117602,0.6011820100768365,0.23680913669031717,-0.20768421415298705,-0.00018596818298771304,-0.18415923900504133,0.00022472663953787553,0.8176407989203494,0.8126154063280815,99980.89195808531,0.09280016849128994,99969.15273677117,0.00039124358081688015,116947.27865580225,0.7544261324096878
OC_939,13.923807798887538,6.622647724454365,0.0002939372843418346,6.585464657985122,6.318713302078116e-5,7.264747433076509,0.8999779308262664,0.7480482988887363,1.1301754673514317e-6,0.7479053316921163,3.704535257886832e-6,0.0018318834327480924,0.9757221231196744,282.17670355902777,-0.0001746100601358917,282.19879173163497,4.697212907212034e-5,3.4485624429133677,0.9137039286063336,1.314664848267086,0.0007678279834244417,1.217534608363894,0.00874652040150381,0.35812313217788627,0.13748147149690806,-0.56080262623136,-0.00043147856716388254,-0.5062205874851289,0.005298080879028166,0.18669800955703877,0.24852521474151457,96744.26497395833,-0.028689404929688356,96747.89418368193,3.054918764200387e-5,143147.32290983768,0.9303591615590492
SA_1051,0.9576297825396978,1.6548587859623016,5.8439762852411185e-5,1.6474661559614716,0.0012194486836545337,0.01487966578305126,0.5806193857042282,0.6638456989848425,-1.4736133003885485e-5,0.665709819809834,0.003772333454809873,0.00030584177542663225,0.33057234020352916,298.26134091331846,0.0004026321236674795,298.2104079496745,0.00013314880096082504,6.46873558812611,0.8552217828018728,-0.9618030956813267,-0.0004166808755496005,-0.9090929649243022,0.001803188031455183,0.5115710220695658,0.5015707425178186,-0.6589064673771934,0.0004343192596096745,-0.7138478537178172,0.001682769991330768,0.5955705765691235,0.5162384905480044,101083.48322792658,0.19573156355848956,101058.72318513643,0.002019976313165417,100766.29018631711,0.4768685084343888
SA_108,290.02712791170234,13.098462301587302,-0.0014198914100327462,13.278078564956445,5.547329606481188e-5,193.09281252795464,0.9062521865923164,0.7639215872401283,2.1324114320600296e-5,0.7612240867785723,0.0008314969507208225,0.0029055018701291645,0.6483022907099291,279.8602275545635,0.0011336296834588994,279.71682339960597,0.0030400387665986406,2.245965663414108,0.38260121251185164,2.4986635616847446,0.0013684959417084705,2.325548825058623,0.006428294356637276,1.5478579010126976,0.2034447576491666,-0.6060248329525902,-0.00019578387504725573,-0.5812581727591124,0.0018459339727152635,0.11032590363784044,0.49653382327334183,98292.17767237104,-0.09946671353828053,98304.76021163363,0.0005946395558590334,88397.82062186656,0.6997343697794733
SA_1101,64.72071696881449,12.664996434771826,-0.000979995136267464,12.78896581950966,8.881575066932434e-5,57.45100968395035,0.881540632730826,0.7817964109163436,1.0530572888605098e-5,0.780464293445935,0.0005158230433283117,0.001142202413383158,0.7194478990988293,281.8382510230655,-0.0007678681009305522,281.9353863378332,0.0013007498455557265,2.408348244228482,0.5682549915252263,0.375667064908951,0.00012381177898518727,0.36000487486732485,0.00023211491502461712,0.3508816815550141,0.8096175152549832,-0.3214324315388997,0.0004901877490553363,-0.3834411817943998,0.005684168884023122,0.22459379266274118,0.23190062190781846,96634.8562437996,0.10111961046740948,96622.06461307548,0.00206038978640255,26367.029400590956,0.47248392626271885
SA_118,13.008548174204407,2.6185554625496033,5.349896351447181e-5,2.6117878436650224,5.71203469990067e-6,2.662194090610828,0.9698558271622052,0.778998421298133,-6.47009600569935e-6,0.779816888442854,0.00014155416294747702,0.0015712258652934405,0.8507733819641117,291.15762571304566,0.0015116220693876105,290.96640552126814,0.004945660388313899,2.4547200678859333,0.26497817639476984,-1.7888856539650568,6.839987593158189e-5,-1.797538238270402,0.00011365257600937095,0.21871126883385122,0.8661336457868556,0.48681448376367964,0.0008160020499052956,0.3835902244506597,0.003955134338717747,0.894460313962851,0.31908095551462085,100426.36021205357,0.29989649614885083,100388.42330529074,0.004550128993343505,105016.82656486047,0.28507581825352757
SA_127,149.99240533514785,16.61877247643849,0.0029493946767278696,16.245674049832417,0.0003950032964555872,117.00512369006375,0.753286727038824,0.7288665478191678,4.112503348440564e-5,0.7236642310833905,0.0025350821856067185,0.003544543427089608,0.42538826448021855,279.2727535187252,0.0002061234918105668,279.2466788970112,7.415790349429852e-5,3.0439488783489104,0.8916910070922287,0.8748300113375225,0.00022766815730214705,0.8460299894388009,0.0014154335608788093,0.19456060678593512,0.5516553767022767,-0.43982125842382036,-2.55940649711975e-6,-0.43949749350193473,8.26263049646947e-7,0.04212113067081483,0.9885328773025069,96408.31259300595,-0.08398338054238907,96418.93649064456,0.00028144762870063733,133146.24599428565,0.7907818110572047
SA_1453,139.92454946363068,13.521995907738095,0.002343925604517747,13.2254893187666,0.00023179248811011632,125.92968150764688,0.8097472830442012,0.7739311712128776,-1.7019376761962124e-5,0.7760841223732657,0.000620805807627467,0.0024789704492778927,0.69352308611815,283.5829806857639,0.0023899727266119036,283.2806491358475,0.07354221377087589,0.4126568008915097,8.398217598506957e-6,0.15683374707660977,-0.00079160823767085,0.2569721891419723,0.04897368784958822,0.067982576018718,0.0003331957051553163,-0.3979453283642966,0.0007517634201850468,-0.493043401017705,0.013500641333926144,0.2224066638370521,0.06435833357767871,64346.53022693453,0.37734648058434433,64298.795897140604,0.11948777217352313,6331.359292852655,5.72590460332372e-9
SA_1562,18.65264919308447,15.923475477430555,0.003211933682899683,15.517165866543746,0.0017169357976684063,31.92411744219901,0.5120025974184886,0.74371446976586,-2.300848605280376e-5,0.7466250432515397,0.0006650677975480468,0.004229119748859891,0.6833514200480864,290.208248077877,0.0014738026560471833,290.021812041887,0.0019395004568818486,5.950159387744401,0.48579904197559476,-0.47873405426267596,-0.0003506391506507769,-0.4343782017053527,0.0006517740853370091,1.0022210921140717,0.6863640282088962,-0.5779137838454473,3.33441381212259e-5,-0.5821318173177824,3.0847160546021435e-5,0.19149772313491628,0.930021209345699,99990.91973586309,0.32061805186087944,99950.3615523027,0.007110821705518688,76806.14508764433,0.1808729395982937
SA_1653,9.042423133909324,6.245857359871032,-3.7203186477691886e-5,6.250563562960459,1.6795113145784413e-6,4.378417392115677,0.9836517411134136,0.7244368365832737,1.3968641302963766e-5,0.7226698034584488,0.000241641903872436,0.004290183791841378,0.80582534579461,285.1131359281994,0.0008579981448781387,285.00459916287235,0.0002501386844693254,15.636215673669467,0.8025095407776955,1.3309699542938718,6.248786937236789e-5,1.3230652388182673,2.237304680952068e-5,0.9272698061508193,0.9403826348726203,0.2444177203708225,0.0002292782839724155,0.21541401744831193,0.000599029486213154,0.4662485141295021,0.6986814849403459,97463.18560887896,0.2290299529109236,97434.21331983573,0.003743922644922626,74438.48343934666,0.33240695881379934
SA_1679,131.22958302913867,17.306954520089285,0.0005948822727394575,17.231701912587745,1.1160486354300225e-5,168.46851577213286,0.9578738151319149,0.7614791213519989,-2.0853351140759203e-6,0.7617429162439295,8.321203851191505e-6,0.002776549157502827,0.9636206951701343,282.40696885850696,0.0008732602864820597,282.29650143226695,0.0015911569117902369,2.546327300570928,0.5279047169675634,0.23397443408057803,8.497685453139316e-5,0.2232248619823568,0.00018206479465787684,0.21072455385756456,0.8310425267284668,-0.18147784944564577,0.0003950412962349595,-0.23145057341936814,0.0055795392562874024,0.14860262244315653,0.23627013822175097,95420.38798983135,0.37688011072124084,95372.7126558251,0.03461975685007068,21798.280673772046,0.002751530615786288
SA_225,182.02649219906561,10.717323908730158,0.004431094410003501,10.156790465864715,0.0008573470022473773,121.67607415569036,0.643246989939646,0.7769279489441524,-2.6358842028938038e-5,0.780262342460813,0.001807605724522543,0.002042155284514361,0.5010462007848778,283.4903176928323,0.001405939528576359,283.3124663424674,0.008309154892351955,1.2639102737862733,0.14781131667795389,0.6093968361143082,0.00032212350602067394,0.5686482126026929,0.0009711743277189822,0.5676589074177787,0.6220264856798836,-0.37052601102798705,0.0019758358378712568,-0.620469244518701,0.006393726901016139,3.2440493383611737,0.2046721863393198,101050.48719618056,0.17248894210003576,101028.66734500491,0.0041422367335106625,38161.67401928879,0.30785250928834507
SA_272,5.9915577182982815,4.695064484126984,-9.475980067120823e-5,4.707051598911892,3.483435898821163e-5,1.3695574974957947,0.9256481914428527,0.6993574121641735,-6.324992749613125e-6,0.7001575237469996,6.397598432672513e-5,0.003322331036675523,0.8993587730864869,290.91480654761904,-0.0006322791514396021,290.99478986027617,0.00013152777990088627,16.148792338425555,0.8560962209397804,-1.4706192849174378,-0.0005497496292614607,-1.401075956815863,0.004491177014411818,0.3575275670917409,0.2882323357571611,0.2820037508767749,0.0004535218845747117,0.22463323247807385,0.002709118825397372,0.40337433187875776,0.4098900785499637,100849.16973586309,0.43978490037122353,100793.53694596613,0.009919039374156946,103597.87088756963,0.11351408011100643
SA_296,2.940692302687239,2.3155033172123014,9.924913968725128e-5,2.302948301041864,0.001732334189480489,0.030210759316631777,0.5101131009566603,0.6572876894284808,-1.2364198506248217e-5,0.6588517605395212,0.005940041663053508,0.00013673580847643318,0.22161478866553264,302.54576086619545,0.002267597870622254,302.25890973556176,0.03621648537670685,0.7543373207609316,0.0021765494938374564,-2.4694412095206126,-0.0005383181266580967,-2.4013439664983633,0.00831228857517563,0.18522397994690204,0.14773429573434455,-0.7194824067373125,-0.0011768099006385663,-0.5706159543065338,0.08398427987963308,0.08761015328668142,1.687905687749498e-6,100974.71338665675,0.10350045036773665,100961.62057968523,0.0033120372256102426,17184.19078185163,0.362052623034147
SA_335,83.63608254560404,14.89705791170635,0.0031256080983800556,14.501668487261274,0.0006833305201386919,75.95879113656824,0.6792693807477296,0.7053276253125024,1.0508789950957795e-5,0.7039982633837062,0.0002029170550940096,0.002891523245431985,0.8217813457324495,278.02332511780753,-0.0002939918403742455,278.0605150856149,0.00013880879103300714,3.3082124979380056,0.8522109272097735,1.459411174531967,0.0006596809013101171,1.375961540516237,0.008866152297223318,0.26077890084821953,0.13479744664764845,-0.6339731216430664,-0.00010420406861422637,-0.6207913069633668,0.0002494739399377943,0.2312511932542108,0.8027667765818696,96319.28481522818,-0.18535279466080715,96342.73194375278,0.0009206845322570212,198256.41373824034,0.6312398048372156
SA_358,151.9754678552954,14.207500155009921,0.0075545491927687305,13.251849682124677,0.0019639366207341302,154.39365718621482,0.4830586014092191,0.758611922226255,-5.2721211091640965e-5,0.7652811554293475,0.005797685577408451,0.0025471581662460485,0.22726874250625573,280.6604740203373,0.0036784697771355753,280.1951475935296,0.025143808272980905,2.8591908399515815,0.011107222530319562,1.0562264957125225,3.7521344660937196e-5,1.0514800456129139,2.9085433979725295e-5,0.25717044446954296,0.932043957832221,-0.4236033454773918,0.0003290903760075312,-0.4652332780423445,0.00927190181754245,0.06205851162833008,0.12611637892069086,91004.56656125993,0.33554910498697854,90962.11959947908,0.021821506963016657,27413.67415564811,0.018197069938419765
SA_402,2.940692302687239,2.976686507936508,-1.4741113187003533e-6,2.9768729830183234,1.63174579596026e-5,0.0007075349135529435,0.9490734024431309,0.6501927158189198,-2.1724296777721834e-7,0.6502201970543436,7.974046047898309e-5,3.1445067465817844e-6,0.887714002474688,300.2629801432292,0.002575341492642736,299.9371994444099,0.07142097363646593,0.4933824527311135,1.1596504216828075e-5,-1.2993972642081124,-0.0007385129521814318,-1.2059753757571614,0.020344837971570495,0.14243011120839713,0.02269322234616549,-0.4541519255865188,-0.0006339949532476296,-0.3739515640006936,0.01750019147969939,0.12203056356425764,0.03484048464651797,100961.34830729167,0.0346090669085375,100956.97026032774,0.0003762383686016779,16914.396786207224,0.7590343737416343
SA_453,7.974620238445823,4.55841548859127,0.0015993646461584493,4.356095860852226,0.00672410388263045,2.0211585588309853,0.1932841241753885,0.7357216193562462,-9.874078627975134e-5,0.7482123288206348,0.01788254362130559,0.0028967011065428915,0.032879590065990213,295.61025080605157,0.0037422695786353925,295.13685370435417,0.026600187457839652,2.797211190875157,0.008955031457207416,-1.388429149748787,0.00031438350622782604,-1.428198663286607,0.0014800045574639986,0.35481034152584506,0.5427048662197025,-0.39804414718870135,0.0004485631439912149,-0.45478738490359005,0.01509656871975984,0.07081230672008758,0.05028313597760727,93706.46735491071,0.227708305564679,93677.66225425678,0.005483516925093301,50238.69745407149,0.24036740583194488
SA_490,18.04247610996299,9.113773406498016,-0.002204411916024026,9.392631513875056,0.0016019871286307996,16.116335268499487,0.5265014080391619,0.7669933268002102,4.4748910499922235e-5,0.76133258962197,0.0037329680193564085,0.002850036871905492,0.3331179470665736,298.4827435205853,0.0005621482871450394,298.41163176226144,0.0038596344620809298,0.4350061769512009,0.3250177852362246,-0.665530696747795,-0.00011681474184659958,-0.6507536319042001,0.00017695283637431114,0.4097109722203214,0.8333965245665311,-0.289624395824614,0.00013994021786445891,-0.3073268333844681,0.0007888437103734658,0.131896703141195,0.6568548846067503,98726.27687872024,0.14000566234497358,98708.56616243359,0.0075174539038441734,13853.523418072617,0.16879660253064627
SA_60,7.974620238445823,3.5433717757936507,-0.0011946145401454601,3.6944905151220513,0.0029560188952652,2.56500492278082,0.38927811786201005,0.738693964859796,3.2783072293043616e-5,0.734546906214726,0.0015206344363190016,0.003755037663847108,0.5372087645735315,298.920408218626,-1.8441037398495609e-6,298.9206414977491,1.2440123375867529e-8,1.4523982512485765,0.9985929088183431,-4.023871005527557,-6.815369011900975e-5,-4.015249563727502,2.238276687460683e-5,1.1025665055967113,0.9403697096150954,0.44395230308411615,0.0011192407716253236,0.3023683454735127,0.01961145382726681,0.3393728304483247,0.025333568805234605,96985.85227554564,0.24111112192956013,96955.35171862155,0.007712609477686927,40047.27425524971,0.16332810680147652
SA_607,2.940692302687239,2.3451024615575395,0.0002707279032514775,2.3108553817962276,0.019754954561274185,0.01971196050263368,0.024793246473418636,0.6684569716453552,-2.445120019177771e-5,0.6715500484696151,0.006591402211525432,0.00048190603529908266,0.19776754962481194,302.47850593687997,0.003471692345231815,302.03933685520815,0.09141706717402198,0.7004787992203791,5.293665084568634e-7,-0.9573795000712076,-0.000522422366167685,-0.8912930707509955,0.01971982459632904,0.07353266260317279,0.024924419902027716,-0.22061785440596324,-0.0007693426112932185,-0.12329601407737109,0.03838889206323026,0.0819169572109372,0.00158218928342113,100976.57449776786,0.03679081610223889,100971.92045953093,0.00043299144979402904,16608.841420616012,0.7420939498120112
SA_614,40.92396672704672,14.934186662946429,0.0031723714057050527,14.53288168012474,0.0005595554799399105,95.55748611278129,0.7083136326475763,0.7700206826603602,-2.2827105552430884e-5,0.7729083115127426,0.001030006911637349,0.002687827363414262,0.611658263848026,287.80929129464283,0.0004956104318843577,287.74659657500945,0.0004412088732280717,2.957852111123269,0.7397449873784421,-1.0111001256912473,-0.0004240049313637988,-0.9574635018737268,0.005244455529387904,0.1821298894921896,0.25094659129595054,0.1277785679650685,-0.00046124675502321106,0.18612628247550472,0.005923260976058775,0.19082953659631258,0.2222725162325564,101386.27291046627,0.3526326623442237,101341.66487867973,0.005807261020000953,113766.27573296978,0.2268830979264453
